Date,Close,High,Low,Open,Volume
2010-01-04,6.412384510040283,6.427066322741706,6.363544880017381,6.395005964384629,493729600
2010-01-05,6.423468112945557,6.459723372491305,6.389609548203108,6.43006012378995,601904800
2010-01-06,6.321294784545898,6.448937293969856,6.314702773243294,6.423468559440848,552160000
2010-01-07,6.309608459472656,6.352156495427593,6.263765218010224,6.344665573595873,477131200
2010-01-08,6.351556301116943,6.352155974863567,6.264065141637038,6.301218510680699,447610800
2010-01-11,6.295528888702393,6.382121574520934,6.24578995075598,6.376128834997422,462229600
2010-01-12,6.223915100097656,6.285339866777769,6.184963501800485,6.26796052588379,594459600
2010-01-13,6.311707496643066,6.320097331193554,6.115450496192601,6.228411225379968,605892000
2010-01-14,6.275152206420898,6.306014408190058,6.262867493124975,6.295527516359286,432894000
2010-01-15,6.170281887054443,6.340172420550783,6.16848406553127,6.320096746875335,594067600
2010-01-19,6.443243980407715,6.447738533699135,6.209533209992575,6.242192430429153,730007600
2010-01-20,6.344067573547363,6.458525674504352,6.277249741754556,6.439349312023581,612152800
2010-01-21,6.234403133392334,6.391409703168886,6.208635154417112,6.354555556501909,608154400
2010-01-22,5.925184726715088,6.217323935224247,5.90750694778653,6.195750876171056,881767600
2010-01-25,6.084587097167969,6.13342630995329,5.998293673249132,6.0678078314073405,1065699600
2010-01-26,6.170580863952637,6.403393525660621,6.06990526971917,6.170880500841116,1867110000
2010-01-27,6.2287116050720215,6.309611195641393,5.978519908036721,6.197849393791141,1722568400
2010-01-28,5.971327781677246,6.157398321587291,5.953650002252873,6.140319816045054,1173502400
2010-01-29,5.754695892333984,6.058520971828791,5.700462802205497,6.0249624320878645,1245952400
2010-02-01,5.834696769714356,5.872749862649446,5.731923695123911,5.763984048998566,749876400
2010-02-02,5.868555545806885,5.882338847056262,5.79424757410061,5.870054130774673,698342400
2010-02-03,5.969529628753662,5.998594010375022,5.825407468492516,5.847879837776201,615328000
2010-02-04,5.754396915435791,5.943762683923782,5.7400143405689255,5.894623019894059,757652000
2010-02-05,5.856569766998291,5.87275016328978,5.718440324978769,5.7717749052482965,850306800
2010-02-08,5.816417217254639,5.929078270650347,5.812821575115569,5.863459401809087,478270800
2010-02-09,5.878442764282227,5.9176940036414685,5.835295844617221,5.885334013917376,632886800
2010-02-10,5.846381187438965,5.89072704867422,5.820613214088383,5.869452428684406,370361600
2010-02-11,5.952749729156494,5.985110113511673,5.814620322046428,5.839190147193132,550345600
2010-02-12,6.003986835479736,6.041740283839114,5.857767232322593,5.935970461024799,655468800
2010-02-16,6.094475746154785,6.103164816800475,6.038145205245533,6.05072955585794,543737600
2010-02-17,6.069007873535156,6.121742375393937,6.018369630132908,6.118146732071931,436396800
2010-02-18,6.080392360687256,6.109157102877768,6.020166544270516,6.04143996395349,422825200
2010-02-19,6.042638301849365,6.08848194256952,6.025859037285244,6.0483318023924015,415469600
2010-02-22,6.005184650421143,6.0675079204665545,5.968330514829647,6.062714130500933,390563600
2010-02-23,5.904510021209717,6.032452187705773,5.864060236524932,5.992601276821062,575094800
2010-02-24,6.012375354766846,6.035746227178588,5.9278789696856,5.93956480594064,460566400
2010-02-25,6.052526950836182,6.07829492408606,5.899416095686119,5.914097903707459,665126000
2010-02-26,6.131031513214111,6.147511147187801,6.052528624114749,6.0639144293904,507460800
2010-03-01,6.26196813583374,6.277248816123048,6.1558986839766,6.164887390037821,550093600
2010-03-02,6.257775783538818,6.31710230797769,6.224516477352633,6.290135378646883,566546400
2010-03-03,6.272153377532959,6.2883337654058025,6.230505460797605,6.260468341945314,372052800
2010-03-04,6.313504695892334,6.319797071184843,6.251181416952504,6.270658216716701,366041200
2010-03-05,6.560400485992432,6.582872855426392,6.430960134113949,6.440248878833697,899620400
2010-03-08,6.564295768737793,6.594557898173138,6.539426303882049,6.592161202809905,429889600
2010-03-09,6.682348251342773,6.741674747813858,6.528638146782419,6.541222494511255,920259200
2010-03-10,6.736883163452148,6.756059929387045,6.687744300941398,6.706621029859207,596218000
2010-03-11,6.756657123565674,6.756657123565674,6.69133827721759,6.709016854965639,405700400
2010-03-12,6.789619445800781,6.823477227874164,6.764150699931275,6.812690295484974,416323600
2010-03-15,6.706920623779297,6.75665835985692,6.599352953300424,6.753063516365912,493502800
2010-03-16,6.7251973152160645,6.741077673496564,6.667069347187216,6.717107517625671,446908000
2010-03-17,6.715309143066406,6.785122546333446,6.689840804544186,6.73868002311397,450956800
2010-03-18,6.731188774108887,6.741675665301898,6.670064048158868,6.714708344964639,342109600
2010-03-19,6.659278869628906,6.748868318436865,6.628716300435522,6.7353850555850014,559445600
2010-03-22,6.734186172485352,6.77164038974122,6.596356381196804,6.605944763226932,456419600
2010-03-23,6.842351913452148,6.854936664143012,6.714708985312008,6.76085227107992,602431200
2010-03-24,6.87261438369751,6.897483846448694,6.816882720170938,6.820778399935938,597780400
2010-03-25,6.7911152839660645,6.9205560352325,6.779129806969562,6.919057450558638,542284400
2010-03-26,6.918461322784424,6.949922010420333,6.848047821701394,6.860033302762047,640875200
2010-03-29,6.96310567855835,7.007451161180172,6.940034826210126,6.981383938377845,540744400
2010-03-30,7.066776275634766,7.115616704170854,7.018835158103618,7.089248649474405,527310000
2010-03-31,7.041304588317871,7.089545722716324,7.025124997980432,7.055987194503329,430659600
2010-04-01,7.070370197296143,7.153067584768492,6.9738895118624535,7.113517112554818,603145200
2010-04-05,7.145876884460449,7.146476158266866,7.0344143567626265,7.040707131779269,684507600
2010-04-06,7.177340030670166,7.198313818680467,7.101233839729149,7.137189476388755,447017200
2010-04-07,7.209098815917969,7.248650085644058,7.150970058850022,7.177637342243111,628502000
2010-04-08,7.189625263214111,7.23726634519466,7.132395797408913,7.204307075896214,572989200
2010-04-09,7.244755744934082,7.247752914512623,7.204905230999644,7.233969614905167,334182800
2010-04-12,7.259734153747559,7.283105024522323,7.245351587056455,7.2570370224438365,333026400
2010-04-13,7.263930797576904,7.275017763309914,7.224379525506478,7.24685269383359,306210800
2010-04-14,7.3616108894348145,7.365206532388219,7.313071309760986,7.349326176059965,404076400
2010-04-15,7.45839262008667,7.46168822652344,7.356218419264074,7.364308216953361,376784800
2010-04-16,7.41284704208374,7.524908838714239,7.327452528629698,7.447903358086634,750545600
2010-04-19,7.40295934677124,7.427528771408384,7.244154997044624,7.40176079922316,566924400
2010-04-20,7.328650951385498,7.468278539435912,7.27981133926621,7.447004720644919,738326400
2010-04-21,7.767012596130371,7.797874806699768,7.662441284669008,7.754427842285815,982391200
2010-04-22,7.984243392944336,7.992633227973944,7.676523030375932,7.737648171207226,793424800
2010-04-23,8.114880561828613,8.15533034528452,8.000122423505154,8.029785278000057,796955600
2010-04-26,8.075029373168945,8.163719492427916,8.03577734057753,8.146341352883988,479068800
2010-04-27,7.851506233215332,8.025291655258288,7.805963019230713,8.008212749989399,709343600
2010-04-28,7.838322639465332,7.910233100284697,7.682814677747512,7.887761531334101,758402400
2010-04-29,8.049263000488281,8.090012025482757,7.85060810322089,7.880870235016807,558840800
2010-04-30,7.823046684265137,8.107095470966794,7.820350350255259,8.069341994233836,542463600
2010-05-03,7.980644226074219,8.026488261483191,7.876672245248349,7.90543738122209,454342000
2010-05-04,7.750830173492432,7.88895999235526,7.693002248560754,7.876975315732984,723819600
2010-05-05,7.670231342315674,7.73465209213661,7.452699697896353,7.581541197538226,883103200
2010-05-06,7.378392696380615,7.737948294912644,5.970130401776144,7.605511941448243,1285860800
2010-05-07,7.067074298858643,7.387978654041695,6.747968565376573,7.302284891291713,1676018400
2010-05-10,7.610304355621338,7.630080395059673,7.446706575306763,7.498243332532215,984306400
2010-05-11,7.686110019683838,7.787084847839922,7.505732618522056,7.545882360221544,848906800
2010-05-12,7.853003978729248,7.884165416582882,7.7514298688261825,7.767608661411963,654379600
2010-05-13,7.741244316101074,7.940198473380614,7.682516267189397,7.886863890194385,599712400
2010-05-14,7.6052093505859375,7.684911165540142,7.475769410584017,7.645359894962104,759362800
2010-05-17,7.6171956062316895,7.675923644361183,7.422136365516419,7.63157817885898,762834800
2010-05-18,7.561465263366699,7.746936135229173,7.498542303844882,7.699894334137096,782678400
2010-05-19,7.441011905670166,7.57824239721488,7.33644143421008,7.475768983879288,1025726800
2010-05-20,7.124004364013672,7.306478831719797,7.077561045543335,7.247450763715118,1282915200
2010-05-21,7.260633945465088,7.32595317332012,6.931939148260947,6.975984561524456,1223891200
2010-05-24,7.393670558929443,7.517717835828076,7.37868951395621,7.409251677804082,754238800
2010-05-25,7.347529411315918,7.393671902323759,7.106027625569062,7.17164611865963,1048006400
2010-05-26,7.314271450042725,7.554575532114917,7.303484517653765,7.493151145048249,850654000
2010-05-27,7.591123104095459,7.607303488732277,7.464080321413736,7.508724997394045,666282400
2010-05-28,7.696896076202393,7.772402969024068,7.591126258847095,7.772103732196244,815614800
2010-06-01,7.815250396728516,7.968361251324092,7.759219496891407,7.781092590419136,876472800
2010-06-02,7.908735275268555,7.934203210725493,7.800268321478513,7.926412651599352,688548000
2010-06-03,7.883867740631103,7.956677522323005,7.80266732388461,7.945590554653368,650106800
2010-06-04,7.669331073760986,7.847310596479342,7.629480565154292,7.73674737779857,758304400
2010-06-07,7.518915176391602,7.764911032240296,7.507228939062394,7.739143062952028,886942000
2010-06-08,7.470676422119141,7.604611323522603,7.360412437082788,7.58783165618946,1000770400
2010-06-09,7.287005424499512,7.5476848427094465,7.265732395297232,7.534800050236393,854630000
2010-06-10,7.506033897399902,7.520115634434918,7.257040783166499,7.336143340763307,776356000
2010-06-11,7.595923900604248,7.606410794912865,7.411950794360673,7.437718774684415,545759200
2010-06-14,7.618996143341064,7.76491577968644,7.610906343404186,7.669334365379311,602960400
2010-06-15,7.781094074249268,7.785888265536544,7.655548990259088,7.659743907635455,585074000
2010-06-16,8.007610321044922,8.022591360317113,7.809254768271686,7.823337297230767,783678000
2010-06-17,8.146042823791504,8.176905026133475,8.07503007474783,8.107989335455454,872855200
2010-06-18,8.21196174621582,8.23982838356803,8.132559951997402,8.15742941964846,784621600
2010-06-21,8.095105171203613,8.359977798742259,8.051958256280562,8.320426526737673,776490400
2010-06-22,8.205368995666504,8.26889041913859,8.134956323449392,8.15473155902144,717262000
2010-06-23,8.119075775146484,8.229639800788025,8.027089238949548,8.227242705375817,768457200
2010-06-24,8.060050964355469,8.185895299074534,8.03308363540244,8.119975961732564,714277200
2010-06-25,7.991135597229004,8.098104006381627,7.964468304178777,8.09181202940752,549942400
2010-06-28,8.039073944091797,8.082520894216932,7.92581359703618,7.998024089148696,584948000
2010-06-29,7.675622463226318,7.921918382064643,7.619591565865915,7.9138277861185,1133344800
2010-06-30,7.536593914031982,7.729555261411683,7.491050709117866,7.691801815168095,739452000
2010-07-01,7.44520902633667,7.634575591310474,7.28760398025455,7.619593742776661,1022896000
2010-07-02,7.399065971374512,7.518618313253406,7.287003353045885,7.505433487445813,693842800
2010-07-06,7.449705600738525,7.57465064423314,7.375696453037729,7.520717577982164,615235600
2010-07-07,7.750527858734131,7.753525027132091,7.483259007293516,7.505430532513983,654556000
2010-07-08,7.733152866363525,7.877275439819308,7.637271442093296,7.864690687844989,738144400
2010-07-09,7.778996467590332,7.78738550165339,7.645360795167991,7.697196784661874,433322400
2010-07-12,7.709182262420654,7.845813504094652,7.636372487617557,7.746336442182761,562878400
2010-07-13,7.5446858406066895,7.682515641978606,7.383784393336217,7.6801193463944,1190924000
2010-07-14,7.572549343109131,7.6645358710515294,7.460787579889186,7.472174582173943,812047600
2010-07-15,7.534198760986328,7.699594358528445,7.409852225852109,7.437718062428316,824866000
2010-07-16,7.487758159637451,7.639670533424763,7.443113442309225,7.5860367051952196,1039858400
2010-07-19,7.35831356048584,7.487155016528202,7.179135509704587,7.487155016528202,1024478000
2010-07-20,7.547381401062012,7.5776443309132,7.191421529653795,7.2780146020928385,1074950800
2010-07-21,7.617794990539551,7.94469128468346,7.610604504220263,7.942893463078982,1185671200
2010-07-22,7.761021137237549,7.790384767622815,7.6498577935090015,7.720870573205031,645318800
2010-07-23,7.788585186004639,7.801769213039841,7.678920452326224,7.703190647500748,533388800
2010-07-26,7.768808364868164,7.793377791972367,7.721766569030219,7.790381422801297,420551600
2010-07-27,7.912628173828125,7.934201224370356,7.799367858260233,7.816446756634837,584771600
2010-07-28,7.819149494171143,7.969864134977375,7.797876463063449,7.900349937267935,519985200
2010-07-29,7.73375129699707,7.869783257873138,7.67352627650487,7.811655295765331,643806800
2010-07-30,7.707983016967773,7.781392058994712,7.637569543914664,7.667233997780503,448210000
2010-08-02,7.845813274383545,7.86798560677845,7.778996240223942,7.803565668023551,428055600
2010-08-03,7.848209857940674,7.88806036629698,7.77300299476948,7.820644062682984,417653600
2010-08-04,7.879671096801758,7.918622293222934,7.799670045532177,7.875476180242872,420375200
2010-08-05,7.841319561004639,7.885665028383983,7.806861712675794,7.842218071782574,289097200
2010-08-06,7.793078422546387,7.83502679012927,7.719368542290408,7.783789278224784,444897600
2010-08-09,7.842814445495605,7.854799918760285,7.777495216399798,7.834723850992772,303128000
2010-08-10,7.772702693939209,7.803864931110075,7.716971031405218,7.785886717357652,451920000
2010-08-11,7.496446132659912,7.661243274589273,7.485060727288987,7.652554202043366,620054400
2010-08-12,7.544385433197021,7.583636668766689,7.374494903473908,7.391573807515453,534920400
2010-08-13,7.463784217834473,7.547080869710429,7.463484180906922,7.540189621558436,354869200
2010-08-16,7.420036315917969,7.491049039490895,7.389473361405409,7.418238495064289,318430000
2010-08-17,7.549779891967773,7.629481721358063,7.46678165604144,7.493149707935094,422640400
2010-08-18,7.582736492156982,7.630677592804233,7.538091797235239,7.561463473848781,339696000
2010-08-19,7.487158298492432,7.595025220553517,7.451202657805402,7.5758484521344,426706000
2010-08-20,7.479963779449463,7.608205162464628,7.46078701931353,7.472473257570599,384230000
2010-08-23,7.364908218383789,7.550679147276388,7.348429384473451,7.544387170685258,414041600
2010-08-24,7.189024448394775,7.28101018565137,7.150671721415138,7.2711233670994275,602565600
2010-08-25,7.277713298797607,7.310673355330449,7.10722431600114,7.132393013618657,596867600
2010-08-26,7.19951057434082,7.363408357319567,7.19951057434082,7.354419250367714,466505200
2010-08-27,7.239662647247314,7.269326306402505,7.058086648973618,7.243558327798269,548391200
2010-08-30,7.266027450561523,7.36340743003035,7.211494342019611,7.213891436904901,383289200
2010-08-31,7.284008026123047,7.327754221878366,7.201609862946123,7.246553806434372,420786800
2010-09-01,7.500638008117676,7.534495773659441,7.379287878336406,7.41494346506522,697037600
2010-09-02,7.555770874023437,7.555770874023437,7.447903984779115,7.528504314772324,415427600
2010-09-03,7.753526210784912,7.753825447611383,7.62558406520389,7.643262240821199,520788800
2010-09-07,7.724765777587891,7.776301746076192,7.678023201436629,7.689708645449726,342557600
2010-09-08,7.877877235412598,7.921922681273551,7.763417483395696,7.783792802638113,526551200
2010-09-09,7.882365226745605,7.985737127008798,7.877871074594441,7.941392478828957,438575200
2010-09-10,7.892552852630615,7.925212865130453,7.832327053490482,7.885960842758343,387542400
2010-09-13,8.001322746276855,8.038476931953362,7.962970812770866,7.964767834564467,388780000
2010-09-14,8.031886100769043,8.065144610525593,7.955779896319639,7.976454451075923,408150400
2010-09-15,8.096600532531738,8.101395521753195,8.025288569521681,8.035176984637314,429368800
2010-09-16,8.286871910095215,8.289868280610309,8.07503371532123,8.097206857132916,652103200
2010-09-17,8.250913619995117,8.328517583695046,8.200276179575656,8.320426986632024,634477200
2010-09-20,8.486420631408691,8.502900258406058,8.265293432719712,8.272184680344527,658677600
2010-09-21,8.502601623535156,8.60986923515819,8.473238006963227,8.505298755727635,668074400
2010-09-22,8.621858596801758,8.628749848668454,8.461855617926792,8.470844729121769,585289600
2010-09-23,8.656911849975586,8.771970032034094,8.569420265772813,8.579307884519581,786116800
2010-09-24,8.758785247802734,8.79504091352991,8.70575151546703,8.75219403594193,649488000
2010-09-27,8.724027633666992,8.830995202672778,8.719533480382186,8.808523636150248,482834800
2010-09-28,8.595185279846191,8.742303362910688,8.239824800603426,8.742303362910688,1035042400
2010-09-29,8.61047077178955,8.683580595577022,8.569421705192019,8.606275854019922,469644000
2010-09-30,8.502006530761719,8.68927527019013,8.42709887497058,8.659312367893449,673391600
2010-10-01,8.465149879455566,8.586799286393218,8.43009275473177,8.573915296996027,448142800
2010-10-04,8.348892211914062,8.47653353164338,8.32282340139692,8.437582334589608,435302000
2010-10-05,8.657509803771973,8.67279008347594,8.444172360061321,8.449566623636782,501967200
2010-10-06,8.665002822875977,8.748899575362733,8.547248292489753,8.676988301830864,670868800
2010-10-07,8.665899276733398,8.7036527228954,8.59668515883537,8.699457806644238,408399600
2010-10-08,8.81121826171875,8.824102245398679,8.689269671981204,8.740505569820836,658403200
2010-10-11,8.849871635437012,8.906202568605213,8.82710083282403,8.831295749131122,427753200
2010-10-12,8.945154190063477,8.973919329256395,8.763877486217757,8.851369851066002,558544000
2010-10-13,8.993097305297852,9.047629627049604,8.982909649549137,8.994895126900566,630092400
2010-10-14,9.058119773864746,9.062913166005352,9.000889504055802,9.0395422789369,435296400
2010-10-15,9.430554389953612,9.43834494821852,9.136018161005406,9.211824285414036,922194000
2010-10-18,9.528237342834473,9.558199437510329,9.417074035101638,9.542319879375537,1093010800
2010-10-19,9.273250579833984,9.401491980769949,8.98950121838271,9.090776096707614,1232784000
2010-10-20,9.304412841796877,9.415875385220644,9.194748920144658,9.258569589285935,721624400
2010-10-21,9.274149894714355,9.430556366006073,9.192650252908802,9.35924437945086,551460000
2010-10-22,9.212724685668944,9.289729366610688,9.177668369478196,9.260664988157073,372778000
2010-10-25,9.253774642944336,9.33647203285267,9.241789166103162,9.261265966019362,392462000
2010-10-26,9.230106353759766,9.280743803291331,9.15819427857375,9.194749990176836,392929600
2010-10-27,9.223509788513184,9.28553261259199,9.156691975016244,9.21811632552843,399002800
2010-10-28,9.145910263061523,9.22860766844339,9.015871015397469,9.227109083508548,551051200
2010-10-29,9.018267631530762,9.165086555128523,9.014971224616234,9.115647652299495,430511200
2010-11-01,9.114151000976562,9.156698662163889,9.054824465014722,9.055423739117344,423889200
2010-11-02,9.269353866577148,9.294223328032311,9.198641961872136,9.198641961872136,433930000
2010-11-03,9.372425079345703,9.374822173848438,9.244482960606325,9.329577415158484,508348400
2010-11-04,9.536324501037598,9.593553942258014,9.439243756714813,9.45182850507847,642488000
2010-11-05,9.502167701721191,9.575277510655132,9.49078229875838,9.527936477070686,361253200
2010-11-08,9.546815872192385,9.58127292778468,9.491084189093488,9.504268217376818,281758400
2010-11-09,9.470707893371582,9.6271151809514,9.42336685544637,9.619623857148502,383544000
2010-11-10,9.529135704040527,9.55130803779995,9.394900753411932,9.48748656886996,384227200
2010-11-11,9.487789154052734,9.540224428770667,9.415877074335125,9.438349449228353,361284000
2010-11-12,9.22950267791748,9.483289100496709,9.097666458504465,9.468308057424098,795846800
2010-11-15,9.19983959197998,9.304710091184868,9.17676795413916,9.242387225393047,403606000
2010-11-16,9.036541938781738,9.216619305119222,8.968525566414378,9.160289171250833,657650000
2010-11-17,9.00388240814209,9.108452876472114,8.921783505138867,9.024856189153155,479449600
2010-11-18,9.241491317749023,9.278645501440424,9.129430292841432,9.144710577961884,494491200
2010-11-19,9.190550804138184,9.240588956470116,9.145906114947753,9.227704972347937,384843200
2010-11-22,9.389205932617188,9.389205932617188,9.164783131952143,9.18905251672534,393075200
2010-11-23,9.250479698181152,9.340969262529226,9.18546047629233,9.302016456641535,519447600
2010-11-24,9.432350158691406,9.450328366160052,9.340963737736296,9.34845345736754,413725200
2010-11-26,9.438344955444336,9.519245306521931,9.376621363187343,9.400591511614683,237585600
2010-11-29,9.494377136230469,9.512653786814584,9.329880080086712,9.453327281357264,445785200
2010-11-30,9.322992324829102,9.419173804637454,9.314602488562585,9.394603569856944,501858000
2010-12-01,9.480295181274414,9.520744964725743,9.43834681319605,9.446436609866602,461750800
2010-12-02,9.532732009887695,9.558199951752108,9.435051959543165,9.514154518066835,462837200
2010-12-03,9.51145839691162,9.54771327031682,9.47849913014372,9.498574407185847,342092800
2010-12-06,9.592658042907717,9.65797729723597,9.540821251062898,9.547413263904929,448481600
2010-12-07,9.534528732299805,9.707714077423264,9.531832399976384,9.702022175895424,391454000
2010-12-08,9.61842441558838,9.618724452559976,9.50156921628577,9.57707532040958,321935600
2010-12-09,9.580970764160156,9.663068878549838,9.558797632456802,9.651983512846018,294151200
2010-12-10,9.60494327545166,9.61962508783764,9.546215225808972,9.577676709549657,262511200
2010-12-13,9.63819980621338,9.739775524346593,9.618125332246724,9.719100976427171,439815600
2010-12-14,9.596853256225586,9.664270376935114,9.558200485649907,9.640000181475736,351008000
2010-12-15,9.598950386047363,9.6780521428825,9.56389326191356,9.588162655430784,417312000
2010-12-16,9.625616073608398,9.666365896516965,9.591159026360549,9.620821882666377,322030800
2010-12-17,9.606440544128418,9.641796903825236,9.595054340126485,9.637002712666527,386929200
2010-12-20,9.654374122619627,9.685536343418905,9.535121901107116,9.63609668162295,385610400
2010-12-21,9.714009284973145,9.7197019880248,9.649589329076584,9.678053644433673,256354000
2010-12-22,9.742770195007324,9.759549861376492,9.694529854343765,9.7188000431499,265921600
2010-12-23,9.696030616760254,9.742473146458789,9.683146627239262,9.73797899200686,223157200
2010-12-27,9.728389739990234,9.751162149301932,9.633706859464027,9.673558175710143,249816000
2010-12-28,9.752057075500488,9.787712658111564,9.739772365523592,9.765240295917923,175924000
2010-12-29,9.746661186218262,9.781418249736335,9.740967687818255,9.774526204315082,163139200
2010-12-30,9.697826385498049,9.753257212365543,9.679548934444911,9.75235870170486,157494400
2010-12-31,9.664868354797363,9.69243415330816,9.627414137170817,9.676553795462912,193508000
2011-01-03,9.874908447265623,9.895582995748756,9.733183777334856,9.757153932056454,445138400
2011-01-04,9.926446914672852,9.962701789952982,9.832362500949069,9.96090396803092,309080800
2011-01-05,10.007643699645996,10.017831355129532,9.872810283346537,9.87430886802577,255519600
2011-01-06,9.999554634094238,10.045097846334077,9.974685169457526,10.0292174894152,300428800
2011-01-07,10.071166038513184,10.078057287837288,9.944721654653437,10.007344572724753,311931200
2011-01-10,10.26082706451416,10.284197934081012,10.102622839580114,10.152360946619602,448560000
2011-01-11,10.236562728881836,10.336038991979596,10.17154271343392,10.33364269657239,444108000
2011-01-12,10.319854736328123,10.320154773203418,10.24734502470061,10.284799227917206,302590400
2011-01-13,10.357611656188965,10.386376801161353,10.302780098831857,10.342031336094191,296780400
2011-01-14,10.441510200500488,10.441510200500488,10.320460061543704,10.36390622329164,308840000
2011-01-18,10.206899642944336,10.330047640752875,9.76794147070949,9.873411286837245,1880998000
2011-01-19,10.152663230895996,10.44510160235148,10.093936007139058,10.437610280879596,1135612800
2011-01-20,9.968093872070312,10.136485834902308,9.891388414240454,10.080454926257008,764789200
2011-01-21,9.789512634277344,10.034010740617582,9.786815502165254,10.000751445225276,754401200
2011-01-24,10.111018180847168,10.111018180847168,9.789514530152497,9.794009484510315,574683200
2011-01-25,10.229372024536133,10.23057137254975,10.02472516871286,10.077460476868668,546868000
2011-01-26,10.302776336669922,10.355211579564012,10.232363684831322,10.276109059972228,506875600
2011-01-27,10.283602714538574,10.327948176927922,10.27221731210645,10.300681618285314,285026000
2011-01-28,10.070566177368164,10.319260033333178,9.993562285261442,10.312368783863448,592057200
2011-01-31,10.16704559326172,10.188619448218038,10.016631882808582,10.061575813770656,377246800
2011-02-01,10.338135719299316,10.356712407338092,10.216785572940752,10.226373953914855,426633200
2011-02-02,10.316864967346191,10.344730007691547,10.293793318814917,10.320760648324786,258955200
2011-02-03,10.290494918823242,10.31446587374502,10.143976057307713,10.301281848538045,393797600
2011-02-04,10.382183074951172,10.388175814174412,10.29259362381047,10.296488504256228,321840400
2011-02-07,10.543387413024902,10.58443568756628,10.41634370740638,10.423834233413247,485021600
2011-02-08,10.642857551574709,10.652445931377953,10.5514711069196,10.597314347706192,381040800
2011-02-09,10.73155403137207,10.75672354141185,10.632976250728955,10.642563835407152,482745200
2011-02-10,10.623085021972656,10.786683593608617,10.427126460363368,10.708480351181294,928550000
2011-02-11,10.69229793548584,10.720762239744138,10.593120125643644,10.629375789101047,367572800
2011-02-14,10.762113571166992,10.7711018795946,10.68810524454734,10.690502340154348,310416400
2011-02-15,10.783684730529783,10.785782588865429,10.71327205973334,10.762410910817191,284174800
2011-02-16,10.880468368530272,10.93350210957328,10.801665049134828,10.810653357729317,481157600
2011-02-17,10.735747337341309,10.794774622111646,10.682412755127949,10.704286654664868,530583200
2011-02-18,10.503829956054688,10.771698913754,10.472667721957784,10.748028001364228,816057200
2011-02-22,10.145771026611328,10.349220048771128,10.119104546905634,10.251840072024748,872555600
2011-02-23,10.265926361083984,10.32645062238334,10.145773948955824,10.150568940071905,671854400
2011-02-24,10.273716926574709,10.341733316817448,10.138584257123492,10.307875540251136,499900800
2011-02-25,10.43191909790039,10.440008893543814,10.331243507353827,10.345026003620628,380018800
2011-02-28,10.583233833312988,10.638365427499233,10.520610915927518,10.524206559039484,403074000
2011-03-01,10.466381072998049,10.658444001485002,10.417541439087053,10.650953476065212,456136800
2011-03-02,10.550572395324709,10.617390220724808,10.4391098740785,10.485852428174908,602590800
2011-03-03,10.77349853515625,10.780389784183804,10.664433097888056,10.702486586219583,500788400
2011-03-04,10.786681175231934,10.795370244642733,10.719264077844883,10.788778233328223,453266800
2011-03-07,10.64765739440918,10.836723944282944,10.526307207561713,10.828633345087315,546123200
2011-03-08,10.659640312194824,10.708779972860029,10.554469740928578,10.63417157099459,356316800
2011-03-09,10.56106185913086,10.629677522562064,10.505031748070518,10.627579663800692,453306000
2011-03-10,10.387274742126465,10.480160584140926,10.334240209140594,10.46068378491825,507539200
2011-03-11,10.546674728393556,10.556563143813012,10.337234585378704,10.347121400601475,471080400
2011-03-14,10.59371852874756,10.681210892797306,10.526302234625533,10.582332327920945,435957200
2011-03-15,10.350120544433594,10.422331033855968,10.190417684323418,10.250343461444778,721081200
2011-03-16,9.88809299468994,10.277313024599648,9.775731929288854,10.24735012716594,1162011200
2011-03-17,10.026817321777344,10.17573321501465,9.907564272405244,10.092435782529275,659422400
2011-03-18,9.907867431640623,10.133488836905132,9.8877921575921,10.101428085783278,753214000
2011-03-21,10.166447639465332,10.17963086355181,10.045396726789267,10.067270621509191,409402000
2011-03-22,10.223381042480469,10.265929500773147,10.16165741445082,10.264131678591768,325922800
2011-03-23,10.163152694702148,10.194014098631731,10.066071928674978,10.165849027047962,372996400
2011-03-24,10.336338996887209,10.367201201379777,10.153265228739471,10.24285467274555,404712000
2011-03-25,10.533196449279783,10.548776770490417,10.397762948964246,10.429224428481753,448910000
2011-03-28,10.500235557556152,10.616493084120936,10.500235557556152,10.581435963986856,309355200
2011-03-29,10.51581859588623,10.51581859588623,10.369000476521618,10.416940793012566,352900800
2011-03-30,10.446001052856444,10.513418951677911,10.410345463823669,10.506226866366548,329406000
2011-03-31,10.442405700683594,10.481057656668574,10.368996667964598,10.37798497394351,274019200
2011-04-01,10.324052810668944,10.534693163342846,10.286299359124245,10.52031139138684,418661600
2011-04-04,10.223076820373535,10.325250997611146,10.139480129951169,10.316561928021002,460084800
2011-04-05,10.15416145324707,10.254837041216364,10.067568398110808,10.097232048175272,482731200
2011-04-06,10.12869644165039,10.304279711408348,10.101729913553484,10.223979401077534,402539200
2011-04-07,10.12989330291748,10.200305175575355,10.068468137155804,10.130491776631722,373447200
2011-04-08,10.039403915405272,10.191915490564318,10.006145421070007,10.185024242207176,377535200
2011-04-11,9.911763191223145,10.057681975218763,9.88839231084134,10.00944162975967,398946800
2011-04-12,9.95970630645752,9.99955682592698,9.893786968842935,9.90247604149213,425639200
2011-04-13,10.071466445922852,10.071765682813831,9.963299510721388,10.038207145598944,346220000
2011-04-14,9.96030330657959,10.067570932690618,9.94951717664849,10.03161529935676,301800800
2011-04-15,9.811684608459473,9.99685620289561,9.791909374148114,9.986668548805689,453605600
2011-04-18,9.943225860595703,9.9546120661877,9.59295862118423,9.770938992312658,609898800
2011-04-19,10.12330150604248,10.12689634889704,9.939028405138288,9.98067753596272,419378400
2011-04-20,10.259632110595703,10.35970843340393,10.232366353251134,10.29259136900442,700666400
2011-04-21,10.508024215698242,10.640760548945966,10.442704978145432,10.636864869581393,753810400
2011-04-25,10.577240943908691,10.599414076116169,10.496040538269732,10.497239886055212,266546000
2011-04-26,10.499640464782717,10.6365709829943,10.467579703571229,10.595521911247769,338800000
2011-04-27,10.491541862487791,10.557461156756029,10.400155441096304,10.554164751988582,356213200
2011-04-28,10.389674186706545,10.47956207282342,10.352819241286127,10.37289451722438,360959200
2011-04-29,10.49094581604004,10.605403896890104,10.387273062021324,10.390569467551384,1006345200
2011-05-02,10.375590324401855,10.501135401860688,10.352219443190906,10.479262305299752,442713600
2011-05-03,10.433119773864746,10.483757220229348,10.355815037965908,10.426827797720216,313348000
2011-05-04,10.474167823791504,10.54188416519258,10.39356669522291,10.43491578866661,389250400
2011-05-05,10.389674186706545,10.515518507428055,10.368699599853835,10.43911228404122,335969200
2011-05-06,10.386978149414062,10.48705450265442,10.373494885064794,10.477766156118063,280134400
2011-05-09,10.41514015197754,10.463081255590582,10.383079403919693,10.422929911232142,204747200
2011-05-10,10.470572471618652,10.477763757651774,10.386975771730064,10.453792804208035,282091600
2011-05-11,10.404054641723633,10.487052873983972,10.3444288908899,10.4576892539526,336000000
2011-05-12,10.384281158447266,10.400761592986964,10.25544125292596,10.370798694012445,322000000
2011-05-13,10.202404022216797,10.374690859540255,10.197909868234824,10.357013480498477,326116000
2011-05-16,9.986671447753906,10.22397912896724,9.965696859715528,10.16345406082536,449775200
2011-05-17,10.07176399230957,10.07176399230957,9.909664035259318,9.947717520240891,452334400
2011-05-18,10.18352508544922,10.218881436057492,10.06756841695056,10.081650949809942,334776400
2011-05-19,10.203304290771484,10.259634439720235,10.147572615651116,10.249746819972655,261170000
2011-05-20,10.044198036193848,10.215886370949493,10.038205298490572,10.17423724396097,337968400
2011-05-23,10.019630432128906,10.066972272268009,9.87041522478428,9.8868948577291,383600000
2011-05-24,9.953413963317873,10.064577291058448,9.927945218141009,10.05259181095197,321927200
2011-05-25,10.090944290161133,10.144278879406476,9.973189742123582,9.990567889114413,294224000
2011-05-26,10.037609100341797,10.09423928884206,10.02053019270356,10.066673487059052,222560800
2011-05-27,10.109819412231444,10.116411425594944,10.016934351496475,10.031616163029454,203599200
2011-05-31,10.42202854156494,10.42202854156494,10.217380996777992,10.220378165036294,417754400
2011-06-01,10.352516174316406,10.550870979905602,10.326749003921954,10.453192561546157,554682800
2011-06-02,10.370194435119627,10.426525366546736,10.316261398749504,10.3821799099123,338783200
2011-06-03,10.290494918823242,10.347125099677998,10.24764803704851,10.282705158572291,313250000
2011-06-06,10.12869644165039,10.398663359846262,10.121805191160874,10.358213567700904,461941200
2011-06-07,9.9489164352417,10.134088054503724,9.94472151828932,10.132590269927173,529785200
2011-06-08,9.954913139343262,10.031618622545649,9.90727284950995,9.9411306353937,333723600
2011-06-09,9.932437896728516,9.997757148140128,9.910264763613585,9.985172396912732,275088800
2011-06-10,9.76494312286377,9.937529972871388,9.753256883978562,9.904270677772171,433955200
2011-06-13,9.785919189453123,9.83715591000692,9.740075934236366,9.803896607144546,329473200
2011-06-14,9.960899353027344,9.98516953768115,9.867115019791353,9.887789562266937,334569200
2011-06-15,9.790410995483398,9.896779282856196,9.734379301439256,9.8802996552309,399196000
2011-06-16,9.742770195007324,9.848239983317928,9.53812339332382,9.794906215412992,510591200
2011-06-17,9.595952987670898,9.865321406598325,9.568986462117522,9.8575308458544,615020000
2011-06-20,9.4479341506958,9.519246128520974,9.303512373750776,9.509058474517811,640645600
2011-06-21,9.746966361999512,9.761947408795312,9.44434025561966,9.48868572232855,493382400
2011-06-22,9.666367530822754,9.85483559365175,9.65947548012904,9.742772961632646,390583200
2011-06-23,9.92465114593506,9.938433650090069,9.531836175835544,9.556404813655575,559759200
2011-06-24,9.77842903137207,9.98217737335967,9.740675572698628,9.928843592117076,439807200
2011-06-27,9.9489164352417,10.004648103224708,9.805393948528998,9.815581603984777,339813600
2011-06-28,10.045397758483888,10.088544678331337,9.990865434860424,9.997157410636571,294299600
2011-06-29,10.008840560913086,10.078653947077392,9.944119801077465,10.068766331025564,352545200
2011-06-30,10.05767822265625,10.071462316356817,9.97288380366473,10.028614651512006,322954800
2011-07-01,10.285104751586914,10.292295239710878,10.013639221868472,10.066074498344724,435313200
2011-07-05,10.469972610473633,10.481958086523182,10.262329438555671,10.277310483519074,355054000
2011-07-06,10.539786338806152,10.609900575796678,10.388473299377928,10.455590367163522,444626000
2011-07-07,10.702786445617676,10.726756600224084,10.6069042269948,10.626980301609573,399663600
2011-07-08,10.777989387512209,10.7866792554749,10.552967332873404,10.58712513077998,489633200
2011-07-11,10.606903076171877,10.779790767878838,10.571546721916654,10.677017310978243,442674400
2011-07-12,10.599413871765137,10.71716837938684,10.445702934229931,10.592821059515757,451609200
2011-07-13,10.727357864379885,10.786684383659804,10.678217401782486,10.736645410210594,391638800
2011-07-14,10.719865798950195,10.834923986048594,10.67701891577163,10.816945769268225,430533600
2011-07-15,10.934101104736328,10.93649820032673,10.761814259718845,10.821740049281564,484467200
2011-07-18,11.200170516967772,11.22563845156112,10.944885496487895,10.949379649628256,572653200
2011-07-19,11.291560173034668,11.345493222615076,11.185790332328349,11.326017221355784,819145600
2011-07-20,11.59268856048584,11.873442396372091,11.565722033694056,11.868948241939696,941340400
2011-07-21,11.604371070861816,11.68736768325883,11.502796172481956,11.594183417312308,526534400
2011-07-22,11.784448623657228,11.836883876470296,11.61815375899617,11.635232660768446,516728800
2011-07-25,11.940258026123049,11.985201962411749,11.674186050816934,11.696058345092192,589806000
2011-07-26,12.08737564086914,12.12003566262809,11.975613878512476,11.98520145912829,476582400
2011-07-27,11.76317310333252,12.064301317349427,11.749989082781749,12.00287696720358,659324400
2011-07-28,11.740102767944336,11.895011426133571,11.62953956551269,11.73411083076493,594034000
2011-07-29,11.699955940246582,11.839883599733543,11.505795991435336,11.614861444199192,632584400
2011-08-01,11.887819290161133,11.97021661594111,11.756580762302066,11.918680682707404,612836000
2011-08-02,11.652911186218262,11.922278743350022,11.63613232086542,11.91478822132278,639539600
2011-08-03,11.762578964233398,11.7919425863613,11.453061583945743,11.714937087404898,732508000
2011-08-04,11.30713939666748,11.725122890647857,11.30654012283922,11.667894240295292,871407600
2011-08-05,11.194775581359863,11.49081119966342,10.86368525062537,11.399123920293755,1204590800
2011-08-08,10.583233833312988,11.019494796282798,10.577540331669743,10.83731954576963,1143833600
2011-08-09,11.206464767456056,11.224442983865888,10.636867345733394,10.825634617543454,1082583600
2011-08-10,10.897245407104492,11.225639455200133,10.8615898154269,11.120768938362206,878656800
2011-08-11,11.197175979614258,11.249611241921643,10.928107618676748,11.101893036606986,741969200
2011-08-12,11.295756340026855,11.375157338417198,11.21305813474843,11.328115533276476,528976000
2011-08-15,11.488117218017578,11.534859781103668,11.328713564474471,11.37485685367358,460544000
2011-08-16,11.400327682495115,11.486921580958668,11.267891320307726,11.431489932514598,498750000
2011-08-17,11.399126052856444,11.521374714755192,11.326016245211674,11.455156956259565,442061200
2011-08-18,10.967955589294434,11.165712715778598,10.82772873972019,11.111478844365852,851435200
2011-08-19,10.66772747039795,10.996422328826396,10.66682895980198,10.85170051529209,775888400
2011-08-22,10.680013656616213,10.932902419116536,10.639563872146324,10.92181545291274,535315200
2011-08-23,11.19417953491211,11.1953780826173,10.696793438639126,10.795671224021408,656835200
2011-08-24,11.271486282348633,11.354782962496126,11.104292047896127,11.190285860913116,626267600
2011-08-25,11.197775840759276,11.24961183192867,10.93649802625478,10.938895121807027,871346000
2011-08-26,11.493207931518556,11.499799142161155,11.110280035820546,11.121366199290309,641477200
2011-08-29,11.684672355651855,11.730516400515198,11.62564588761199,11.631038551620836,405269200
2011-08-30,11.685275077819824,11.740706719578096,11.57201469843706,11.633139042828232,417922400
2011-08-31,11.53066349029541,11.747895047807956,11.441673328925956,11.702651074878371,522586400
2011-09-01,11.416803359985352,11.60586983988986,11.407515016304282,11.560326632118835,343725200
2011-09-02,11.207661628723145,11.326015401933144,11.141143838213424,11.228335374335575,438939200
2011-09-06,11.378150939941406,11.3958283158548,10.980840434874631,11.007507717358266,509698000
2011-09-07,11.503700256347656,11.553738434102463,11.44587071666486,11.55253988612874,350576800
2011-09-08,11.509989738464355,11.643924645152994,11.455157380699111,11.457853713006196,416158400
2011-09-09,11.31043815612793,11.565722459295676,11.236728260013546,11.503699605411963,564813200
2011-09-12,11.384145736694336,11.412310008536409,11.143242440268844,11.176202503293592,467832400
2011-09-13,11.524374008178713,11.572014286577438,11.393434651393436,11.450064839069295,440560400
2011-09-14,11.664595603942873,11.751787929037514,11.558526556916462,11.596280000779991,534724400
2011-09-15,11.774262428283691,11.79523701206588,11.68257593376009,11.72841918102189,417818800
2011-09-16,12.00018310546875,12.00018310546875,11.836286114958718,11.851567197438976,698513200
2011-09-19,12.333669662475586,12.381610761645032,11.841378685894352,11.895310922275382,823860800
2011-09-20,12.388203620910645,12.670155934544496,12.320487283755671,12.442136661082468,775754000
2011-09-21,12.348950386047363,12.632100401235611,12.344755470254407,12.573672417124165,605976000
2011-09-22,12.0397367477417,12.279441524209757,11.88632661891666,12.016066627155068,968480800
2011-09-23,12.11404514312744,12.187154959265824,11.980709499745752,11.993593488640828,546277200
2011-09-26,12.080187797546388,12.10445799309601,11.724527100113988,11.98100995651834,812876400
2011-09-27,11.963029861450195,12.262359539271127,11.927074231668003,12.246779219754703,632497600
2011-09-28,11.89561653137207,12.097267025422406,11.880633881741918,11.990897893996548,429637600
2011-09-29,11.702651977539062,12.051421364131375,11.57201267595844,12.042732293184311,651086800
2011-09-30,11.42548942565918,11.652310094633826,11.421294510238816,11.599274778296964,547640800
2011-10-03,11.224141120910645,11.46504439819244,11.181295042629865,11.397028819238338,669099200
2011-10-04,11.161221504211426,11.439877495590675,10.614097978899792,11.22324515909452,1233677200
2011-10-05,11.333510398864746,11.380551406396748,10.79567359925748,11.022194364785088,786469600
2011-10-06,11.30713939666748,11.529165149397716,11.140245235940178,11.186088483654338,812582400
2011-10-07,11.080320358276367,11.318226486836805,11.04106911946731,11.259499247067865,535458000
2011-10-10,11.649917602539062,11.649917602539062,11.332309631451777,11.358677683464828,442514800
2011-10-11,11.993890762329102,12.080484627191542,11.730516725298145,11.762576673787349,605687600
2011-10-12,12.050823211669922,12.262361303886475,11.989398835265533,12.205132645003866,622286000
2011-10-13,12.237791061401367,12.237791061401367,12.070596860814192,12.134417524383256,426185200
2011-10-14,12.644389152526855,12.644389152526855,12.442737106382763,12.489480465770107,573367200
2011-10-17,12.584163665771484,12.785215643312412,12.462812710543009,12.636598927865856,686044800
2011-10-18,12.65157985687256,12.728585346275372,12.464311179713702,12.637197284505111,881602400
2011-10-19,11.943855285644531,12.237492296208645,11.919285055706702,12.025654172873807,1104059600
2011-10-20,11.844674110412598,11.995687900605784,11.811715653140167,11.985201009642031,549270400
2011-10-21,11.771568298339844,11.959437089117918,11.70804685716708,11.928275642506728,621244400
2011-10-24,12.158087730407717,12.179960022652676,11.847371884614322,11.870742761318985,502138000
2011-10-25,11.91838550567627,12.181461142212326,11.906700864990718,12.13591712675466,430427200
2011-10-26,12.003181457519531,12.06160946103642,11.77995633636814,12.037937742579286,456304800
2011-10-27,12.125728607177734,12.254870120792727,12.04183266900202,12.211722403864531,494664800
2011-10-28,12.133517265319824,12.175465627881811,12.060407467737104,12.07508927461903,322842800
2011-10-31,12.128421783447266,12.26475373864917,12.016659247827858,12.057709092855202,385501200
2011-11-01,11.880630493164062,11.970219927562194,11.782052751709507,11.90759781462896,531790000
2011-11-02,11.907598495483398,11.99838648269328,11.838682803453398,11.98789959046214,327350800
2011-11-03,12.077189445495604,12.0870770642526,11.846174570389309,11.957337072381696,441386400
2011-11-04,11.992396354675291,12.088277790385806,11.96003636012176,12.046030175293454,302229200
2011-11-07,11.97711181640625,11.985202413327366,11.869245725176317,11.982506081086052,270275600
2011-11-08,12.171871185302734,12.224906517559726,12.031944350791248,12.051420349611506,400442000
2011-11-09,11.843774795532228,12.01186747676843,11.812314124777364,11.89441222569434,558684000
2011-11-10,11.542350769042969,11.901607077708489,11.450364223936534,11.896213612508628,744752400
2011-11-11,11.524374008178713,11.646622692610103,11.393734688415414,11.58399976548198,653786000
2011-11-14,11.363770484924316,11.543249410443424,11.332009769577084,11.491412620189582,432905200
2011-11-15,11.65051555633545,11.670590028498674,11.369462544769378,11.409912326143791,430810800
2011-11-16,11.528868675231934,11.71973303472856,11.515384610815532,11.66310284453522,349210400
2011-11-17,11.30833911895752,11.523173608064164,11.25110966256178,11.50519539134886,479900400
2011-11-18,11.234332084655762,11.385645169729298,11.232534262649605,11.353585210767717,371938000
2011-11-21,11.056653022766112,11.136654105259447,10.963767148620972,11.098300567466286,447980400
2011-11-22,11.28136920928955,11.323916842651762,11.114475081298837,11.116872176141689,409021200
2011-11-23,10.996126174926758,11.26129890816514,10.992829768014358,11.221447588870769,428271200
2011-11-25,10.89365005493164,11.12076923512325,10.88615873203006,11.038970357822608,254760800
2011-11-28,11.26968479156494,11.287663005789222,11.096199424842617,11.156724479200609,346413200
2011-11-29,11.182193756103516,11.35088574061292,11.09230508093584,11.261296302314165,375855200
2011-11-30,11.451858520507812,11.454255615422056,11.335002543733784,11.424592766005954,405938400
2011-12-01,11.623547554016112,11.655607500306754,11.408413072899103,11.462046874737055,387181200
2011-12-02,11.676581382751465,11.794335870216594,11.643022854008471,11.68047626194277,379055600
2011-12-05,11.775763511657717,11.877638489799098,11.697261019234054,11.790146087423215,357210000
2011-12-06,11.714034080505373,11.824298839816802,11.66699309585246,11.760776628459377,283598000
2011-12-07,11.658306121826172,11.713737752041972,11.588491919407904,11.683474823081903,304746400
2011-12-08,11.70534610748291,11.850367154362557,11.692462121927266,11.72901702052171,376356400
2011-12-09,11.79404067993164,11.80662543341874,11.716436700341442,11.770969832020109,296993200
2011-12-12,11.740704536437988,11.802428143318444,11.669093310997306,11.735910345597004,301067200
2011-12-13,11.649917602539062,11.8473747552382,11.598680883434447,11.775462686210377,338928800
2011-12-14,11.39163303375244,11.60706754473362,11.316426178932945,11.586692237385158,406887600
2011-12-15,11.354181289672852,11.498003809298098,11.335304563969574,11.485719095762382,256200000
2011-12-16,11.41650676727295,11.510291143307205,11.373060604607137,11.396731526366736,421478400
2011-12-19,11.45216178894043,11.531264343234367,11.400324996842077,11.459952349610024,235530400
2011-12-20,11.863852500915527,11.868347454873552,11.603474011876392,11.618455058140196,337215200
2011-12-21,11.878835678100586,11.904304419720722,11.745799267793728,11.88602616506151,262948000
2011-12-22,11.94175624847412,11.959135189885844,11.868347203102104,11.89531292578519,202358800
2011-12-23,12.084980964660645,12.092771525550427,11.969922773353732,11.97591551249972,269399200
2011-12-27,12.180862426757812,12.257567887856148,12.075691854681118,12.078089750445296,265076000
2011-12-28,12.064302444458008,12.232394321643442,12.025350452926345,12.191645309058044,228662000
2011-12-29,12.138614654541016,12.15449581421004,12.000486410090383,12.08707869521807,215978000
2011-12-30,12.135018348693848,12.173371076639995,12.089774371226468,12.090372845003534,179662000
2012-01-03,12.32168674468994,12.359740232610609,12.254869713304084,12.266855189830054,302220800
2012-01-04,12.38790512084961,12.425060099935472,12.26325935914952,12.284832417874965,260022000
2012-01-05,12.525434494018556,12.541014812718334,12.364832316030093,12.433148729124154,271269600
2012-01-06,12.656373977661133,12.666860869905095,12.561091836549576,12.577571467246832,318292800
2012-01-09,12.63629913330078,12.81667656638151,12.6249129298526,12.749260256737507,394024400
2012-01-10,12.681543350219728,12.764241545054652,12.629407323015457,12.761544412558631,258196400
2012-01-11,12.66086769104004,12.669856798407288,12.563787731769448,12.6647625708499,215084800
2012-01-12,12.62611198425293,12.67135596278046,12.547009431004312,12.652779272297115,212587200
2012-01-13,12.578773498535156,12.59795026811633,12.54431644084228,12.575478691411687,226021600
2012-01-17,12.725290298461914,12.763943065776248,12.67315426816308,12.710308450646536,242897200
2012-01-18,12.85742473602295,12.868210864120003,12.773228768964914,12.793004003891612,276791200
2012-01-19,12.816678047180176,12.92514342900802,12.779523863313104,12.888589319174592,261738400
2012-01-20,12.593453407287598,12.809187231841758,12.576973773471602,12.80888799491176,413974400
2012-01-23,12.80648708343506,12.837649320004903,12.653376233039944,12.664462397924195,306062400
2012-01-24,12.59674835205078,12.737275278719398,12.570980374914477,12.737275278719398,547638000
2012-01-25,13.383273124694824,13.616684230460557,13.295481527757778,13.6163849936593,958314000
2012-01-26,13.3224515914917,13.447096546491355,13.277806891715557,13.434213359412816,323985200
2012-01-27,13.401854515075684,13.43781014751019,13.296684750261466,13.313762855566758,299709200
2012-01-30,13.573541641235352,13.600208927786332,13.34522390271868,13.354811484319052,379341200
2012-01-31,13.677512168884276,13.73024666538632,13.575337981776045,13.65084488367091,391683600
2012-02-01,13.66882610321045,13.752722857113737,13.649650936756329,13.73534471243446,270046000
2012-02-02,13.636762619018556,13.698186183563408,13.60260481235516,13.660133497230811,186796400
2012-02-03,13.773394584655762,13.78298296601566,13.649947375041368,13.702083398587243,286599600
2012-02-06,13.901932716369627,13.932195639533443,13.72904744677261,13.734440110217092,249412800
2012-02-07,14.04755687713623,14.075123474554031,13.920213182789633,13.94028925704538,316223600
2012-02-08,14.282766342163086,14.286061148153625,14.073623771327124,14.097594725061096,407890000
2012-02-09,14.776853561401367,14.884121161184543,14.39901986718642,14.405012604620977,884214800
2012-02-10,14.784350395202637,14.91019473466269,14.638429976716276,14.710642093583814,631302000
2012-02-13,15.059407234191896,15.096261374414494,14.894310095153807,14.96741990187041,517216000
2012-02-14,15.264954566955566,15.267950136387393,15.041431000671118,15.121132029886349,460398400
2012-02-15,14.91168975830078,15.769228997825866,14.888317279065063,15.408774993805569,1506120000
2012-02-16,15.047718048095703,15.128019125014902,14.580894229424445,14.72681457742143,944552000
2012-02-17,15.045024871826172,15.214316129913028,14.990491752893698,15.074687726535853,535805200
2012-02-21,15.426456451416016,15.426456451416016,15.104952793981289,15.187650994793705,605595200
2012-02-22,15.372218132019045,15.445627165862996,15.25326429335184,15.373416679514392,483302400
2012-02-23,15.472599029541016,15.51574675427929,15.266154352789268,15.433347785656387,568027600
2012-02-24,15.652969360351562,15.667651165505552,15.54000987178205,15.570871266245248,415072000
2012-02-27,15.753350257873535,15.835448371553998,15.469300865781047,15.620013832136776,547582000
2012-02-28,16.04249382019043,16.04249382019043,15.756047319536952,15.819269510816165,600387200
2012-02-29,16.253137588500977,16.408047926847427,16.051187838686012,16.226771131065725,952011200
2012-03-01,16.313961029052734,16.42602446239446,16.143171946495546,16.424824314245694,683270000
2012-03-02,16.335235595703125,16.383774387254956,16.255532957335227,16.307070519050512,431712400
2012-03-05,15.975075721740724,16.404144550586256,15.760538907022418,16.3424217510031,809124400
2012-03-06,15.888175010681152,15.990947620437971,15.467494595005022,15.690419546937015,810238800
2012-03-07,15.901073455810549,16.11351090350176,15.67964609737166,16.084147275481136,798520800
2012-03-08,16.239648818969727,16.269610907520907,15.94391321176397,16.020917891600536,516457200
2012-03-09,16.334930419921875,16.41193509726481,16.273206023197943,16.306165279655122,418919200
2012-03-12,16.539583206176758,16.539583206176758,16.38976632038893,16.449093640740376,407282400
2012-03-13,17.021984100341797,17.024381195747303,16.65194009805328,16.70557550780081,690855200
2012-03-14,17.66559410095215,17.819603517628593,17.240717638327503,17.320121042850403,1418844000
2012-03-15,17.54513168334961,17.978096879636844,17.335091476750705,17.966111407041243,1159718000
2012-03-16,17.54543685913086,17.654202259408237,17.318616914121048,17.519968121293363,825487600
2012-03-19,18.010761260986328,18.03083573230564,17.649707212501113,17.928962390926507,901236000
2012-03-20,18.15639305114746,18.18455653482354,17.72252818432574,17.963130745607994,816662000
2012-03-21,18.052715301513672,18.266951352440877,18.020056869298696,18.0599065893952,644042000
2012-03-22,17.958030700683594,18.112640168124724,17.84387102177243,17.91128733598904,623870800
2012-03-23,17.859445571899414,18.031732356036127,17.81000589286715,17.992481129761448,430488800
2012-03-26,18.186939239501957,18.19203426569879,17.835774480104345,17.971504761838602,595742000
2012-03-27,18.41166877746582,18.46560182336417,18.15938008919796,18.16297573227099,607129600
2012-03-28,18.505748748779297,18.62050686738698,18.286718601659956,18.528519550254405,655460400
2012-03-29,18.273239135742188,18.47399187586995,18.194437424470483,18.360731518024483,608238400
2012-03-30,17.964326858520508,18.29421881971954,17.916085697879506,18.2405849927648,731038000
2012-04-02,18.53601837158203,18.54021248909697,17.98919249837541,18.03263945932469,598351600
2012-04-03,18.856319427490234,18.94291410113849,18.652271876615544,18.79579356708052,834559600
2012-04-04,18.706201553344727,18.752644069474854,18.48717139518244,18.707400100861573,572980800
2012-04-05,18.98695373535156,19.0163173457457,18.678933462808907,18.78620105186399,641298000
2012-04-09,19.06336212158203,19.17152904272725,18.735867389428357,18.76073605209357,597536800
2012-04-10,18.829952239990234,19.29617608842153,18.756842431348076,19.1742266617272,889725200
2012-04-11,18.76283073425293,19.082535652949623,18.677135395068664,19.06246118410443,696614800
2012-04-12,18.660070419311523,18.91655495426397,18.59205400360834,18.726888286717763,614336800
2012-04-13,18.13450813293457,18.71788876558746,18.082972187225625,18.70020978874487,859644800
2012-04-16,17.382436752319336,18.28581992627264,17.32610662010755,18.279228715131783,1050786800
2012-04-17,18.26844024658203,18.277428551960774,17.136139396607753,17.346779701080916,1025528000
2012-04-18,18.22769546508789,18.584555434406333,18.059002680165463,18.388896126893197,954531200
2012-04-19,17.601469039916992,18.119529704399365,17.51397665419959,17.984396245677743,834719200
2012-04-20,17.168203353881836,17.816603245481407,17.091497902737153,17.719522483824043,1030985200
2012-04-23,17.129844665527344,17.278762169293472,16.67800352877521,17.09718625141242,966529200
2012-04-24,16.787677764892578,17.009703580937153,16.629472629510968,16.857491185547087,1076149200
2012-04-25,18.277433395385746,18.517138137706308,18.157581824324065,18.44642542274442,905777600
2012-04-26,18.208520889282227,18.417962720115916,18.041626705925616,18.405377167917365,536068400
2012-04-27,18.06769180297852,18.162975543324148,17.992784973365293,18.12971704539244,406722400
2012-04-30,17.497800827026367,17.929868583656436,17.468437200872565,17.91189036350178,506144800
2012-05-01,17.442367553710938,17.880725626125965,17.415401027331665,17.525364991624166,610999200
2012-05-02,17.557720184326172,17.60026782298002,17.344383517370215,17.38573260845357,427389200
2012-05-03,17.43307876586914,17.7201253795828,17.387535547079604,17.69315885264976,390549600
2012-05-04,16.93659210205078,17.329406969063992,16.93419500628786,17.291055037054715,529992400
2012-05-07,17.063331604003906,17.161910143111665,16.816136364014806,16.824226960302855,460118400
2012-05-08,17.024383544921875,17.123859817582648,16.74123341191285,17.06633112010935,497252000
2012-05-09,17.054344177246094,17.198168308877605,16.80475340597333,16.89014793400007,480704000
2012-05-10,17.094497680664062,17.255099908558563,17.03217638649903,17.21614789955725,333200000
2012-05-11,16.980337142944336,17.212850615516693,16.90962442295251,16.92910042465019,399546000
2012-05-14,16.7259521484375,17.004308100323602,16.707375455889334,16.856291433598418,352626400
2012-05-15,16.57463264465332,16.87576089005589,16.53208501035775,16.822727165740428,476336000
2012-05-16,16.362197875976562,16.686098573677345,16.211184074276975,16.60100329174223,560896000
2012-05-17,15.883989334106444,16.404746305352067,15.883989334106444,16.339127019293585,717220000
2012-05-18,15.891776084899902,16.282193720922074,15.646080255091514,15.999043682840355,732292400
2012-05-21,16.81763458251953,16.825425942160205,16.001742091250325,16.015226952144133,631106000
2012-05-22,16.68849754333496,17.19517121169238,16.556959725891847,17.06543041580604,694870400
2012-05-23,17.095691680908203,17.162808743023508,16.57643256007209,16.70437310956318,584897600
2012-05-24,16.938690185546875,17.273677121969303,16.81614066328905,17.254799592536582,496230000
2012-05-25,16.84789276123047,16.954561869314013,16.73343389589894,16.916808429964853,328507200
2012-05-29,17.146926879882812,17.198763661272306,16.938386007368102,17.10587862661976,380508800
2012-05-30,17.353673934936523,17.378243361836553,16.97584018663939,17.054942731901157,529429600
2012-05-31,17.31052589416504,17.423485397968836,17.122657970136803,17.400712994990666,491674400
2012-06-01,16.80894660949707,17.158316063188725,16.7948648741688,17.05374477660153,520987600
2012-06-04,16.90782356262207,17.0040050105766,16.434709282812474,16.824227664998,556995600
2012-06-05,16.864070892333984,16.973137085561806,16.729238335020444,16.81732915249149,388214400
2012-06-06,17.122661590576172,17.194272020001605,16.944081171960963,17.012097558247934,401455600
2012-06-07,17.13045310974121,17.298245015378214,17.093898198839966,17.297347304600084,379766800
2012-06-08,17.38813018798828,17.39592154751202,17.04894921707622,17.126853211131206,347516400
2012-06-11,17.113969802856445,17.63322734388461,17.09778861031516,17.609856466010257,591264800
2012-06-12,17.26348304748535,17.277265543721615,16.980033762879035,17.21254717871762,435380400
2012-06-13,17.14363670349121,17.33300246657301,17.090302123314633,17.214349427703723,293580000
2012-06-14,17.1247615814209,17.183789672332402,16.996820978714126,17.11607250818165,345573200
2012-06-15,17.202661514282227,17.2173433242303,17.065430196643348,17.108877152708754,335255200
2012-06-18,17.55172348022461,17.61494565013351,17.089994734461282,17.107673707180243,440412000
2012-06-19,17.600570678710938,17.67817384245597,17.471429963523804,17.48041827123487,361404400
2012-06-20,17.5505313873291,17.655701141617335,17.40251315517808,17.624538903207508,358943200
2012-06-21,17.30872917175293,17.624838515261043,17.30183712267784,17.541541853418764,326351200
2012-06-22,17.441471099853516,17.44416743289365,17.241318377800123,17.34978457510541,284471600
2012-06-25,17.101978302001953,17.372544324014125,17.08999283034087,17.297635926230587,304382400
2012-06-26,17.139745712280273,17.213454022798224,16.998918705735992,17.11877031967315,276536400
2012-06-27,17.2137451171875,17.28086218126774,17.136441198806544,17.22872616179373,202997200
2012-06-28,17.050445556640625,17.19876300970689,16.94737367183581,17.128949617943483,282836400
2012-06-29,17.49839210510254,17.49839210510254,17.206252175182232,17.318613194321795,421500800
2012-07-02,17.753677368164062,17.782141670661474,17.48640768095778,17.52026624721271,400092000
2012-07-03,17.96013069152832,17.977809675488594,17.79803226681871,17.82439872397959,241712800
2012-07-05,18.275634765625,18.4074718022304,17.967315194024987,17.994580951983906,484383200
2012-07-06,18.153987884521484,18.23069334525325,18.0251479936105,18.190243556239427,418930400
2012-07-09,18.393983840942383,18.394283077718917,18.100946226295687,18.13660180840613,379405600
2012-07-10,18.22380256652832,18.57317045071375,18.136908650736316,18.516240230056457,511957600
2012-07-11,18.110544204711918,18.20732415036877,17.894511139509234,18.161180854850237,469322000
2012-07-12,17.94484519958496,18.08177567548332,17.758475030527052,17.98499574791051,428041600
2012-07-13,18.12672233581543,18.19323934070492,17.97780636699276,18.066198070131847,311427200
2012-07-16,18.184858322143555,18.32598298590105,18.12822731422472,18.131224485115705,301260400
2012-07-17,18.18574905395508,18.32238029721472,18.07218785466239,18.3011056745789,293624800
2012-07-18,18.16537094116211,18.22769381442525,18.084469780519058,18.17525855853682,252700000
2012-07-19,18.40687561035156,18.437737014963503,18.157582477348853,18.31578758096622,436861600
2012-07-20,18.10664939880371,18.410474101481984,18.088671179657727,18.368225686538302,397471200
2012-07-23,18.09256172180176,18.154585362833902,17.6095582179539,17.810010112721027,487975600
2012-07-24,18.0053768157959,18.26785244832643,17.933164692979503,18.1989367328272,565132400
2012-07-25,17.227834701538086,17.402518673629167,17.07891871158931,17.21255441454331,877312800
2012-07-26,17.225139617919922,17.390534454870952,17.089706883224828,17.37135768530061,406632800
2012-07-27,17.533157348632812,17.553233428032854,17.126559933766266,17.229033389259648,403936400
2012-07-30,17.82889175415039,17.96102806324618,17.612857089791,17.70574375444838,379142400
2012-07-31,18.30020904541016,18.328375721793087,18.05930731287589,18.074587598796843,462327600
2012-08-01,18.18185234069824,18.469198159664213,18.067692669090945,18.454516349947543,384501600
2012-08-02,18.21121597290039,18.298108283525337,17.985295325196624,18.06290009100901,332158400
2012-08-03,18.44821548461914,18.516531072454125,18.324168254014623,18.38619186931688,344920800
2012-08-06,18.653470993041992,18.72298516346867,18.4350408627139,18.495864361664616,302103200
2012-08-07,18.604324340820312,18.72687219845665,18.51832977454089,18.66005438845361,290446800
2012-08-08,18.572866439819336,18.69331806300385,18.490168262701697,18.55878310667668,244706000
2012-08-09,18.67879295349121,18.70888529772347,18.59062439372543,18.592128609170096,221642400
2012-08-10,18.707979202270508,18.70978393910854,18.617705397815733,18.618005919444148,194938800
2012-08-13,18.957735061645508,18.957735061645508,18.75461624211829,18.75882997208957,278832400
2012-08-14,19.00859642028809,19.21683222176927,18.96406135927596,19.014013845615448,340169200
2012-08-15,18.982711791992188,19.07810248117546,18.89003061814768,18.996855590625916,257342400
2012-08-16,19.148521423339844,19.16115940241708,18.97278537450295,18.99415133735033,254534000
2012-08-17,19.502704620361328,19.50511200811754,19.22285302550741,19.258661713080112,442761200
2012-08-20,20.015459060668945,20.015459060668945,19.556560994992907,19.55987155361764,613384800
2012-08-21,19.741924285888672,20.308249959661588,19.56949882769679,20.186077494028893,812719600
2012-08-22,20.127403259277344,20.13131486183291,19.502700724928705,19.692578976837165,565322800
2012-08-23,19.93963050842285,20.158395785596763,19.89509384687649,20.044348633599554,420128800
2012-08-24,19.95738983154297,20.14576391237023,19.72658754886681,19.845750032821737,437340400
2012-08-27,20.33232688903809,20.48850170683122,20.26793008801124,20.462020448881077,427008400
2012-08-28,20.30585289001465,20.344972140618864,20.18157349608745,20.3112687093613,267416800
2012-08-29,20.265825271606445,20.39220989228493,20.239646139695758,20.319388836160364,202806800
2012-08-30,19.976951599121094,20.20805603537133,19.946258204399467,20.18067320105217,302699600
2012-08-31,20.01816940307617,20.11927644707685,19.77773603605228,20.07865299509082,338321200
2012-09-04,20.310964584350582,20.3160798810634,19.99590537625765,20.03382092616194,367892000
2012-09-05,20.16832733154297,20.35248762310455,20.149368756403327,20.32901640246249,336375200
2012-09-06,20.350080490112305,20.41086621148517,20.18547981487506,20.25679664961924,391196400
2012-09-07,20.475566864013672,20.536953638614087,20.33503843011246,20.4036457601943,329666400
2012-09-10,19.94293785095215,20.561319646346703,19.92367875717346,20.475860631838245,487998000
2012-09-11,19.878253936767575,20.16442459270552,19.7551782164646,20.01426816412372,503983200
2012-09-12,20.15508270263672,20.158393261266124,19.74012024911386,20.066613648001425,712233200
2012-09-13,20.5519962310791,20.62782732053533,20.30494334354855,20.38318182019601,598360000
2012-09-14,20.801759719848636,20.97328206175547,20.69974787971727,20.76203943311979,600474000
2012-09-17,21.057537078857425,21.05813812214392,20.901963291711034,21.04459697045399,398031200
2012-09-18,21.121631622314453,21.134269601926807,20.95642828709185,21.060545375742084,373503200
2012-09-19,21.12734603881836,21.18421854463912,21.051214438088,21.07197774802058,326874800
2012-09-20,21.02503204345703,21.06595761690732,20.87216620382125,21.03887371329632,336568400
2012-09-21,21.066865921020508,21.216721771720497,21.044898912363827,21.136678549819607,571589200
2012-09-24,20.787017822265625,20.91731569058045,20.55260443930264,20.66875850117134,639766400
2012-09-25,20.26793098449707,20.846894747839464,20.25168031741149,20.710878978510436,518789600
2012-09-26,20.01636505126953,20.24235249298164,19.896599951418487,20.123490565076768,576503200
2012-09-27,20.50204849243164,20.52762658548769,19.871026844352404,19.98958828034197,594090000
2012-09-28,20.07415008544922,20.495733911362773,20.063617360018227,20.424717564582863,535110800
2012-10-01,19.842130661010746,20.364522354607136,19.75516582045172,20.196309011920334,543594800
2012-10-02,19.89991569519043,20.051577922937533,19.57913848047386,19.9149610664464,627992400
2012-10-03,20.20503807067871,20.2173771351442,19.939630868741247,20.0067355803616,424281200
2012-10-04,20.065113067626957,20.289295781868944,20.027499650754784,20.199020367240564,370725600
2012-10-05,19.637508392333984,20.041036582536822,19.59808863663304,20.01696432029032,594006000
2012-10-08,19.203594207763672,19.48615532332754,19.141604775657445,19.465692527096795,637994000
2012-10-09,19.13377952575684,19.273404788639148,18.763652531155525,19.21803648240674,838597200
2012-10-10,19.286035537719727,19.408508520258263,19.168377328445317,19.25082790999263,510356000
2012-10-11,18.90056610107422,19.47531775580585,18.90056610107422,19.454253920836138,546081200
2012-10-12,18.949020385742188,19.11963959237039,18.81631673692782,18.944506131433748,460014800
2012-10-15,19.10097885131836,19.1121126166544,18.772679017069937,19.02845831226608,432502000
2012-10-16,19.55325126647949,19.56859875978455,18.987828721245453,19.11933022225833,549771600
2012-10-17,19.397380828857425,19.64353056427795,19.37902490181065,19.525571796528585,389037600
2012-10-18,19.037187576293945,19.320650263437148,18.957745384420768,19.246324976039205,476624400
2012-10-19,18.351089477539062,19.01099788812066,18.34446836054149,18.9893330147604,744086000
2012-10-22,19.07900619506836,19.11962964149741,18.37877323749602,18.42872570942237,546730800
2012-10-23,18.45701789855957,19.07510099902979,18.407067016926263,18.987834002876006,707145600
2012-10-24,18.56144142150879,18.853932676873576,18.375174167930247,18.700165165921483,558527200
2012-10-25,18.34206771850586,18.717011105307478,18.22200207435439,18.65682641532243,656325600
2012-10-26,18.17535972595215,18.47627674066956,17.78416889247374,18.33875673605852,1018432800
2012-10-31,17.914161682128906,18.113969994461357,17.684863680730174,17.90092105279827,510003200
2012-11-01,17.950881958007812,18.145272936955323,17.8795650890201,18.001435504839424,361298000
2012-11-02,17.35686492919922,17.963211524048365,17.29517764045476,17.931314446882805,599373600
2012-11-05,17.592178344726562,17.686966387756343,17.38093417036598,17.559077579708685,529135600
2012-11-06,17.53891944885254,17.77634280538397,17.455867798675616,17.76099691619224,374917200
2012-11-07,16.86783790588379,17.367826551972506,16.799821278238156,17.346666505010617,793648800
2012-11-08,16.25569725036621,16.995706374705193,16.18133438765181,16.947338710102624,1056146000
2012-11-09,16.537126541137695,16.773517794224798,16.133870114385513,16.336405624855256,929913600
2012-11-12,16.409257888793945,16.7620317994969,16.282899813335813,16.751450971499192,515802000
2012-11-13,16.411376953125,16.64051310129091,16.21367817083313,16.290762921295507,532949200
2012-11-14,16.229402542114258,16.548924643884096,16.208242490841275,16.489977748932514,477170400
2012-11-15,15.889016151428224,16.308595896854968,15.798330021769717,16.249045236133387,789910800
2012-11-16,15.95128345489502,16.021414921296905,15.288359395858462,15.876315224299397,1266893600
2012-11-19,17.10150146484375,17.155006154667596,16.32007985433638,16.345169359633356,823317600
2012-11-20,16.95579719543457,17.289527508300715,16.76444793526249,17.288318317103265,642754000
2012-11-21,16.979677200317383,17.151075593505034,16.82550776173092,17.056761919610615,373002000
2012-11-23,17.27592658996582,17.29104229036928,17.00688875584902,17.145035247275313,272826400
2012-11-26,17.820960998535156,17.835167789136175,17.342736210784476,17.408938240577207,630579600
2012-11-27,17.677364349365234,17.847857060557715,17.535892223705872,17.8215567513165,533330000
2012-11-28,17.621742248535156,17.708196983447078,17.298894709079097,17.450342249452703,520864400
2012-11-29,17.815818786621094,17.963638812347074,17.691578801913362,17.841817210594655,514698800
2012-11-30,17.69248390197754,17.786799219720514,17.61388807292636,17.73812966794979,391319600
2012-12-03,17.719989776611328,17.973915106389246,17.699131630288168,17.945499918042966,364280000
2012-12-04,17.407424926757812,17.587287732651767,17.29497333988988,17.587287732651767,557068400
2012-12-05,16.28713035583496,17.207907643974348,16.286524953041848,17.197630326158453,1044638000
2012-12-06,16.542566299438477,16.726055001842223,15.677710494222673,15.989373458120587,1177212400
2012-12-07,16.119659423828125,16.78318726080631,16.021414670688724,16.728775278885177,787040800
2012-12-10,16.01598358154297,16.278673626689628,15.766894925505929,15.870278398004649,630484400
2012-12-11,16.365726470947266,16.61269852695959,16.24420517684205,16.316755034504084,592345600
2012-12-12,16.293487548828125,16.5655492624274,16.210962221564653,16.558596005560467,487144000
2012-12-13,16.012048721313477,16.25237108413142,15.894456869953508,16.056183402356307,625259600
2012-12-14,15.410486221313477,15.662596933252976,15.283222481361047,15.560422699612875,1009579200
2012-12-17,15.683758735656738,15.71912717823489,15.151727469063935,15.384491148198288,757607200
2012-12-18,16.13931655883789,16.169544735497592,15.726688386405211,15.870277068762991,625685200
2012-12-19,15.909875869750977,16.133269571874735,15.885390144149452,16.06585835289819,449369200
2012-12-20,15.771422386169434,16.027462563598952,15.685269532909118,16.021416607720383,481689600
2012-12-21,15.698872566223145,15.709149884036682,15.424089117732905,15.491500315128771,596268400
2012-12-24,15.724262237548828,15.847596495379433,15.680127571590228,15.729704404457395,175753200
2012-12-26,15.507521629333496,15.702801967820449,15.450691258590714,15.688895462122524,302436400
2012-12-27,15.569804191589355,15.605776441352065,15.255420741728896,15.5238548974171,455120400
2012-12-28,15.404438018798828,15.552259601769318,15.360001459984636,15.425599668678446,354278400
2012-12-31,16.087017059326172,16.18465805931715,15.3866094509188,15.432859006444364,659492400
2013-01-02,16.5966796875,16.777147887033934,16.37298571691673,16.74147754487389,560518000
2013-01-03,16.387187957763672,16.616022139527807,16.353936007840954,16.56191204555491,352965200
2013-01-04,15.930737495422363,16.282302351366717,15.89536903801592,16.2321216976528,594333600
2013-01-07,15.837024688720703,16.000260712963588,15.574031163785351,15.779588894408562,484156400
2013-01-08,15.879646301269531,16.07855428055573,15.756917391675056,15.99754005894236,458707200
2013-01-09,15.631462097167969,15.870573609829982,15.597906636799191,15.794698070649218,407604400
2013-01-10,15.825227737426758,15.982719612887614,15.583696283178863,15.977580954917752,601146000
2013-01-11,15.728203773498535,15.879953314560824,15.689509634321956,15.749363823656555,350506800
2013-01-14,15.16744613647461,15.341262940053351,15.069503259061914,15.19555781519135,734207600
2013-01-15,14.688919067382812,15.084013013619264,14.612136232516011,15.063154868784649,876772400
2013-01-16,15.298641204833984,15.399909774071196,14.88782932274758,14.952518641223142,690804800
2013-01-17,15.195558547973633,15.439508456224804,15.17591120710871,15.42620735175594,453678400
2013-01-18,15.114548683166504,15.18165639165371,15.0057230595759,15.069808596433775,472922800
2013-01-22,15.258740425109863,15.35275223720007,15.012675610053709,15.25239257345979,461546400
2013-01-23,15.53805923461914,15.56768362247325,15.258742424560348,15.380867550881865,861509600
2013-01-24,13.618208885192873,14.078597664747994,13.61065022729552,13.90538460983074,1460852400
2013-01-25,13.297171592712402,13.791416801744436,13.149653491997512,13.654177633651368,1208026400
2013-01-28,13.597952842712402,13.700127093147874,13.175652841489256,13.2352043064032,785517600
2013-01-29,13.853084564208984,13.911427639874503,13.667175844506206,13.860037817671763,571158000
2013-01-30,13.809557914733888,13.983980157598848,13.739124527300298,13.81469657504839,417155200
2013-01-31,13.769052505493164,13.883620589966968,13.75363652264729,13.81409449118799,319334400
2013-02-01,13.712520599365234,13.8896630973739,13.553214077497133,13.878478480909218,539484400
2013-02-04,13.370931625366213,13.782651581503712,13.361258094850305,13.721286333099153,477117200
2013-02-05,13.840087890625,13.89752367305424,13.367909157922996,13.423228451869097,573347600
2013-02-06,13.825276374816896,14.101871243639222,13.68108231602589,13.798674163583218,593706400
2013-02-07,14.23635196685791,14.290472135944984,13.807636893442506,14.085238010381204,704580800
2013-02-08,14.441896438598633,14.558348456009655,14.237267924646394,14.41209940144473,633158400
2013-02-11,14.592400550842283,14.744732412826009,14.389295190436128,14.488110927707424,517490400
2013-02-12,14.226627349853516,14.666896039001792,14.221762394803251,14.579632125650257,609053200
2013-02-13,14.199569702148438,14.401156857811982,14.084333894627983,14.205650897356904,475207600
2013-02-14,14.186795234680176,14.340341708484823,14.108653932293018,14.123856103294816,355275200
2013-02-15,13.991291046142578,14.295344246156413,13.983993613455834,14.2555120201204,391745200
2013-02-19,13.98611831665039,14.069429846376172,13.799431380434092,14.019869342755532,435783600
2013-02-20,13.647409439086914,13.916191757681622,13.645887922503176,13.916191757681622,476302400
2013-02-21,13.562575340270996,13.65713668438813,13.46406243811373,13.560750982162062,447182400
2013-02-22,13.706995964050291,13.73101545272874,13.5789897240377,13.659564293938244,330654800
2013-02-25,13.46345329284668,13.838045842422376,13.456459515096258,13.799431485583506,372579200
2013-02-26,13.651055335998535,13.729196644341409,13.307171549491075,13.49446744176887,501499600
2013-02-27,13.51727294921875,13.756562666501592,13.398084789079224,13.634636751076028,587350400
2013-02-28,13.420886993408203,13.617608323387554,13.420886993408203,13.50146077655334,322515200
2013-03-01,13.088557243347168,13.322981968236746,13.073658725679552,13.31750808234492,552448400
2013-03-04,12.77173137664795,13.019533856673029,12.739805525202891,13.007371472901932,582755600
2013-03-05,13.108927726745604,13.23206904691168,12.793017454301406,12.815213403445266,638433600
2013-03-06,12.942310333251951,13.233897529799703,12.904911391801653,13.21139710940997,460250000
2013-03-07,13.091901779174805,13.13538190637102,12.80244346633545,12.907037557909264,468473600
2013-03-08,13.126559257507324,13.239362515503778,13.031998761674185,13.068181444295046,391482000
2013-03-11,13.313555717468262,13.34821851937638,12.926496287864952,13.066664952147615,474236000
2013-03-12,13.026531219482422,13.344266701558908,13.000382897454346,13.244537556689174,465911600
2013-03-13,13.024096488952637,13.211088704725364,12.933185496974348,13.027137897304284,405549200
2013-03-14,13.150283813476562,13.215350164409946,13.087951970528502,13.160316567388266,303875600
2013-03-15,13.489602088928224,13.506933083258136,13.294703504233416,13.31537956071264,643960800
2013-03-18,13.85628604888916,13.909189978226586,13.414801297133828,13.422402380412787,606197200
2013-03-19,13.81889533996582,14.015921174947062,13.636766402088613,13.971223988366985,526775200
2013-03-20,13.745615005493164,13.91436528636732,13.669906174875232,13.907980439035695,308660800
2013-03-21,13.765381813049316,13.92500953027233,13.68541693944654,13.68906565649366,383255600
2013-03-22,14.044498443603516,14.0502743591981,13.77693244191302,13.8216279934286,395105200
2013-03-25,14.0952730178833,14.288955335111428,14.040543912113014,14.129022416599469,501135600
2013-03-26,14.02108669281006,14.163990675867243,14.002539459192889,14.151828289263094,294294000
2013-03-27,13.745615005493164,13.8891279269502,13.704568166518383,13.87879070972916,331237200
2013-03-28,13.459196090698242,13.737708221113248,13.427574700564106,13.676897917925158,442839600
2013-04-01,13.04112434387207,13.4908184267484,13.005550581942485,13.43608850051511,389732000
2013-04-02,13.06788444519043,13.321768240098027,12.964810222565216,13.001297391555134,529519200
2013-04-03,13.134774208068848,13.295618136268804,13.08369299022234,13.115922506611676,363216000
2013-04-04,13.004945755004885,13.226296383229126,12.929845025957771,13.188594597760831,358447600
2013-04-05,12.867513656616213,12.920722890651176,12.760486257187544,12.907039797066105,383695200
2013-04-08,12.959026336669922,12.998248803810275,12.845919422899756,12.917675046559893,300829200
2013-04-09,12.982441902160645,13.028657345588678,12.853827510652351,12.963591015587578,306614000
2013-04-10,13.247267723083496,13.288923476852922,12.952944564243458,13.016491794426656,375928000
2013-04-11,13.205920219421388,13.317202795808422,13.110750773572695,13.187372176130625,328364400
2013-04-12,13.06818675994873,13.200449072179328,13.046598927803837,13.200449072179328,238613200
2013-04-15,12.765653610229492,13.010111906268213,12.75653181995348,12.983051001070214,317520000
2013-04-16,12.959943771362305,12.971192761935432,12.787545582165173,12.817950739001914,305771200
2013-04-17,12.24724292755127,12.788457788469822,12.10464259194726,12.778423413126898,945056000
2013-04-18,11.920385360717772,12.3381535480995,11.850148804275324,12.31382958968572,666299200
2013-04-19,11.874170303344728,12.149946325296929,11.70906874985663,11.796332654301676,609274400
2013-04-22,12.121670722961426,12.229002585766157,11.896673026461714,11.938327178139392,429920400
2013-04-23,12.348493576049805,12.416904973893123,12.1259259510867,12.283425616805095,664238400
2013-04-24,12.32812213897705,12.625789686153892,11.934069695991797,11.965691905014708,969651200
2013-04-25,12.416902542114258,12.585955630591068,12.374943126636744,12.50355750368382,384837600
2013-04-26,12.685080528259276,12.73281668520636,12.412953175185825,12.460385678374966,764097600
2013-04-29,13.077916145324709,13.184334597367236,12.770214245103531,12.783896524719472,640326400
2013-04-30,13.462845802307127,13.537947324380632,13.137205602596415,13.229333654609416,691538400
2013-05-01,13.356731414794922,13.528217007269722,13.207746237655607,13.513926608889182,506909200
2013-05-02,13.546156883239746,13.639499546981162,13.397474548456948,13.432440192134592,421828400
2013-05-03,13.681763648986816,13.780581006209855,13.656526291892732,13.722201552970471,361300800
2013-05-06,14.008015632629396,14.053318500357172,13.813420662818231,13.855987399067416,496641600
2013-05-07,13.945680618286133,14.16125362950684,13.794870281775728,14.137537789069963,483753200
2013-05-08,14.103178024291992,14.149698739372171,13.8590242430771,13.95723265691525,472598000
2013-05-09,13.980142593383787,14.17082112663148,13.943721218396004,14.073186930895218,398487600
2013-05-10,13.863839149475098,14.070127788659244,13.787629191681988,14.01687202693015,334852000
2013-05-13,13.918012619018556,14.0147298340768,13.818848460053898,13.819154123721567,316948800
2013-05-14,13.58501148223877,13.932089219480815,13.532673539362149,13.890770694206054,447118000
2013-05-15,13.12560749053955,13.49747751627889,12.92697190932825,13.441161855908971,741613600
2013-05-16,13.300986289978027,13.401069897321449,12.8210763250161,12.953908445300598,603204000
2013-05-17,13.26058292388916,13.469625785823904,13.191718707472496,13.43779508754738,427904400
2013-05-20,13.556547164916992,13.64438785198146,13.163865074127852,13.219262921998514,451578400
2013-05-21,13.456464767456056,13.63459473503714,13.289353401152892,13.410249082463922,456022000
2013-05-22,13.508191108703612,13.722437624196402,13.412392525629349,13.59082899201637,443038400
2013-05-23,13.532366752624512,13.655405327467143,13.338015397060584,13.342912552351704,353021200
2013-05-24,13.62449550628662,13.640104783645096,13.477890564570274,13.49288769737974,276166800
2013-05-28,13.510944366455078,13.806909300912066,13.492887328676437,13.769876599915152,386145200
2013-05-29,13.618372917175291,13.69642011469599,13.448506496861414,13.466870831789477,330576400
2013-05-30,13.821293830871582,13.910665289774022,13.604905253728385,13.639796671566767,353519600
2013-05-31,13.764674186706545,13.990244141180549,13.757634115736112,13.849452529161244,384302800
2013-06-03,13.794976234436035,13.845170460709184,13.542778361933845,13.795281898116937,372352400
2013-06-04,13.75181770324707,13.908523431824923,13.693053463671578,13.87148909686729,292728800
2013-06-05,13.623272895812988,13.794975785195437,13.580423589385113,13.639799983390178,290589600
2013-06-06,13.41973876953125,13.681118792791755,13.28476456298288,13.634290956808702,416934000
2013-06-07,13.522265434265137,13.56603252940537,13.245581908797009,13.35974478696698,404535600
2013-06-10,13.432900428771973,13.744780360598794,13.368933356702296,13.611642578345934,450153200
2013-06-11,13.393412590026855,13.551342581004969,13.262416953485628,13.336485610904791,286112400
2013-06-12,13.22783374786377,13.505129484930857,13.206715171289709,13.451568067192555,265227200
2013-06-13,13.343220710754396,13.379336420496855,13.12254792152283,13.2373229769128,285832400
2013-06-14,13.162338256835938,13.353323288002164,13.114897458386302,13.326083261604136,271866000
2013-06-17,13.222017288208008,13.335261562865242,13.171823076430258,13.204878060397808,259414400
2013-06-18,13.214977264404297,13.310775824786717,13.167231633282771,13.208550156510771,195025600
2013-06-19,12.946560859680176,13.211612900994895,12.946560859680176,13.203655022162422,310940000
2013-06-20,12.75802516937256,13.037767878182178,12.70691232445736,12.833317315803844,357310800
2013-06-21,12.65579891204834,12.85474181186964,12.490523963743506,12.808525305247365,481118400
2013-06-24,12.320350646972656,12.507662781481637,12.18292706433439,12.469098494456777,480746000
2013-06-25,12.323105812072754,12.481035011327084,12.206800805483509,12.41706795239304,314162800
2013-06-26,12.183538436889648,12.38921406267199,12.10977625864086,12.361974044046214,367724000
2013-06-27,12.052237510681152,12.2851531939617,12.044892593542036,12.219656180550247,337246000
2013-06-28,12.136407852172852,12.250875627088002,11.901961366192408,11.978172145528708,578516400
2013-07-01,12.524803161621094,12.618153982480765,12.27995105496986,12.324943272155366,391053600
2013-07-02,12.80852508544922,12.904630147200267,12.532455243293894,12.547452376434457,469865200
2013-07-03,12.87922477722168,12.945947708036302,12.776693437652623,12.881061210655542,240928800
2013-07-05,12.775774955749512,12.955435684275756,12.712420044775763,12.86667718582285,274024800
2013-07-08,12.70323657989502,12.885345879474784,12.568568067454406,12.858106676853447,298138400
2013-07-09,12.926664352416992,12.961861430672467,12.560304498210192,12.658857298064255,352584400
2013-07-10,12.87708568572998,13.001655080768655,12.801182199777266,12.84250073838187,281405600
2013-07-11,13.07786464691162,13.107247589675865,12.89055329048497,12.945032528961873,326292400
2013-07-12,13.053991317749023,13.154380583125423,12.959111353927597,13.088882743648004,279563200
2013-07-15,13.082452774047852,13.205491371052162,13.00165214903735,13.00808007515587,241917200
2013-07-16,13.166927337646484,13.182535796357412,12.98236945003296,13.054294385044754,216538000
2013-07-17,13.170293807983398,13.228753202661268,13.106326747034029,13.151624625517174,198990400
2013-07-18,13.21467113494873,13.309856730261238,13.179474057280324,13.264253197617869,218878800
2013-07-19,13.006245613098145,13.28262195961596,12.987881274664968,13.255688413863162,268721600
2013-07-22,13.04786777496338,13.153154180359456,13.022158522453818,13.14427849347724,207796400
2013-07-23,12.823830604553224,13.06776410379105,12.815260579950976,13.038381979580164,369395600
2013-07-24,13.482478141784668,13.607352331956484,13.321793912366244,13.434119550808267,591936800
2013-07-25,13.420963287353516,13.509722621313417,13.338631880445307,13.48829837722785,229493600
2013-07-26,13.497175216674805,13.49870516969033,13.293641611371514,13.323023737899936,200152400
2013-07-29,13.705294609069824,13.772628863384009,13.472991104772976,13.49135462082125,248057600
2013-07-30,13.874552726745604,13.991775559934432,13.749371196285686,13.771714066073848,309422400
2013-07-31,13.850371360778809,13.997588449562048,13.755491405907197,13.92566432431206,322957600
2013-08-01,13.977388381958008,13.981061249284805,13.87271411499166,13.94892570338146,206250800
2013-08-02,14.156740188598633,14.166228836184308,13.976774624570576,14.01809314888939,274783600
2013-08-05,14.368230819702148,14.405570811721178,14.144803829285008,14.22254371811468,318855600
2013-08-06,14.239686012268066,14.442913086399315,14.145417392058324,14.324465983908008,334857600
2013-08-07,14.231423377990724,14.293249163867255,14.133176215186817,14.19530766471497,298858000
2013-08-08,14.203083992004396,14.298282760419385,14.108808269426367,14.290888521575694,255777200
2013-08-09,14.000971794128418,14.186132073219488,13.97632598775258,14.13005994320532,266865200
2013-08-12,14.398715019226074,14.438456986144852,14.068138001610514,14.075224556695352,364434000
2013-08-13,15.08297061920166,15.23978631558516,14.419967386309182,14.509005886852613,881941200
2013-08-14,15.35809326171875,15.535242309978404,15.200969858197158,15.3389923078313,756372400
2013-08-15,15.339920043945312,15.478251863066836,15.067879861369075,15.2940162042128,490294000
2013-08-16,15.47609519958496,15.49488847787452,15.369189713366628,15.408931688835548,362306000
2013-08-19,15.642762184143066,15.827613119769625,15.527537825487046,15.53801216887137,510518400
2013-08-20,15.437267303466797,15.729949983691649,15.429565387464612,15.703454800315622,358688400
2013-08-21,15.47701358795166,15.624585680699612,15.441274782883331,15.514907811032026,335879600
2013-08-22,15.495492935180664,15.576520174826598,15.348843931354924,15.557726909764748,244207600
2013-08-23,15.435731887817385,15.507515543514458,15.384281559733411,15.505050798024538,222731600
2013-08-26,15.495810508728027,15.718557381847814,15.419712717476871,15.427414636630314,330965600
2013-08-27,15.052781105041504,15.481638628607936,14.98222981631382,15.342689824256988,424188800
2013-08-28,15.123943328857422,15.274906473807992,14.972981829263794,14.972981829263794,307608000
2013-08-29,15.148595809936523,15.296477250474142,15.131034909439649,15.147055755325349,239657600
2013-08-30,15.010573387145996,15.187105438086366,14.988390677405402,15.157837818974537,272297200
2013-09-03,15.052471160888672,15.422790095942274,15.014576935592345,15.191725980825051,331928800
2013-09-04,15.363946914672852,15.47331876410424,15.289698511901188,15.39075143378718,345032800
2013-09-05,15.258583068847656,15.42525944648361,15.208365107309003,15.412011026500345,236367600
2013-09-06,15.349468231201172,15.385205397287248,15.094681323155088,15.356247104326156,359525600
2013-09-09,15.59439468383789,15.648309755094813,15.511519676997684,15.558348193936258,340687200
2013-09-10,15.239173889160156,15.633832657329627,15.080818090894056,15.595321417000712,743195600
2013-09-11,14.40949821472168,14.593732187239349,14.320152010530858,14.387930868315776,898696400
2013-09-12,14.562923431396484,14.646413801963622,14.357120482400402,14.433835271192804,404051200
2013-09-13,14.32292366027832,14.53642688617268,14.31676344204828,14.459713741205404,298835600
2013-09-16,13.867572784423828,14.221563213186824,13.778228229485254,14.202771585740672,543706800
2013-09-17,14.027780532836914,14.163030585569382,13.78685737835699,13.801028844691762,399380800
2013-09-18,14.31614589691162,14.367596221922296,14.192294911477388,14.269932744414826,456862000
2013-09-19,14.550909996032717,14.659664848987957,14.456943618044368,14.5016167248341,404541200
2013-09-20,14.400251388549805,14.743458083092866,14.356810668915085,14.726514195099597,699302800
2013-09-23,15.115939140319824,15.309109050716376,14.86823714522124,15.284153913019855,762106800
2013-09-24,15.06849193572998,15.26474193361539,15.029057656129732,15.24656567097326,364344400
2013-09-25,14.835271835327148,15.085129239164276,14.832191726144876,15.071574784333317,316957200
2013-09-26,14.979766845703123,15.051858197691438,14.908290857531853,14.97298961692668,237221600
2013-09-27,14.87285614013672,14.932008377596826,14.810314466800898,14.904588499505182,228040400
2013-09-30,14.688007354736328,14.83927658385318,14.615914372117969,14.70341119130911,260156400
2013-10-01,15.033366203308104,15.06972036443534,14.738218788448377,14.740375851369295,353883600
2013-10-02,15.082664489746094,15.151675718057191,14.903667696080015,14.961587569694382,289184000
2013-10-03,14.893190383911133,15.168619909029047,14.810932389916312,15.111930767830152,322753200
2013-10-04,14.881482124328612,14.929850688533596,14.74499974854866,14.907052619831884,258868400
2013-10-07,15.026900291442873,15.177861825251908,14.952959578986803,14.990238439711725,312292400
2013-10-08,14.817095756530762,15.115938746674356,14.804772028932728,15.094371400699057,290917200
2013-10-09,14.991164207458496,15.028133747721286,14.735144917128247,14.93108726484355,301725200
2013-10-10,15.085129737854004,15.169544805600006,15.005027152177242,15.136889394830003,278602800
2013-10-11,15.182791709899902,15.214524071933893,14.947105785662892,15.003485600941165,267738800
2013-10-14,15.282305717468262,15.329751250960548,15.076196699436,15.090985174086738,261898000
2013-10-15,15.363635063171388,15.465920330068704,15.266280931378327,15.32758858073426,320073600
2013-10-16,15.438502311706545,15.48225071579667,15.380582445567134,15.428643331026258,251101200
2013-10-17,15.542943954467772,15.55157056308782,15.394447162330348,15.40368913460172,253593200
2013-10-18,15.678200721740724,15.689599762412096,15.580229521143696,15.58885613347626,290542000
2013-10-21,16.062381744384766,16.15295868608027,15.759224587120508,15.76692650654061,398106800
2013-10-22,16.0164737701416,16.280811961891125,15.65169966896532,16.217962598038643,534063600
2013-10-23,16.17328643798828,16.195161461139463,15.98966622673225,15.98966622673225,313723200
2013-10-24,16.387414932250977,16.404668155937344,16.09596609337427,16.174527000426817,384764800
2013-10-25,16.204099655151367,16.42807724026355,16.17791214463071,16.369232673396198,337792000
2013-10-28,16.324867248535156,16.359373683263804,16.119373630732124,16.29898742248867,550440800
2013-10-29,15.918195724487305,16.613546924438236,15.85226624136078,16.521737610014053,635807200
2013-10-30,16.17144012451172,16.25215806209386,15.928667657426953,16.008462549573412,354163600
2013-10-31,16.103652954101562,16.251226632968553,16.059596885763128,16.17451352682084,275696400
2013-11-01,16.021406173706055,16.168362946373694,15.892317986187445,16.144332496456425,274890000
2013-11-04,16.228435516357422,16.230592579783895,15.98381530979464,16.054366585663196,244627600
2013-11-05,16.188383102416992,16.29436549511059,16.112902341315678,16.161580233788317,265213200
2013-11-06,16.142526626586914,16.264621604390538,16.058237649094316,16.242618856442057,223375600
2013-11-07,15.88129425048828,16.21287131932138,15.877886678928448,16.101004005291774,262620400
2013-11-08,16.131364822387695,16.14902824818726,15.884386339374666,15.946053590582704,279316800
2013-11-11,16.08457374572754,16.16576295366037,15.94078719177874,16.113702761358542,227452400
2013-11-12,16.114320755004883,16.23548559080702,16.02104536251114,16.041806878432325,204276800
2013-11-13,16.13353729248047,16.183738965076902,16.019808178587578,16.052036944069975,197220800
2013-11-14,16.366884231567383,16.401590485653273,16.171965858875186,16.201094883631555,282419200
2013-11-15,16.268646240234375,16.395697807872107,16.253152469539774,16.31791782121276,317920400
2013-11-18,16.071561813354492,16.336824427870578,16.05823769720076,16.26864983579047,244944000
2013-11-19,16.100065231323242,16.218750934384772,16.051103137966546,16.08395085231313,208938800
2013-11-20,15.959068298339844,16.12702723827401,15.938306780707473,16.09014968567121,193916800
2013-11-21,16.149343490600586,16.151513148568228,15.917860348533482,16.03964419358676,262026800
2013-11-22,16.107812881469727,16.18094571933897,16.06845784900694,16.099135907743804,223725600
2013-11-25,16.229907989501953,16.295912900207885,16.145000085287933,16.14561904165039,229311600
2013-11-26,16.529254913330078,16.61416446621183,16.237964802958643,16.24168185078487,401382800
2013-11-27,16.918474197387695,16.919713765228483,16.529258170199252,16.61943548939371,363448400
2013-11-29,17.23177719116211,17.30181032597445,16.97581209921914,17.027562840660686,318127600
2013-12-02,17.081787109375,17.48773488520681,17.069081950706067,17.29157862151087,472544800
2013-12-03,17.549406051635742,17.551266231590873,17.28166591538903,17.30087839679395,450968000
2013-12-04,17.50849151611328,17.638333323559724,17.3789591868201,17.523985283337122,377809600
2013-12-05,17.598363876342773,17.82272072174652,17.55219203657529,17.745559681661955,447580000
2013-12-06,17.354171752929688,17.562725321078723,17.340228683251343,17.532975692528233,344352400
2013-12-09,17.552812576293945,17.650425669910113,17.381446006752842,17.381446006752842,320493600
2013-12-10,17.52553939819336,17.597743816664867,17.390739281451253,17.464492746100518,278269600
2013-12-11,17.39570426940918,17.693505202131536,17.34395518433107,17.570480105791667,359718800
2013-12-12,17.370281219482422,17.519026010214382,17.35447797500992,17.419863919701935,262290000
2013-12-13,17.180946350097656,17.44279967582816,17.157396216266637,17.441869586213752,332822000
2013-12-16,17.276079177856445,17.4353611515259,17.198919808970885,17.199229287167945,282592800
2013-12-17,17.19829750061035,17.3361956757306,17.148405317261616,17.223707809534506,229902400
2013-12-18,17.067529678344727,17.08860233308485,16.6965976650825,17.034372477550072,565863200
2013-12-19,16.871990203857422,17.04366620194732,16.849368505880957,17.028172432362446,320308800
2013-12-20,17.0132999420166,17.093560724557424,16.883148618813976,16.902051616075273,436413600
2013-12-23,17.666221618652344,17.685743565490302,17.439076253659422,17.601454630732416,501306400
2013-12-24,17.591236114501953,17.721696913140047,17.540413830277963,17.660029650944782,167554800
2013-12-26,17.47441291809082,17.647949155094313,17.45829853159,17.604564268361337,204008000
2013-12-27,17.356338500976562,17.49020849708562,17.338056119384067,17.47192611549313,225884400
2013-12-30,17.183731079101562,17.356337136919475,17.115556518756478,17.27483846662298,253629600
2013-12-31,17.385160446166992,17.393216809517696,17.167620431097077,17.17288983555654,223084400
2014-01-02,17.140668869018555,17.261524304035053,17.1062720875793,17.219690112290372,234684800
2014-01-03,16.76415252685547,17.158325179571857,16.74710805490898,17.132295909276262,392467600
2014-01-06,16.855566024780273,16.94450211406869,16.53545468905367,16.654761015498188,412610800
2014-01-07,16.73501968383789,16.918470721695392,16.669324256736235,16.867650105627337,317209200
2014-01-08,16.841005325317383,16.90608016083291,16.693190569616743,16.69690761853635,258529600
2014-01-09,16.625947952270508,16.946368890942075,16.589690995447498,16.94450871112333,279148800
2014-01-10,16.515010833740234,16.758580223347437,16.458301822669874,16.728521104452003,304976000
2014-01-13,16.60146141052246,16.81125287412468,16.420178350280885,16.421108439836715,378492800
2014-01-14,16.93180274963379,16.942338250531037,16.661272402528937,16.67862635515359,332561600
2014-01-15,17.271739959716797,17.35974760719448,17.09510570842316,17.15274477620218,391638800
2014-01-16,17.175373077392578,17.255943350016796,17.095731239632833,17.19551564554863,229278000
2014-01-17,16.754549026489258,17.107817669630506,16.730687753666196,17.08953528088891,426739600
2014-01-21,17.01485252380371,17.04584007062926,16.746801306956854,16.76446473823591,328526800
2014-01-22,17.090463638305664,17.269575423022378,16.975806080053488,17.071870118192457,379985200
2014-01-23,17.235177993774414,17.24509453745605,16.882839489646738,17.041810356874198,403239200
2014-01-24,16.92188262939453,17.217821576431092,16.880976892566213,17.167619908714535,429354800
2014-01-27,17.059162139892578,17.19241320915802,16.911968000199376,17.04583802594434,554878800
2014-01-28,15.69566822052002,15.959068918141732,15.55838733442935,15.765701315439896,1065523200
2014-01-29,15.517483711242676,15.722628041011234,15.451478795794904,15.616647478479718,502810000
2014-01-30,15.487427711486816,15.695671829932287,15.391984283410292,15.572956250319066,678501600
2014-01-31,15.512837409973145,15.54165695168824,15.294368932729192,15.34488008655292,464797200
2014-02-03,15.541653633117676,15.733783318538691,15.47255062936418,15.575121961339612,401464000
2014-02-04,15.766629219055176,15.787392391758234,15.579768939545414,15.675523475606802,376681200
2014-02-05,15.884387969970703,15.967746836777453,15.687920608814109,15.697527673115824,328344800
2014-02-06,15.976980209350586,16.007843579664744,15.830461611450708,15.900604272725165,257765200
2014-02-07,16.20049476623535,16.301810447241483,16.128795462674262,16.253490917049373,370280400
2014-02-10,16.490724563598633,16.584246984663434,16.14812257025691,16.168697036727497,345559200
2014-02-11,16.708005905151367,16.763805687757472,16.506619901344237,16.541224224099576,282256800
2014-02-12,16.706754684448242,16.82022887582633,16.623209856290963,16.738865027021514,308100800
2014-02-13,16.972057342529297,16.985149886346694,16.65314634992324,16.66748588195519,307398000
2014-02-14,16.958335876464844,17.0203739456347,16.871674372707805,16.91095199737182,272924400
2014-02-18,17.02068519592285,17.18278864041994,17.008837977552755,17.020996526703517,260251600
2014-02-19,16.751962661743164,17.048739101248124,16.657817579328203,16.982026085801955,313768000
2014-02-20,16.558053970336914,16.740422122892358,16.491029649450496,16.615413723118962,305858000
2014-02-21,16.374135971069336,16.664677512183154,16.353872832524377,16.609187379268565,278784800
2014-02-24,16.445837020874023,16.51972065059854,16.285916205676894,16.30867332259754,288909600
2014-02-25,16.27469825744629,16.508814104312165,16.241653894736636,16.502892157609313,231952000
2014-02-26,16.12786102294922,16.366342054743203,16.073306549433408,16.32301047264494,276217200
2014-02-27,16.4495792388916,16.484181909625022,16.087336691827637,16.121316700953365,301882000
2014-02-28,16.404996871948242,16.607939557645736,16.27655879364591,16.493529675851008,371968800
2014-03-03,16.452383041381836,16.542475841268228,16.298071193374476,16.317087343729327,238781200
2014-03-04,16.560869216918945,16.60451380002712,16.452695913738687,16.55338895325673,259140000
2014-03-05,16.595779418945312,16.67028401919585,16.495086412582264,16.550889527399754,200062800
2014-03-06,16.545591354370117,16.660623905878516,16.46298048792952,16.609186071748148,185488800
2014-03-07,16.535926818847656,16.58393501534391,16.399072825222024,16.55618995380243,220729600
2014-03-10,16.550888061523438,16.62601698139411,16.470458195837313,16.471082522056154,178584000
2014-03-11,16.71206283569336,16.7946737157799,16.602953874843873,16.6921126910727,279224400
2014-03-12,16.728267669677734,16.751336108677172,16.584556089536886,16.66280331561473,199326400
2014-03-13,16.54247283935547,16.823349753371236,16.49602296204651,16.75414443079135,257742800
2014-03-14,16.356679916381836,16.54995806083201,16.30399508985524,16.484492023585087,237199200
2014-03-17,16.420581817626953,16.521273159152408,16.392836757995312,16.450509521913688,199544800
2014-03-18,16.565853118896484,16.583622278599712,16.37257500700036,16.394396460783764,209647200
2014-03-19,16.56148338317871,16.716729142817467,16.491029431818973,16.59265806627364,224756000
2014-03-20,16.4816837310791,16.605445185970144,16.439599142560116,16.518780368525896,208398400
2014-03-21,16.611675262451172,16.639108988067665,16.407798628664032,16.582371887977576,374046400
2014-03-24,16.808696746826172,16.849534341622945,16.679947359634728,16.784692652008612,355700800
2014-03-25,16.989511489868164,17.013204263123743,16.8211714306881,16.880715527061216,282293200
2014-03-26,16.82708740234375,17.114512194065732,16.798408354711942,17.037200633931153,299768000
2014-03-27,16.754770278930664,16.88071440032812,16.681823979239603,16.834575844962643,222031600
2014-03-28,16.736066818237305,16.800908533740532,16.65470292683724,16.781581050872095,200564000
2014-03-31,16.73232650756836,16.85920462393481,16.70707375173839,16.809949430024623,168669200
2014-04-01,16.885395050048828,16.89225431870256,16.733265794586853,16.764127508915546,200760000
2014-04-02,16.91343879699707,16.9424308394558,16.842050845430066,16.90813951646726,180420800
2014-04-03,16.796228408813477,16.91188360450377,16.76037876107928,16.877280944469984,162344000
2014-04-04,16.578948974609375,16.83395220038445,16.540294010445777,16.828030255878897,275251200
2014-04-07,16.31864356994629,16.55026697764408,16.26939004867511,16.460485520045687,289850400
2014-04-08,16.317716598510742,16.401263152995092,16.169950976509657,16.37227109010819,243888400
2014-04-09,16.532188415527344,16.537487698129297,16.273444241383523,16.292771722290233,206169600
2014-04-10,16.31895637512207,16.592040043296514,16.30929180347379,16.54340751919351,239652000
2014-04-11,16.19830894470215,16.29868893860757,16.121308717177797,16.17929113715597,271717600
2014-04-14,16.262849807739258,16.277812002160477,16.12350178160578,16.269707410812696,205674000
2014-04-15,16.146865844726562,16.261585324548992,15.94018231784827,16.21887809881531,266490000
2014-04-16,16.179609298706055,16.244451002899066,16.027791439470256,16.149681589907594,214765600
2014-04-17,16.36446762084961,16.452379421093223,16.185529048423593,16.210468802374987,284334400
2014-04-21,16.558687210083008,16.5889245882741,16.333921366966134,16.376941620928136,182548800
2014-04-22,16.57520866394043,16.579260958583937,16.41310355923666,16.469527683214924,202563200
2014-04-23,16.35854148864746,16.557431813300376,16.349188250875933,16.492901465129417,394940000
2014-04-24,17.69964599609375,17.769164295278973,17.480181207395237,17.713362857550475,759911600
2014-04-25,17.82965087890625,17.83120753282003,17.580882599649623,17.59865009758317,390275200
2014-04-28,18.52014923095703,18.57189838655432,17.848660525595804,17.856455447144768,669485600
2014-04-29,18.46527862548828,18.579064149288527,18.377368507510017,18.509234516912294,337377600
2014-04-30,18.39545440673828,18.68662023514853,18.3864141612768,18.474948631470298,456640800
2014-05-01,18.438783645629883,18.54228028229236,18.279172569351733,18.45499281887119,244048000
2014-05-02,18.473079681396484,18.523583526915697,18.383611207542614,18.46559941840265,191514400
2014-05-05,18.734317779541016,18.735566432385124,18.392651399113177,18.39701668945618,287067200
2014-05-06,18.530122756958008,18.84186130850449,18.530122756958008,18.760497454983017,374564400
2014-05-07,18.46527862548828,18.619901739650604,18.321878398383348,18.55630704452848,282864400
2014-05-08,18.43236923217773,18.633624449672173,18.382525869325068,18.44051908742316,230297200
2014-05-09,18.355567932128903,18.37782433779102,18.19224267932516,18.324219113411964,291597600
2014-05-12,18.58409309387207,18.61011135458024,18.413871958970663,18.41669460793495,213208800
2014-05-13,18.61324691772461,18.637698158227053,18.51732372184457,18.55807467323587,159737200
2014-05-14,18.6166934967041,18.727352716349312,18.549922616237076,18.57155287914693,166404000
2014-05-15,18.45838928222656,18.70227723982366,18.433938039952864,18.64271699366624,230846000
2014-05-16,18.730802536010746,18.731428675234724,18.35117633351387,18.45243007754161,276256400
2014-05-19,18.952747344970703,19.038640588971464,18.7251591277851,18.74146051199396,317755200
2014-05-20,18.956512451171875,19.009489866217308,18.83174665421681,18.950242686940264,234836000
2014-05-21,19.00666046142578,19.018885240628737,18.8734317974718,18.928917093602223,196859600
2014-05-22,19.036762237548828,19.11764135970008,18.937390240562497,19.01575978283164,200760000
2014-05-23,19.251808166503903,19.270617456613355,19.011682089031883,19.036133329089605,232209600
2014-05-27,19.61231231689453,19.619521289249715,19.298830840438697,19.306667626224723,348866000
2014-05-28,19.5615234375,19.743969325634563,19.554312792683245,19.6245324526668,315481600
2014-05-29,19.917953491210938,19.964662806145306,19.67939445457089,19.681902359724,376474000
2014-05-30,19.84334754943848,20.193505047498213,19.71481991042042,19.99946047337012,564020800
2014-06-02,19.70697784423828,19.90070929682737,19.514187274453555,19.873437088850423,369350800
2014-06-03,19.98567008972168,20.02328867611636,19.69444664860283,19.701029482679548,292709200
2014-06-04,20.213882446289062,20.310122064451768,19.940840512466774,19.982534022960365,335482000
2014-06-05,20.29319190979004,20.35651568374856,20.144602700983075,20.257142025466624,303805600
2014-06-06,20.237388610839844,20.41576126027132,20.20290742853309,20.37312687550613,349938400
2014-06-09,20.561220169067383,20.600718845969823,20.133319231098685,20.34178344720255,301660000
2014-06-10,20.68190193176269,20.857451901646684,20.53268495961188,20.78723224852681,251108000
2014-06-11,20.59632873535156,20.793822099604487,20.51074855653682,20.655575907542865,182724000
2014-06-12,20.25181198120117,20.653381518963936,20.166231807470623,20.63582618225791,218996000
2014-06-13,20.03017807006836,20.284725399436336,19.942403071177026,20.232059395600224,218100000
2014-06-16,20.23206329345703,20.352754149455706,20.067485766642022,20.08065310722227,142244000
2014-06-17,20.20572662353516,20.34177627163141,20.144284630953788,20.25619611422611,118904000
2014-06-18,20.22766876220703,20.25180692560978,20.04553595622941,20.24741725544457,134056000
2014-06-19,20.15744972229004,20.254002378847847,20.043341732872868,20.251807543698256,142112000
2014-06-20,19.948989868164062,20.308865898193613,19.946795032543296,20.155259213951847,403592000
2014-06-23,19.931434631347656,20.1047898145373,19.88096345683156,20.03895813893701,174776000
2014-06-24,19.81074333190918,20.13112068590116,19.790994834181333,19.91387884004976,156144000
2014-06-25,19.82829475402832,19.902902407386534,19.672494941866727,19.79537892347729,147476000
2014-06-26,19.946800231933597,19.979716078148844,19.705420149970905,19.830499026253264,130516000
2014-06-27,20.18378448486328,20.18817248137712,19.91826465613312,19.929237158670965,256116000
2014-06-30,20.39224624633789,20.56779622132652,20.207918605182964,20.210113440266696,197929200
2014-07-01,20.521717071533203,20.642407912228293,20.43613690237449,20.521717071533203,152892000
2014-07-02,20.512943267822266,20.640215280307043,20.42736141535769,20.598523446117696,113860000
2014-07-03,20.633638381958008,20.648998888270896,20.45150546841259,20.554641014014685,91567200
2014-07-07,21.059345245361328,21.0637332437434,20.648997918601584,20.65777558953527,225872000
2014-07-08,20.923288345336918,21.24147255472823,20.609493807340844,21.125169701121614,260888000
2014-07-09,20.93206024169922,21.05494422017381,20.793815765915305,20.94303274299244,145744000
2014-07-10,20.85526466369629,20.96717785211882,20.521719934248136,20.574385948899444,158744000
2014-07-11,20.894758224487305,21.041780379197355,20.81576089601081,20.925479221764963,136072000
2014-07-14,21.16466522216797,21.261217888460923,20.989116898380345,21.035198396155927,171240000
2014-07-15,20.91670799255371,21.252445904827898,20.853071143129885,21.241475073377156,181911600
2014-07-16,20.7982120513916,21.30730517476752,20.78943438169227,21.27877900387168,213585200
2014-07-17,20.4273681640625,20.9079352272346,20.313261780027005,20.85307603460471,229192000
2014-07-18,20.721406936645508,20.78943177557623,20.41200039666557,20.54366375148118,199952000
2014-07-21,20.61387825012207,20.846480549998603,20.56560192203403,20.844285714857687,156316000
2014-07-22,20.78504180908203,20.82234564146652,20.65338014090981,20.77626414131469,220788000
2014-07-23,21.327054977416992,21.47846517311874,20.883791873278643,20.93865105231373,371672000
2014-07-24,21.291942596435547,21.35557943992729,21.158086076361396,21.29413743218882,182916000
2014-07-25,21.43238067626953,21.46968451101316,21.206361158015845,21.25244266108192,173876000
2014-07-28,21.72862243652344,21.776898780921467,21.40605187691425,21.465299052385948,221272000
2014-07-29,21.588178634643555,21.82078263942914,21.55965247071644,21.79664447219508,172572000
2014-07-30,21.53771209716797,21.658401275746304,21.432381746209348,21.601348940055804,132040000
2014-07-31,20.97814178466797,21.384099220975227,20.918894630378897,21.320464070659373,227372000
2014-08-01,21.09444808959961,21.20197327148346,20.804791730124716,20.824541902495465,194044000
2014-08-04,20.9759578704834,21.193201455709115,20.883794838419497,21.147119939677165,159832000
2014-08-05,20.87281608581543,20.995700081941607,20.706043752380697,20.925480416416807,223732000
2014-08-06,20.83771133422852,20.951819369470467,20.78285215263856,20.79162982259328,154232000
2014-08-07,20.835506439208984,21.159681501117028,20.75170464092941,20.934743462701707,186844000
2014-08-08,20.89283561706543,20.91047827215281,20.570864732953574,20.786983051533525,167460000
2014-08-11,21.16849708557129,21.18834549438019,20.91488937132257,21.00971654508526,146340000
2014-08-12,21.164100646972656,21.364780519638614,21.08471032652314,21.17953756025465,135180000
2014-08-13,21.44415855407715,21.44415855407715,21.17952542586004,21.203783658904523,127664000
2014-08-14,21.50149154663086,21.516928447620906,21.347122536730375,21.46400217029732,112464000
2014-08-15,21.607349395751957,21.653660106463597,21.36035725612689,21.589706739529525,195804000
2014-08-18,21.867576599121094,21.91388731811924,21.60735326201489,21.719821429940414,190288000
2014-08-19,22.16970443725586,22.20278401085829,21.90286545985767,21.92271387701793,277596000
2014-08-20,22.178524017333984,22.29319795660193,22.04179590907497,22.149855953141216,210796000
2014-08-21,22.18072509765625,22.26011537830676,22.077076582223828,22.17851934472248,133912000
2014-08-22,22.34391593933105,22.3769955040281,22.094719692606866,22.11677217490605,176736000
2014-08-25,22.392433166503903,22.53136532393001,22.33509536459141,22.447565215362985,161080000
2014-08-26,22.24908447265625,22.38360677605787,22.24246889748834,22.365964120612624,132608000
2014-08-27,22.52254676818848,22.61957972453038,22.20719134257412,22.277760306505456,209476000
2014-08-28,22.54900932312012,22.665889004446356,22.39684432082921,22.40345989788591,273840000
2014-08-29,22.604137420654297,22.69234902513662,22.53797829666845,22.683527696438748,178380000
2014-09-02,22.780563354492188,22.877594616782265,22.652656596818208,22.72763537597402,214256000
2014-09-03,21.81906509399414,22.758514206093736,21.739674791211502,22.73646171809789,501684000
2014-09-04,21.63822364807129,22.072662709636518,21.56544895152876,21.799208262548145,342872000
2014-09-05,21.82567596435547,21.91829740345782,21.68012654648324,21.788186574599276,233828000
2014-09-08,21.69115257263184,21.900653676942397,21.622789373171944,21.89844960647349,185426800
2014-09-09,21.609554290771484,22.73204351894973,21.201577524408627,21.84993086411269,759385200
2014-09-10,22.273351669311523,22.297609909689733,21.55884066111789,21.61397271970529,403478400
2014-09-11,22.36817169189453,22.37037744462859,21.969016254344275,22.14323370541499,249412400
2014-09-12,22.41889762878418,22.535777305632607,22.29099086893257,22.31965892924553,250504400
2014-09-15,22.412281036376957,22.72543236852074,22.370381821210763,22.67250438752656,245266000
2014-09-16,22.24247169494629,22.33068330077077,21.8080309243203,22.0087123696334,267632400
2014-09-17,22.40125274658203,22.449769214988123,22.18292863875461,22.33288786723868,243706000
2014-09-18,22.44756317138672,22.571058411187213,22.3968409507564,22.47843698133684,149197600
2014-09-19,22.2645263671875,22.571060423663752,22.16308359937849,22.557829270361545,283609600
2014-09-22,22.28657913208008,22.524749989511932,22.180726539330337,22.449771209855587,211153600
2014-09-23,22.635013580322266,22.701172711178238,22.171904711820257,22.18513586499281,253608800
2014-09-24,22.438735961914062,22.68131655473285,22.31744482425666,22.52915329771249,240687200
2014-09-25,21.58309936523437,22.20939875664556,21.5500197928718,22.165293781826747,400368000
2014-09-26,22.21821594238281,22.21821594238281,21.69997501372482,21.728643073758143,249482000
2014-09-29,22.077072143554688,22.149846833268818,21.75068975733435,21.75510126231494,199065200
2014-09-30,22.21821594238281,22.39243342065444,22.169699469636708,22.231447095860247,221056400
2014-10-01,21.871984481811523,22.20498249743476,21.766130217425918,22.182928333919435,205965200
2014-10-02,22.03076934814453,22.101338310711792,21.620586727442085,21.891835493795675,191031200
2014-10-03,21.96901512145996,22.099125923621827,21.84110838942213,21.92931998677568,173878400
2014-10-06,21.96901512145996,22.196158848960355,21.92490848153505,22.04178813296758,148204800
2014-10-07,21.777158737182617,22.079282962830145,21.772748913686232,21.927117973508143,168376800
2014-10-08,22.22924041748047,22.297603612422776,21.68012405763304,21.77936274456162,229618800
2014-10-09,22.27775382995605,22.577672260096705,22.18733815987489,22.39242941456671,309506000
2014-10-10,22.21380424499512,22.500489868636368,22.118977060580004,22.204982915922027,265326400
2014-10-13,22.010915756225582,22.44535651335618,22.010915756225582,22.3461195114466,214333600
2014-10-14,21.777158737182617,22.167492892730337,21.7374635957289,22.13882483376243,254754400
2014-10-15,21.51032066345215,21.86537119730449,20.989873980879647,21.60514785601824,403734400
2014-10-16,21.228042602539062,21.550013536229585,21.0405939902359,21.071467800144823,288618000
2014-10-17,21.538990020751957,21.832292945946204,21.349335624197533,21.501500628583383,272718800
2014-10-20,21.99989128112793,22.043996243273757,21.660277688616443,21.68233016968935,310069200
2014-10-21,22.597524642944336,22.718814141942115,22.33288979672836,22.718814141942115,378495600
2014-10-22,22.71219825744629,22.95919044073484,22.62619239627815,22.67911869180548,273052400
2014-10-23,23.11797142028809,23.166487893089837,22.853336572959464,22.952575271643934,284298800
2014-10-24,23.203981399536133,23.26352328331267,23.05181637738942,23.19516006814388,188215600
2014-10-27,23.179712295532227,23.261308310797435,23.08929495300893,23.122374509602725,136750800
2014-10-28,23.539175033569336,23.539175033569336,23.232641029594102,23.24366811045504,192243600
2014-10-29,23.67149353027344,23.678110788829787,23.45537686066677,23.51933023340651,210751600
2014-10-30,23.592103958129883,23.673698302818437,23.35393313485741,23.587692452608326,162619200
2014-10-31,23.81704330444336,23.82586463349273,23.642825841335355,23.819249057329824,178557200
2014-11-03,24.12578392028809,24.32425962447853,23.819249875898173,23.86556059312652,209130400
2014-11-04,23.949357986450195,24.14562791545477,23.75529381015813,24.11695986017755,166297600
2014-11-05,24.00669479370117,24.103727719110864,23.845708502225666,24.059621079153604,149743600
2014-11-06,24.07536125183105,24.095295732855188,23.87602658034416,24.05321314275389,139874000
2014-11-07,24.144020080566406,24.212679718516515,24.042137437552874,24.086433651109285,134766000
2014-11-10,24.10414695739746,24.21488915418073,24.06870864332674,24.14622784311667,108782000
2014-11-11,24.29684066772461,24.307915564855488,24.008911930034355,24.075356243443466,109769200
2014-11-12,24.6401424407959,24.680009705145725,24.2237523274249,24.225965955038948,187769600
2014-11-13,24.987873077392575,25.127407658584712,24.71766180510348,24.761959704539777,238091600
2014-11-14,25.28908920288086,25.291304520052652,24.631280255584667,25.0609605381508,176254400
2014-11-17,25.247011184692383,25.975695204945072,25.09418806807948,25.30902655836628,186986800
2014-11-18,25.57480812072754,25.623534967062756,25.224862305949312,25.235937203677185,176896000
2014-11-19,25.397619247436523,25.634607520550304,25.20492887431117,25.56816320525581,167476800
2014-11-20,25.76084899902344,25.882666090096777,25.43748199065543,25.45077220318549,173582000
2014-11-21,25.796293258666992,26.03992580717829,25.6988395633456,26.02663728137708,228717200
2014-11-24,26.274696350097656,26.305704033966634,25.82951387892503,25.88045434965605,189803200
2014-11-25,26.046571731567383,26.52276365072891,26.01334872515289,26.372154152803223,275361600
2014-11-26,26.356645584106445,26.37879368781536,26.09750922214892,26.12187264316633,163073200
2014-11-28,26.341142654418945,26.445240604225752,26.14623696932436,26.41644654759456,99257600
2014-12-01,25.4862117767334,26.412016706663472,24.644570316872606,26.31456302252599,335256000
2014-12-02,25.388765335083008,25.636828561018152,24.972375120991764,25.13848848099836,237395600
2014-12-03,25.676692962646484,25.769716028293807,25.49507577694787,25.636825693113018,172253600
2014-12-04,25.579235076904297,25.957973230615348,25.53493886902156,25.641250443856936,168178000
2014-12-05,25.47071075439453,25.709914356594624,25.39097622032784,25.689979878181852,153275600
2014-12-08,24.89484977722168,25.393189734858176,24.72209219560776,25.27137262485243,230659600
2014-12-09,25.27580451965332,25.315671785843318,24.21932281051452,24.405370615998542,240832000
2014-12-10,24.795185089111328,25.4374903731938,24.704377337489277,25.340038358013103,178261200
2014-12-11,24.72208976745605,25.20492583546796,24.660072714949365,24.863839650744698,165606800
2014-12-12,24.30348777770996,24.77746433306875,24.270264774526616,24.465170468854296,224112400
2014-12-15,23.971263885498047,24.7176654353578,23.554872018602328,24.518329083098397,268872400
2014-12-16,23.64346694946289,24.398729796138586,23.53494003332853,23.5593034599821,243162800
2014-12-17,24.232608795166016,24.32784546410145,23.658963325680624,23.72540932099431,213647200
2014-12-18,24.95022201538086,24.95022201538086,24.509468461553546,24.777464425930564,236024800
2014-12-19,24.757532119750977,25.08089922140936,24.730955066607077,24.86384540170346,353719200
2014-12-22,25.01445960998535,25.136275069353,24.79961937771687,24.84170197284361,180670000
2014-12-23,24.925853729248047,25.100826602059616,24.908134572301904,25.078678500772845,104113600
2014-12-24,24.808467864990234,24.96350626749769,24.808467864990234,24.934713904115405,57918400
2014-12-26,25.247011184692383,25.36439766911686,24.808472933831425,24.828405722601374,134884000
2014-12-29,25.22929000854492,25.41976504694662,25.18277679532781,25.202711270962567,110395600
2014-12-30,24.921430587768555,25.231509168384218,24.83062283825381,25.169493790219548,119526000
2014-12-31,24.447452545166016,25.05653477176595,24.40980059488997,24.987875134228197,165613600
2015-01-02,24.21489524841309,24.68222757163672,23.776355295274307,24.67115267325441,212818400
2015-01-05,23.53272247314453,24.064285483437537,23.346676348927705,23.98455094740397,257142000
2015-01-06,23.534942626953125,23.79407907741607,23.173921823005998,23.596958014435614,263188400
2015-01-07,23.86495590209961,23.96462325547204,23.63239649117367,23.743138745939792,160423600
2015-01-08,24.78189468383789,24.8394811133024,24.075358755914475,24.19274693245928,237458000
2015-01-09,24.808467864990234,25.083108045057088,24.409795273125567,24.954646688812712,214798000
2015-01-12,24.197175979614254,24.94579280663089,24.09750865378446,24.939148543547876,198603200
2015-01-13,24.412015914916992,24.983446191297645,24.12187183131408,24.68001189187252,268367600
2015-01-14,24.318988800048828,24.471811893300423,24.03105839224342,24.15066017595681,195826400
2015-01-15,23.658966064453125,24.376575123869163,23.62352943536436,24.36328659918488,240056000
2015-01-16,23.475133895874023,23.82729501276512,23.300160996132067,23.70547790225108,314053200
2015-01-20,24.07979202270508,24.135163140605048,23.58809622538657,23.88488460623004,199599600
2015-01-21,24.263622283935547,24.59806258830847,23.98012076721873,24.130730261496435,194303600
2015-01-22,24.89484977722168,24.91035361942313,24.30127144897852,24.42087324158633,215185600
2015-01-23,25.0233154296875,25.19385772307352,24.702161943737742,24.872705926916115,185859200
2015-01-26,25.04989051818848,25.32896139344122,24.983446198227877,25.191640428521755,222460000
2015-01-27,24.17280387878418,24.912562549363784,24.148440463029686,24.89927233817575,382274800
2015-01-28,25.539369583129883,26.161741992686807,25.539369583129883,26.05321340320937,585908400
2015-01-29,26.33449935913086,26.398730047323408,25.59474047597541,25.76306911779753,337745600
2015-01-30,25.949127197265625,26.57814242352177,25.880465846945768,26.223767529166704,334982000
2015-02-02,26.274696350097656,26.39429814064602,25.709912088376672,26.146236669694197,250956400
2015-02-03,26.27912139892578,26.37657337474587,26.04877744643813,26.24589840475889,207662800
2015-02-04,26.48067283630371,26.691084018363664,26.20381735184991,26.245899926220257,280598800
2015-02-05,26.669687271118164,26.73417145961258,26.516259315856928,26.68747466730253,168984800
2015-02-06,26.445091247558597,26.73860434170476,26.33835844220527,26.687461150367447,174826400
2015-02-09,26.620763778686523,26.647445716847848,26.333921068225507,26.3606047028478,155559200
2015-02-10,27.13218879699707,27.16109649345701,26.718603465831738,26.720825829820143,248034000
2015-02-11,27.76813507080078,27.77702961636251,27.238922333336244,27.29895839530153,294247200
2015-02-12,28.119464874267575,28.346271568231803,27.92156588046305,28.030521105976927,297898000
2015-02-13,28.25731658935547,28.30178760762708,27.939343888977746,28.30178760762708,217088800
2015-02-17,28.424095153808597,28.65757232057261,28.22174804975162,28.34849236119064,252609600
2015-02-18,28.621997833251957,28.63533880571766,28.33960147534428,28.379626089202795,179566800
2015-02-19,28.561952590942383,28.690920945904036,28.53527065299236,28.56862307542989,149449600
2015-02-20,28.795433044433597,28.795433044433597,28.47301381634293,28.599756429130103,195793600
2015-02-23,29.57368278503418,29.57368278503418,28.831006151951826,28.911055353853747,283896400
2015-02-24,29.389122009277344,29.707096422877637,29.16676351327653,29.56033900121596,276912400
2015-02-25,28.637556076049805,29.26238644973757,28.495246740191888,29.253490207727708,298846800
2015-02-26,29.0,29.10006066310566,28.152814516558337,28.637554498809845,365150000
2015-02-27,28.564172744750977,29.033349288232397,28.51525360615699,28.90660332198763,248059200
2015-03-02,28.70426750183105,28.968874747744582,28.528605721266334,28.73984568797058,192386800
2015-03-03,28.76430892944336,28.799887120113127,28.481912554501967,28.67536684569195,151265200
2015-03-04,28.58196830749512,28.80877499266501,28.53305254493144,28.706491953319468,126665200
2015-03-05,28.10834503173828,28.628663222806804,27.963811635398883,28.59086267657589,226068400
2015-03-06,28.15060043334961,28.76653305294298,28.074999318245982,28.550844924088405,291368400
2015-03-09,28.270671844482425,28.81100499870233,27.808165556265017,28.453005825890624,354114000
2015-03-10,27.685867309570312,28.2884588586386,27.52799292112465,28.10834895145407,275426400
2015-03-11,27.18110466003418,27.74367143696153,27.152198663532047,27.73922501306153,275756000
2015-03-12,27.67252540588379,27.772587787665888,27.04547425993589,27.19667816658453,193450800
2015-03-13,27.48129272460937,27.883762858746906,27.2567118077468,27.661404305960183,207309200
2015-03-16,27.78369140625,27.78369140625,27.32118705701297,27.54576790043277,143497200
2015-03-17,28.24842643737793,28.310686551220204,27.939348231903164,27.994937861613888,204092400
2015-03-18,28.5664005279541,28.71982845602437,28.09944795575962,28.23953321847968,261083600
2015-03-19,28.35071182250977,28.739839239681466,28.328476309392133,28.62865997763241,183238000
2015-03-20,27.99494743347168,28.55084222418615,27.83040254827681,28.51748979212476,274780400
2015-03-23,28.28623962402344,28.42854900398659,28.13281163456313,28.266228162682506,150838800
2015-03-24,28.170604705810547,28.470786706839743,28.141697009126037,28.29067852409887,131369200
2015-03-25,27.43459701538086,28.19951096263978,27.43459701538086,28.13725084069286,206620800
2015-03-26,27.625825881958008,27.76813521878184,27.261157994289302,27.29673617672582,190291600
2015-03-27,27.40569305419922,27.728112293899432,27.33009195662695,27.69920629126201,158184800
2015-03-30,28.09944725036621,28.106117734643387,27.572456938477448,27.58357554324668,188398800
2015-03-31,27.66807174682617,28.12612977229969,27.65250671770215,28.037186021679155,168362400
2015-04-01,27.628049850463867,27.82150239978064,27.37233717855166,27.7547941561649,162485600
2015-04-02,27.86597442626953,27.919340005191067,27.614709866405345,27.801490240861305,128880400
2015-04-06,28.31735610961914,28.352934285772125,27.645834151109312,27.67696420701277,148776000
2015-04-07,28.01940155029297,28.488576533226613,28.01273106518156,28.38184537852191,140049200
2015-04-08,27.92823600769043,28.1061235419882,27.788150719542283,27.983825650100822,149316800
2015-04-09,28.141695022583008,28.146143143202508,27.7192151726219,27.98382066980979,129936000
2015-04-10,28.261768341064453,28.286227914663616,27.85262946715282,28.00605569663922,160752000
2015-04-13,28.2061824798584,28.588641163945205,28.1528169014454,28.544166738422263,145460400
2015-04-14,28.083881378173828,28.304015835014305,27.99716169225301,28.239531661503285,102098400
2015-04-15,28.190616607666016,28.26844176062561,28.01940127115491,28.108345030163488,115881600
2015-04-16,28.05498313903809,28.26177669740899,28.041642166388808,28.079442719869373,113476000
2015-04-17,27.739227294921875,28.048305523453024,27.674743116071788,27.917114801850463,207828000
2015-04-20,28.372949600219727,28.488575295536634,27.832618275676225,27.921562031706717,188217200
2015-04-21,28.21952438354492,28.50636542004473,28.166157110114217,28.48413160080693,129740400
2015-04-22,28.599756240844727,28.655345879560677,28.08833258253471,28.23731240714277,150618000
2015-04-23,28.83323097229004,28.99999987438444,28.493022683451223,28.528600863532645,183083600
2015-04-24,28.968870162963867,29.04669700871143,28.73539301864322,29.015566948996813,178103600
2015-04-27,29.495868682861328,29.60260326009858,29.162330763072063,29.420267568677325,387816800
2015-04-28,29.031129837036133,29.916115857851437,28.810997058474765,29.89833016079196,475696000
2015-04-29,28.60420227050781,29.26015928080993,28.528601181683197,28.942188199206495,253544400
2015-04-30,27.828170776367188,28.60420158242397,27.701426480269312,28.60420158242397,332781600
2015-05-01,28.67313003540039,28.93551484929317,27.861522807023945,28.0394086024176,234050400
2015-05-04,28.617544174194336,29.033356962148268,28.519705871146357,28.79543168947048,203953200
2015-05-05,27.97269821166992,28.561946842281053,27.968250091932884,28.495238617910434,197085600
2015-05-06,27.79703712463379,28.183940447483725,27.430145252889183,28.14169178875812,288564000
2015-05-07,27.968975067138672,28.1520706333886,27.692097515406704,27.859563034667516,175763600
2015-05-08,28.49593162536621,28.49593162536621,28.158767256911965,28.286040975612977,222201600
2015-05-11,28.20565223693848,28.48252801753162,28.05158345169496,28.444569584617025,168143200
2015-05-12,28.105180740356445,28.330699748396363,27.8707283299041,28.044892198904183,192640000
2015-05-13,28.13644027709961,28.399919425982123,28.105180183465016,28.1677003707342,138776800
2015-05-14,28.79290199279785,28.79290199279785,28.393219150803876,28.449040986155204,180814000
2015-05-15,28.752710342407227,28.913477492039792,28.6276699831584,28.81969722260317,152832000
2015-05-18,29.069786071777344,29.18812811681569,28.661169736097783,28.66563643791863,203531600
2015-05-19,29.042991638183597,29.223853873876013,28.946976291486887,29.181428725830614,178532800
2015-05-20,29.040754318237305,29.246178286398862,28.879987141920463,29.02735762139337,145819600
2015-05-21,29.33772850036621,29.391318697715725,28.989400735331884,29.0429909326814,158921600
2015-05-22,29.594501495361328,29.690516819846707,29.339954073068743,29.384614265161087,182384000
2015-05-26,28.942502975463867,29.677120208049125,28.830859309109396,29.60790168004444,282790400
2015-05-27,29.482858657836918,29.531982144843504,29.038519035042373,29.10327086404503,183332800
2015-05-28,29.424814224243164,29.46277267458474,29.272980422876845,29.44267762565604,122933200
2015-05-29,29.08987236022949,29.35111812101568,29.00502208665829,29.30199463706332,203538000
2015-06-01,29.14792823791504,29.337723842184424,29.038519620453748,29.089874755325265,128451200
2015-06-02,29.0184268951416,29.17472736620968,28.87552312058011,28.99609679623413,134670400
2015-06-03,29.054149627685547,29.237246894728884,29.00502613687366,29.174726707712782,123934000
2015-06-04,28.88445472717285,29.15686559498538,28.783976090673622,28.933578221833795,153800400
2015-06-05,28.725919723510746,28.95814050384929,28.66116788322297,28.91571535703196,142507200
2015-06-08,28.536121368408203,28.85095732045085,28.31953238640107,28.78173538640273,210699200
2015-06-09,28.45126724243164,28.598637677539948,28.049351126180333,28.29050011451236,224301600
2015-06-10,28.77727508544922,28.879985359644007,28.54728768135469,28.5629177278905,156349200
2015-06-11,28.71251678466797,29.067542819658165,28.68795504222306,28.844255490920546,141563600
2015-06-12,28.395450592041016,28.65446472389824,28.38205389678882,28.623204632611635,147544800
2015-06-15,28.339630126953125,28.411082010997315,28.06945263717518,28.156534567618184,175955600
2015-06-16,28.491464614868164,28.54728645059617,28.216822137072796,28.364190897550184,125976400
2015-06-17,28.42447662353516,28.55398197492287,28.29943456545634,28.51825688943397,131672400
2015-06-18,28.55398178100586,28.64999539645413,28.40661303610098,28.40884638628733,141628800
2015-06-19,28.268184661865234,28.540595563999545,28.223527863027478,28.51603381357447,218867600
2015-06-22,28.49369430541992,28.594172915405483,28.37535230144452,28.466899214435166,136157200
2015-06-23,28.36419486999512,28.49370195587309,28.33070142315806,28.464675210506293,121075600
2015-06-24,28.6053466796875,28.982702900869484,28.384292648227373,28.40438769492941,221123600
2015-06-25,28.469139099121094,28.848726939023745,28.469139099121094,28.772810052462177,127752400
2015-06-26,28.30167388916016,28.57854974843953,28.2480853978426,28.50709785883365,176267200
2015-06-29,27.80596923828125,28.239147177225394,27.794805894589647,28.01362651067182,196645600
2015-06-30,28.006935119628903,28.161003951342472,27.879661385814757,28.03819521540449,177482800
2015-07-01,28.268184661865234,28.344103264146643,28.13197921079808,28.335171563669554,120955200
2015-07-02,28.23244857788086,28.28827040648088,28.08284478253708,28.23021522774369,108844000
2015-07-06,28.134206771850582,28.1855636131378,27.87742597250915,27.89752272033365,112241600
2015-07-07,28.064987182617188,28.167699157786085,27.6362741817874,28.109643970587225,187787200
2015-07-08,27.368335723876957,27.830540559785625,27.361637374646737,27.7948154627086,243046400
2015-07-09,26.81011390686035,27.70103001819271,26.62031998689896,27.65413987586442,314380000
2015-07-10,27.526870727539062,27.6541444789142,27.06466587217172,27.227666425675576,245418000
2015-07-13,28.05829429626465,28.08062269459585,27.759088307274325,27.917622150037687,165762000
2015-07-14,28.047119140625,28.216817973189364,27.91984544208848,28.14313275205059,127072400
2015-07-15,28.31730079650879,28.3909860286162,28.04042496793376,28.071685059698005,134596800
2015-07-16,28.694656372070312,28.708056475146563,28.435643929657157,28.522725860632445,144889600
2015-07-17,28.942502975463867,28.942502975463867,28.649997114750235,28.82192931492253,184658800
2015-07-20,29.489559173583984,29.690516406826852,29.183653216059472,29.243941748870032,235600800
2015-07-21,29.194822311401367,29.67935547360729,29.09881038203511,29.66372713010115,307025600
2015-07-22,27.960037231445312,28.022557405679308,27.23881847056716,27.23881847056716,461802400
2015-07-23,27.94664192199707,28.37758481624424,27.92431182705308,28.178859236781584,203998000
2015-07-24,27.799272537231445,28.076148348962484,27.665300480171084,27.98236807937494,168649200
2015-07-27,27.412982940673828,27.6005451713077,27.26784754861487,27.484434813404107,177822000
2015-07-28,27.549196243286133,27.667539985288723,27.363869013173137,27.549196243286133,134472400
2015-07-29,27.46211242675781,27.57598945941344,27.30134525207867,27.497839222707576,148046800
2015-07-30,27.32367515563965,27.36833194670964,27.176304678723376,27.312510106098458,134513200
2015-07-31,27.08474922180176,27.38395337560886,26.997667314138685,27.37502167949639,171540000
2015-08-03,26.44615936279297,27.36833568228285,26.24073366660873,27.129418239998436,279904000
2015-08-04,25.5976619720459,26.280920726034005,25.28729268813971,26.218400539858276,496554400
2015-08-05,25.76736640930176,26.222872911647134,25.03051730477737,25.220311254867685,397250400
2015-08-06,25.82343292236328,26.130721855515446,25.5968931323742,26.0118441672273,211612000
2015-08-07,25.91090965270996,26.07464798007613,25.68212639758036,25.700070652053583,154681600
2015-08-10,26.852962493896484,26.913522213707832,26.13745117547773,26.13745117547773,219806400
2015-08-11,25.455581665039062,26.507539920424332,25.419694871898542,26.42454903744614,388331200
2015-08-12,25.84810447692871,25.88847819074605,24.589792392756152,25.240257021476328,404870000
2015-08-13,25.827926635742188,26.108299261594237,25.691104657425694,26.02755180844815,194143200
2015-08-14,26.00960731506348,26.088111307342132,25.572226707183297,25.641758570164587,171718000
2015-08-17,26.278764724731445,26.38867030833621,25.906429078476485,26.02755025094767,163538800
2015-08-18,26.13072395324707,26.341564676953208,26.020818383154,26.115023157519488,138242800
2015-08-19,25.79651641845703,26.13520520520476,25.7224976592639,26.041000445099755,193146000
2015-08-20,25.26717567443848,25.648481674930427,25.038390705136656,25.58792195438484,274006400
2015-08-21,23.721757888793945,25.09894752586456,23.697084970926397,24.769229179141824,513102000
2015-08-24,23.129608154296875,24.40362074036963,20.635414017828307,21.279149832045967,648825200
2015-08-25,23.26868057250977,24.921757912591616,23.21484951655128,24.921757912591616,414406400
2015-08-26,24.603256225585938,24.64811515577482,23.562513301625625,24.020079865579447,387098400
2015-08-27,25.327735900878903,25.39951120986132,24.67727120064296,25.172971406945223,338464400
2015-08-28,25.41072654724121,25.415211755332983,25.018204955765285,25.15951211264362,212657600
2015-08-31,25.29184341430664,25.68885012849772,25.12137645208668,25.1281051184065,224917200
2015-09-01,24.161386489868164,25.094465498443444,24.08063905406493,24.7064308259108,307383600
2015-09-02,25.197641372680664,25.197641372680664,24.4776448587597,24.724374075491905,247555200
2015-09-03,24.75577735900879,25.296334790713946,24.68175858892311,25.231288148328805,212935600
2015-09-04,24.50904083251953,24.77371253152588,24.33857559070775,24.44175246167526,199985200
2015-09-08,25.19091796875,25.246992491313332,24.744565248298265,25.065311585810885,219374400
2015-09-09,24.706430435180664,25.57446278945002,24.6211960813706,25.51614652882644,340043200
2015-09-10,25.24923515319824,25.40848658689288,24.65035968185533,24.733348877420127,251571200
2015-09-11,25.61708641052246,25.61708641052246,25.06755673683587,25.07428540619598,199662000
2015-09-14,25.863805770874023,26.218197075541763,25.762872340007306,26.14866523255616,233453600
2015-09-15,26.081377029418945,26.137451542024767,25.66418251873096,26.00287305402245,173364800
2015-09-16,26.110536575317383,26.139694705489024,25.892967195070767,26.074648066252323,148694000
2015-09-17,25.55202865600586,26.128474468010587,25.507169738917224,25.94230842196056,256450400
2015-09-18,25.446613311767575,25.6372680249508,25.09222369020749,25.168484206474112,297141200
2015-09-21,25.841371536254883,25.87726003649433,25.493710674289108,25.495952422110665,200888000
2015-09-22,25.435400009155277,25.61035221983528,25.238016623765837,25.43091308971004,201384800
2015-09-23,25.641754150390625,25.731473716641045,25.41297088214752,25.486987941390105,143026800
2015-09-24,25.79427528381348,25.90642430678658,25.20437203902794,25.401753703407618,200878000
2015-09-25,25.729232788085938,26.17334374352428,25.574466563859787,26.11726922300855,224607600
2015-09-28,25.220069885253903,25.697824051210933,25.220069885253903,25.536329203209096,208436000
2015-09-29,24.461944580078125,25.460071920955414,24.1927876068406,25.307549179785276,293461600
2015-09-30,24.74007606506348,25.018205173145,24.38792818838707,24.710916222809423,265892000
2015-10-01,24.57857894897461,24.587551075675574,24.06942145405861,24.46418647261006,255716400
2015-10-02,24.75802230834961,24.899331198829383,24.123260020610623,24.226436935618583,232079200
2015-10-05,24.847734451293945,24.98007117331828,24.464185041372183,24.645865890477733,208258800
2015-10-06,24.96661376953125,25.063061993191063,24.62119458970909,24.81409103702872,192787200
2015-10-07,24.847734451293945,25.069789012562733,24.540447258239688,25.063060345745207,187062400
2015-10-08,24.560640335083008,24.715406561509567,24.27129559975703,24.715406561509567,247918400
2015-10-09,25.14830207824707,25.184188882238043,24.558397015457107,24.67278951874186,211064400
2015-10-12,25.03166389465332,25.289607013539783,24.995777093845483,25.28512180516072,121868800
2015-10-13,25.074277877807617,25.222313693059533,24.825306918682905,24.856708507107804,132197200
2015-10-14,24.71988296508789,25.01371280450353,24.574088919353983,24.9621252215758,177849600
2015-10-15,25.08997917175293,25.14381022280234,24.782690237465133,24.88138192377093,150694000
2015-10-16,24.906055450439453,25.121381371126688,24.79166296682932,25.072035526774933,156930400
2015-10-19,25.06081962585449,25.0653048334975,24.697456201477024,24.852222389662305,119036800
2015-10-20,25.51838493347168,25.60810448355111,24.856706460244805,24.973340677467405,195871200
2015-10-21,25.516149520874023,25.924371949399188,25.50269047270256,25.569980579784342,167180800
2015-10-22,25.906421661376957,25.906421661376957,25.592404086866217,25.643993385119497,166616400
2015-10-23,26.709415435791016,26.743060489612784,26.09259572367316,26.175584917007196,237467600
2015-10-26,25.857078552246094,26.496327643150536,25.77633111852571,26.48511376756944,265335200
2015-10-27,25.69333839416504,26.13969096645082,25.56773034166268,25.883991365341736,279537600
2015-10-28,26.75202751159668,26.758757890513674,26.032030980725605,26.227170899119155,342205600
2015-10-29,27.03464126586914,27.070529772051515,26.527727239221168,26.624175460513595,204909200
2015-10-30,26.80361557006836,27.189408469648065,26.792399983652903,27.1378191678985,197461200
2015-11-02,27.18043327331543,27.220806984090192,26.828285461491465,27.09520064446117,128813200
2015-11-03,27.492218017578125,27.698571858643568,27.072779954997515,27.092967673829296,182076000
2015-11-04,27.364362716674805,27.77258510842405,27.27913007180702,27.61781890283362,179544400
2015-11-05,27.23821258544922,27.636920436760004,27.071522050952424,27.447702714464256,158210800
2015-11-06,27.269750595092773,27.438694204532556,27.17063817952473,27.281014189822063,132169200
2015-11-09,27.159372329711918,27.43869192625671,27.042238859736077,27.247222861839575,135485600
2015-11-10,26.303390502929688,26.59622675289473,26.143457440392293,26.332675159076057,236511600
2015-11-11,26.154726028442383,26.44981367862618,25.951993333491004,26.21329363333577,180872000
2015-11-12,26.06688117980957,26.314664875112165,26.0511131733426,26.188520823376404,130102400
2015-11-13,25.305498123168945,26.0330826571836,25.289730122423524,25.949736528338832,183249600
2015-11-16,25.7199764251709,25.73349136463906,25.003655417441404,25.089252898378675,152426800
2015-11-17,25.60959815979004,25.915949363767915,25.526252030363505,25.8866647060483,110467600
2015-11-18,26.42052459716797,26.465575532875583,26.017312363827603,26.07587995511393,186698800
2015-11-19,26.75616455078125,26.97466524569888,26.301143813878102,26.499370380292167,173183200
2015-11-20,26.873292922973636,27.012951849786607,26.771925743408147,26.85076573734821,137148400
2015-11-23,26.52414321899414,26.9701550458595,26.431786566305384,26.86653479991205,129930000
2015-11-24,26.77869033813477,26.884561951850607,26.382237200649325,26.42954120960213,171212800
2015-11-25,26.58721923828125,26.85753005013025,26.56244070423051,26.853023924711955,85553200
2015-11-27,26.53766632080078,26.67282260715604,26.490362308009868,26.645791006168277,52185600
2015-11-30,26.648038864135746,26.898075539036935,26.52414619870425,26.57820767153652,156721200
2015-12-01,26.43178939819336,26.76291913991268,26.323666453091068,26.749404201420703,139409600
2015-12-02,26.193025588989254,26.60524854471608,26.14797463234993,26.431798752628605,133546400
2015-12-03,25.94973564147949,26.3078969584324,25.728983638588,26.253835488950443,166278000
2015-12-04,26.81247329711914,26.86203035765792,25.92946189404851,25.970008423709054,231108000
2015-12-07,26.643539428710938,26.99944779460204,26.53766780050174,26.801221198722985,128336800
2015-12-08,26.63227081298828,26.71561522541016,26.323666540590864,26.4723360202465,137238000
2015-12-09,26.04434967041016,26.51063400347499,25.9227100550128,26.499370407785392,185445600
2015-12-10,26.16824150085449,26.34169125617896,26.01957200058841,26.138958557103884,116850800
2015-12-11,25.49471664428711,25.99253693312649,25.420381044780573,25.94748599204673,187544800
2015-12-14,25.3370418548584,25.38209280522489,24.731096776502564,25.269463710725063,257274800
2015-12-15,24.888769149780277,25.409116574617062,24.857233150527502,25.2153944543026,213292400
2015-12-16,25.080245971679688,25.22666413844104,24.508091683212676,25.01942701674562,224954000
2015-12-17,24.54863739013672,25.28523088788774,24.54863739013672,25.233420749936244,179091200
2015-12-18,23.88412475585937,24.670275329617848,23.83456768085976,24.532869419732837,385813200
2015-12-21,24.17695426940918,24.18596480037853,23.78049949967308,24.165690676051728,190362400
2015-12-22,24.15443992614746,24.264815973837816,23.978737069195827,24.19273341146683,131157600
2015-12-23,24.46529769897461,24.519359195625405,24.1476827541602,24.16345076229101,130629600
2015-12-24,24.33463859558105,24.553139284369426,24.316617530435277,24.553139284369426,54281600
2015-12-28,24.06207847595215,24.258053709263866,23.917913379694166,24.235526516624457,106816800
2015-12-29,24.494571685791016,24.65000036517696,24.071086966298672,24.09361243844276,123724800
2015-12-30,24.174705505371094,24.48556114546116,24.143169500662683,24.45853126633016,100855200
2015-12-31,23.710674285888672,24.10938047094601,23.611560146030712,24.104876063944907,163649200
2016-01-04,23.730941772460938,23.73544789711065,22.976327440437675,23.11373502634262,270597600
2016-01-05,23.136268615722656,23.84357919872016,23.06869218950172,23.82105372331318,223164000
2016-01-06,22.683494567871094,23.059676977036663,22.496531613200904,22.65195856498295,273829600
2016-01-07,21.72614860534668,22.555098693762694,21.72164419837296,22.2284750527924,324377600
2016-01-08,21.841026306152344,22.325331590067197,21.795975371241525,22.19918759745049,283192000
2016-01-11,22.19468879699707,22.31407536063269,21.926631005645223,22.293802948807883,198957600
2016-01-12,22.51680374145508,22.681242941827485,22.26451400290309,22.64970693933139,196616800
2016-01-13,21.937894821166992,22.793876624144985,21.91762240914001,22.597901381632845,249758400
2016-01-14,22.41769218444824,22.63394153867265,21.566216582054608,22.0662899913546,252680400
2016-01-15,21.87932777404785,22.00997793908476,21.480621526671204,21.66983758479337,319335600
2016-01-19,21.77345085144043,22.22171403207015,21.512150605552584,22.167652564107623,212350800
2016-01-20,21.802734375,22.11809609733299,21.043613866354963,21.422047589437927,289337600
2016-01-21,21.692363739013672,22.04827036250073,21.38601247224195,21.86355872093986,208646000
2016-01-22,22.845680236816406,22.85469076868208,22.15864393824545,22.217209817497476,263202000
2016-01-25,22.399677276611328,22.87046611740641,22.34786713138445,22.86821305407034,207178000
2016-01-26,22.52356338500977,22.72404301390903,22.09106812167091,22.51004844508774,300308000
2016-01-27,21.04362678527832,21.766705612496523,21.025605711548376,21.6338040605526,533478800
2016-01-28,21.19454002380371,21.29140110397176,20.811601828860308,21.12696360512257,222715200
2016-01-29,21.92662048339844,21.92662048339844,21.253099311510677,21.35221341575816,257666000
2016-02-01,21.721651077270508,21.7847231063766,21.48963537652286,21.730661612654792,163774000
2016-02-02,21.28238677978516,21.63378887798456,21.2373341270782,21.49412823246745,149428800
2016-02-03,21.703617095947266,21.813993081224964,21.19228197679382,21.3995190116042,183857200
2016-02-04,21.87801170349121,22.04334319664708,21.55867515905145,21.7104166498697,185886800
2016-02-05,21.29369735717773,21.95049119925636,21.21896010009772,21.85989864726117,185672400
2016-02-08,21.51791381835937,21.674184195858096,21.07174693554665,21.0921293521255,216085600
2016-02-09,21.51338577270508,21.72854332006965,21.273316955892835,21.354850087623287,177324800
2016-02-10,21.35030746459961,21.82138713152791,21.31180620964419,21.724000486229357,169374400
2016-02-11,21.221214294433597,21.452225286451963,20.96982089436514,21.24159843039213,200298800
2016-02-12,21.28689765930176,21.40240317613025,21.0649477791782,21.332194787425067,161405600
2016-02-16,21.88706588745117,21.934626564470896,21.42731094835216,21.52016701455972,196231600
2016-02-17,22.222261428833008,22.24264383906804,21.77609468488528,21.893863753585592,179452800
2016-02-18,21.80101203918457,22.396655094579923,21.76250904340141,22.38533037913035,156084000
2016-02-19,21.751182556152344,21.914248756098974,21.696827732139703,21.74212313083212,141496800
2016-02-22,21.941421508789062,21.94595208461984,21.72400052243862,21.812327744146348,137123200
2016-02-23,21.445436477661133,21.855365579643816,21.413729349767934,21.832717877992803,127770400
2016-02-24,21.764772415161133,21.82818666911204,21.135156996778832,21.28463493358496,145022800
2016-02-25,21.91425323486328,21.91425323486328,21.5722672027428,21.753452290359903,110330800
2016-02-26,21.948217391967773,22.19960905772961,21.8734784418694,22.01389519039657,115964400
2016-02-29,21.89839744567871,22.24717758078485,21.889338019426862,21.9368987113174,140865200
2016-03-01,22.7680721282959,22.822426935212167,22.06371801434647,22.11580926157617,201628400
2016-03-02,22.817909240722656,22.84961637091377,22.56651575998669,22.763554407239177,132678400
2016-03-03,22.98776626586914,23.03532695424258,22.7499610960932,22.779404661211583,147822800
2016-03-04,23.32975006103516,23.497345098889944,22.958322286379367,23.184802721067463,184220400
2016-03-07,23.071563720703125,23.2889847421232,22.86546568486957,23.18933279267324,143315600
2016-03-08,22.881322860717773,23.046654373151963,22.738640778851057,22.824702740117004,126247600
2016-03-09,22.90170288085937,23.005883676665537,22.709193123136984,22.944732989793422,108806800
2016-03-10,22.91303062438965,23.155364678153827,22.682021286222746,22.967387185765745,134054400
2016-03-11,23.159887313842773,23.1644161617833,22.987761717659737,23.155356737993834,109632800
2016-03-14,23.218774795532227,23.307103760030373,23.05117974763284,23.08062331176845,100304400
2016-03-15,23.685321807861328,23.821209708941517,23.519990347476355,23.54490333093037,160270800
2016-03-16,24.000139236450195,24.07714177825694,23.6875950357051,23.69212561340498,153214000
2016-03-17,23.96163558959961,24.113377097226152,23.771391086978397,23.89821960345324,137682800
2016-03-18,23.98880195617676,24.12016099412914,23.82347224281273,24.08392330314577,176820800
2016-03-21,23.986549377441406,24.380624943797773,23.81215843358732,23.991078226933524,142010800
2016-03-22,24.16999626159668,24.299090061591315,23.82801026487413,23.83706969110818,129777600
2016-03-23,24.0363712310791,24.249263422019336,23.98428169153553,24.11564077649477,102814000
2016-03-24,23.932191848754883,24.06355094153387,23.75553735124952,23.88689644402851,104532000
2016-03-28,23.82348251342773,24.049962995987837,23.79403894483319,24.00693115137055,77645600
2016-03-29,24.387413024902344,24.412326010693874,23.753267123150128,23.75553241128806,124760400
2016-03-30,24.81319808959961,25.007971419075243,24.59577706021236,24.607101774122537,182404400
2016-03-31,24.684106826782227,24.8902048912702,24.65919383595601,24.849438336091747,103553600
2016-04-01,24.91059112548828,24.91285641443144,24.505190800122524,24.63654991227864,103496000
2016-04-04,25.166505813598636,25.408839802752272,24.97399606722556,25.00796847705072,149424800
2016-04-05,24.86981773376465,25.07818106158013,24.781490496240934,24.80187463531264,106314800
2016-04-06,25.130271911621094,25.134802488500014,24.7316658138071,24.96494214162522,105616400
2016-04-07,24.582183837890625,25.00796638541628,24.487062480662832,24.901520316557768,127207600
2016-04-08,24.60936546325684,24.860757162220555,24.498388803456823,24.665985573310813,94326800
2016-04-11,24.690902709960938,25.051007594143087,24.647872591054057,24.679579721999776,117630000
2016-04-12,25.01250457763672,25.026092853404545,24.609369602707936,24.76337466916709,108929200
2016-04-13,25.37487030029297,25.442813399819443,25.094035020850985,25.094035020850985,133029200
2016-04-14,25.388463973999023,25.45414352704552,25.214074747427315,25.279754300473808,101895600
2016-04-15,24.878875732421875,25.43375384145752,24.85169918576304,25.390722005369543,187756000
2016-04-18,24.34212303161621,24.675047889615044,24.21982336365566,24.66145961358908,243286000
2016-04-19,24.21302032470703,24.45988313061072,24.059013584027596,24.432704860640825,129539600
2016-04-20,24.26285552978516,24.480276604110284,24.020521462035465,24.15188056774516,122444000
2016-04-21,24.000139236450195,24.21756031249815,23.89822197311236,24.21756031249815,126210000
2016-04-22,23.9344539642334,24.115639014935997,23.694385240774857,23.78271247781748,134732400
2016-04-25,23.798568725585938,23.927662527208124,23.66947492396375,23.78044987288941,112126400
2016-04-26,23.633235931396484,23.848393407654267,23.533585702810782,23.533585702810782,224064800
2016-04-27,22.154321670532227,22.355889170290585,21.669653555617863,21.74212724398144,458408400
2016-04-28,21.47714233398437,22.16790669694198,21.345783253113265,22.10675773331372,328970800
2016-04-29,21.23027610778809,21.452227700794264,20.95170613230117,21.286896218177468,274126000
2016-05-02,21.20762252807617,21.30727444765753,20.92678734223836,21.282361467762197,192640400
2016-05-03,21.556415557861328,21.683244093748375,21.216694784241685,21.334463892149778,227325200
2016-05-04,21.33220100402832,21.719482490822717,21.24840258851134,21.560945088053497,164102000
2016-05-05,21.24561309814453,21.43473684522037,21.118012371649755,21.41878675440852,143562000
2016-05-06,21.12711906433105,21.293455415162843,20.92888080536488,21.2752279884946,174799600
2016-05-09,21.143068313598636,21.366369492712277,21.09749540265691,21.19091856626584,131745600
2016-05-10,21.286623001098636,21.320802256007195,20.988127767650703,21.26611649121097,134747200
2016-05-11,21.07927703857422,21.32080748589716,21.067883371333515,21.300300970979347,114876400
2016-05-12,20.58481216430664,21.14078951623101,20.386575648952064,21.127118511980026,305258800
2016-05-13,20.625829696655277,20.88786832351473,20.50734358750293,20.50734358750293,177571200
2016-05-16,21.391429901123047,21.507638627856892,20.88330464887482,21.05192003972402,245039200
2016-05-17,21.302568435668945,21.57827801843774,21.19319692996382,21.54410050942285,187667600
2016-05-18,21.54637908935547,21.694488011170616,21.39371374555272,21.455236742172765,168249600
2016-05-19,21.46435546875,21.56461416424285,21.320804668009217,21.56461416424285,121768400
2016-05-20,21.69677734375,21.744627620160248,21.53727468395285,21.564618444085703,128104000
2016-05-23,21.972484588623047,22.14565823969425,21.799310937551844,21.844883865954507,152074400
2016-05-24,22.30743980407715,22.3507319160892,22.06590761250913,22.152495313392407,140560800
2016-05-25,22.699350357055664,22.726692368008063,22.35528223232984,22.48288291925164,152675200
2016-05-26,22.87936782836914,22.952282781619083,22.476055635057268,22.713029667726985,225324800
2016-05-27,22.865686416625977,22.893030165646422,22.61504146843989,22.658335303115027,145364800
2016-05-31,22.754039764404297,22.877084048698546,22.51706578040381,22.694795833796864,169228800
2016-06-01,22.43503761291504,22.681126196370556,22.405416515036443,22.56263832799744,116693200
2016-06-02,22.266416549682617,22.29375855981205,22.01804894762373,22.23907280112426,160766400
2016-06-03,22.311994552612305,22.39174500394033,22.204900344359192,22.282373453098884,114019600
2016-06-06,22.473773956298828,23.21659615184701,22.22768710404169,22.32794406665408,93170000
2016-06-07,22.564918518066406,22.75632133852776,22.54896842789708,22.61504786957841,89638000
2016-06-08,22.54440116882324,22.68567283144387,22.4851572601989,22.56262859280652,83392400
2016-06-09,22.706188201904297,22.78365955883245,22.435034975797432,22.44414955986472,106405600
2016-06-10,22.51933860778809,22.63782469767143,22.439588187825372,22.450980111575035,126851600
2016-06-13,22.179834365844727,22.58542558014755,22.125148593635664,22.487445963290416,152082000
2016-06-14,22.207176208496094,22.43959376261823,22.045396248257337,22.17527603258587,127727600
2016-06-15,22.134262084960938,22.42364449789377,22.109197411764256,22.289206547254377,117780800
2016-06-16,22.227685928344727,22.27325711453727,21.890453239860225,21.977039188997782,125307200
2016-06-17,21.72183990478516,22.02261428320331,21.7150044000258,22.015778778443952,244032800
2016-06-20,21.66942977905273,22.00438339354534,21.653479689716388,21.87450359796957,137647600
2016-06-21,21.85399436950684,21.954251316406683,21.573726562077685,21.63297048872019,142185600
2016-06-22,21.7719669342041,22.07729770373538,21.726394009955868,21.93146782299965,116876400
2016-06-23,21.89728736877441,21.94058120983896,21.70360723197544,21.860830769795754,128960800
2016-06-24,21.282066345214844,21.569169649500544,21.111171810973445,21.17041573627061,301245600
2016-06-27,20.972177505493164,21.202315965632827,20.849133231906485,21.190922301282,181958400
2016-06-28,21.32535743713379,21.341309261800948,20.994962048588413,21.16813565519468,161779600
2016-06-29,21.50992584228516,21.544105097006888,21.33447314598052,21.41194623924505,146124000
2016-06-30,21.783355712890625,21.82209138908081,21.487139571023903,21.51903974417218,143345600
2016-07-01,21.84943389892578,21.9815927449947,21.721833213578662,21.75828980720829,104106000
2016-07-05,21.64436912536621,21.737792336283366,21.5236038924672,21.735513254974983,110820800
2016-07-06,21.76740455627441,21.797027385905224,21.50308860054921,21.555495280247005,123796400
2016-07-07,21.8608341217041,21.98843484533817,21.787919174137567,21.806146607207094,100558400
2016-07-08,22.02944564819336,22.07729591094634,21.88589485993442,21.986151808280542,115648400
2016-07-11,22.097808837890625,22.250474242578218,22.04084397896873,22.04540040277349,95179600
2016-07-12,22.19806289672852,22.261863252206457,22.12970611804328,22.141098045276166,96670000
2016-07-13,22.072742462158203,22.25502895362166,22.065905219332965,22.195786756571472,103568800
2016-07-14,22.510234832763672,22.555806026498324,22.17528116968221,22.1912312613323,155676000
2016-07-15,22.507951736450195,22.62643960051111,22.44415138123092,22.539851914059835,120548000
2016-07-18,22.74720001220703,22.81555677620662,22.46693223836481,22.48971782636467,145975600
2016-07-19,22.75631523132324,22.78593632270833,22.635548308532545,22.68567764659114,95119600
2016-07-20,22.776826858520508,22.890756565739053,22.726697509195645,22.785941443709515,105104000
2016-07-21,22.65606117248535,23.01380037612155,22.587702654214247,22.747205284037047,130808000
2016-07-22,22.480607986450195,22.62643785525426,22.400855810148364,22.61732327115036,113254800
2016-07-25,22.179834365844727,22.52162348440273,22.08413382987153,22.38718726554934,161531600
2016-07-26,22.02716827392578,22.323386195929277,21.97020342265044,22.06134753237685,224959200
2016-07-27,23.458118438720703,23.777121863509223,23.41254726593469,23.758892699023296,369379200
2016-07-28,23.77484893798828,23.799913611037777,23.428503415240453,23.43078249599839,159479200
2016-07-29,23.74522590637207,23.82269899996364,23.62446071248406,23.740669483656852,110934800
2016-08-01,24.164491653442383,24.18727724725398,23.790802351958167,23.790802351958167,152671600
2016-08-02,23.806753158569336,24.16904880484603,23.69737987117803,24.16449238131821,135266400
2016-08-03,24.105247497558597,24.11663942514516,23.87282992289697,23.88194450802383,120810400
2016-08-04,24.254154205322266,24.28393576146537,24.11898799361885,24.187716812837056,109634800
2016-08-05,24.62299919128418,24.66194471273675,24.32517659087174,24.345794191224247,162213600
2016-08-08,24.826887130737305,24.826887130737305,24.54968393855186,24.63215606994949,112148800
2016-08-09,24.927690505981445,24.957473812255955,24.744416553749847,24.794817458663687,105260800
2016-08-10,24.74212455749512,24.94830927837689,24.687142547875503,24.90478090734447,96034000
2016-08-11,24.726089477539062,24.95518323652753,24.707761557336784,24.86125395637585,109938000
2016-08-12,24.78336334228516,24.84292821004068,24.69172548754898,24.69172548754898,74641600
2016-08-15,25.081186294555664,25.094931361217768,24.760454672281675,24.77419973894378,103472800
2016-08-16,25.05826759338379,25.25299863135004,25.01932208492901,25.115541016821822,135177600
2016-08-17,25.0216121673584,25.05597656914475,24.82000860906305,24.9941202963601,101424000
2016-08-18,24.98954200744629,25.10866996616933,24.9757951964752,25.023906413104605,87938800
2016-08-19,25.053688049316406,25.129289392447387,24.824594341292556,24.918521852702263,101472400
2016-08-22,24.85895729064941,24.99412173149837,24.707754613245992,24.93913973419085,103280800
2016-08-23,24.93685340881348,25.044527746957115,24.86354348145878,24.877288546635743,85030800
2016-08-24,24.748998641967773,24.913946429015343,24.668816175443727,24.87270948225345,94700400
2016-08-25,24.64360809326172,24.714626577648865,24.4397148495696,24.60237115926521,100344800
2016-08-26,24.49928092956543,24.73066430898745,24.35495077940036,24.606955248626285,111065200
2016-08-29,24.47179412841797,24.61383288161733,24.350374721449985,24.425976077887384,99881200
2016-08-30,24.28393173217773,24.398478579971027,24.16938488438445,24.23811369219889,99455600
2016-08-31,24.30684471130371,24.41451904542296,24.20146180391049,24.206044657362558,118649600
2016-09-01,24.451171875,24.467208364417324,24.196877722920807,24.31600568032861,106806000
2016-09-02,24.680273056030277,24.742127605992668,24.471796882605915,24.673398774615084,107210000
2016-09-06,24.673398971557617,24.81085663540997,24.629872342661383,24.71921877545733,107521600
2016-09-07,24.82460021972656,24.91623807420509,24.52906905665283,24.70318080537736,169457200
2016-09-08,24.17397117614746,24.57488522944636,24.109825207275087,24.570304123604007,212008000
2016-09-09,23.626436233520508,24.219789915352397,23.626436233520508,23.972368262360416,186228000
2016-09-12,24.15564346313477,24.219789427912858,23.488979869520065,23.516471746359155,181171200
2016-09-13,24.730669021606445,24.923108675881988,24.568012672740075,24.62986896255408,248704800
2016-09-14,25.60580444335937,25.89446302139946,24.87957776681186,24.90936106918244,443554800
2016-09-15,26.476362228393555,26.513018064052147,25.999846851910497,26.084612160986165,359934400
2016-09-16,26.32744598388672,26.60464913429205,26.125844169368147,26.373265769808743,319547600
2016-09-19,26.020469665527344,26.616113091620228,25.944868305287013,26.389310758745918,188092000
2016-09-20,26.018178939819336,26.144181210282788,25.775340107122563,25.899050950528483,138057200
2016-09-21,26.01359367370605,26.114393726111118,25.75929949423264,26.082320743821352,144012800
2016-09-22,26.258729934692383,26.332039875053763,26.116691160559213,26.1968736347284,124296000
2016-09-23,25.821155548095703,26.29767095272928,25.555407715257417,26.212905638646035,209924800
2016-09-26,25.8601016998291,25.9769400009538,25.55540834270667,25.57602594110401,119477600
2016-09-27,25.9082088470459,25.928828191435294,25.73638855113548,25.887591250502936,98429600
2016-09-28,26.10523223876953,26.26330748633983,25.98610425724975,26.045669121932946,118564400
2016-09-29,25.699729919433597,26.0708623222027,25.6126749474564,25.92424250211157,143548000
2016-09-30,25.8990478515625,25.972357778011094,25.61268067827166,25.763881636889035,145516400
2016-10-03,25.77762222290039,25.899043351469228,25.722640224578974,25.821150584988203,86807200
2016-10-04,25.887590408325195,26.187702622774587,25.80282510254227,25.901335472240014,118947200
2016-10-05,25.8990478515625,26.038795171956156,25.81657396582702,25.979230310514637,85812400
2016-10-06,26.09147834777832,26.194569801765056,25.917366666436745,26.04794999048142,115117200
2016-10-07,26.13042640686035,26.244973254862156,26.00442592276608,26.18769983086125,97433600
2016-10-10,26.586328506469727,26.746693420990177,26.281633421034392,26.35036049246609,144944000
2016-10-11,26.643600463867188,27.191134317484888,26.620689693479395,26.96433027513969,256164000
2016-10-12,26.881858825683597,27.028480428464437,26.74669435697869,26.88415025249878,150347200
2016-10-13,26.79938125610352,26.904764146242663,26.51072271051164,26.7558528946681,140769600
2016-10-14,26.94829559326172,27.07200642070408,26.833748725020254,27.00556902738245,142608800
2016-10-17,26.92997169494629,26.99640734602698,26.753568524176224,26.879570789011986,94499600
2016-10-18,26.911645889282227,27.08117479250557,26.9070630350118,27.07430225894672,98214000
2016-10-19,26.831462860107425,26.9780827324703,26.07087161678248,26.86124442085881,80138400
2016-10-20,26.81771278381348,26.89102271107884,26.65047533154244,26.77189473471508,96503200
2016-10-21,26.71232795715332,26.783348200363697,26.63901803514478,26.76043742961082,92770800
2016-10-24,26.9528751373291,26.97349273211468,26.803963877330236,26.8268728985963,94154800
2016-10-25,27.090341567993164,27.11554202555859,26.87499283892388,27.021612729569828,192516000
2016-10-26,26.480945587158203,26.50614603935615,25.95861211950365,26.187705868323828,264536800
2016-10-27,26.22664833068848,26.54279701693428,26.139591603459056,26.435122695053423,138248000
2016-10-28,26.052536010742188,26.393885136534475,25.99067973255159,26.08690041553183,151446800
2016-10-31,26.01130104064941,26.16937626592226,25.933408267382227,26.03650148954353,105677600
2016-11-01,25.541662216186523,26.063995697126007,25.32173242146709,25.99297719249639,175303200
2016-11-02,25.56456756591797,25.738679283809557,25.482095434123416,25.521040947329865,113326800
2016-11-03,25.29054832458496,25.665887700158493,25.22607302147493,25.55535911106137,107730400
2016-11-04,25.062578201293945,25.38725964409757,24.89448213712963,24.99119508556555,123348000
2016-11-07,25.424108505249023,25.447135151133345,25.2053509772968,25.348118992692346,130240000
2016-11-08,25.57377815246582,25.725757151256047,25.26061090358308,25.4010757030152,97016800
2016-11-09,25.53233528137207,25.63365463686349,24.88067255959203,25.30206529657925,236705600
2016-11-10,24.82080078125,25.580690643591737,24.36947184170158,25.580690643591737,228538000
2016-11-11,24.968170166015625,25.069489503833324,24.53526330257498,24.6665171007387,136575600
2016-11-14,24.34183692932129,24.82540348737254,23.96649753208758,24.802376843050165,204702000
2016-11-15,24.664215087890625,24.79546889232593,24.445459332771897,24.539869101032917,129058000
2016-11-16,25.327394485473636,25.38266054531642,24.5467793976046,24.56980604412884,235362000
2016-11-17,25.318178176879883,25.410286500520797,25.06027697886951,25.285940527128584,110528000
2016-11-18,25.343509674072266,25.454040021063754,25.251403101203,25.265218735769334,113715600
2016-11-21,25.72806739807129,25.78793633205525,25.332002724291176,25.35733256436925,117058400
2016-11-22,25.74417495727539,25.88694116777489,25.6520666479345,25.77871403606083,103862000
2016-11-23,25.612926483154297,25.677401785977857,25.405683183492684,25.64286094323088,109705600
2016-11-25,25.741878509521484,25.7603005275793,25.548450833555098,25.58989949577501,45903600
2016-11-28,25.69121742248535,25.8984607221642,25.64976876254958,25.658979771070893,108776000
2016-11-29,25.665891647338867,25.79714546509,25.345816517089258,25.50930799135326,114115200
2016-11-30,25.44943618774414,25.836289805737295,25.39186869552385,25.69812817577269,144649200
2016-12-01,25.21226119995117,25.546153745989837,25.106337213324625,25.414899919428603,148347600
2016-12-02,25.30666732788086,25.350417422829416,25.064883182701955,25.13856949489034,106112000
2016-12-05,25.124755859375,25.33660380416944,24.92672355020877,25.329695986355333,137298000
2016-12-06,25.318178176879883,25.41258969173736,25.14317429446432,25.21455741079645,104782000
2016-12-07,25.566871643066406,25.60371567744042,25.136267971446728,25.15929461452036,119994800
2016-12-08,25.817869186401367,25.889252313584898,25.467857854722517,25.527728537713447,108273200
2016-12-09,26.2392578125,26.411960259945555,25.861615267964662,25.861615267964662,137610400
2016-12-12,26.08959007263184,26.481048345444968,25.90307018964767,26.087286880865957,105497600
2016-12-13,26.524799346923828,26.69289544716425,26.19321001618473,26.213933470945666,174935200
2016-12-14,26.524799346923828,26.757370759958963,26.476442862327797,26.49025849883509,136127200
2016-12-15,26.669864654541016,26.879411145367666,26.534006231818875,26.56854531771756,186098000
2016-12-16,26.70441055297852,26.82645336444651,26.630724227743848,26.819545545958974,177404400
2016-12-19,26.858686447143555,27.02908571582107,26.653746335091068,26.66526053515615,111117600
2016-12-20,26.930070877075195,27.05672005666432,26.867898761435303,26.881714396728537,85700000
2016-12-21,26.955400466918945,27.03369316544668,26.890925160378657,26.895531543314583,95132800
2016-12-22,26.77809333801269,26.82875300931792,26.628417515561896,26.79190897316127,104343600
2016-12-23,26.8310546875,26.8310546875,26.61690355665161,26.61690355665161,56998000
2016-12-27,27.00145721435547,27.125803209159265,26.824148353371736,26.831056171390763,73187600
2016-12-28,26.886323928833008,27.1764628448962,26.75737154265103,27.0613278524462,83623600
2016-12-29,26.87941551208496,26.966917471943905,26.80342599712243,26.81493844201885,60158000
2016-12-30,26.669864654541016,26.987636542550614,26.58005951756395,26.860989128341537,122345200
2017-01-03,26.7458553314209,26.787303993139343,26.425780238025247,26.665261199418453,115127600
2017-01-04,26.715919494628903,26.82875303786345,26.653747379573836,26.67677402378607,84472400
2017-01-05,26.85177993774414,26.90934742723303,26.667563268651545,26.692893104572285,88774400
2017-01-06,27.15113067626953,27.208698163829947,26.819541385739026,26.890924508131448,127007600
2017-01-09,27.399826049804688,27.50114540918331,27.158043610588383,27.1603450456138,134247600
2017-01-10,27.42745780944824,27.489629931843083,27.240939685443166,27.34916510169933,97848400
2017-01-11,27.574827194213867,27.616275856511383,27.31001639380307,27.34225404705444,110354400
2017-01-12,27.45969009399414,27.471204293616974,27.22020914776478,27.379095967094887,108344800
2017-01-13,27.411333084106445,27.544890067121877,27.35837022642096,27.427451909172436,104447600
2017-01-17,27.63239097595215,27.687655265994422,27.222510790900078,27.25014205751116,137759200
2017-01-18,27.63009262084961,27.747530794962067,27.56561731171192,27.63239581241036,94852000
2017-01-19,27.581735610961918,27.65311873659486,27.48732584062354,27.49423365835313,102389200
2017-01-20,27.63239097595215,27.73601173938393,27.5702188692571,27.73601173938393,130391600
2017-01-23,27.650819778442383,27.818915880985877,27.57943488959548,27.63239775829992,88200800
2017-01-24,27.62548828125,27.65542274456876,27.51726111543693,27.52877531653976,92844000
2017-01-25,28.065298080444336,28.11595774549386,27.69686654847525,27.729104197721288,129510400
2017-01-26,28.079111099243164,28.19424604486011,28.00081842267732,28.0169372447909,105350400
2017-01-27,28.081417083740234,28.17352540652359,28.000822960112348,28.12516893234686,82251600
2017-01-30,28.007740020751957,28.007740020751957,27.78437959206952,27.84655172029644,121510000
2017-01-31,27.94326400756836,27.95247501834034,27.77516789223655,27.897210710529123,196804000
2017-02-01,29.647254943847656,30.047925906640124,29.246585737875417,29.251190363700744,447940000
2017-02-02,29.596603393554688,29.794635737945327,29.423900890201505,29.469955945188115,134841600
2017-02-03,29.723249435424805,29.74857927376652,29.511401475494605,29.545940567032822,98029200
2017-02-06,30.001876831054688,30.05023507718109,29.68180167077826,29.734766300736077,107383600
2017-02-07,30.287412643432617,30.4163632805029,30.0387206232365,30.05944407984251,152735200
2017-02-08,30.40483856201172,30.44628897452901,30.216019055504376,30.245955269342417,92016400
2017-02-09,30.62455177307129,30.63148954064726,30.323902238905653,30.44647417124728,113399600
2017-02-10,30.5551700592041,30.74481178011904,30.5389831114215,30.63380397187897,80262000
2017-02-13,30.82575225830078,30.94832771223141,30.700868920481543,30.777187888155584,92141600
2017-02-14,31.22585105895996,31.242038007125107,30.81650512475263,30.86738443991398,132904800
2017-02-15,31.33916282653809,31.51492897486805,31.133334201946823,31.34147776777854,142492400
2017-02-16,31.302165985107425,31.429360727692984,31.18421689299279,31.376170006491336,90338400
2017-02-17,31.38772773742676,31.413167386539723,31.244342549084696,31.244342549084696,88792800
2017-02-21,31.6143856048584,31.625949729181603,31.44787209545506,31.505689188195795,98028800
2017-02-22,31.709197998046875,31.71150941074283,31.47792968897465,31.551933712863104,83347600
2017-02-23,31.575061798095703,31.794765984845448,31.521871075358764,31.77164127137798,83152800
2017-02-24,31.605119705200195,31.605119705200195,31.285968392846303,31.43166851872498,87106400
2017-02-27,31.667564392089844,31.78551347525211,31.517241419239607,31.71613228436971,81029600
2017-02-28,31.68145751953125,31.785527587623665,31.614387711313,31.702270827374623,93931600
2017-03-01,32.329002380371094,32.41225913083941,31.822527637970225,31.88959390943423,145658400
2017-03-02,32.137046813964844,32.442319156734115,32.09079032756467,32.377564310423224,104844000
2017-03-03,32.326698303222656,32.33826242958216,32.051488328695626,32.0954298915362,84432400
2017-03-06,32.22492218017578,32.32436937834266,32.05378590671845,32.23185994645789,87000000
2017-03-07,32.266563415527344,32.37294488772751,32.09773496754085,32.16017841445196,69785200
2017-03-08,32.14630126953125,32.331316658871906,32.104674659588994,32.13473714603339,74828800
2017-03-09,32.07228469848633,32.097724351489845,31.695319786182957,32.08616376011247,88623600
2017-03-10,32.17866897583008,32.229548280748425,32.0630348335382,32.204108628289255,78451200
2017-03-13,32.19254684448242,32.245737565712,32.104667289597515,32.111605056328585,69686800
2017-03-14,32.14398193359375,32.296616327969346,32.109289571651075,32.215674541184775,61236400
2017-03-15,32.48394775390625,32.551014009818594,32.15323224191797,32.24111532727662,102767200
2017-03-16,32.537147521972656,32.613466507495595,32.43770028791237,32.54408529075881,76928000
2017-03-17,32.375247955322266,32.608827648937776,32.35211971565288,32.608827648937776,175540000
2017-03-20,32.71521759033203,32.72446677028318,32.43075502037318,32.47007021069586,86168000
2017-03-21,32.34056854248047,33.02512448157474,32.31512888020964,32.86554873904641,158119600
2017-03-22,32.70597076416016,32.74760090361427,32.322064442958755,32.34288127712336,103440800
2017-03-23,32.59032440185547,32.742962308001125,32.51863180229808,32.66895476724913,81385200
2017-03-24,32.52558517456055,32.779981806867895,32.458518896338866,32.72447612467116,89582400
2017-03-27,32.5810661315918,32.65969647504279,32.05839772529012,32.23647523276556,94300400
2017-03-28,33.25639343261719,33.31189558480761,32.52095815621563,32.58802796194624,133499200
2017-03-29,33.33038330078125,33.41595496380093,33.11530549478005,33.228624693216595,116760000
2017-03-30,33.286434173583984,33.41825875665617,33.18699052996651,33.346566171002074,84829200
2017-03-31,33.22400665283203,33.36508046474853,33.07368013223692,33.237882186975554,78646800
2017-04-03,33.23325729370117,33.33038956585056,33.082934295371665,33.2355722354098,79942800
2017-04-04,33.480712890625,33.50846395747771,33.11068219784257,33.12918408536911,79565600
2017-04-05,33.307254791259766,33.64028164026067,33.25868690541651,33.35350773609356,110871600
2017-04-06,33.22400665283203,33.42289754292948,33.1754387544553,33.36970329021344,84596000
2017-04-07,33.14999771118164,33.34426223880752,33.13381076498328,33.240192208213244,66688800
2017-04-10,33.11068344116211,33.274885493579646,33.04824000952453,33.21013064924229,75733600
2017-04-11,32.75453567504883,33.1523174967134,32.391442692359455,33.057496631681495,121517600
2017-04-12,32.793846130371094,32.87478791924265,32.61114219450171,32.74759317546245,81400000
2017-04-13,32.62039566040039,32.92798293455409,32.62039566040039,32.81928654711352,71291600
2017-04-17,32.80078887939453,32.81235300209678,32.5787697216858,32.71984354935364,66328400
2017-04-18,32.65508270263672,32.849347224425514,32.63426940291809,32.70365059752099,58790000
2017-04-19,32.53482437133789,32.840100236409285,32.4816336477722,32.81234916826621,69313600
2017-04-20,32.94186782836914,33.05287566004394,32.645844591319445,32.65972012916938,93278400
2017-04-21,32.90254592895508,32.997363261249184,32.8054136549071,32.941861121150126,69283600
2017-04-24,33.21937561035156,33.2910682125583,33.11299064880763,33.186998192294524,68537200
2017-04-25,33.42520904541016,33.51077719210791,33.27257111167275,33.28182382037621,75486000
2017-04-26,33.22863006591797,33.44140002279601,33.15925239397346,33.41133401237041,80164800
2017-04-27,33.25406646728516,33.33963813576577,33.14305867416402,33.284132474768136,56985200
2017-04-28,33.221683502197266,33.37200998564693,33.13380396471171,33.32344209927125,83441600
2017-05-01,33.89929962158203,34.04268480359124,33.52464619562332,33.557023608621314,134411600
2017-05-02,34.11439514160156,34.2485312163374,33.95944576101237,34.121332910219344,181408800
2017-05-03,34.01031494140625,34.10976214339748,33.36507795023889,33.670350265013234,182788000
2017-05-04,33.88773727416992,34.028811051504846,33.721223847516455,33.88542586200407,93487600
2017-05-05,34.449729919433594,34.45435274496605,33.94093680090705,33.94093680090705,109310800
2017-05-08,35.3863525390625,35.54592819111786,34.465905921358925,34.465905921358925,195009600
2017-05-09,35.613006591796875,35.81883523651143,35.48811973431324,35.58525199631485,156521600
2017-05-10,35.444190979003906,35.601455313885985,35.178233751073414,35.52976268003735,103222800
2017-05-11,35.7507209777832,35.77859014018026,35.36987549713816,35.402386567067346,109020400
2017-05-12,36.249996185302734,36.32430567087355,35.91791559499993,35.92488199853969,130108000
2017-05-15,36.157108306884766,36.377719374463794,36.0061648247098,36.22909684587408,104038800
2017-05-16,36.10369873046875,36.24070940692101,35.92953153528482,36.2128437895926,80194000
2017-05-17,34.89149475097656,35.894699495583275,34.76609592962105,35.669442973116695,203070800
2017-05-18,35.42327880859375,35.60905783309512,35.09584721998728,35.128358283517,134272800
2017-05-19,35.544029235839844,35.75767383492193,35.44417511011823,35.61834224948902,107843200
2017-05-22,35.760009765625,35.8970204419808,35.50920857952385,35.762330719253846,91865600
2017-05-23,35.71588134765625,35.971324401714845,35.60209085541772,35.971324401714845,79675600
2017-05-24,35.60905838012695,35.80180381095709,35.453469463455924,35.72516982929401,76712000
2017-05-25,35.73213577270508,35.843605313747204,35.537069391041626,35.69962470909451,76942400
2017-05-26,35.67176055908203,35.818062123052115,35.602092978932454,35.76232735024439,87710400
2017-05-30,35.68570327758789,35.8621914586688,35.60674831842864,35.627647535245856,80507600
2017-05-31,35.47437286376953,35.80180803951976,35.38613056151959,35.755364163055475,97804800
2017-06-01,35.57190704345703,35.606742609341595,35.348975012935064,35.569586089774354,65616400
2017-06-02,36.09904479980469,36.09904479980469,35.504554813511305,35.664789162390655,111082800
2017-06-05,35.74605941772461,35.86681628451672,35.636917944850886,35.84127163083837,101326800
2017-06-06,35.86681365966797,36.18263683501488,35.71122479626428,35.739090400623446,106499600
2017-06-07,36.08046722412109,36.22212332066588,35.87378900556623,35.99919134332844,84278400
2017-06-08,35.99222183227539,36.11994156869703,35.855207653820855,36.05259849937361,85003200
2017-06-09,34.59657669067383,36.03868287732471,33.90919869150518,36.03868287732471,259530800
2017-06-12,33.769859313964844,33.92544825765064,33.09408971205364,33.844172355185975,289229200
2017-06-13,34.04155731201172,34.24126916682456,33.707155737121326,34.17392607850608,136661600
2017-06-14,33.709476470947266,34.25287719776067,33.40294054703805,34.25287719776067,126124800
2017-06-15,33.507450103759766,33.55157303411702,33.02442945416785,33.28219708738648,128661600
2017-06-16,33.038352966308594,33.55620904100653,33.02209566246163,33.389008269576124,201444400
2017-06-19,33.983497619628906,34.076388903736074,33.36114196159167,33.36114196159167,130165600
2017-06-20,33.67463684082031,34.10657151739421,33.65838308263558,34.10657151739421,99600400
2017-06-21,33.87434768676758,33.920795093838045,33.58174815679784,33.79307181127359,85063200
2017-06-22,33.818626403808594,34.06710309612845,33.70019044179757,33.85113747224597,76425200
2017-06-23,33.969573974609375,34.173931311321,33.69787353926749,33.70251899058579,141757600
2017-06-26,33.86274337768555,34.434009700347254,33.76056473956652,34.17624215179792,102769600
2017-06-27,33.37739181518555,33.94169522684023,33.35184715797583,33.67463680265872,99047600
2017-06-28,33.86506652832031,33.93008865798964,33.24503179961903,33.55388868726849,88329600
2017-06-29,33.36578750610352,33.70251357547515,33.04067683488191,33.60498037410866,125997600
2017-06-30,33.44474792480469,33.66303804957136,33.38901314504274,33.54460208550732,92096400
2017-07-03,33.323978424072266,33.74198025584956,33.23109070298372,33.64444708567476,57111200
2017-07-05,33.46099853515625,33.623553864846315,33.14285427965996,33.36811078774491,86278400
2017-07-06,33.14517593383789,33.32398857199731,33.070866443025984,33.2125225640592,96515200
2017-07-07,33.48189163208008,33.614260368579465,33.1846466425205,33.1846466425205,76806800
2017-07-10,33.68626403808594,33.8929423431874,33.29380664511497,33.4656529214965,84362400
2017-07-11,33.79540252685547,33.86971556488356,33.52834757625345,33.60962347522592,79127200
2017-07-12,33.844173431396484,33.946348551163354,33.630528746253304,33.87436000484174,99538000
2017-07-13,34.31558609008789,34.48278689647381,33.774506194900255,33.788439004858915,100797600
2017-07-14,34.610504150390625,34.67785078484999,34.21340492186684,34.36202745628382,80528400
2017-07-17,34.73126220703125,35.04244009501903,34.50136376510992,34.55941949988858,95174000
2017-07-18,34.85201644897461,34.863628303726074,34.524581279562305,34.647659144358606,71475200
2017-07-19,35.07030487060547,35.163192617256435,34.82182465598151,34.94490251484222,83692000
2017-07-20,34.91238784790039,35.23750201452352,34.87755583235936,35.18176724621783,68974800
2017-07-21,34.89613723754883,34.93561470653786,34.57334753845936,34.831115107044496,105010400
2017-07-24,35.31877899169922,35.40005842173057,34.81021028841995,34.968123698453404,85972800
2017-07-25,35.4697151184082,35.72515809662031,35.25142509871339,35.25142509871339,75415600
2017-07-26,35.63691711425781,35.746058584587765,35.544025856029194,35.61137246117484,63124000
2017-07-27,34.96347427368164,35.76000054974113,34.20642900322231,35.704265786046555,129905200
2017-07-28,34.71732711791992,34.8868488601785,34.64533857847206,34.80789391648992,68854800
2017-07-31,34.53852462768555,34.91008283247402,34.39919295847111,34.810225103267435,79383600
2017-08-01,34.84504318237305,34.88452064600083,34.464197808236975,34.62443215930494,141474400
2017-08-02,36.49150466918945,37.09760655177292,36.26392722992396,36.988461510367614,279747200
2017-08-03,36.12691116333008,36.50775650284509,35.9991878847099,36.47059999571203,108389200
2017-08-04,36.31733703613281,36.55188087558903,36.1547817244582,36.24302755512729,82239600
2017-08-07,36.87932205200195,36.904866715420106,36.38236513559111,36.47293193435718,87481200
2017-08-08,37.17423248291016,37.58062245105715,36.75390971137699,36.83054367344028,144823600
2017-08-09,37.40182113647461,37.45058950645216,36.94898717285623,36.983819191811335,104526000
2017-08-10,36.21050262451172,37.301571894907305,36.04963902653811,37.27825698953095,163217200
2017-08-11,36.71406936645508,36.96818901629287,36.38535198361389,36.50891314995344,105028400
2017-08-14,37.26660919189453,37.35053788468499,37.01015942021377,37.14304799936353,88490800
2017-08-15,37.674591064453125,37.81446983217427,37.33421263735661,37.45544374859917,117862000
2017-08-16,37.523048400878906,37.88673814928685,37.33653983423624,37.75385315230165,110686400
2017-08-17,36.80266571044922,37.46710142244014,36.79800201762448,37.422805233993365,111762400
2017-08-18,36.71873474121094,37.185004388718376,36.53688986327145,36.80266342005648,109712400
2017-08-21,36.651126861572266,36.80965683269783,36.16154231336909,36.718734394586384,105474000
2017-08-22,37.25029373168945,37.301583693857005,36.83997759170527,36.88893392818397,86418400
2017-08-23,37.29692459106445,37.41116198583769,37.04047830601454,37.084774511280834,77596400
2017-08-24,37.131378173828125,37.47408659209715,36.96352084417168,37.401811820626165,79275600
2017-08-25,37.26893997192383,37.43213366731331,37.1313912541924,37.21998008462911,101920400
2017-08-28,37.644287109375,37.76784830380516,37.28525742350356,37.334217310615394,103864000
2017-08-29,37.9799919128418,38.028948229742845,37.30156877694594,37.32488368037345,118067600
2017-08-30,38.08258056640625,38.20847182478453,37.9100594904343,38.18749054128076,109078400
2017-08-31,38.234107971191406,38.35533906569599,38.11287687668682,38.15017929920435,107140400
2017-09-01,38.24576950073242,38.45325935674631,38.14785329919999,38.42062062290216,66364400
2017-09-05,37.78648376464844,38.29238578620468,37.43211791991326,38.175818401771785,117874000
2017-09-06,37.74686050415039,37.99864654293107,37.42280323853875,37.93336907628665,86606800
2017-09-07,37.595314025878906,37.82378867572925,37.38549414300479,37.78881632368056,87714000
2017-09-08,36.98217391967773,37.5696710457614,36.95885901707796,37.50206351998956,114446000
2017-09-11,37.65128707885742,37.779511987810864,37.27593974029716,37.41815217434437,126323200
2017-09-12,37.502071380615234,38.22479082443765,37.0148204074,37.9100573601444,286856000
2017-09-13,37.21997833251953,37.29225312604864,36.81432595984093,37.27126828542117,179629600
2017-09-14,36.90057373046875,37.16168355305076,36.85627755184762,37.066100994154894,95042800
2017-09-15,37.27359771728516,37.5277138279372,36.83530309901912,36.944876753585625,196458400
2017-09-18,36.99150466918945,37.41814185365583,36.8353047531316,37.32721940826826,113077600
2017-09-19,37.005496978759766,37.2479592360703,36.937889431587216,37.18734189306476,83242400
2017-09-20,36.385353088378906,36.8959153563297,35.86312981059454,36.811986678781416,211805600
2017-09-21,35.760555267333984,36.32241112166784,35.61134910242329,36.32241112166784,150046800
2017-09-22,35.41084671020508,35.499439077763675,35.10077698110493,35.329248102469,186581600
2017-09-25,35.09846115112305,35.39687354911676,34.774403770925666,34.96790617167034,177549200
2017-09-26,35.702266693115234,35.88411157067662,35.364221910846254,35.38520319117524,146640000
2017-09-27,35.95637893676758,36.070616268553735,35.79551535680401,35.856132681053886,102016800
2017-09-28,35.73489761352539,35.9680323858252,35.59967901870899,35.87710996692245,88022000
2017-09-29,35.93072891235352,35.93306253671468,35.43648434795901,35.71857897938585,105199200
2017-10-02,35.85847473144531,36.00768090988704,35.604358570207296,35.963384714241606,74795200
2017-10-03,36.01467514038086,36.15688755897772,35.881790109070714,35.90510146257561,64921200
2017-10-04,35.78152084350586,35.87011318787319,35.543725957078856,35.81649319081855,80655200
2017-10-05,36.22682189941406,36.23847935264511,35.9144220740115,35.9447271835859,85135200
2017-10-06,36.205848693847656,36.250144891592896,36.03332759667044,36.12891375418847,69630400
2017-10-09,36.33172607421875,36.53921590218833,36.25013102931436,36.32473231486565,65051600
2017-10-10,36.34570693969727,36.83529134892203,36.159201981282166,36.38300935432191,62468000
2017-10-11,36.49726486206055,36.597511149322166,36.31075625330116,36.362046209643886,67622400
2017-10-12,36.3690299987793,36.68842354695349,36.30608260464513,36.45062860441081,64500400
2017-10-13,36.59983444213867,36.66744197058261,36.464615827895976,36.539217115925325,65576800
2017-10-16,37.27359771728516,37.30157275850037,36.75370448566783,36.81198819310298,96486000
2017-10-17,37.4111557006836,37.50440823278845,37.12206715938882,37.25029205905005,75989200
2017-10-18,37.24560546875,37.46708632171829,37.208306613250926,37.39947525375305,65496800
2017-10-19,36.3643798828125,36.62082968995012,36.14057237599801,36.54389474780884,170336800
2017-10-20,36.42731857299805,36.77702083129883,36.359711034962906,36.511247257284445,95896400
2017-10-23,36.408668518066406,36.76303448048517,36.25246859793545,36.5765258919829,87937200
2017-10-24,36.625484466552734,36.70008576487536,36.415660977975,36.43664225962618,71028800
2017-10-25,36.464630126953125,36.73040376748244,36.19885648642381,36.58119757555996,84828400
2017-10-26,36.69775390625,36.79567010653239,36.550877827148845,36.65578778764032,68002000
2017-10-27,38.012638092041016,38.1408629713092,36.9985000692492,37.13604877730256,177816800
2017-10-30,38.86823272705078,39.18296611854663,38.16882835248632,38.20846084016242,178803200
2017-10-31,39.40911483764648,39.5513272433444,38.919533770178326,39.14334124177645,144187200
2017-11-01,38.90786361694336,39.61892541335448,38.60945138063877,39.602604271088005,134551200
2017-11-02,39.192291259765625,39.28321368921502,38.53251935074372,38.84025899340612,165573600
2017-11-03,40.21577453613281,40.6260907232154,39.89404720148963,40.56547692340353,237594400
2017-11-06,40.62375259399414,40.79627368479755,40.03392163575447,40.18545788389442,140105200
2017-11-07,40.75429534912109,40.85687523414966,40.472204222647406,40.54447544418439,97446000
2017-11-08,41.08768081665039,41.08768081665039,40.64239246904859,40.7193273843951,97638000
2017-11-09,41.00374221801758,41.05503214916905,40.36495170290184,40.82422745898742,117930400
2017-11-10,40.86805725097656,41.03417962651376,40.7744694933025,40.971005926504496,100582000
2017-11-13,40.70426559448242,40.82827094555374,40.570899328154894,40.59429804615229,67928400
2017-11-14,40.08892440795898,40.58962637830053,40.05148787911344,40.48667770904722,99130000
2017-11-15,39.56014633178711,39.85027407149938,39.39636598281399,39.768382111940895,116632400
2017-11-16,40.03277587890625,40.21293249207959,39.84559679222589,40.05149057444457,94550000
2017-11-17,39.810489654541016,40.10061735144364,39.6911647543555,40.01872540396868,87598000
2017-11-20,39.77071380615234,39.9064185208818,39.67244561344685,39.84324483623426,65049600
2017-11-21,40.51008224487305,40.64110654448915,39.95790586067347,39.95790586067347,100525200
2017-11-22,40.93589782714844,40.94525517175338,40.48900875672528,40.56153978037809,102355600
2017-11-24,40.93824005126953,41.06224540705831,40.86336700694402,40.96865767179468,56106800
2017-11-27,40.73234558105469,40.963980061627794,40.55686588762935,40.95696115950226,82867200
2017-11-28,40.49368667602539,40.91483498956653,40.21057793000543,40.78147230898322,105715200
2017-11-29,39.65372848510742,40.45859588089686,39.1109131808278,40.390745306665664,166665600
2017-11-30,40.20824432373047,40.27609489391926,39.41039587728747,39.87599966375106,166108800
2017-12-01,40.02106857299805,40.166130640564205,39.42443691456497,39.76369693362898,159037200
2017-12-04,39.72860336303711,40.3884051547969,39.68882839422034,40.35564908811583,130169600
2017-12-05,39.691162109375,40.13103229823732,39.40103443180621,39.55545740068039,109400800
2017-12-06,39.54376602172852,39.82219439660401,38.9471378700168,39.19046816116915,114240000
2017-12-07,39.61629486083984,39.87834337776579,39.52036511084257,39.54844071761512,102693200
2017-12-08,39.62799072265625,40.00936770934912,39.49930847795134,39.8900428102044,93420800
2017-12-11,40.40010070800781,40.451575032247945,39.49228470247444,39.588214449480425,141095200
2017-12-12,40.17314529418945,40.33458716270803,40.11699408436946,40.27843238274499,77636800
2017-12-13,40.3065185546875,40.6036616119481,40.24334486253051,40.36033133015415,95273600
2017-12-14,40.29481506347656,40.50773126956109,40.16144879038737,40.33692847383528,81906000
2017-12-15,40.70426559448242,40.75105946033409,40.35096780163774,40.62471566552028,160677200
2017-12-18,41.27750396728516,41.46000256744993,40.91250676695561,40.91718722520547,117684400
2017-12-19,40.83763885498047,41.03651729897694,40.73235173704165,40.95228689059707,109745600
2017-12-20,40.79318618774414,41.04353539345949,40.53581450883679,40.91484955400582,93902400
2017-12-21,40.94760894775391,41.18392393669364,40.73469625444658,40.75107250617287,83799600
2017-12-22,40.94760894775391,41.04353872405332,40.828284016110615,40.87039743781616,65397600
2017-12-26,39.90876388549805,40.11933809181154,39.70052455306013,39.962576659085975,132742000
2017-12-27,39.91578674316406,39.957900160542586,39.70755096023451,39.79880026803186,85992800
2017-12-28,40.0280876159668,40.20824776415976,39.88770243579035,40.00936935393371,65920800
2017-12-29,39.59523391723633,39.91343721247929,39.59289547342585,39.89706096551949,103999600
2018-01-02,40.30416870117188,40.3135296160415,39.60225003195517,39.81282777480597,102223600
2018-01-03,40.29716110229492,40.83998007240303,40.23399097485094,40.367353702932206,118071600
2018-01-04,40.484336853027344,40.587285516147695,40.262063277732224,40.36968882907173,89738400
2018-01-05,40.945255279541016,41.03182410540059,40.48900886331186,40.58025814655769,94640000
2018-01-08,40.79318618774414,41.08799082619294,40.6949144047839,40.79318618774414,82271200
2018-01-09,40.78849411010742,40.959293319195865,40.57323948094897,40.83996843122607,86336000
2018-01-10,40.77913284301758,40.781474856775525,40.47730939010454,40.51474590880253,95839600
2018-01-11,41.01076889038086,41.05990476936201,40.825931873561046,40.84932702105531,74670800
2018-01-12,41.434268951416016,41.49744264769773,41.0973473314388,41.22135270960487,101672400
2018-01-16,41.22368240356445,41.97239490744549,41.211983045506045,41.62377403010491,118263600
2018-01-17,41.9045524597168,41.93964697054688,40.96164185388447,41.21432947214807,137547200
2018-01-18,41.94198989868164,42.13852989077325,41.7056785034929,41.96772706608984,124773600
2018-01-19,41.75480651855469,42.01685503172588,41.509134252385074,41.78990102651753,129700400
2018-01-22,41.41320037841797,41.59569894193177,41.31961265307756,41.48339295749472,108434400
2018-01-23,41.42257308959961,41.98411036038649,41.37110232066807,41.483408346767774,130756400
2018-01-24,40.76276016235352,41.48339714467017,40.52410679746099,41.47169778528601,204420400
2018-01-25,40.03511047363281,40.93356571913233,39.89940573809218,40.83061705285022,166116000
2018-01-26,40.128692626953125,40.243340638442135,39.78943262048329,40.243340638442135,156572000
2018-01-29,39.2981071472168,39.81284703968927,39.08987131739247,39.81284703968927,202561600
2018-01-30,39.06645584106445,39.16004357406714,38.535336352409104,38.7295342900257,184192800
2018-01-31,39.174095153808594,39.41041015348423,38.95650199148942,39.043070853468734,129915600
2018-02-01,39.2559814453125,39.452517867378766,39.01732803557838,39.11325780235259,188923200
2018-02-02,37.55264663696289,39.026676471320826,37.45905891452289,38.83949745629807,346375200
2018-02-05,36.61442947387695,38.34348949027586,36.49978143923265,37.22509903691603,290954000
2018-02-06,38.14461517333984,38.30605710300419,36.03183942022029,36.22603742473362,272975200
2018-02-07,37.328033447265625,38.231168949040736,37.21806947306256,38.15863792407695,206434400
2018-02-08,36.300907135009766,37.669650523067176,36.27283151930214,37.50352813312676,217562000
2018-02-09,36.744911193847656,37.09260194445449,35.295412891463684,36.89996378245455,282690400
2018-02-12,38.224945068359375,38.50215699971971,37.0033227171409,37.23590156313725,243278000
2018-02-13,38.60788345336914,38.70420433662891,37.975929558630334,38.04640834113016,130196800
2018-02-14,39.31970977783203,39.359646916272006,38.26489040714786,38.30247598263867,162579600
2018-02-15,40.63999176025391,40.66348229136409,39.70263246077714,39.88822307075236,204588800
2018-02-16,40.508426666259766,41.06990516321452,40.35337770162429,40.49198365419626,160704400
2018-02-20,40.372188568115234,40.93835966389752,40.27116813864954,40.41917323044115,135722000
2018-02-21,40.18894958496094,40.90547381713717,40.17485095873198,40.60241967016987,149886400
2018-02-22,40.5248908996582,40.86553419317909,40.33930022295099,40.36044278396192,123967600
2018-02-23,41.22966766357422,41.26490526188542,40.76920939900944,40.79975104067896,135249600
2018-02-26,42.04485702514648,42.14352586821339,41.396460234407215,41.42934984876285,152648800
2018-02-27,41.908599853515625,42.399596100612726,41.85456768273009,42.075399491200336,155712400
2018-02-28,41.845176696777344,42.43249392454348,41.82873367844383,42.1129932092507,151128400
2018-03-01,41.11219787597656,42.235147908327306,40.5624699189913,41.943837330028686,195208000
2018-03-02,41.396446228027344,41.41758877623835,40.51311931043463,40.59534511085238,153816000
2018-03-05,41.539772033691406,41.75590432996107,40.99943950066743,41.16153961904458,113605600
2018-03-06,41.50453186035156,41.87571676450101,41.37767292119403,41.79584248485739,95154000
2018-03-07,41.11924743652344,41.311889179650166,40.94070431594449,41.09810487975081,126814000
2018-03-08,41.56794738769531,41.61023248984186,41.12863543124704,41.22495269214697,95096400
2018-03-09,42.28213119506836,42.28683073553249,41.673671546479305,41.80758156446404,128740800
2018-03-12,42.690914154052734,42.84831473803731,42.33617584549344,42.354966841900726,128828400
2018-03-13,42.279781341552734,43.10907275407872,42.1082857615601,42.89528848118307,126774000
2018-03-14,41.92034149169922,42.40898969764061,41.77233645097069,42.362005051524825,117473600
2018-03-15,41.96968460083008,42.34322105481381,41.83343016846324,41.93444700361445,90975200
2018-03-16,41.82168197631836,42.080099379873786,41.727709078453145,41.96968346531936,157618800
2018-03-19,41.18268203735352,41.69247292758487,40.79740210449804,41.65723533010099,133787200
2018-03-20,41.1685791015625,41.53506438389557,41.09810033541408,41.1685791015625,78597600
2018-03-21,40.23592376708984,41.133342496005184,40.2335722043143,41.12159543622554,148219600
2018-03-22,39.66741943359375,40.567186554087385,39.60868769240377,39.93758400918726,165963200
2018-03-23,38.74883270263672,39.91876733613964,38.74883270263672,39.55932956569778,164115200
2018-03-26,40.588321685791016,40.66584799327797,39.10123397243239,39.48416596813154,150164800
2018-03-27,39.54758834838867,41.14743975601389,39.2139926238872,40.802096971098365,163690400
2018-03-28,39.11062240600586,39.94226549266874,38.80756833575712,39.291517090797406,166674000
2018-03-29,39.41603088378906,40.34869086628051,39.20929408624951,39.42307840327794,153594000
2018-04-02,39.15761184692383,39.68854890632688,38.63842543352329,39.14821634870157,150347200
2018-04-03,39.559329986572266,39.643903791381845,38.73473807820319,39.38313485861057,121112000
2018-04-04,40.3157958984375,40.40976520228885,38.70889714356491,38.734739239828905,138422000
2018-04-05,40.595359802246094,40.93130347216911,40.42621218594805,40.54367560922729,107732800
2018-04-06,39.55698394775391,40.52018187700721,39.51469525092662,40.165443625813566,140021200
2018-04-09,39.94930648803711,40.66348244410769,39.90232184094147,39.90936935877088,116070800
2018-04-10,40.70107650756836,40.87727164396476,40.29700204132335,40.64234479543622,113634400
2018-04-11,40.510780334472656,40.858471015088746,40.33693320181526,40.46144412632032,89726400
2018-04-12,40.91016006469727,41.11219729191981,40.651739104982695,40.7386644739953,91557200
2018-04-13,41.04876327514648,41.309532195215816,40.842030106003335,41.06051033337822,100497200
2018-04-16,41.30484008789063,41.3917618744456,41.07226121814989,41.1192458707553,86313600
2018-04-17,41.87335205078125,42.037800085705385,41.44343559788781,41.46223017112176,106421600
2018-04-18,41.77938461303711,42.00961547654327,41.5538568743234,41.77233709524598,83018000
2018-04-19,40.595359802246094,41.20381947450477,40.56247018711588,40.82088756751069,139235200
2018-04-20,38.93206787109375,40.22416521428557,38.86393709465803,40.07851175179287,261964400
2018-04-23,38.81930541992188,39.21398072019038,38.54913745120856,39.19283816868281,146062000
2018-04-24,38.27898025512695,39.075382107078006,37.87490579962444,38.9203295308435,134768000
2018-04-25,38.44578170776367,38.86160328074757,38.154474676608544,38.20380731298821,113528400
2018-04-26,38.579689025878906,38.93442729205529,38.37999976208661,38.55619490612709,111852000
2018-04-27,38.133331298828125,38.60553301752879,37.736304314562105,38.52800672018398,142623200
2018-04-30,38.82400894165039,39.29386262956207,38.02055956548532,38.08869035766404,169709600
2018-05-01,39.72613525390625,39.74962579014744,38.82636490930883,39.0941813984154,214277600
2018-05-02,41.48103713989258,41.758249112359714,40.83028873791382,41.166232425025626,266157600
2018-05-03,41.55621719360352,41.69952273908075,40.98064703329983,41.31894232653787,136272800
2018-05-04,43.18659591674805,43.285264746794,41.85690931168847,41.875703886654165,224805200
2018-05-07,43.499053955078125,44.08871902485771,43.40273309167816,43.50374991083004,169805600
2018-05-08,43.708133697509766,43.74807082502772,43.14900674286115,43.45911185257509,113611200
2018-05-09,44.015899658203125,44.02529515598114,43.51315628663752,43.82560946207637,92844800
2018-05-10,44.645503997802734,44.723030300623904,44.08402888164317,44.10517502583062,111957200
2018-05-11,44.47570037841797,44.82237483155684,44.20685116971051,44.68795202646433,104848800
2018-05-14,44.37192916870117,44.6973795056611,44.30353925656138,44.574745471679925,83115200
2018-05-15,43.96866226196289,44.11723805875026,43.65264721346762,44.04884454020393,94780800
2018-05-16,44.379005432128906,44.445041913162775,43.864891761356354,43.88140178124538,76732400
2018-05-17,44.09836959838867,44.55116807100797,43.94979380634148,44.33655939327812,69176000
2018-05-18,43.93800354003906,44.29175270097355,43.89555536801775,44.14553753264784,73190800
2018-05-21,44.24930191040039,44.636067492860136,44.07950203531832,44.33655888007339,73603200
2018-05-22,44.138458251953125,44.54409086890035,44.0488406556325,44.42617449417202,60962800
2018-05-23,44.42145538330078,44.45447182320738,43.808288815296,43.94743286781569,80233600
2018-05-24,44.37192916870117,44.53465433718114,43.91441666990919,44.51814791639791,92936000
2018-05-25,44.47333526611328,44.725674408100176,44.254008962832486,44.39079237378272,69844000
2018-05-29,44.31298065185547,44.51343996661095,44.070073161376456,44.24223369231623,90056400
2018-05-30,44.21865463256836,44.33657104492188,44.04885471089743,44.27053814188577,74762000
2018-05-31,44.07006454467773,44.39079722646225,43.8979076459214,44.152607446031645,109931200
2018-06-01,44.86481475830078,44.86952882142996,44.277590031785664,44.33419117602905,93770000
2018-06-04,45.23979568481445,45.61476888389269,45.12659697535202,45.194986887719175,105064800
2018-06-05,45.58883666992188,45.73741248113974,45.36479623612481,45.532239102618185,86264000
2018-06-06,45.746849060058594,45.77043378128438,45.26103403040243,45.66430973281479,83734400
2018-06-07,45.62420654296875,45.798720479292754,45.36007140934705,45.78457108970132,85388800
2018-06-08,45.20913696289063,45.27988750682447,44.7539814876387,45.08414589463377,106627200
2018-06-11,45.09829330444336,45.272810825351335,44.85774650355641,45.126595679888055,73234000
2018-06-12,45.345924377441406,45.42374962276294,45.07943219787274,45.13603335770362,67644400
2018-06-13,44.97330474853516,45.48742201526099,44.91198952894419,45.37893736680692,86553600
2018-06-14,44.99687576293945,45.17846793291158,44.8600923776312,45.17375027175721,86440400
2018-06-15,44.534664154052734,44.8459651708129,44.39788070109959,44.81530575592877,246876800
2018-06-18,44.51108169555664,44.62428042619239,44.14789718692126,44.30826535396777,73939600
2018-06-19,43.791786193847656,43.94271901773257,43.26351951098928,43.662077454917885,134314000
2018-06-20,43.98280715942383,44.1478893620336,43.80121493729202,43.947433686908205,82514800
2018-06-21,43.73754119873047,44.4190976680132,43.614907167311685,44.15968021665077,102847600
2018-06-22,43.61020660400391,43.90027997806383,43.55832309338852,43.89320528102749,108801600
2018-06-25,42.96165084838867,43.610190899003925,42.62205111884842,43.251724117986754,126652400
2018-06-26,43.494625091552734,43.989875223254224,43.048901412430034,43.15502901102434,98276800
2018-06-27,43.43095016479492,44.16674702488618,43.400290762784,43.68328927831745,101141200
2018-06-28,43.746978759765625,43.91442160952756,43.3460637711596,43.41681432174242,69460800
2018-06-29,43.65499114990234,44.14552359670196,43.136159930688606,43.93327200803173,90950800
2018-07-02,44.14317321777344,44.171475595281485,43.25644335717007,43.35077861799314,70925200
2018-07-03,43.37436294555664,44.32476872776422,43.28474534077039,44.28703462064132,55819200
2018-07-05,43.723392486572266,43.961585878435855,43.459260945558434,43.690376043945534,66416800
2018-07-06,44.32949066162109,44.43797173189767,43.67623281339386,43.72811631605583,69940800
2018-07-09,44.94499969482422,44.96858080744119,44.64313410456217,44.6902999283178,79026400
2018-07-10,44.89077758789063,45.110100377637,44.85068284280704,44.97567754487832,63756400
2018-07-11,44.30826950073242,44.75635040038795,44.24459363443675,44.45448469142617,75326000
2018-07-12,45.05114364624024,45.14076127002318,44.64551090499141,44.697394413652766,72164400
2018-07-13,45.12187576293945,45.242149157373184,45.02046581983031,45.062917581615146,50055600
2018-07-16,45.0228385925293,45.43318534216058,44.90727923050014,45.16669673769916,60172400
2018-07-17,45.150177001953125,45.249226320159714,44.619553341082245,44.749262066777305,62138000
2018-07-18,44.90256118774414,45.23272924852803,44.79171949001588,45.22801158520352,65573600
2018-07-19,45.25160217285156,45.40960972875177,44.73512772676942,44.73512772676942,81147200
2018-07-20,45.1478271484375,45.38129929328812,44.84831851576083,45.228009428517055,82704800
2018-07-23,45.18790435791016,45.27044724335438,44.70444659713996,44.96857807292714,63957600
2018-07-24,45.515724182128906,45.67137467251111,45.2916837724395,45.38601544014374,74791600
2018-07-25,45.9449348449707,45.95200953909044,45.38129115760423,45.52986693116255,66839600
2018-07-26,45.80107879638672,46.213786098393896,45.65957771057542,45.89541045457952,76304000
2018-07-27,45.039344787597656,46.03220240716992,44.83181438141604,45.98503656933422,96096000
2018-07-30,44.7869987487793,45.327054166940535,44.58890010095334,45.25630362171064,84118000
2018-07-31,44.87661743164063,45.31290950732972,44.65257701379592,44.87897806245876,157492000
2018-08-01,47.52030563354492,47.58162086147488,46.53216569994232,46.96138309102007,271742800
2018-08-02,48.90935516357422,49.1428308876764,47.24909414330328,47.30333466964215,249616000
2018-08-03,49.05084991455078,49.22772445882845,48.458907469980886,48.82444891452577,133789600
2018-08-06,49.30555725097656,49.34800542082201,48.8338917272411,49.05321446848736,101701600
2018-08-07,48.84333038330078,49.40697062018199,48.76078746552856,49.36452244431482,102349600
2018-08-08,48.8763427734375,49.00840855209186,48.2325203032362,48.59334416224635,90102000
2018-08-09,49.2607421875,49.472990206787024,48.86454132670314,49.41403202381597,93970400
2018-08-10,49.11402130126953,49.48557902120588,48.9104936737248,49.07378955771502,98444800
2018-08-13,49.43115234375,49.92340537094262,49.154260693043554,49.53528327792544,103563600
2018-08-14,49.639404296875,49.83109820052466,49.28677981496923,49.73643570353363,82992000
2018-08-15,49.75536346435547,49.87369337817859,49.30334232687699,49.51396942903644,115230400
2018-08-16,50.48427963256836,50.60024064494456,50.04645747690956,50.11272194430814,114001600
2018-08-17,51.492454528808594,51.5800175244301,50.446418345260085,50.51268281942928,141708000
2018-08-20,50.99073791503906,51.87110932189364,50.90790551488635,51.61551983641066,121150800
2018-08-21,50.89133071899414,51.40015154482209,50.65230557912929,51.30785435109778,104639200
2018-08-22,50.89370727539063,51.20373113650399,50.60734723529338,50.66888111445021,76072400
2018-08-23,50.99783706665039,51.36702588882089,50.78720992522527,50.79904002989907,75532800
2018-08-24,51.156394958496094,51.33152093949992,50.90790138931892,51.26052587214312,73905600
2018-08-27,51.5776481628418,51.766976764615386,51.19662566081168,51.39068485955114,82100400
2018-08-28,51.99416732788086,52.19296073140276,51.80957293730442,51.83087145672263,91107200
2018-08-29,52.77042007446289,52.89111892678054,51.9255461639556,52.10067216748591,109019200
2018-08-30,53.25556945800781,54.019979815516336,52.63315285368258,52.83431518462097,195175200
2018-08-31,53.87088394165039,54.16433985067778,53.48512722248886,53.60582244851051,173360400
2018-09-04,54.043643951416016,54.23770315227704,53.63422341854379,54.0554776662455,109560400
2018-09-05,53.69102478027344,54.35367315366947,53.27213940080851,54.19274617173465,133332000
2018-09-06,52.7988166809082,53.80462109487018,52.37282820688396,53.539559593731255,137160000
2018-09-07,52.37282943725586,53.33603322087208,52.23320098200579,52.502993086702105,150479200
2018-09-10,51.669952392578125,52.5029961870836,51.22976486827535,52.29000012691845,158066000
2018-09-11,52.97631454467773,53.08281076636289,51.25106203103439,51.59421812808349,142996000
2018-09-12,52.318397521972656,53.24846904799571,52.02730329115404,53.23427003403245,197114800
2018-09-13,53.582157135009766,54.041277818620834,52.67338418396215,52.89821031768042,166825600
2018-09-14,52.97394943237305,53.683929109361706,52.66156025229259,53.425970693396906,127997200
2018-09-17,51.56344604492188,52.76330953149824,51.41908340101543,52.573980941124496,148780400
2018-09-18,51.64864730834961,52.50298951699117,51.38358581900541,51.5421474862254,126286800
2018-09-19,51.67940139770508,51.97522615930964,50.95285766099817,51.71016832847742,108495200
2018-09-20,52.072265625,52.60475027848478,51.8640038049603,52.12196578156135,106435200
2018-09-21,51.51139068603516,52.3870315255617,51.42382407428225,52.24976836092235,384986800
2018-09-24,52.25212860107422,52.36335902352826,51.267626333584346,51.31259228450954,110773600
2018-09-25,52.583438873291016,52.73253569529579,51.99415470116234,52.00598841279066,98217600
2018-09-26,52.16455459594727,52.952632192189306,52.008358255544245,52.30181771831882,95938800
2018-09-27,53.236629486083984,53.58925394239841,52.90293825002227,52.969206326478,120724800
2018-09-28,53.42359924316406,53.44726306298628,53.01654398633508,53.19876948242372,91717600
2018-10-01,53.7833137512207,54.29449987051598,53.56795604203852,53.94660961803524,94403200
2018-10-02,54.26137161254883,54.43176699813006,53.634224437244896,53.78095239271763,99152800
2018-10-03,54.921653747558594,55.25297609687015,54.37970066265418,54.44359983400097,114619200
2018-10-04,53.9560775756836,54.9879146101768,53.65788386972213,54.616356932476414,128168000
2018-10-05,53.08043670654297,54.05547775401999,52.202430676368174,53.948981542667234,134322000
2018-10-08,52.95738220214844,53.201141588936295,52.11250469969764,52.58819336822288,118655600
2018-10-09,53.69102478027344,53.78569089712608,52.59765731141301,52.92661439379682,107564000
2018-10-10,51.20372772216797,53.56796103595944,51.130363742966665,53.35733390390222,167962400
2018-10-11,50.75171661376953,51.94684987293829,50.24763346465763,50.76828454069982,212497600
2018-10-12,52.56451416015625,52.746743237514,51.31731586452513,52.164558475955246,161351600
2018-10-15,51.44038009643555,52.49824981109706,51.41908157869824,52.33968816048203,123164000
2018-10-16,52.573997497558594,52.77279456618393,51.29840072866891,51.81195229940178,116736000
2018-10-17,52.346797943115234,52.68995403710675,51.90897573313576,52.60949054687431,91541600
2018-10-18,51.12326431274414,52.00363928676678,50.408550519609015,51.55871759140356,130325200
2018-10-19,51.9018783569336,52.36336440650148,51.456956621379305,51.606053503217865,132314800
2018-10-22,52.218997955322266,52.8603477806784,51.81431160695901,52.01547032624564,115168400
2018-10-23,52.71124267578125,52.834306797919794,50.810864538749705,51.078291300952,155071200
2018-10-24,50.90317153930664,53.066242647781394,50.77300788610359,52.68048950792541,163702000
2018-10-25,52.017822265625,52.39174516501555,51.29600918804014,51.52320417403835,119423200
2018-10-26,51.18952941894531,52.11013614750111,50.3304529551545,51.09486330644962,189033600
2018-10-29,50.22868347167969,51.99179847777258,48.77322335476921,51.87346856312014,183742000
2018-10-30,50.47954940795898,50.92446749400943,49.52581045070183,49.97072853675228,146640000
2018-10-31,51.79537582397461,52.17166412540072,51.26525645066455,51.32679032387525,153435600
2018-11-01,52.59055709838867,52.62368933605675,51.31022632288804,51.84034573672041,233292800
2018-11-02,49.1021728515625,50.56236334136385,48.61701955357503,49.59206035653076,365314800
2018-11-05,47.70825958251953,48.37090790263362,46.898883307010784,48.349609382233005,264654800
2018-11-06,48.22417449951172,48.44900061545359,47.73192162049639,47.786352370196695,127531600
2018-11-07,49.68673324584961,49.71276597298876,48.30937483931791,48.7448280831522,133697600
2018-11-08,49.51337432861328,49.90047339465784,49.10014807772856,49.86722555541948,101450400
2018-11-09,48.55866622924805,48.92439234814159,48.0314480668718,48.81515103449121,137463200
2018-11-12,46.112586975097656,47.46150731486212,46.02234127094718,47.259643068339216,204542000
2018-11-13,45.65185928344727,46.82741236651,45.46662079150977,45.509370087049234,187531600
2018-11-14,44.36231994628906,46.186207990732846,44.15570496756784,46.04846587949984,243204000
2018-11-15,45.45711135864258,45.59010269083282,44.38604917682222,44.73990396148286,185915200
2018-11-16,45.96058654785156,46.30256638175238,44.99402206817327,45.241005490578,147713200
2018-11-19,44.139068603515625,45.288497903512194,43.9324573152548,45.122258727684965,167701200
2018-11-20,42.03019332885742,43.096504796148025,41.6810892663004,42.36029811179492,271300800
2018-11-21,41.982704162597656,42.81153021281317,41.92808348913567,42.68328595925916,124496800
2018-11-23,40.9163932800293,41.93995928124868,40.87127405903531,41.54573230735616,94496000
2018-11-26,41.46973419189453,41.54810487451592,40.43429683395373,41.37949212830179,179994000
2018-11-27,41.37948989868164,41.50535696963446,40.58153818304616,40.73115163840486,165549600
2018-11-28,42.97063446044922,43.053752225732325,41.54334403678499,41.97081873624966,184250000
2018-11-29,42.640533447265625,43.41236152494973,42.20118370739476,43.379113691168406,167080000
2018-11-30,42.41018295288086,42.82578279276526,42.04207951280608,42.81628133855752,158126000
2018-12-03,43.89208984375,43.92058695583574,43.034766692325256,43.80659488375015,163210000
2018-12-04,41.96134185791016,43.3150093955715,41.86159831552917,42.97302946526893,165377200
2018-12-06,41.49349594116211,41.50774450135325,40.472306850453954,40.7905367738684,172393600
2018-12-07,40.01396179199219,41.4388758101812,39.96883893495053,41.20139014048303,169126400
2018-12-10,40.27755355834961,40.3939191668276,38.788518040620986,39.185118502126784,248104000
2018-12-11,40.04719924926758,40.79765101673973,39.6600965485078,40.766780351835095,189126800
2018-12-12,40.15882110595703,40.82852869193123,40.139821820886,40.4675495230678,142510800
2018-12-13,40.59815979003906,40.98288889960045,40.2656814225094,40.48891845088322,127594400
2018-12-14,39.29911422729492,40.15406379663115,39.251617834274576,40.1350645146745,162814800
2018-12-17,38.93338394165039,39.98069614858021,38.64602481476613,39.29198583874038,177151600
2018-12-18,39.439231872558594,39.78595878885459,39.04025421520292,39.27536624313085,135366000
2018-12-19,38.20904922485352,39.76695382167182,37.78157451871634,39.42260050585698,196189200
2018-12-20,37.2448616027832,38.4987850963863,36.88150897814493,38.0926831856918,259092000
2018-12-21,35.79620742797852,37.56072751526206,35.53497541336422,37.251995476406,382978400
2018-12-24,34.870018005371094,35.990950549802086,34.81302014550831,35.18349717525792,148676800
2018-12-26,37.32561111450195,37.33985967062577,34.843887332724314,35.21911501353624,234330000
2018-12-27,37.08337020874024,37.23061372589875,35.63946113582049,37.00975026203208,212468400
2018-12-28,37.10237503051758,37.64621909491196,36.70340095377201,37.40398276332058,169165600
2018-12-31,37.46097183227539,37.84569726235036,37.16173772111318,37.648583821681534,140014000
2019-01-02,37.50372695922852,37.724590460067255,36.6274044817337,36.784145853458895,148158800
2019-01-03,33.76808547973633,34.606409542440964,33.72296262600118,34.19318320289865,365248800
2019-01-04,35.20961380004883,35.278486653439785,34.15043005188284,34.32379352547417,234428400
2019-01-07,35.131248474121094,35.34498772125398,34.649152921842216,35.314113428905806,219111200
2019-01-08,35.80095291137695,36.05506423362693,35.271361057087084,35.51834447775036,164101200
2019-01-09,36.4089241027832,36.698656883144814,35.53497865783523,35.92920207933708,180396400
2019-01-10,36.52528762817383,36.56565974711911,35.82707935334201,36.2165556097032,143122800
2019-01-11,36.16668319702149,36.50153878834281,35.98144470474648,36.30680246578782,108092800
2019-01-14,35.62283706665039,35.924444768462564,35.437598603803195,35.82470125952503,129756800
2019-01-15,36.3519172668457,36.427910763494,35.63470984406504,35.68695695839793,114843600
2019-01-16,36.7960205078125,37.01925755806657,36.33529785069117,36.35429713408968,122278800
2019-01-17,37.01450347900391,37.4419782573986,36.39703950757352,36.62027653760977,119284800
2019-01-18,37.242488861083984,37.49422298571699,37.04299822805624,37.40397730943639,135004000
2019-01-22,36.40654754638672,37.2211215121317,36.2450554347819,37.145127995415336,121576000
2019-01-23,36.55378341674805,36.84351614102213,36.02656509052752,36.60840409054777,92522400
2019-01-24,36.26406097412109,36.68678517553782,36.03607676090995,36.59891663750267,101766000
2019-01-25,37.465728759765625,37.55360090015186,36.64878130027886,36.92426185553072,134142000
2019-01-28,37.11900329589844,37.1261275746307,36.49204140125868,36.997883309964045,104768400
2019-01-29,36.73426818847656,37.55359634769264,36.59890329069896,37.10712229266967,166348800
2019-01-30,39.24449157714844,39.45822714683114,38.052312966632,38.76952042341593,244439200
2019-01-31,39.52709579467773,40.13505822707616,39.08062179799805,39.44872512778767,162958400
2019-02-01,39.54609680175781,40.13030925502464,39.405977566123646,39.65059102884413,130672400
2019-02-04,40.66941833496094,40.766788323008775,39.726599996653896,39.75747429133821,125982000
2019-02-05,41.36523818969727,41.578977394234336,40.93064275033117,41.05175909628241,144406400
2019-02-06,41.37948989868164,41.69534616359386,41.0493850783774,41.476856235107945,112958400
2019-02-07,40.59579086303711,41.30824769496477,40.45329804715444,40.94251782527925,126966800
2019-02-08,40.64348602294922,40.70311205010361,40.16886153665804,40.30481062542633,95280000
2019-02-11,40.409759521484375,40.83430028954994,40.36683051801173,40.79613874916217,83973600
2019-02-12,40.75796890258789,40.78420450134725,40.47414841763224,40.569552249159045,89134000
2019-02-13,40.5886344909668,41.13719476369968,40.526624722123245,40.87722611368674,89960800
2019-02-14,40.73650741577149,40.846217281030114,40.39783197721137,40.47653877930612,87342800
2019-02-15,40.6458740234375,40.95115902339319,40.48607669059228,40.84383289109825,98507200
2019-02-19,40.76750946044922,40.889148896686,40.42406656800364,40.47653776808927,75891200
2019-02-20,41.02986907958984,41.33754147443536,40.78182636217737,40.82952646483924,104457600
2019-02-21,40.79851913452149,41.1109589873407,40.617257291473365,40.97501351487574,68998800
2019-02-22,41.25405883789063,41.26121367050578,40.87483815215059,40.92253824934637,75652800
2019-02-25,41.55457305908203,41.94571968208125,41.48779219461515,41.5378796626074,87493600
2019-02-26,41.57843399047852,41.80978333541097,41.30176826921919,41.43056256396765,68280800
2019-02-27,41.70721054077149,41.73821723814776,41.19681191554491,41.311296503110974,111341600
2019-02-28,41.296993255615234,41.71676290033313,41.24213831860219,41.57604632138093,112861600
2019-03-01,41.7310676574707,41.773996653747055,41.23497863344471,41.56649922650965,103544800
2019-03-04,41.94094467163086,42.39410097599845,41.4925558286642,41.90278314472232,109744800
2019-03-05,41.8646354675293,41.976732715355126,41.628515035862925,41.96242304785135,78949600
2019-03-06,41.62375259399414,41.85510195130556,41.485419725962615,41.65952676706904,83241600
2019-03-07,41.14196014404297,41.60465871287591,41.0274791869895,41.46870961945666,99185600
2019-03-08,41.239742279052734,41.27790380614396,40.42644247442823,40.622017571308106,95997600
2019-03-11,42.66838455200195,42.7208557482408,41.82169785846887,41.855088288867776,128044000
2019-03-12,43.14778518676758,43.5675511663907,42.780486770223504,42.930745544199205,129870400
2019-03-13,43.33858871459961,43.71780942231808,43.15016840672244,43.46737934842093,124130000
2019-03-14,43.82035827636719,43.90860727009879,43.54130890969814,43.86090353758059,94318000
2019-03-15,44.390384674072266,44.67897625421365,43.82274735566281,44.08748706861486,156171600
2019-03-18,44.843544006347656,44.931789362919865,44.31167721809288,44.31406458834656,104879200
2019-03-19,44.48818588256836,45.0749077861501,44.3426981823625,44.922265251449296,126585600
2019-03-20,44.8769416809082,45.19415263672283,44.05887055501057,44.41662677956,124140800
2019-03-21,46.52976608276367,46.82551249017216,45.27046466941773,45.32055213394936,204136800
2019-03-22,45.56620407104492,47.149870977024335,45.50180695205783,46.58938494734348,169630800
2019-03-25,45.01527404785156,45.78802515555478,44.50487531846958,45.67592791524002,175381200
2019-03-26,44.55017852783203,46.00267123954299,44.023086513229856,45.71169595103682,199202000
2019-03-27,44.950870513916016,45.25853921871362,44.4929430532049,45.01765137448114,119393600
2019-03-28,45.010498046875,45.21084063526759,44.72667756034346,45.06535297575496,83121600
2019-03-29,45.30385208129883,45.3348587781949,44.96756043418868,45.27523275449241,94256000
2019-04-01,45.61152648925781,45.716465238779,44.929404601308974,45.70692667583484,111448000
2019-04-02,46.27457427978516,46.37951668371144,45.56621669256709,45.57575525688568,91062800
2019-04-03,46.59177017211914,46.86604838891095,46.067058321987226,46.090910184005295,93087200
2019-04-04,46.6728744506836,46.8350555145508,46.06468818261306,46.45821854703762,76457200
2019-04-05,46.98532104492188,47.00917291740986,46.7301198385826,46.85414302480752,74106400
2019-04-08,47.72467803955078,47.755681101848495,46.82790017839874,46.84698094558115,103526800
2019-04-09,47.58157730102539,48.38056764876141,47.51718016237022,47.77715244831723,143072800
2019-04-10,47.84871292114258,47.87733590074293,47.266762072835874,47.38601417652871,86781200
2019-04-11,47.45039367675781,47.93932784783885,47.32875788639063,47.90355368575557,83603200
2019-04-12,47.43131637573242,47.73421764754132,46.796898139641456,47.51002317734974,111042800
2019-04-15,47.517181396484375,47.66505644609924,47.2262060386002,47.36215515270482,70146400
2019-04-16,47.52195358276367,48.02758123423002,47.357385131107456,47.572041057335646,102785600
2019-04-17,48.44734954833984,48.50697558632508,47.369309762567,47.59111687701552,115627200
2019-04-18,48.6214599609375,48.69062456855269,48.301865248411815,48.44496556601438,96783200
2019-04-22,48.78124237060547,48.87902992320687,48.25891781907729,48.3757861360363,77758000
2019-04-23,49.48483657836914,49.54923371338613,48.63099134409102,48.7573982436491,93292000
2019-04-24,49.40851211547852,49.7233356470686,49.38227651790569,49.45621220944261,70162400
2019-04-25,48.96014022827149,49.55162960525833,48.921978684134224,49.3298224536202,74172800
2019-04-26,48.72639083862305,48.89334298926619,48.20644998172418,48.86949112233834,74596400
2019-04-29,48.800323486328125,49.12468920417565,48.6214454133817,48.75023602461829,88818800
2019-04-30,47.86062240600586,48.51173764933064,47.48855655267741,48.43064712012503,186139600
2019-05-01,50.20989608764648,51.35232939695796,49.9022236875031,50.057253572929376,259309200
2019-05-02,49.88314056396485,50.71790507301995,49.63986895589644,50.04770900660693,127985200
2019-05-03,50.50325012207031,50.5247146205948,50.14072282120273,50.29813642228416,83569600
2019-05-06,49.72333526611328,49.80919689030437,48.53558583087321,48.72400247433716,129772400
2019-05-07,48.3829460144043,49.47052422124375,47.8987829410901,49.10322947707866,155054800
2019-05-08,48.392486572265625,48.97443723236416,48.11820827819037,48.15398244201437,105358000
2019-05-09,47.87253952026367,48.10150140045921,46.90421353185238,47.796216467342845,139634400
2019-05-10,47.20934295654297,47.60918188331269,46.15349214662306,47.26680569139999,164834800
2019-05-13,44.4655647277832,45.36579237166061,43.77842304776529,44.94201700800786,229722400
2019-05-14,45.169464111328125,45.4184619831724,44.39134073852921,44.63076331477503,146118800
2019-05-15,45.710567474365234,45.909288693023,44.53739806425962,44.59725372096499,106178800
2019-05-16,45.50944519042969,46.08166501987308,45.21255987117796,45.468743789558665,132125600
2019-05-17,45.25087738037109,45.70577891917145,44.71456937030482,44.75527077928806,131516400
2019-05-20,43.83588409423828,44.13755891617456,43.163107155315394,43.93883771462418,154449200
2019-05-21,44.67626953125,45.01145979178377,44.22136428818292,44.34586509350968,113459200
2019-05-22,43.76167297363281,44.4631832586703,43.70660678542231,44.21178873804868,118994400
2019-05-23,43.0146713256836,43.22536075947972,42.57173799121202,43.04819034833066,146118800
2019-05-24,42.84946060180664,43.608429762680224,42.76566123520502,43.14394936030299,94858800
2019-05-28,42.67228317260742,43.23732057790703,42.59566985074056,42.83748532867149,111792800
2019-05-29,42.46878433227539,42.94044717291875,42.13837995674067,42.238937015968816,113924800
2019-05-30,42.68904876708984,42.91171002345526,42.29878877414538,42.60524939880032,84873600
2019-05-31,41.91572189331055,42.61483553961218,41.89656764437496,42.193449369628034,108174400
2019-06-03,41.49192428588867,42.59805518160636,40.7664743278793,42.042596823686296,161584400
2019-06-04,43.00988006591797,43.055370949044665,41.78403739904803,42.00430577492002,123872000
2019-06-05,43.70420837402344,44.290796781787606,43.36901812955792,44.12080509497317,119093600
2019-06-06,44.34585952758789,44.40571518469204,43.6108303047652,43.83349524890833,90105200
2019-06-07,45.52620315551758,45.9499821546274,44.47753471563899,44.65470509073558,122737600
2019-06-10,46.108001708984375,46.77598911152849,45.87815442067426,45.923645296205336,104883600
2019-06-11,46.64190673828125,46.92682015949159,46.35220749640894,46.6538785965326,107731600
2019-06-12,46.49347686767578,46.919648817978434,46.30193805046919,46.436014126524086,73012800
2019-06-13,46.48390197753906,47.11597757221876,46.35222245417614,46.615585154201376,86698400
2019-06-14,46.14631652832031,46.34982356084615,45.56212475815353,45.86140302948494,75046000
2019-06-17,46.42164993286133,46.67783388039263,46.00984274939172,46.18462023261922,58676400
2019-06-18,47.513427734375,47.95396456670704,46.73770062815989,46.93881479248974,106204000
2019-06-19,47.37454605102539,47.85578778829949,47.2404699870302,47.80790034833085,84496800
2019-06-20,47.7552375793457,48.03057213210239,47.41286133169161,47.97310938789001,86056000
2019-06-21,47.592430114746094,48.08803671259237,47.44159268874081,47.5972195902715,191202400
2019-06-24,47.54454803466797,47.92283624223558,47.44638387600242,47.53496908327158,72881600
2019-06-25,46.82388687133789,47.70735333308996,46.75684517194282,47.50863210598545,84281200
2019-06-26,47.83663558959961,48.12154906442843,47.25005095787499,47.3506080101736,104270000
2019-06-27,47.82226943969727,48.26041321777397,47.7815680377949,47.95394894155248,83598800
2019-06-28,47.386512756347656,47.76480084049778,47.17821629767765,47.56847258721929,124442400
2019-07-01,48.2556266784668,48.95952972038265,48.04014414238902,48.64349012878817,109012000
2019-07-02,48.53814697265625,48.63391821311523,48.21013915067002,48.2221110123898,67740800
2019-07-03,48.94037628173828,48.94755866772957,48.528569102842056,48.6698275650695,45448000
2019-07-05,48.89728164672852,49.10079233915633,48.57884911730465,48.68659222111898,69062000
2019-07-08,47.88930892944336,48.21970962943666,47.50383840170208,48.07845117383741,101354400
2019-07-09,48.181396484375,48.2460379441199,47.59959777358294,47.69297242429053,82312000
2019-07-10,48.65785217285156,48.77756346841761,48.25801688405682,48.32745148133247,71588400
2019-07-11,48.30350875854492,48.93558426605638,48.29393346215335,48.677007423897294,80767200
2019-07-12,48.67462921142578,48.842224348628726,48.41126281489259,48.4711184819865,70380800
2019-07-15,49.13191986083984,49.289936021261454,48.84221686901794,48.86376402908005,67789600
2019-07-16,48.9619255065918,49.34739606869253,48.72250288797765,48.98347266547525,67467200
2019-07-17,48.68658828735352,49.10318128279168,48.66743404051857,48.854183380535474,56430000
2019-07-18,49.23963928222656,49.29231253203779,48.77036950753511,48.842196998486585,74162400
2019-07-19,48.5046272277832,49.44077053948735,48.44956104865332,49.2707788735222,83717200
2019-07-22,49.61315155029297,49.61554446110949,48.74883581666229,48.75841111322735,89111600
2019-07-23,50.00101852416992,50.017779860965895,49.62991273666517,49.91004041383206,73420800
2019-07-24,49.9603157043457,50.07523753448428,49.60118178852593,49.720893093799184,59966400
2019-07-25,49.56526565551758,50.09678409812618,49.4958310584991,50.01298473022078,55638400
2019-07-26,49.73765563964844,50.21410430811092,49.59400060850746,49.675403421281054,70475600
2019-07-29,50.2021369934082,50.43198433339106,49.90525526033395,49.91004473601888,86693600
2019-07-30,49.98665618896485,50.31706058603145,49.63470463208069,49.981866713461145,135742800
2019-07-31,51.006595611572266,53.0009865627098,50.59000257247256,51.81584527199262,277125600
2019-08-01,49.90285873413086,52.2013175225248,49.49823754428213,51.2125008575506,216071600
2019-08-02,48.84699249267578,49.4239980949657,48.27477271128733,49.20851924885061,163448400
2019-08-05,46.28996658325195,47.56130005899529,46.108006714672,47.40328391275704,209572000
2019-08-06,47.166259765625,47.422443742301255,46.45756714849681,47.00105756059818,143299200
2019-08-07,47.6546745300293,47.77917530974308,46.4048918709798,46.7855729428345,133457600
2019-08-08,48.70574951171875,48.7296932388133,47.73848358187616,47.93241535012258,108038000
2019-08-09,48.30437850952149,48.72976393634565,47.89581076547992,48.37888091759197,98478800
2019-08-12,48.18181610107422,48.55913955371263,47.862173717776,47.97513018657987,89927600
2019-08-13,50.22223663330078,50.98408951762822,48.18181426451599,48.31159574878954,188874000
2019-08-14,48.72737121582031,49.61419794208263,48.68891716975622,48.825908333667165,146189600
2019-08-15,48.484642028808594,49.30177042418164,47.98715238184237,48.89801389955404,108909600
2019-08-16,49.62860870361328,49.78722886579138,48.989324050359016,49.09507082514442,110481600
2019-08-19,50.55389022827149,51.12587848929439,50.47698214806522,50.61877729536903,97654400
2019-08-20,50.556297302246094,51.274892121646914,50.54668562484565,50.68127111152873,107537200
2019-08-21,51.104251861572266,51.34698612513652,50.85430792354824,51.18836961984207,86141600
2019-08-22,51.06100082397461,51.53685773953752,50.65003098745678,51.23644237187765,89014800
2019-08-23,48.700927734375,50.96245512141073,48.30678298506462,50.33278212314745,187272000
2019-08-26,49.62621688842773,49.79444876140259,49.28253979982642,49.47480636916046,104174400
2019-08-27,49.06624221801758,50.1213008461803,48.91483169869876,49.955470975912974,103493200
2019-08-28,49.39549255371094,49.44115627304832,48.864360275642376,49.05181915815829,63755200
2019-08-29,50.231842041015625,50.30634811863267,49.66706345619883,50.10927391421569,83962000
2019-08-30,50.16696548461914,50.57793166287148,49.79685169001332,50.508236909621736,84573600
2019-09-03,49.43634796142578,49.74397297835489,49.08065722319765,49.611789494397975,80092000
2019-09-04,50.27511215209961,50.34480690239136,49.82569194490394,50.08284558735108,76752400
2019-09-05,51.258060455322266,51.42389028961686,50.83267135872036,50.95043547788671,95654800
2019-09-06,51.253265380859375,51.53205173117485,51.07301615444194,51.44312995297315,77449200
2019-09-09,51.47196578979492,52.01752111151944,50.72693789572652,51.63298798303403,109237600
2019-09-10,52.07999801635742,52.099225036483446,50.88074243182706,51.39745530418963,127111600
2019-09-11,53.73590087890625,53.76474325009253,52.32755338078154,52.40926915409926,177158400
2019-09-12,53.61572265625,54.41602951693154,53.56044726361797,54.02669243174888,128906800
2019-09-13,52.57268142700195,53.06295761966519,52.156907647555165,52.87309674944196,159053200
2019-09-16,52.849063873291016,52.904342934889065,52.28668725047645,52.32754329567108,84632400
2019-09-17,53.04132843017578,53.07017079472141,52.66160302374134,52.86348490684392,73274800
2019-09-18,53.538818359375,53.558045380154766,52.73851149691622,53.12784858296348,101360000
2019-09-19,53.103816986083984,53.77674437024011,52.96201816775611,53.35616292155293,88242400
2019-09-20,52.32754898071289,53.48835439269536,52.26506390489358,53.20476404800031,221652400
2019-09-23,52.56548309326172,52.83465410674232,52.3083257615272,52.620758497705765,76662000
2019-09-24,52.315528869628906,53.471530215080406,52.19776839960509,53.12064347326149,124763200
2019-09-25,53.12063980102539,53.2335962580172,52.1857474445808,52.52461681555622,87613600
2019-09-26,52.84666061401367,53.09901022097145,52.59190900463546,52.87309730935552,75334000
2019-09-27,52.58951187133789,53.10382280973313,52.21939810228417,53.00288002386058,101408000
2019-09-30,53.82722091674805,53.973823753886,53.06296236123528,53.08939905865949,103909600
2019-10-01,53.97623062133789,54.84863804778662,53.88250117060058,54.09159276622988,139223200
2019-10-02,52.6231575012207,53.73349145834526,52.37561187967944,53.60851764627017,138449200
2019-10-03,53.07017135620117,53.1038177258777,51.70268021152755,52.49577373492866,114426000
2019-10-04,54.55782699584961,54.67318912519149,53.80799149102436,54.22857296123739,138478800
2019-10-07,54.569854736328125,55.25960730535331,54.2766490193029,54.37999382145774,122306000
2019-10-08,53.93056869506836,54.81018582649594,53.913747340365,54.27184380110814,111820000
2019-10-09,54.5626335144043,54.74528471456468,54.22857181467111,54.5626335144043,74770400
2019-10-10,55.29804611206055,55.38216386580803,54.62752075309472,54.77892757578947,113013600
2019-10-11,56.76889801025391,57.11257146209531,55.83159977697895,55.98541231262477,166795600
2019-10-14,56.68717575073242,57.23032907007983,56.39877773778656,56.45405313736609,96427600
2019-10-15,56.55499649047852,57.11496750151027,56.44924969566711,56.812150134970125,87360000
2019-10-16,56.32667541503906,56.53576699278494,56.04548708687691,56.08634313450599,73903200
2019-10-17,56.54538345336914,56.75447138162127,56.12239992403728,56.49971972945663,67585200
2019-10-18,56.81695175170898,57.098140062206895,56.30744485530396,56.37954526837045,97433600
2019-10-21,57.80231857299805,57.91768071421455,57.03566163738293,57.083727362633255,87247200
2019-10-22,57.67013931274414,58.20848130833189,57.58842354511688,57.95853733426326,82293600
2019-10-23,58.44400024414063,58.45842326091589,57.97295104383975,58.18444461705697,75828800
2019-10-24,58.54013442993164,58.83334009101944,58.1147452876683,58.76364167949989,69275200
2019-10-25,59.26114273071289,59.2971911111261,58.371913897779336,58.439206652670734,73477200
2019-10-28,59.85475158691406,59.902817306683154,59.29477696701474,59.46300881979624,96572800
2019-10-29,58.47044372558594,60.02299199906073,58.29740784317792,59.83553309820382,142839600
2019-10-30,58.46323394775391,58.95351389312253,57.97055566675113,58.82373239756854,124522000
2019-10-31,59.7850456237793,59.88358272052478,57.02122491363465,59.41974326593768,139162000
2019-11-01,61.48180389404297,61.50823692360431,59.88119007430968,59.972513844449246,151125200
2019-11-04,61.88556289672852,61.969680662683295,61.37605963006652,61.84470318148446,103272000
2019-11-05,61.7966423034668,62.05139394165395,61.60197373719849,61.77741161321152,79897600
2019-11-06,61.82307052612305,61.88315359336873,61.37365035662275,61.71011406632682,75864400
2019-11-07,62.53657913208008,62.75835184206119,62.218386383298345,62.3702514386886,94940400
2019-11-08,62.70775604248047,62.780069259509496,61.91468676595471,62.358224995286456,69986400
2019-11-11,63.204322814941406,63.26940470655906,62.25938848011843,62.264206908852415,81821200
2019-11-12,63.14644241333008,63.346521158465045,62.89575179355254,63.047609486611634,87388800
2019-11-13,63.75149154663086,63.82621762764174,62.93191019090108,62.94637282874981,102734400
2019-11-14,63.31037902832031,63.85033723289111,63.18020790529742,63.5779452383564,89182800
2019-11-15,64.06246185302734,64.06728028085237,63.39956388635737,63.5610658168469,100206400
2019-11-18,64.38545989990234,64.4650044028249,63.6936367950426,64.07208560229782,86703200
2019-11-19,64.19021606445312,64.60241598727268,63.97326912383115,64.57830913689737,76167200
2019-11-20,63.442962646484375,64.13960443972219,62.77042035286797,64.0094406588,106234400
2019-11-21,63.15852737426758,63.64063511840121,62.95844854087911,63.56349611380853,121395200
2019-11-22,63.10307693481445,63.44055085554972,62.876485725953685,63.29832996596771,65325200
2019-11-25,64.20950317382812,64.22637870631682,63.2814445198713,63.32724533298144,84020400
2019-11-26,63.708099365234375,64.39992246936977,63.27661108131343,64.34689034868465,105207600
2019-11-27,64.5638656616211,64.59761673344,63.95399968363429,64.01908157822496,65235600
2019-11-29,64.42163848876953,64.6024288680645,64.09621433476273,64.26495496465644,46617600
2019-12-02,63.67676544189453,64.6626744888947,63.50561932316344,64.42643914349124,94487200
2019-12-03,62.54140472412109,62.5606857892712,61.7796739140875,62.26659989018467,114430400
2019-12-04,63.09341812133789,63.4718743460508,62.83790168645125,62.93191619781911,67181600
2019-12-05,64.01908111572266,64.09381458044176,63.33208349753309,63.58760000147574,74424400
2019-12-06,65.25568389892578,65.32559157331079,64.43368941001637,64.4770846926847,106075600
2019-12-09,64.34210205078125,65.2773848846026,63.8575814192928,65.08454473165352,128042400
2019-12-10,64.71814727783203,65.10142205791261,64.08657994334212,64.74707256593162,90420400
2019-12-11,65.2701416015625,65.34969348345126,64.7229520666511,64.79767816395331,78756800
2019-12-12,65.43647003173828,65.70163071358168,64.4385110100101,64.54939371100679,137310400
2019-12-13,66.32595825195312,66.3621148543044,65.3087108196568,65.43646905221725,133587600
2019-12-16,67.4613265991211,67.6855122693703,66.7670976938844,66.77191612256408,128186000
2019-12-17,67.5938720703125,67.92170158662955,67.20577176979326,67.39138783557982,114158400
2019-12-18,67.43238830566406,67.95306540143068,67.28293612524905,67.44685094529272,116028400
2019-12-19,67.4999008178711,67.77952418481911,67.24197877244833,67.37455545601723,98369200
2019-12-20,67.3600845336914,68.13386528761846,67.14795598094871,68.0326267960508,275978000
2019-12-23,68.45927429199219,68.51953773767175,67.58424788370439,67.62281737170464,98572000
2019-12-24,68.52435302734375,68.67381254514265,68.19893632067681,68.62559884825562,48478800
2019-12-26,69.88391876220703,69.9007942963268,68.62803033131719,68.65695561473434,93121200
2019-12-27,69.85739135742188,70.86258898425908,69.45242272121374,70.17558415289048,146266000
2019-12-30,70.27201080322266,70.55404702486167,68.75337459667797,69.7754404953618,144114400
2019-12-31,70.78546142578125,70.79269274701018,69.78990785044671,69.88874081149524,100805600
2020-01-02,72.4005355834961,72.46079905454006,71.15669665838297,71.40980029421532,135480400
2020-01-03,71.69664001464844,72.45595811976894,71.47246171476719,71.62914523544616,146322800
2020-01-06,72.26792907714844,72.30649856939735,70.5685026643333,70.81920068576198,118387200
2020-01-07,71.92806243896484,72.53310260522755,71.70870255084994,72.27758611058375,108872000
2020-01-08,73.08511352539062,73.38643082203993,71.63155918060959,71.63155918060959,132079200
2020-01-09,74.63749694824219,74.83033706552648,73.81068409472688,74.06137477592067,170108400
2020-01-10,74.80624389648438,75.37031642330658,74.30485508599608,74.87133314916862,140644800
2020-01-13,76.40440368652344,76.43092342751396,75.00388181987825,75.12200317385458,121532000
2020-01-14,75.3727035522461,76.55146021431688,75.24977111147209,76.34174457661803,161954400
2020-01-15,75.04969024658203,76.05247495120804,74.61820187883205,75.17263004032235,121923600
2020-01-16,75.98979949951172,76.10068954693726,75.23048148138665,75.5920621906251,108829200
2020-01-17,76.8310775756836,76.83348311126043,75.9319442855303,76.2380799522902,137816400
2020-01-21,76.3104019165039,76.90097930249982,76.17299948734095,76.45985409290795,110843200
2020-01-22,76.58279418945312,77.13480208755844,76.4887796776353,76.79491535128935,101832400
2020-01-23,76.95159149169922,77.03113599263217,76.08861494453882,76.63581166676181,104472000
2020-01-24,76.72985076904297,77.93993845348767,76.53941616685312,77.19749582877215,146537600
2020-01-27,74.47356414794922,75.15333017904537,73.49247355216795,74.74113029786567,161940000
2020-01-28,76.58038330078125,76.75152944120848,75.25458738363722,75.35342032568062,162234000
2020-01-29,78.18339538574219,79.0294966511186,77.46987813568431,78.20991513135742,216229200
2020-01-30,78.07010650634766,78.1231386457578,76.83591201430718,77.26740045058162,126743200
2020-01-31,74.60856628417969,77.78324080814086,74.31448034488959,77.36139664518089,199588400
2020-02-03,74.4036636352539,75.5679502030693,72.85127664058147,73.35266528651083,173788400
2020-02-04,76.86002349853516,77.05045810466474,75.60172207527795,76.00669078804627,136616400
2020-02-05,77.48676300048828,78.28465065522497,76.88412837567931,77.98573887898152,118826800
2020-02-06,78.39310455322266,78.39551744527337,77.19989265225486,77.75672634398214,105425600
2020-02-07,77.32752990722656,78.14180794117812,76.83702966688513,77.8929335802923,117684000
2020-02-10,77.69481658935547,77.69481658935547,75.83430131081457,75.914034625019,109348800
2020-02-11,77.22606658935547,78.26264398287658,77.00860470842123,78.19015914717811,94323200
2020-02-12,79.06001281738281,79.06484268174145,77.67549348632544,77.67549348632544,113730400
2020-02-13,78.49701690673828,78.82321339617904,78.12974813739189,78.33271303943899,94747600
2020-02-14,78.51634979248047,78.76522420824622,78.00893385896474,78.4656030374421,80113600
2020-02-18,77.07865905761719,77.25987847546425,76.01791785904396,76.19913727689102,152531200
2020-02-19,78.1949691772461,78.42451672179727,77.32028463710277,77.32028463710277,93984000
2020-02-20,77.39276123046875,78.44383521283203,76.88776405995536,77.95575362250639,100566000
2020-02-21,75.64099884033203,77.42903672549149,75.02485563249914,76.98685711850104,129554000
2020-02-24,72.04802703857422,73.49778279969091,69.88547911921196,71.8257352845529,222195200
2020-02-25,69.60761260986328,73.09911114776158,69.13644634923264,72.71734532445798,230673600
2020-02-26,70.71182250976562,71.97552869907848,69.22582460812832,69.23307309062069,198054800
2020-02-27,66.08953094482422,69.10502562675568,65.9542209950426,67.92105987924694,320605600
2020-02-28,66.05086517333984,67.27108062705318,61.94564270332902,62.16069333508348,426510000
2020-03-02,72.20023345947266,72.83571074634416,67.10434419306169,68.20615768991611,341397200
2020-03-03,69.9072265625,73.45429398937054,69.05669843915538,73.37456066472664,319475600
2020-03-04,73.14983367919922,73.30930768219956,70.82781196815235,71.62759322830975,219178400
2020-03-05,70.77705383300781,72.37902717401828,70.41219640582361,71.40527520257908,187572800
2020-03-06,69.83712768554688,70.26964007470336,67.9524487742093,68.13849804691934,226176800
2020-03-09,64.31355285644531,67.19372873000741,63.54759570178789,63.72881508116561,286744800
2020-03-10,68.94554901123047,69.21133903609883,65.08678222072572,66.96422060751131,285290000
2020-03-11,66.551025390625,67.9500415324096,65.68841908631278,67.02461750309321,255598800
2020-03-12,59.97879409790039,65.23899079548863,59.923221175115486,61.84173134619349,418474000
2020-03-13,67.16474914550781,67.63592258199654,61.11926832671573,64.00428573904365,370732000
2020-03-16,58.52421951293945,62.60044418179931,57.99022457275424,58.46139441002403,322423600
2020-03-17,61.097537994384766,62.24525757240569,57.60362512771133,59.804837684368415,324056000
2020-03-18,59.60186767578125,60.40648246464056,57.29433930824816,57.93465023452481,300233600
2020-03-19,59.14519119262695,61.09269547807698,58.62086339938416,59.7758349784017,271857200
2020-03-20,55.39033126831055,60.84866031438535,55.09071377836536,59.72509749228031,401693200
2020-03-23,54.21360397338867,55.21152015646839,51.372084613414366,55.1100377172106,336752800
2020-03-24,59.65260314941406,59.8483195377774,56.612948896316425,57.11069765855371,287531200
2020-03-25,59.32399368286133,62.399890444761496,59.02920978154729,60.587696143364745,303602000
2020-03-26,62.44580459594727,62.503792458271775,59.52696298189895,59.565624014727966,252087200
2020-03-27,59.86040878295898,61.8248250722316,59.69368630258447,61.07095335601888,204216800
2020-03-30,61.568695068359375,61.740251079824446,60.26149806281595,60.585279571290975,167976400
2020-03-31,61.44304656982422,63.4243781505614,60.88972489834924,61.75957958595021,197002000
2020-04-01,58.21010208129883,60.09719995282628,57.78000823267317,59.56079010801558,176218400
2020-04-02,59.18143844604492,59.234596446659125,57.24118248438391,58.07237629007604,165934000
2020-04-03,58.33090972900391,59.36748322353769,57.7413419398106,58.66676958439928,129880000
2020-04-06,63.4195556640625,63.57419241882452,60.25667324880632,60.62394199347429,201820400
2020-04-07,62.68500518798828,65.64975968703479,62.58110782117214,65.43229047893388,202887200
2020-04-08,64.28939819335938,64.60350888065241,63.119929845723,63.48477990198321,168895200
2020-04-09,64.75334167480469,65.25592782434815,63.95839753856709,64.92490142355433,161834800
2020-04-13,66.0242919921875,66.13302662112467,64.23142416734326,64.83065918840516,131022800
2020-04-14,69.35872650146484,69.64868059310524,67.18409293567838,67.65526649113433,194994800
2020-04-15,68.72565460205078,69.18474234820361,67.80747910974512,68.23515430833677,131154400
2020-04-16,69.27172088623047,69.63657830758835,68.22306550095219,69.43844332553729,157125200
2020-04-17,68.33180236816406,69.33455576393993,66.89654391550201,68.78847886393716,215250000
2020-04-20,66.91345977783203,68.06118282102301,66.89413295001411,67.15992291899424,130015200
2020-04-21,64.84513854980469,66.99077762058634,64.1347578473476,66.75640021366904,180991600
2020-04-22,66.7129135131836,67.14783719048366,65.77057396314187,66.11125999851906,116862400
2020-04-23,66.45438385009766,68.07811050746528,66.41572281375096,66.65734876053877,124814400
2020-04-24,68.37287902832031,68.38254612868516,66.93037215656294,66.97870028455014,126161200
2020-04-27,68.42119598388672,68.75222222241877,67.64316044289428,68.09016237151883,117087600
2020-04-28,67.31214141845703,69.06392923095741,67.22032976851494,68.88270980207805,112004800
2020-04-29,69.52302551269531,69.99178036647727,68.59518290617446,68.79814778505363,137280800
2020-04-30,70.98968505859375,71.16607461666706,69.67282835408629,70.06184250590752,183064000
2020-05-01,69.8468017578125,72.24614521202258,69.06876605288338,69.16541493960355,240616800
2020-05-04,70.83505249023438,70.96311392727311,69.1823321546666,69.87096747127923,133568000
2020-05-05,71.89820098876953,72.72939466051092,71.1491592367676,71.2941362490643,147751200
2020-05-06,72.63999938964844,73.27063948300304,72.21473542323028,72.59891973995855,142333600
2020-05-07,73.3914566040039,73.73698728324429,72.96378136839786,73.26581377672255,115215200
2020-05-08,75.13829040527344,75.19159229593362,73.72337622769179,74.05045567520663,133838400
2020-05-11,76.32064819335938,76.81489421894733,74.43812729333693,74.64649200097979,145946400
2020-05-12,75.44842529296875,77.45450365262057,75.32728527754581,77.00385895047138,162301200
2020-05-13,74.53741455078125,76.54834228640952,73.46169113408281,75.62767417091105,200622400
2020-05-14,74.99533081054688,75.05590079240729,73.05466622572446,73.77666307126731,158929200
2020-05-15,74.5519790649414,74.59801285788724,72.73487900802405,72.76880175811006,166348400
2020-05-18,76.30851745605469,76.6816307787651,75.18434194281018,75.87484151863012,135178400
2020-05-19,75.8675537109375,77.17101374486556,75.83605613168199,76.32545901161194,101729600
2020-05-20,77.34304809570312,77.41330397310716,76.68646396339064,76.72522965116472,111504800
2020-05-21,76.76644134521484,77.74525489428761,76.52900421581474,77.2049676786225,102688800
2020-05-22,77.26067352294922,77.34304783651851,76.40300024409417,76.50475370458611,81803200
2020-05-26,76.73733520507812,78.55685269616119,76.68160815192094,78.37756788987811,125522000
2020-05-27,77.07167053222656,77.2170399794521,75.85542785782724,76.59438613380821,112945200
2020-05-28,77.10559844970703,78.36303205284943,76.4708261278027,76.7470214416537,133560800
2020-05-29,77.0304946899414,77.80821132778638,76.67434283627068,77.34788086093664,153532400
2020-06-01,77.9778060913086,78.09894607051093,76.85362353528801,76.98445678308985,80791200
2020-06-02,78.33880615234375,78.36303562857958,77.27035057638682,77.71130190496551,87642800
2020-06-03,78.77005767822266,79.03172416978924,78.08682643155123,78.65861096933926,104491200
2020-06-04,78.09166717529297,78.89118797001616,77.71855402065043,78.59318839439219,87560400
2020-06-05,80.31581115722656,80.3763811505578,78.31215843959637,78.34123085338769,137250400
2020-06-08,80.79070281982422,80.82462557560363,79.30310716833353,80.01298593519961,95654400
2020-06-09,83.34188842773438,83.73438081455681,80.43937898287314,80.47087656345983,147712400
2020-06-10,85.48606872558594,85.95366732051313,83.85067883247099,84.28920501230608,166651600
2020-06-11,81.38185119628906,85.05481691401155,81.28009773597238,84.63082691049463,201662400
2020-06-12,82.0844497680664,84.26496946856898,80.97481077374836,83.5187504243347,200146000
2020-06-15,83.09960174560547,83.75133543445982,80.57746645559173,80.73979728329574,138808800
2020-06-16,85.30194854736328,85.5733083880593,83.51877109987304,85.15173611381705,165428800
2020-06-17,85.1832275390625,86.10631378252053,85.06208753447432,86.04574378022643,114406400
2020-06-18,85.2171401977539,85.63386205994001,84.60901508072114,85.13960882948713,96820400
2020-06-19,84.73015594482422,86.38735014117718,83.62293464807695,85.92217671437545,264476000
2020-06-22,86.94701385498047,87.08995815364833,85.07661214341427,85.12264593038505,135445200
2020-06-23,88.80287170410156,90.2202109211066,87.77075672869731,88.18990371305667,212155600
2020-06-24,87.2353286743164,89.35043555341034,86.86221543627708,88.4321923624518,192623200
2020-06-25,88.3934326171875,88.43219830369976,86.63205971274161,87.39039728120305,137522400
2020-06-26,85.677490234375,88.50974444409714,85.52969556777586,88.28926872428524,205256800
2020-06-29,87.65203094482422,87.74652366456861,85.1080917330766,85.58538348093731,130646000
2020-06-30,88.38374328613281,88.66963931267749,87.22080221413067,87.24018136135113,140223200
2020-07-01,88.21656036376953,89.00397030229519,88.16810880383152,88.46126551068063,110737200
2020-07-02,88.21656036376953,89.75746488824406,88.10269587070599,89.12269252080957,114041600
2020-07-06,90.57637786865234,91.04397648582848,89.61210082402599,89.6435984064739,118655600
2020-07-07,90.29533386230467,91.7320524889195,90.18388713248098,90.95433575857336,112424400
2020-07-08,92.39833068847656,92.42982827430404,91.18450541379949,91.2717300663832,117092000
2020-07-09,92.79566192626952,93.34320967936996,91.74901058829924,93.28990778547892,125642800
2020-07-10,92.9579849243164,93.01613714978424,91.78050772022172,92.39105063414506,90257200
2020-07-13,92.52916717529295,96.86840340129038,92.31595956581418,94.26146791160848,191649200
2020-07-14,94.06037902832033,94.25177492913492,90.9785767404952,91.91134894412532,170989200
2020-07-15,94.70726776123048,96.18275234256372,93.51040375185602,95.93320419288928,153198000
2020-07-16,93.5418701171875,94.3971180916464,92.94343831225127,93.58063579856042,110577600
2020-07-17,93.35291290283205,94.14759106406645,92.8804639114332,93.9925356977228,92186800
2020-07-20,95.3202133178711,95.45831468469304,93.09608481622666,93.44012565034129,90318000
2020-07-21,94.004638671875,96.18515864106796,93.75509057115264,96.110052433633,103433200
2020-07-22,94.26873779296876,94.94954409881868,93.61942907463074,93.70664633807918,89001600
2020-07-23,89.9779281616211,94.07972590175224,89.16871402354269,94.00219454397538,197004400
2020-07-24,89.75503540039062,90.0990762102355,86.3921882418588,88.17779782726093,185438800
2020-07-27,91.88224792480467,91.97431549086922,90.59332418129368,90.81621759974703,121214000
2020-07-28,90.3728485107422,91.63028207050723,90.36799817960484,91.4534150413354,103625600
2020-07-29,92.10516357421876,92.28929873601002,90.81865739523712,90.85499791564364,90329200
2020-07-30,93.21965789794922,93.3238365264906,90.87196403764284,91.27899267505968,158130000
2020-07-31,102.97868347167967,103.12889587437893,97.71151174507618,99.70790378289954,374336800
2020-08-03,105.57352447509766,108.19014587634088,104.560795710755,104.85879541958222,308151200
2020-08-04,106.2785415649414,107.3688015226526,105.04048696818748,105.76248400195036,173071600
2020-08-05,106.66376495361328,106.98357631299436,105.53473931977294,105.99992015103618,121776800
2020-08-06,110.38516998291016,110.8794231758555,106.406937145771,106.99567567916016,202428800
2020-08-07,107.87548828125,110.36333556331454,107.07937744727452,109.90702677912203,198045600
2020-08-10,109.44342803955078,110.46041197638358,106.79538698699508,109.31964010708016,212403600
2020-08-11,106.1885986328125,109.20556664025784,105.92888988244532,108.7080001695156,187902400
2020-08-12,109.7177276611328,109.97500693123462,107.0842483400898,107.27841885849968,165598000
2020-08-13,111.6594467163086,112.66186835700262,110.60847874929772,111.09634192240291,210082000
2020-08-14,111.5599365234375,111.64974056440288,109.75169319709693,111.48469489954056,165565200
2020-08-17,111.26866149902344,112.70554822258934,110.64245541048663,112.68127506102115,119561600
2020-08-18,112.19586944580078,112.62062395424891,110.68617026805988,111.02112072271991,105633600
2020-08-19,112.33661651611328,113.74923011045664,112.24196081309763,112.60360648521876,145538000
2020-08-20,114.8293228149414,114.94340001045876,112.36088962986535,112.37788158405772,126907200
2020-08-21,120.74677276611328,121.22977689357654,115.77592935893642,115.78806223773633,338054800
2020-08-24,122.19092559814452,125.03314486284968,120.32686221834298,124.9481850882098,345937600
2020-08-25,121.18850708007812,121.53316822878249,119.4676456893335,121.0647265368704,211495600
2020-08-26,122.83655548095705,123.29286429117482,121.43850421682248,122.50403462016396,163022400
2020-08-27,121.3681182861328,123.77101327398972,120.22491675397728,123.43849242247208,155552400
2020-08-28,121.17151641845705,122.75887903183632,120.9482136928383,122.34140581995464,187630000
2020-08-31,125.2807159423828,127.1836224608346,122.32928572568824,123.8632579117057,225702700
2020-09-01,130.27098083496094,130.87292869764627,126.72732074484928,128.8923509024096,151948100
2020-09-02,127.57196807861328,133.96027723036116,123.30015752319882,133.58163954392333,200119000
2020-09-03,117.35842895507812,125.08653127360424,116.9895020715435,123.21276461682936,257599600
2020-09-04,117.43611145019533,120.09628586271512,107.65947772486804,116.57204011831335,332607200
2020-09-08,109.53325653076172,115.52350643380636,109.39733569135387,110.6303339937336,231366600
2020-09-09,113.90216827392578,115.6691467263431,111.90218370886298,113.8439185975471,176940500
2020-09-10,110.18370056152344,116.98948072587952,109.22254424615308,116.85355993005454,182274400
2020-09-11,108.73713684082033,111.87304145706314,106.7954022543771,111.23226548811466,180860300
2020-09-14,111.9992446899414,112.55263871695288,109.51382694155708,111.37789025284532,140150100
2020-09-15,112.17401123046876,115.3681656075008,110.3002370034296,114.88273194668368,184642000
2020-09-16,108.86334228515624,112.62060121644382,108.7759677879104,111.87303669164396,154679000
2020-09-17,107.12549591064452,108.9313097079175,105.54298485481058,106.52356291630672,178011000
2020-09-18,103.72745513916016,107.649759782472,102.99930468969426,107.18374764280628,287104900
2020-09-21,106.87308502197266,106.97988102839548,100.09642732020316,101.49447874455224,195713800
2020-09-22,108.55268096923828,109.57209469594426,105.97988830045438,109.39733826871267,183055400
2020-09-23,103.99930572509766,108.84393137946276,103.6594962513126,108.36820848614498,150718700
2020-09-24,105.06727600097656,107.03813572764626,101.9410816453774,102.1061273331871,167743300
2020-09-25,109.00900268554688,109.16434504235312,104.5333028781218,105.27116425868894,149981400
2020-09-28,111.61089324951172,111.96040603666982,109.49440244155606,111.65943957272272,137672400
2020-09-29,110.7662353515625,111.95069452133389,110.26138766643038,111.21284078207376,99382200
2020-09-30,112.43611907958984,113.84388085140604,110.30992511829172,110.47497075139586,142675200
2020-10-01,113.38760375976562,114.2905107318788,112.45557195099242,114.21283956269843,116120400
2020-10-02,109.72742462158205,112.00896881944756,108.9507351859753,109.60121453266758,144712000
2020-10-05,113.10602569580078,113.2516572532297,110.24197049725645,110.59148327223436,106243800
2020-10-06,109.86334991455078,112.7371163040888,108.9798570944872,112.32934639868184,161498200
2020-10-07,111.72740173339844,112.18371051307484,110.80507342782536,111.28080369994235,96849000
2020-10-08,111.62059783935548,113.0089381653486,111.25166358040926,112.8633066108766,83477200
2020-10-09,113.5623550415039,113.59147987684436,111.57207401243367,111.92158685077898,100506900
2020-10-12,120.77587890625,121.53315412296922,115.80503626850115,116.5623114852204,240226800
2020-10-13,117.572021484375,121.73704283997937,116.1642669468104,121.62053610441286,262330500
2020-10-14,117.65940856933594,119.4458008172495,116.1351472290792,117.47494141501436,150712000
2020-10-15,117.19338989257812,117.66911279151616,114.70797199610068,115.26136605608602,112559200
2020-10-16,115.5526123046875,118.00891257285696,115.34873107903783,117.74677427764382,115393800
2020-10-19,112.6011962890625,116.9118422011094,112.29051903948135,116.46524411778216,120639300
2020-10-20,114.08663177490234,115.51380805714416,112.26139629791038,112.81479042703164,124423700
2020-10-21,113.46527862548828,115.25167113205254,113.057508677572,113.27110069621132,89946000
2020-10-22,112.37787628173828,114.601163016686,111.25166679554484,114.02834752777623,101988000
2020-10-23,111.68856811523438,113.15457972080073,110.95070693925584,112.99923740706664,82572600
2020-10-26,111.69829559326172,113.15459667058128,109.59150773865372,110.6885926241312,111850700
2020-10-27,113.20311737060548,113.86330738232272,111.203133250019,112.12545415431512,92276800
2020-10-28,107.9604263305664,112.06719771840048,107.86334109500166,111.69827086040296,143937800
2020-10-29,111.96041870117188,113.52351567412646,108.93131000553764,109.0963630788478,146129200
2020-10-30,105.68860626220705,108.72741799712836,104.58181822292556,107.82451118538518,190272600
2020-11-02,105.60122680664062,107.45558679697702,104.19347226654686,105.93132552110744,122866900
2020-11-03,107.22258758544922,108.24199381190596,105.56240538196562,106.46531227233,107624400
2020-11-04,111.6011962890625,112.22255078584595,109.07694271998844,110.8147961243806,138235500
2020-11-05,115.56233215332033,116.13514770518474,113.46526266207992,114.51379370413532,126387100
2020-11-06,115.43104553222656,115.92703675245446,112.94133225108231,115.07120221763194,114457900
2020-11-09,113.1260986328125,118.64041064958354,112.86351552625996,117.19132497436264,154515300
2020-11-10,112.78572082519533,114.36123445028848,110.99623930767312,112.37725487942362,138023400
2020-11-11,116.20909118652344,116.34524653114283,113.24284127027532,113.97224808212631,112295000
2020-11-12,115.93675994873048,117.22051541325985,115.31433350652888,116.33550583009225,103162300
2020-11-13,115.9853973388672,116.38413582545108,114.63356412889462,116.16045525051372,81581900
2020-11-16,116.99685668945312,117.66790591712994,114.90588899182858,115.65474339427976,91183000
2020-11-17,116.11182403564452,117.35667698637204,115.69363055189308,116.26743436443992,74271000
2020-11-18,114.78915405273438,116.53000547162844,114.7599789740788,115.35323030643576,76322100
2020-11-19,115.38240051269533,115.79086643644072,113.60264659078032,114.361228283424,74113000
2020-11-20,114.11809539794922,115.50883100676268,114.0694727410822,115.38240319501892,73604300
2020-11-23,110.72393798828124,114.39042656864258,110.62668524347754,113.96250558761568,127959300
2020-11-24,112.00769805908205,112.66902713847026,109.49853707376413,110.78230006896696,113874200
2020-11-25,112.84407806396484,113.54430968345936,112.0076911206696,112.3772619309076,76499200
2020-11-27,113.38868713378906,114.26397656378496,113.02885128250198,113.36923955530376,46691300
2020-11-30,115.78117370605467,117.6484533013128,113.60267342501068,113.75828376790362,169410200
2020-12-01,119.35039520263672,120.07980194572332,116.71480639467286,117.68734871878834,127728200
2020-12-02,119.70051574707033,119.98255392256038,117.57064559900594,118.66961579736986,89004200
2020-12-03,119.5643539428711,120.38128592155832,118.85439479194712,120.12842284343223,78967600
2020-12-04,118.89330291748048,119.48655434771668,118.18334373345851,119.23369125780223,78260400
2020-12-07,120.35210418701172,121.14958854018184,118.89329080292671,118.9516409639194,86712000
2020-12-08,120.9647979736328,121.54832923828494,119.71021762648397,120.95507789382133,82225500
2020-12-09,118.43620300292967,122.49170271232047,117.67762117756554,121.1106943933289,115089200
2020-12-10,119.85610961914062,120.46881600995408,116.85095750767796,117.1913458248472,81312200
2020-12-11,119.04891204833984,119.38930038520904,117.23998269251022,119.06835963048556,86939800
2020-12-14,118.43620300292967,119.96309415447033,118.20279492279666,119.23368741163418,79184500
2020-12-15,124.36870574951172,124.3881607505194,120.72167215100104,120.92590514212858,157243700
2020-12-16,124.3006362915039,124.84525763713047,123.08495834508076,123.91162528457596,98208600
2020-12-17,125.16618347167967,126.02202539265798,124.52430203094598,125.36068895195196,94359800
2020-12-18,123.18221282958984,125.55521844582084,122.65703909059238,125.41906311570028,192541500
2020-12-21,124.7091064453125,124.7869116172476,120.060355010879,121.5872462655349,121251600
2020-12-22,128.2588653564453,130.71939584455194,126.0900856457302,127.99627481697722,168904800
2020-12-23,127.36415100097656,128.79377458393498,127.18908566358635,128.53119883757725,88223700
2020-12-24,128.346435546875,129.79552922137646,127.50032831643357,127.71428885467728,54930100
2020-12-28,132.93679809570312,133.56894460120503,129.8441061270866,130.31093707619408,124486200
2020-12-29,131.1667938232422,134.97915839822994,130.6513475184492,134.25948649182007,121047300
2020-12-30,130.04835510253906,132.2560302372561,129.73713444926724,131.85728434018318,96452100
2020-12-31,129.0466766357422,131.04039188221898,128.10330915091885,130.3985102212382,99116600
2021-01-04,125.8567123413086,129.94138734935098,123.27947356294186,129.85386209713596,143301900
2021-01-05,127.41275024414062,128.12271674575476,124.90358954867594,125.35096549709284,97664900
2021-01-06,123.12385559082033,127.45167334436816,122.90989509434218,124.21310565475042,155088000
2021-01-07,127.32524871826172,128.01576034902203,124.34927136052876,124.83554255858496,109578200
2021-01-08,128.4241943359375,128.9882705657379,126.65416049347948,128.79375026318803,105158200
2021-01-11,125.4384994506836,126.59582714131228,124.97168331019908,125.64273985954291,100384500
2021-01-12,125.2634506225586,126.12901267192076,123.3767161950052,124.97168496595856,91951100
2021-01-13,127.29606628417967,127.84068762018808,124.9619706041956,125.22454635131636,88636800
2021-01-14,125.37042999267578,127.40303981441828,125.22453974548624,127.20853432464988,90221800
2021-01-15,123.64903259277344,126.64446478265978,123.51287725867944,125.24400143779673,111598500
2021-01-19,124.32007598876952,125.17591790643084,123.4545139910682,124.27144590893572,90757300
2021-01-20,128.4047393798828,128.85211530015263,125.02029683978466,125.127277070296,104319500
2021-01-21,133.1118621826172,135.83498363825382,129.9219245699571,130.12616498605254,120150900
2021-01-22,135.25144958496094,136.0100313065284,131.31265074462777,132.53804856258682,114459400
2021-01-25,138.9957275390625,141.1061423033731,132.79090363932372,139.14161777095364,157611700
2021-01-26,139.2291717529297,140.33786948106203,137.48831256904506,139.65709277779112,98390600
2021-01-27,138.1593475341797,140.3378474829839,136.55465878230473,139.49172564743122,140843800
2021-01-28,133.3258056640625,138.09127131319642,132.94651480242143,135.68909090953088,142621100
2021-01-29,128.33670043945312,132.98545188101477,126.63475125528836,132.1004347436925,177523800
2021-02-01,130.45681762695312,131.66277536673385,127.3349504556567,130.07752674070375,106239800
2021-02-02,131.2834930419922,132.56724118693242,130.91392221186754,132.0031648608857,83305400
2021-02-03,130.2623291015625,132.04208344252265,129.94138833452192,132.03234852121233,89880900
2021-02-04,133.61756896972656,133.62728904915303,130.89444790890877,132.55750155942113,84183100
2021-02-05,133.20362854003906,133.8464691818489,132.32703847356598,133.77829722031976,75693800
2021-02-08,133.34974670410156,133.39844945852406,131.41149002924152,132.49262578464683,71297200
2021-02-09,132.4730987548828,134.29448011812482,132.31727079805114,133.06723649739686,76774200
2021-02-10,131.86927795410156,133.4276770274743,130.90501685547775,132.9309297060643,73046600
2021-02-11,131.6160125732422,132.84324151471785,130.29137814000228,132.36597838425936,64280000
2021-02-12,131.8497772216797,132.0056200817279,130.21347177715296,130.85631242835694,60145100
2021-02-16,129.72645568847656,132.47311511495084,129.33684859330893,131.96664818421948,80576300
2021-02-17,127.43756866455078,128.781687221056,126.10319957479774,127.83691038959827,97918500
2021-02-18,126.33698272705078,126.61943492722637,124.09678975209331,125.84023543219844,96856700
2021-02-19,126.49278259277344,127.31095005461351,125.4506152038684,126.85317101046176,87668800
2021-02-22,122.7234344482422,126.34669893995918,122.3338347574454,124.68116007602796,103916400
2021-02-23,122.58708190917967,123.4149766498793,115.31133387912055,120.54169271715816,158273000
2021-02-24,122.09034729003906,122.29488547484924,119.0514857660057,121.691012957123,111039900
2021-02-25,117.84373474121094,123.17149227710613,117.40543965947438,121.43778116304092,148199500
2021-02-26,118.1067123413086,121.60335309106918,118.04826755034811,119.40212088348072,164560400
2021-03-01,124.46688079833984,124.6032395683404,119.59690349547498,120.53193824590556,116307900
2021-03-02,121.86631774902344,125.37270000855568,121.75917765120198,125.07076378614748,102260900
2021-03-03,118.8858871459961,122.4409721711293,118.6716069492106,121.56437474382312,112966300
2021-03-04,117.0060806274414,120.38584631369558,115.53535272389264,118.58395606502584,178155000
2021-03-05,118.26252746582033,118.76900926850234,114.51264641529036,117.83397451469976,153766600
2021-03-08,113.3341293334961,117.85346835184752,113.1880285063647,117.78528895665244,154376600
2021-03-09,117.94112396240234,118.88590088596752,115.70093853482196,115.93469539878758,129525800
2021-03-10,116.86000061035156,118.99304601715156,116.34377667711072,118.52553226949556,111943300
2021-03-11,118.78849029541016,120.00598467048324,118.1066964177676,119.35340946888309,103026500
2021-03-12,117.88268280029295,118.01904158578924,116.06131583787986,117.2690682655597,88105100
2021-03-15,120.76570129394533,120.77544332973144,117.28853761790177,118.25279852383532,92403800
2021-03-16,122.30460357666016,123.91169749251546,121.47670896273326,122.43122030505052,115227900
2021-03-17,121.51567840576172,122.58707194968112,119.15860369194408,120.82414250531376,111932600
2021-03-18,117.39566802978516,119.97675740638223,117.19112988113343,119.68455580488242,121229700
2021-03-19,116.86971282958984,118.27226866588651,116.56777661577428,116.78205680531912,185549500
2021-03-22,120.18130493164062,120.6488260443175,117.13270167198472,117.200881060188,111912300
2021-03-23,119.35340881347656,121.00919818208511,118.9638091293934,120.12286614601692,95467100
2021-03-24,116.96711730957033,119.70404974763235,116.94764066899516,119.62612832333969,88530500
2021-03-25,117.45411682128906,118.4962991670475,115.90546750304252,116.43142597838931,98844700
2021-03-26,118.05799865722656,118.32098161470869,115.82754797615723,117.2203618973142,94071200
2021-03-29,118.2332992553711,119.39235614207378,117.59046616503674,118.4865401362883,80819200
2021-03-30,116.78206634521484,117.26906411360106,115.76911009525196,116.98660451621753,85671900
2021-03-31,118.97354125976562,120.30791022058676,117.9995458461466,118.4865435529561,118323800
2021-04-01,119.80146026611328,120.9507753854183,119.30472042335516,120.44430093685868,75089100
2021-04-05,122.62604522705078,122.87928615898178,119.86963594729222,120.6488353850815,88651200
2021-04-06,122.92798614501952,123.82406033078875,122.3825509764638,123.21044576616356,80171300
2021-04-07,124.57403564453124,124.59351228641088,121.88580577435263,122.55786509964642,83466700
2021-04-08,126.9700698852539,126.999288564956,125.17792150755568,125.59673249128129,88844600
2021-04-09,129.54141235351562,129.5803656375029,126.1032091394081,126.42462946477704,106686700
2021-04-12,127.8271713256836,129.39530463290586,127.23303349221447,129.07388434312833,91420000
2021-04-13,130.9342041015625,131.15823376064404,128.49921542278324,128.99596262492872,91266500
2021-04-14,128.5966339111328,131.4894019428346,128.2362603060902,131.43096458655666,87222800
2021-04-15,131.00238037109375,131.48937806764056,130.16474373855365,130.3400706375454,89347100
2021-04-16,130.67123413085938,131.16796646381349,129.81411337251544,130.80759290041487,84922400
2021-04-19,131.3335723876953,131.9471944147541,129.8725788847892,130.03815636501255,94264200
2021-04-20,129.64857482910156,132.00564275979164,128.38237738217003,131.50891027779352,94812300
2021-04-21,130.02838134765625,130.27188018913125,127.8855945150741,128.91802722500978,68847100
2021-04-22,128.50900268554688,130.66152498796075,127.99278612277816,129.58038910212525,84566500
2021-04-23,130.8271026611328,131.60628729046172,128.72326849315886,128.72326849315886,78657500
2021-04-26,131.21669006347656,131.5478450047434,130.08685158645528,131.32383017529745,66905100
2021-04-27,130.89524841308594,131.88872793710226,130.62253087504087,131.49912083847275,66015800
2021-04-28,130.10630798339844,131.50886374451756,129.61931028089822,130.81732046769145,107760100
2021-04-29,130.0089111328125,133.5055661641117,129.0056969879915,132.92116293750138,151101000
2021-04-30,128.04141235351562,130.08679330556055,127.6615548294225,128.3530830815471,109839500
2021-05-03,129.09335327148438,130.58358001612103,128.40182480933737,128.6063555356659,75135100
2021-05-04,124.52532196044922,128.07067238199318,123.40522566029895,127.77847076247716,137564700
2021-05-05,124.76882934570312,127.05770985077288,124.64220517501704,125.84021547722772,84000900
2021-05-06,126.36617279052734,126.37590739453778,123.82403668567083,124.5642752952116,78128300
2021-05-07,127.03939819335938,128.06381882504127,126.3271629457147,127.66381362314829,78973300
2021-05-10,123.76119232177734,126.38568557584613,123.72216543128324,126.25886120807225,88071200
2021-05-11,122.8440933227539,123.19532046962064,119.78054551827158,120.4927732833166,126142800
2021-05-12,119.78055572509766,121.60502403427476,119.27322096428664,120.39522003263365,112172300
2021-05-13,121.9269790649414,123.0782463378904,121.23426847309511,121.5464761686261,105861300
2021-05-14,124.3465805053711,124.7758688561986,122.78554210729592,123.17580356771929,81918000
2021-05-17,123.19534301757812,123.83927569919736,122.12212932516609,123.73195358559416,74244600
2021-05-18,121.80992126464844,123.89781201631315,121.74162605103773,123.47828214881304,63342900
2021-05-19,121.6537857055664,121.87818100914645,119.86834464183288,120.16104258276611,92612000
2021-05-20,124.20999145507812,124.61001150333644,122.05380598133526,122.1806452374261,76857100
2021-05-21,122.37577056884766,124.88319058200727,122.16112639405593,124.7075732975066,79295400
2021-05-24,124.00511169433594,124.82466155300956,122.87336158160026,122.94165678285484,63092900
2021-05-25,123.80998229980467,125.19541091008112,123.24410353248182,124.7075784829674,72009500
2021-05-26,123.76119232177734,124.28804417802036,123.34166255348856,123.86851440973156,56575900
2021-05-27,122.22941589355467,124.53195020806947,122.03428889481324,123.36117332838508,94625600
2021-05-28,121.57575225830078,122.73677818956268,121.517215637773,122.51237540484098,71311100
2021-06-01,121.25377655029295,122.29772171588232,120.92205913488073,122.0342995003266,67637100
2021-06-02,122.01477813720705,122.19039542274524,121.02937706510446,121.25377238108098,59278900
2021-06-03,120.53179931640624,121.80989840712398,120.1317792520212,121.64403969713835,76229200
2021-06-04,122.82459259033205,123.08802229025616,120.83426545911946,121.04890967576291,75169300
2021-06-07,122.8343505859375,123.24412184649682,121.79040526387276,123.09777284097716,71057600
2021-06-08,123.65388488769533,125.3320116033388,123.13679155370112,123.51729447658812,74403800
2021-06-09,124.0343780517578,124.63928371308172,123.43923097435068,124.1124318358548,56877900
2021-06-10,123.03921508789062,125.06856875877892,122.87335638380549,123.92705266664278,71186400
2021-06-11,124.24901580810548,124.3368281715762,123.02945340825438,123.44898317154788,53522400
2021-06-14,127.30280303955078,127.36133965538929,123.97584053546844,124.70757800792384,96906500
2021-06-15,126.4832534790039,127.41988394107798,126.23934100200124,126.77595142885431,62746300
2021-06-16,126.98085021972656,127.70283662845416,125.33201411236683,127.19549442536886,91815000
2021-06-17,128.5808868408203,129.32239025268845,126.49299676283545,126.63935317228923,96721700
2021-06-18,127.2833023071289,128.30772287123602,127.06865812161917,127.52721480091388,108953300
2021-06-21,129.0784912109375,129.18581330080102,126.063736441913,127.1271913132279,79663300
2021-06-22,130.71754455566406,130.81511548198895,128.4150106343884,128.91260151651892,74783600
2021-06-23,130.44439697265625,131.04931007255976,129.98584029942936,130.51269961588608,60214200
2021-06-24,130.16148376464844,131.36152922245495,129.69316099657445,131.1761533209972,68711000
2021-06-25,129.8687744140625,130.6297802366699,129.5760764313894,130.21025787505408,70783700
2021-06-28,131.49813842773438,131.95669523246048,130.10296572752944,130.1615023600917,62111300
2021-06-29,133.01036071777344,133.16646828417475,131.07857796707717,131.51761747124857,64556100
2021-06-30,133.62506103515625,134.06410065786974,132.56159097823922,132.85428902246187,63261400
2021-07-01,133.92750549316406,133.98604212249344,132.45426418125246,133.27382165358517,52485800
2021-07-02,136.5519561767578,136.59097561940857,134.3957635112395,134.5421050302235,78852600
2021-07-06,138.56179809570312,139.66427232062847,136.65928383502748,136.65928383502748,108181800
2021-07-07,141.0496826171875,141.36188277615724,139.18618813915228,140.04474974174363,104911600
2021-07-08,139.75210571289062,140.55213093920304,137.24467816832615,138.13252320539087,105575500
2021-07-09,141.57656860351562,142.10341304013653,139.17646311232951,139.27403406481795,99890800
2021-07-12,140.98143005371094,142.75712026323748,140.49360503622404,142.64979816390084,76299700
2021-07-13,142.0936737060547,143.8693639556699,140.1326224508896,140.52287651879445,100827100
2021-07-14,145.5181884765625,145.9279745686904,144.0839818158266,144.4937679079545,127050800
2021-07-15,144.86453247070312,146.3475248913628,143.50837933553277,145.606036124653,106820300
2021-07-16,142.82537841796875,146.11331359035626,142.32780236268064,144.84498071759424,93251400
2021-07-19,138.98133850097656,140.56190161268026,138.2203326975493,140.24968646910114,121434600
2021-07-20,142.5912322998047,143.5181116494979,139.47892150687957,139.9667464752501,96350000
2021-07-21,141.85952758789062,142.5717629249031,141.10828768202705,141.98636687285668,74993500
2021-07-22,143.22540283203125,144.59130668501456,142.25950410848452,142.38634335455993,77338200
2021-07-23,144.9425811767578,145.09868877076016,143.34251555633264,143.95717990319216,71447400
2021-07-26,145.3621063232422,146.18164879238583,144.1035094217646,144.65963709619385,72434100
2021-07-27,143.1961669921875,145.57675557902394,142.00587269876928,145.48893575716545,104818600
2021-07-28,141.44973754882812,143.391286472983,139.06914908747908,141.28387882976534,118931200
2021-07-29,142.0936737060547,142.9815188308623,141.05948702759235,141.16680912935195,56699500
2021-07-30,142.30828857421875,142.7668451974614,140.60090132642787,140.8643309559415,70440600
2021-08-02,141.97659301757812,143.37176538004852,141.71316334757606,142.79613544954273,62880000
2021-08-03,143.77178955078125,144.43522442777342,141.64486473611035,142.25952902121162,64786600
2021-08-04,143.3717498779297,144.191292221281,142.7180662311683,143.6839649919127,56368300
2021-08-05,143.47909545898438,144.2401013148973,142.61076750096896,143.40104166770632,46397700
2021-08-06,142.79510498046875,143.74290453377364,142.29678337483543,143.0003050001657,54126800
2021-08-09,142.74623107910156,143.3422697557146,142.18928521610837,142.8537139522462,48908700
2021-08-10,142.26747131347656,144.32917762337323,141.97433481779836,143.08824157374232,69023100
2021-08-11,142.5215301513672,143.36184690994065,142.19908146277635,142.7071837820295,48493500
2021-08-12,145.48216247558594,145.6385039280885,142.50196876649986,142.84396383015653,72282600
2021-08-13,145.68734741210938,146.01956178212575,144.87634298445295,145.56031813141018,59375000
2021-08-16,147.66111755371094,147.72952253031957,143.1175540441941,145.1401675406519,103296000
2021-08-17,146.75244140625,148.20832862252,145.67761233221978,146.79151932278535,92229700
2021-08-18,143.0100860595703,147.27029417589944,142.80488601790597,146.37135309386304,86326000
2021-08-19,143.34225463867188,144.6125025756358,141.1926123120228,141.71048021632114,86960300
2021-08-20,144.7982177734375,145.10112008303318,143.42048638829775,144.0653838336242,60549600
2021-08-23,146.28341674804688,146.7524262457425,144.50506608373868,144.91545125791524,60131800
2021-08-24,146.19544982910156,147.40707372149436,145.73620613091066,146.02934262692168,48606400
2021-08-25,144.9642791748047,146.87942449217206,144.4170990582826,146.38108802855805,58991300
2021-08-26,144.16307067871094,145.70690913613237,144.13375851701343,144.95454377317253,48597200
2021-08-27,145.1988067626953,145.34536755607812,143.4693148530707,144.10443150378484,55802400
2021-08-30,149.6153564453125,149.97689795560206,145.20858752404757,145.58966053577964,90956700
2021-08-31,148.35484313964844,149.30264250214074,147.8271945721071,149.16584748639642,86453100
2021-09-01,149.01931762695312,151.43278500420377,148.85321040744938,149.33200056452,80313700
2021-09-02,150.13323974609375,151.17875665151738,148.9118498525865,150.3482055601146,71115500
2021-09-03,150.7683563232422,151.0908050119508,149.58604446464392,150.24070759279422,57808700
2021-09-07,153.1036376953125,153.66058362239795,150.8562777588282,151.4230043452141,82278300
2021-09-08,151.55975341796875,153.44557130778168,150.45561273892648,153.38694700792755,74420200
2021-09-09,150.5436248779297,152.53692642541913,150.42636132134103,151.93112186962642,57305700
2021-09-10,145.56031799316406,151.92130921813492,145.296493683324,151.45229981917254,140893200
2021-09-13,146.12709045410156,147.954284971399,145.3453979370689,147.18237311566395,102404300
2021-09-14,144.72975158691406,147.6122424590222,143.5474550132665,146.90872098150533,109296300
2021-09-15,145.6189422607422,146.01956159972383,143.01982179601146,145.1596986106003,83281300
2021-09-16,145.38442993164062,145.56031777444971,143.85037245648,145.04244981377065,68034100
2021-09-17,142.7169189453125,145.4137565229727,142.423782481279,145.4137565229727,129868800
2021-09-20,139.6683807373047,141.5248874282257,138.03660561412693,140.50869758793672,123478900
2021-09-21,140.14715576171875,141.2903898304163,139.51203897648207,140.63571172252995,75834000
2021-09-22,142.51170349121094,143.07841498217198,140.41090503788587,141.1437385870497,76404300
2021-09-23,143.4693145751953,143.71359250338787,142.30654925147212,143.29342671393508,64838200
2021-09-24,143.55723571777344,144.09465008430436,142.22836333396052,142.326080458617,53477900
2021-09-27,142.04273986816406,142.6192471706429,140.52822848156046,142.14045701354505,74150700
2021-09-28,138.6619415283203,141.43693551030117,138.44697573581757,139.9712677848058,108972300
2021-09-29,139.5608673095703,141.14378350850296,138.77917495976774,139.2091064976362,74602000
2021-09-30,138.2613067626953,141.075393254431,138.04634099404652,140.37187163149707,89056700
2021-10-01,139.38499450683594,139.64881887167329,135.9260252404235,138.65216064526572,94639600
2021-10-04,135.95535278320312,138.95509355251514,135.1052701786628,138.51538125819243,98322000
2021-10-05,137.88021850585938,138.9843593851802,136.1702732054442,136.29730248452776,80861100
2021-10-06,138.7498779296875,138.8964387383312,135.20295726507902,136.27778622694314,83221100
2021-10-07,140.0102996826172,140.91902112673358,139.45335388293273,139.78556821323843,61732700
2021-10-08,139.62925720214844,140.87995899645605,139.2970427994977,140.73339820397527,58773200
2021-10-11,139.54132080078125,141.49554421911762,138.5642090916131,139.01368703802868,64452200
2021-10-12,138.27108764648438,139.97126757292082,137.8118439004276,139.9517211619384,73035900
2021-10-13,137.684814453125,138.16358964828814,136.0139468710265,138.00726310614547,78762700
2021-10-14,140.46954345703125,140.5868069751704,138.27104258853484,138.85731545061583,69907100
2021-10-15,141.5248565673828,141.58348088448486,140.22529620330172,140.47935479013262,67940300
2021-10-18,143.1957550048828,143.479110901774,139.88334618906478,140.16670208595596,85589200
2021-10-19,145.35513305664062,145.75575243725564,143.1957245202807,143.64518755891186,76378900
2021-10-20,145.84368896484375,146.32247907181252,144.7297822080243,145.29650879090318,58418800
2021-10-21,146.05865478515625,146.21499623763387,144.4855043297612,145.40399172614036,61421000
2021-10-22,145.28672790527344,146.7426146643611,145.23786934278849,146.26383951681254,58883400
2021-10-25,145.2379150390625,145.95120256523683,144.24125670704237,145.27699295562158,50720600
2021-10-26,145.90235900878906,147.3875583918874,145.59944178965912,145.91212476055014,60893400
2021-10-27,145.44308471679688,146.30293288736218,145.09132390307514,145.94140632392703,56094900
2021-10-28,149.0779571533203,149.66421529809745,146.2931825096138,146.39089965518153,100077900
2021-10-29,146.37135314941406,146.5081482073945,143.0589446865979,143.85040287273776,124953200
2021-11-01,145.55055236816406,146.27360541935798,144.41709931929685,145.57986452377787,74588300
2021-11-02,146.58631896972656,148.10084526807523,145.24766564186768,145.25744630214584,69122000
2021-11-03,148.02268981933594,148.4916993652847,146.39091470548655,146.94786074576106,54511500
2021-11-04,147.5048065185547,148.94114717338857,147.19212358039826,148.11061107430388,60394600
2021-11-05,148.03323364257812,148.93348684850864,146.83941603809723,148.6301424448186,65463900
2021-11-08,147.21124267578125,148.3169952703634,146.93725326087116,148.16042562432813,55020900
2021-11-09,147.57325744628906,148.17994599827716,146.83935422451017,146.9763488953236,56787900
2021-11-10,144.74533081054688,146.90790623545243,144.67684091878007,146.80026646441542,65187100
2021-11-11,144.69635009765625,146.22286636426517,144.5104255646951,145.76296742917555,41000000
2021-11-12,146.77088928222656,147.1720784304826,144.31474986015922,145.24435777936998,63804000
2021-11-15,146.78067016601562,148.62032601011296,146.22289645235986,147.14272437440852,59222800
2021-11-16,147.75921630859375,148.23870523347338,146.1348398835429,146.72196856987298,59256200
2021-11-17,150.19578552246094,151.67337235529826,147.7494408070529,147.7592208106454,88807000
2021-11-18,154.48175048828125,155.26458367795593,149.76520627698585,150.41104477831504,137827700
2021-11-19,157.10426330566406,157.56417731455713,153.17053675502055,154.26649442831288,117305600
2021-11-22,157.5641632080078,162.14371301680876,157.54458827093626,158.20998681834752,117467900
2021-11-23,157.94580078125,158.32742995233392,155.64623082003743,157.6620164381372,96041900
2021-11-24,158.4644317626953,158.66013635871653,156.2137915801923,157.2999692591092,69463600
2021-11-26,153.44451904296875,157.00639624695634,153.00417999336176,156.1452930856568,76959800
2021-11-29,156.80087280273438,157.73048055072377,155.38198131594635,155.94953492440175,88748200
2021-11-30,161.7523193359375,161.9675988704111,156.4877806077615,156.5562854284138,174048100
2021-12-01,161.2336883544922,166.64500155872992,160.99883389139347,163.88551760970591,152052500
2021-12-02,160.24533081054688,160.6758897940943,154.41325439149716,155.33308223247562,136739200
2021-12-03,158.36656188964844,161.41961013164072,156.29206642790317,160.49978216462458,118023100
2021-12-06,161.7718963623047,164.27695105253582,160.75420856233345,160.7639885662799,107497000
2021-12-07,167.50611877441406,167.89754291240308,164.7270745855606,165.4511980423622,120405400
2021-12-08,171.3223876953125,172.1835056764081,167.03638765651502,168.43570437579535,116998900
2021-12-09,170.81353759765625,172.9565375380552,170.18727407030087,171.15603176332104,108923700
2021-12-10,175.59860229492188,175.77474686026093,170.9407678198788,171.4496116481563,115402700
2021-12-13,171.96824645996094,178.22110269969062,171.76274694249355,177.2327699190323,153237000
2021-12-14,170.58847045898438,173.92528743178815,168.51397541726456,171.4887233059817,139380400
2021-12-15,175.45181274414062,175.64751729804553,168.6118288401074,171.3517373886768,131063300
2021-12-16,168.56292724609375,177.25234826512832,167.0853404452438,175.4322672390144,150185800
2021-12-17,167.46693420410156,169.74692873915046,166.04805758616632,166.28289706807027,195432700
2021-12-20,166.10675048828125,166.91893845326396,163.8659060499926,164.66829908336342,107499100
2021-12-21,169.2772216796875,169.48270621037332,165.49027108419332,167.87790517319985,91185900
2021-12-22,171.87039184570312,172.08567137280502,168.45528928513505,169.32618739702795,92135300
2021-12-23,172.49667358398438,173.05444739852442,171.50835560137864,172.07590942042998,68356600
2021-12-27,176.459716796875,176.54778161213417,173.26968906108772,173.2892490658333,74919600
2021-12-28,175.44204711914062,177.43827272382592,174.69836371754772,176.29338521436063,79144300
2021-12-29,175.5301055908203,176.7532777728696,174.316713410959,175.48117571727812,62348900
2021-12-30,174.37542724609375,176.69457190920295,174.26778749437727,175.6181743920382,59773000
2021-12-31,173.75894165039062,175.3833028387427,173.45558242966288,174.2677704894889,64062300
2022-01-03,178.10366821289062,178.9550062933326,173.89596741451703,174.0133871781769,104487900
2022-01-04,175.84324645996094,179.01371442958575,175.27569272230144,178.71037008888723,99310400
2022-01-05,171.16583251953125,176.3031560396219,170.89184312629723,175.7551772531539,94537600
2022-01-06,168.30848693847656,171.53766438344002,167.95621276391145,168.99346035254746,96904000
2022-01-07,168.47486877441406,170.40258963561612,167.35933616352636,169.1794172582698,86709100
2022-01-10,168.49444580078125,168.79779016511287,164.56071920573362,165.45119229098708,106765600
2022-01-11,171.3223876953125,171.4202325096092,167.15382233749222,168.62162893365016,76138300
2022-01-12,171.76272583007812,173.37730710526796,171.06797240622825,172.34005950483805,74805200
2022-01-13,168.49444580078125,172.8293615927784,168.1030216763988,172.00739332853072,84505800
2022-01-14,169.35556030273438,170.05031384521072,167.41804452412237,167.66267899736397,80440800
2022-01-18,166.1557159423828,168.83689986985863,165.77408681023036,167.82900716362772,90956700
2022-01-19,162.66233825683594,167.40825267441707,162.37856885772902,166.35143003303915,94815000
2022-01-20,160.97923278808594,166.0382709410417,160.6563135530504,163.3962221186515,91420500
2022-01-21,158.92431640625,162.76018251834915,158.81667665863466,160.8911718694381,122848900
2022-01-24,158.15127563476562,158.81668910799385,151.37979580013618,156.58562410189697,162294600
2022-01-25,156.3507537841797,159.26679197315192,153.64999508546384,155.5679206315474,115798400
2022-01-26,156.26271057128906,160.8618354481178,154.43284958250229,159.99093736491258,108275300
2022-01-27,155.80282592773438,160.3236668366123,154.8829977929069,158.96349957568594,121954600
2022-01-28,166.67434692382812,166.69392186078738,159.30595841103175,162.15350702087153,179935700
2022-01-31,171.02883911132812,171.24411862639118,165.87194061535732,166.5079991576081,115541600
2022-02-01,170.86248779296875,171.08754730875657,168.61184784118433,170.2753591337895,86213900
2022-02-02,172.06610107421875,172.10525095182186,169.6099763158955,170.99949834473722,84914300
2022-02-03,169.18919372558594,172.4575215973305,168.42593537257994,170.7352853699913,89418100
2022-02-04,168.905029296875,170.58046717103358,167.22959142271642,168.20937580635172,82465400
2022-02-07,168.18980407714844,170.4335039135459,167.4941505320522,169.36554243968104,77251200
2022-02-08,171.2957305908203,171.80522273077705,167.96445422996524,168.2583925780297,74829200
2022-02-09,172.71641540527344,173.07893089654075,171.36430797248656,172.49106914991745,71285000
2022-02-10,168.64051818847656,171.93259499604034,168.08204874852603,170.61968723864308,90865900
2022-02-11,165.2308807373047,169.5811269216294,164.64300397443432,168.846288443205,98670700
2022-02-14,165.46600341796875,166.1518495458794,163.19289630795137,163.98651932384257,86185500
2022-02-15,169.29698181152344,169.45375094241317,166.80833539753965,167.5137815362162,62527400
2022-02-16,169.0618133544922,169.83583650795123,166.612352178537,168.37596721528965,61177400
2022-02-17,165.46600341796875,168.43474911832254,165.06428820364812,167.57253401447812,69589300
2022-02-18,163.91793823242188,167.0924302194162,162.83037691642315,166.38699918366942,82772700
2022-02-22,160.99819946289062,163.32028399061443,158.87205389872815,161.64484588368407,91162800
2022-02-23,156.8341064453125,162.79118283457873,156.5205682404435,162.19351371308113,90009200
2022-02-24,159.4501495361328,159.5579264390306,148.9272576589058,149.49553451506446,141147500
2022-02-25,161.51748657226562,161.78201763247694,157.61793335879435,160.52789462372328,91974200
2022-02-28,161.78204345703125,162.0759818545117,159.1464202451589,159.76368938483503,95056600
2022-03-01,159.90078735351562,163.23206278919963,158.6956569065014,161.37046373535,83474400
2022-03-02,163.1929168701172,163.97674752234462,159.65589394659725,161.06678613054137,79724800
2022-03-03,162.8695831298828,165.49541352335572,162.203336805619,165.06430592514928,76678400
2022-03-04,159.87139892578125,162.20329029267003,158.82303752197333,161.16472134953116,83737200
2022-03-07,156.07965087890625,161.6840185904636,155.82489737817548,160.05757297165496,96418800
2022-03-08,154.2572784423828,159.58730866544224,152.65043241487157,155.60938587479396,131148300
2022-03-09,159.6558837890625,160.10659124427465,156.1874531828048,158.21559935544633,91454900
2022-03-10,155.31544494628906,157.14763719865718,152.82678391494153,156.9614757494235,105342000
2022-03-11,151.60206604003906,156.06008893270172,151.37671976951566,155.71715834467904,96970100
2022-03-14,147.57513427734375,151.0043799732345,147.06565710961667,148.38835719355112,108732100
2022-03-15,151.95477294921875,152.42508026860065,147.33999637401098,147.84947354452075,92964300
2022-03-16,156.3638153076172,156.76553056777536,151.3375306500096,153.8751690879972,102300200
2022-03-17,157.3729705810547,157.74529344907543,154.44342469949348,155.40360925613626,75615400
2022-03-18,160.6650848388672,161.15497717032517,156.53039236533564,157.2652308625226,123511700
2022-03-21,162.0367431640625,162.98713519470292,159.71464405141342,160.20453623420445,95811400
2022-03-22,165.40725708007812,165.99511891868582,161.57629538795769,162.16415722656538,81532000
2022-03-23,166.76910400390625,169.14997284411103,164.26084346132168,164.59398150898377,98062700
2022-03-24,170.5511016845703,170.61967882805246,166.76913277034842,167.60194065734933,90131400
2022-03-25,171.18792724609375,171.73660410420254,169.2577508307534,170.36491195893058,80546200
2022-03-28,172.05018615722656,172.17754799227433,168.5229555265403,168.6895171187773,90371900
2022-03-29,175.34225463867188,175.39123190730578,172.77520887835874,173.11813946075333,100589400
2022-03-30,174.1763153076172,175.97911541230812,173.12793859273037,174.94054611178674,92633200
2022-03-31,171.08016967773438,174.4310308254092,170.8744083575564,174.2448693810398,103049300
2022-04-01,170.78622436523438,171.34470867552832,168.46414001265768,170.51188591642045,78751300
2022-04-04,174.83273315429688,174.88172536504146,170.91359549990895,171.04097225778014,76468400
2022-04-05,171.52105712890625,174.695564012496,170.89399570193683,173.9117334912033,73401800
2022-04-06,168.35638427734375,170.11999949152553,166.69075350018778,168.87566890286308,89058800
2022-04-07,168.6600799560547,169.85541807711806,166.41638033883945,167.69989546465595,77594700
2022-04-08,166.6515350341797,168.30737316185164,165.77952746373003,168.30737316185164,76575500
2022-04-11,162.39926147460938,165.61295305467232,162.1543153788709,165.29942982629515,72246700
2022-04-12,164.2706756591797,166.4359910689201,163.27129126604743,164.62339868320723,79265200
2022-04-13,166.9552459716797,167.5823073528285,163.39863897484116,164.00610048305086,70618900
2022-04-14,161.9485626220703,167.80768430539896,161.70361651341247,167.17081545269417,75329400
2022-04-18,161.7330322265625,163.23210129361956,160.2633554980497,160.60627109784113,69023900
2022-04-19,164.01589965820312,164.4274222551572,160.59646173132168,161.68402299396155,67723800
2022-04-20,163.849365234375,165.4660187034269,162.742218865016,165.34843439183405,67929800
2022-04-21,163.05572509765625,168.062424195949,162.5560404141873,165.4953937411617,87227800
2022-04-22,158.5193328857422,164.47642463552896,158.23520194954875,163.0949398073809,84882400
2022-04-25,159.58731079101562,159.87144172970685,155.2566649146805,157.862880430984,96046400
2022-04-26,153.6302032470703,159.05820246882445,153.55181869779824,158.9700254572649,95623200
2022-04-27,153.40487670898438,156.55976925790796,152.23893068313222,152.75821530720194,88063200
2022-04-28,160.33192443847656,161.19413952588084,155.71713316880462,156.0306713643422,130216800
2022-04-29,154.4630126953125,162.84017274008735,154.0711048951049,158.5683119363977,131747600
2022-05-02,154.76678466796875,155.0313157503038,150.17159242252777,153.5420538968097,123055300
2022-05-03,156.25604248046875,157.46118829235783,153.15993453329665,154.9529271796167,88966500
2022-05-04,162.66383361816406,163.1145261346623,156.04048055543203,156.44219580516028,108256500
2022-05-05,153.60084533691406,160.76306880958393,151.81763007952642,160.5377225238718,130525300
2022-05-06,154.32693481445312,156.44638259515347,151.28513392702433,153.0807759379822,116124600
2022-05-09,149.2049102783203,152.90412873322438,148.6456204167706,152.02101820173502,131577900
2022-05-10,151.6089324951172,153.79707304983472,150.05859659800515,152.59997843272657,115366700
2022-05-11,143.74935913085938,152.5313135713574,143.07231197215032,150.61792919171955,142689800
2022-05-12,139.88331604003906,143.45497143936288,136.19391853080884,140.08937970466798,182602000
2022-05-13,144.3478546142578,145.31927170624107,140.42295884876623,141.87516608975716,113990900
2022-05-16,142.8073272705078,144.75016147394118,141.472862097978,142.817149092285,86643800
2022-05-17,146.43788146972656,146.95792901438662,143.9259353445969,146.0650115425021,78336300
2022-05-18,138.17599487304688,144.5931943601473,137.27325546059197,144.09277542323014,109742900
2022-05-19,134.77113342285156,139.00020681352638,134.03521536260072,137.2536291483144,136095600
2022-05-20,135.00660705566406,138.05821430560903,130.12011571020568,136.47844306099526,137426100
2022-05-23,140.42300415039062,140.57018180016163,135.06551311431642,135.202883911534,117726300
2022-05-24,137.72459411621094,139.30436527340177,134.75148674775386,138.1661418989175,104132700
2022-05-25,137.8816375732422,139.12778160669652,135.74256089517434,135.83086748545804,92482700
2022-05-26,141.0803985595703,141.62988165478208,134.56507119637524,134.81037721904417,90601500
2022-05-27,146.83035278320312,146.86959515379783,142.53258704704527,142.6601509529846,90978500
2022-05-31,146.04537963867188,147.8312145429356,144.08293159739236,146.2710719434681,103718400
2022-06-01,145.91787719726562,148.8909857294709,144.90720235942453,147.08552157720004,74286600
2022-06-02,148.37091064453125,148.42978169809749,144.10257959347064,145.05436821890447,72348100
2022-06-03,142.6503448486328,145.19171132509297,141.74762059734428,144.14179449565412,88570300
2022-06-06,143.3960723876953,145.78045445382116,142.17934925780943,144.2693611343495,71598400
2022-06-07,145.91787719726562,146.20242566612137,141.39443242172402,141.63973850505644,67808200
2022-06-08,145.18191528320312,147.05604181726716,144.6913032640919,145.79026939576806,53950200
2022-06-09,139.9617919921875,145.17208908244996,139.85385675234653,144.3184289860741,69473000
2022-06-10,134.55523681640625,138.11706935567418,134.48654395741318,137.64608608075142,91437900
2022-06-13,129.40383911132812,132.6614953380435,128.97209811172078,130.37524138815306,122207100
2022-06-14,130.26727294921875,131.37606069096353,129.0113076188741,130.63033595491132,84784300
2022-06-15,132.88719177246094,134.76133366612893,129.67859928442957,131.7685967366082,91533000
2022-06-16,127.6180191040039,129.90427332336094,126.61716621170363,129.60009621204748,108123900
2022-06-17,129.08982849121094,130.58129318016776,127.37268647196602,127.627814297091,134520300
2022-06-21,133.3188934326172,134.48655232988557,130.81678433537272,130.91489774710016,81000500
2022-06-22,132.8086700439453,135.17340842764006,131.3957051346055,132.25917204519908,73409200
2022-06-23,135.67385864257812,135.9878425646897,133.0834276529192,134.25108671150673,72433800
2022-06-24,139.00021362304688,139.24551965514786,137.1457006192552,137.27324957478913,89116800
2022-06-27,139.00021362304688,140.79585557470105,138.32316657888146,140.02068012877845,70207900
2022-06-28,134.8594512939453,140.7271675936439,134.7417091855751,139.46139501178652,67083400
2022-06-29,136.61581420898438,138.02877917366496,134.10388314834785,134.87905849783044,66242400
2022-06-30,134.15293884277344,135.77195236171494,131.25833120197146,134.67298633539292,98964500
2022-07-01,136.3214569091797,136.4293921589786,133.1128648849863,133.48571986150768,71051600
2022-07-05,138.902099609375,138.9511638153359,134.3590266331402,135.18326636531972,73353800
2022-07-06,140.23654174804688,141.41400763305737,138.43109305954474,138.69602774966668,74064300
2022-07-07,143.6021270751953,143.79836886527636,140.5897624458258,140.59956929502877,66253700
2022-07-08,144.2791748046875,144.77960864232728,142.27748437099987,142.53259722881296,64547800
2022-07-11,142.14993286132812,143.88670373849325,141.08040216848238,142.93491514840724,63141600
2022-07-12,143.121337890625,145.66270453987497,142.32654882035914,143.0232094985196,77588800
2022-07-13,142.75830078125,143.7002675399076,139.45156535802397,140.3052405126538,71185600
2022-07-14,145.68235778808594,146.1533412106034,140.5603662797928,141.37478416032295,78140700
2022-07-15,147.3504180908203,148.02746510063992,145.4174054581408,146.96774129904725,76259900
2022-07-18,144.30865478515625,148.72416382298212,143.94559163866427,147.90974591488566,81420900
2022-07-19,148.16481018066406,148.39048748737392,144.15160798832517,145.1426387458673,82982400
2022-07-20,150.16650390625,150.8337439653371,147.54663780551792,148.28255575422767,64823400
2022-07-21,152.43313598632812,152.64900643805024,149.08715895692373,151.5990896981029,65086600
2022-07-22,151.19679260253906,153.34567541649065,150.52956751320949,152.47238671293337,66675400
2022-07-25,150.07821655273438,152.12897123891142,149.42079823109208,151.1183116577891,53623900
2022-07-26,148.75357055664062,150.21558479499407,147.96858832963514,149.4011670445513,55138700
2022-07-27,153.8461151123047,154.37598449377768,149.3030578563077,149.71517016840275,78620700
2022-07-28,154.39561462402344,154.68016301876492,151.51081343985047,154.0325515340952,81378700
2022-07-29,159.45872497558594,160.55770616166393,156.50524578988953,158.21258113398608,101786900
2022-08-01,158.47747802734375,160.51842568191043,157.8691239569894,157.9868660422736,67829400
2022-08-02,157.00563049316406,159.36057683120032,156.63277559316523,157.09395202290318,59907000
2022-08-03,163.01072692871094,163.46208152613104,157.7317376970793,157.82004425236303,82507500
2022-08-04,162.69677734375,164.05087149041262,161.3426831970874,162.8930191834261,55474100
2022-08-05,162.4707794189453,162.96207295817032,160.1616937873522,160.36804367078585,56697000
2022-08-08,161.9991455078125,164.88795425048374,161.34081388850365,163.47302629545368,60276900
2022-08-09,162.0482635498047,162.9326009401167,160.40734488370262,161.16394115258203,63135500
2022-08-10,166.2930450439453,166.39129475740782,163.99377985120265,164.76019658442047,70170500
2022-08-11,165.5560760498047,168.01254335724568,165.26129697429445,167.0987297224726,57149200
2022-08-12,169.10324096679688,169.1720142653812,166.45024387983412,166.86294364369544,68039400
2022-08-15,170.17425537109375,170.37076978453467,168.36629877849532,168.53333677957454,54091700
2022-08-16,170.01702880859375,170.6851957704937,168.6708894053126,169.77138205657383,56377100
2022-08-17,171.5105743408203,173.08270464114312,169.5650561598673,169.76157057327157,79542000
2022-08-18,171.1175079345703,171.85444813238172,170.10544459568962,170.72447915963892,62290100
2022-08-19,168.53335571289062,170.71470043124475,168.3270058100883,170.01705694310306,70346300
2022-08-22,164.65213012695312,166.9022480242965,164.22960987091767,166.73521001384654,69026800
2022-08-23,164.31802368164062,165.7722632709113,163.74812140904885,164.17064162540487,54147100
2022-08-24,164.61282348632812,165.1827258305819,163.355113138006,164.4064885816526,53841500
2022-08-25,167.0692596435547,167.1773448089003,165.4185207470986,165.84102594330326,51218200
2022-08-26,160.77088928222656,168.0715189036816,160.71193645776907,167.599881314933,78961000
2022-08-29,158.56991577148438,160.0634374134409,157.03708224821386,158.3439099366534,73314000
2022-08-30,156.14291381835938,159.7293506019625,154.97363281420544,159.3068453614504,77906200
2022-08-31,154.4823455810547,157.78383884788298,154.40373681361956,157.5185361319256,87991100
2022-09-01,155.20945739746094,155.66143904544523,151.97673759886456,153.91243529158203,74229900
2022-09-02,153.0968780517578,157.56765189981036,152.2715085702032,156.9682732301626,76957800
2022-09-06,151.83920288085938,154.35462378129557,151.01383320910836,153.74542449877808,73714800
2022-09-07,153.2442626953125,153.94189101263512,150.9351774352468,152.1241142058328,87449600
2022-09-08,151.7704315185547,153.63734127524165,150.0214124396559,151.9472900248741,84923800
2022-09-09,154.62969970703125,155.07187581808674,152.0553267593616,152.76279054534643,68028800
2022-09-12,160.5841827392578,161.39973173078485,156.5261087123494,156.81105233922636,104956000
2022-09-13,151.1612091064453,157.74454025448654,150.69939192954584,157.11568505512628,122656600
2022-09-14,152.60562133789062,154.36446088777137,150.93522603406518,152.0946717767246,87965400
2022-09-15,149.71681213378906,152.53684769230986,148.74406036714225,151.95710982916356,90481100
2022-09-16,148.07586669921875,148.71455728301882,145.78643705402317,148.57699569456918,162278800
2022-09-19,151.79002380371094,151.86863255679214,146.50371634850782,146.7100512063952,81474200
2022-09-20,154.1678924560547,155.32735289857166,150.41441795742156,150.72883799724963,107689800
2022-09-21,151.0432891845703,155.97588059110078,150.92538353116046,154.60024966459952,101696800
2022-09-22,150.08033752441406,151.78020876552435,148.28220159016286,149.7266056194288,86652500
2022-09-23,147.8105926513672,148.83249178632698,145.97315929376293,148.5573685560897,96029900
2022-09-26,148.1446533203125,151.09241446222893,147.03432515906897,147.05398109807987,93339400
2022-09-27,149.11740112304688,152.02586530633175,147.33892101138343,150.08034720002962,84442700
2022-09-28,147.2308349609375,148.01690757279204,142.31789987820665,145.0691465231535,146691400
2022-09-29,139.9989776611328,144.16515152497595,138.2303182381293,143.55595244325275,128138200
2022-09-30,135.79351806640625,140.60820327947016,135.59700366840286,138.8198877735382,124925300
2022-10-03,139.96951293945312,140.57872706512543,135.2924042908768,135.80335372086685,114311700
2022-10-04,143.55596923828125,143.67387488258018,141.7479977315321,142.504593932989,87830100
2022-10-05,143.85072326660156,144.8136692711772,140.51975411083046,141.56130887045842,79471000
2022-10-06,142.89759826660156,144.97085711790666,142.69126342442033,143.27098606704342,68402200
2022-10-07,137.65060424804688,140.60820060654387,137.02174919053795,140.05793931227225,85925600
2022-10-10,137.97486877441406,139.4192729060871,136.15709176712548,137.97486877441406,74899000
2022-10-11,136.5599365234375,138.88867789955424,135.8131758038938,137.4639147607023,77033700
2022-10-12,135.9310760498047,137.9159059012539,135.7542175942047,136.70732814205925,70433700
2022-10-13,140.50013732910156,141.08968060374897,132.03022618093473,132.6394403890868,113224000
2022-10-14,135.9704132080078,142.00349764686453,135.78371925254498,141.79714775053986,88598000
2022-10-17,139.93020629882812,140.41166429206842,137.82747089841786,138.6135434297954,85250900
2022-10-18,141.2468719482422,144.14550040873658,138.1615495711484,142.95657861316172,99136600
2022-10-19,141.35496520996094,142.42598143245377,139.03605931008337,139.22275323737964,61758300
2022-10-20,140.89317321777344,143.3496411342512,140.16605331698352,140.52962076392365,64522000
2022-10-21,144.7056121826172,145.2755145225026,140.16604940438248,140.38221977444553,86548600
2022-10-24,146.84764099121094,147.61405773965313,143.45771845108737,144.62699951406933,75981900
2022-10-25,149.68728637695312,149.83468340940922,146.75918158114587,147.47646582788911,74732300
2022-10-26,146.74935913085938,149.3433879403945,145.46215770101213,148.3313246354716,88194300
2022-10-27,142.27857971191406,146.45457384887203,141.6202483177286,145.49164292829627,109180200
2022-10-28,153.02809143066406,154.75743900232175,145.24600486857483,145.6193777007102,164762400
2022-10-31,150.669921875,151.5542593756546,149.2746498110423,150.49306337072383,97943200
2022-11-01,148.02674865722656,152.7431699919974,146.5332269791364,152.37961754304112,80379300
2022-11-02,142.50460815429688,149.5202795588878,142.47513174028057,146.35634784769096,93604600
2022-11-03,136.46170043945312,140.31344004952294,136.33395931941936,139.58632020230726,97918500
2022-11-04,136.19593811035156,140.41822196260875,132.25907054843208,139.84737436397546,140814800
2022-11-07,136.7274627685547,136.9538285379796,133.52875660778008,134.9460318941975,83374600
2022-11-08,137.29824829101562,139.19777957129702,135.3199778618892,138.1938892139262,89908500
2022-11-09,132.74136352539062,136.36329048249237,132.4657839221066,136.31407662091405,74917800
2022-11-10,144.5519561767578,144.5519561767578,137.2982811810409,139.0108242882595,118854000
2022-11-11,147.33731079101562,147.6424157179768,142.09143135008082,143.51855829432515,93979700
2022-11-14,145.939697265625,147.90813128864986,145.10310679865557,146.61880940644215,73374100
2022-11-15,147.67193603515625,151.1659099557232,146.21529884381314,149.8175372526668,89868300
2022-11-16,146.44163513183594,147.50459125268796,144.96530968920132,146.77628031248196,64218300
2022-11-17,148.34117126464844,149.0891706966127,143.84329285652703,144.11887238503795,80389400
2022-11-18,148.9021759033203,150.28992540848853,147.60301733738748,149.90608139833125,74829600
2022-11-21,145.67396545410156,147.99671837716943,145.3885491071394,147.79004119922186,58724100
2022-11-22,147.80972290039062,148.0459404204949,144.6110171948753,145.79208977743497,51804100
2022-11-23,148.6856689453125,149.43366845656658,146.98296272757275,147.09122719796105,58301400
2022-11-25,145.77236938476562,146.53022062215993,144.79798922240155,145.96920976620405,35195900
2022-11-28,141.9437713623047,144.32557460653223,141.11703271911014,142.84924916455952,69246000
2022-11-29,138.94192504882812,142.52447466230237,138.13487484288268,142.01267756953146,83763800
2022-11-30,145.69363403320312,146.3727461321645,138.33169544585772,139.16827084330671,111380900
2022-12-01,145.96923828125,146.77630352615344,144.29607218523327,145.87082558028513,71250400
2022-12-02,145.4770965576172,145.66410017016838,143.35118446433725,143.65630431626485,65447400
2022-12-05,144.31576538085938,148.5380503426706,143.46933803189978,145.43777233013495,68826400
2022-12-06,140.65444946289062,144.9751613197971,139.68006926529813,144.7487956238567,64727200
2022-12-07,138.71556091308594,141.10720126498546,137.79039443330282,139.9458322919547,69721100
2022-12-08,140.39852905273438,141.25480793302907,138.8730049343077,140.11311277127444,62128300
2022-12-09,139.91629028320312,143.27247380855323,138.67616726979998,140.09344213199822,76097000
2022-12-12,142.20950317382812,142.21933993621704,138.83363144766497,140.44774653895632,70462700
2022-12-13,143.17404174804688,147.6030180487257,141.9634590975565,147.14043487810696,93886200
2022-12-14,140.94970703125,144.3452522886776,138.93205940879196,143.05593056925082,82291200
2022-12-15,134.34561157226562,139.5619643292127,133.88302841156911,138.88285224146853,98931900
2022-12-16,132.38699340820312,135.47743349054232,131.61930552276547,134.53259379367577,160156900
2022-12-19,130.28082275390625,133.06615916355452,129.24740673369394,132.97758322204413,79592600
2022-12-20,130.21192932128906,131.146932591331,127.8399624333377,129.31628812854967,77432800
2022-12-21,133.3122100830078,134.6507460089221,130.65482677922608,130.881192518899,85928000
2022-12-22,130.1430206298828,132.43624823454394,128.24348886904642,132.22957105725172,77852100
2022-12-23,129.7788543701172,130.33001348787815,127.59389142616514,128.8536879861786,63814900
2022-12-27,127.97772979736328,129.3359540046201,126.68840798575984,129.30642869732836,69007800
2022-12-28,124.05071258544922,128.96195335269854,123.88339749624971,127.62341762114276,85438400
2022-12-29,127.56436157226562,128.42062552699434,125.71403637929804,125.9699273840094,75703700
2022-12-30,127.87931823730467,127.8990067839709,125.41878304163788,126.38331908581098,77034200
2023-01-03,123.09602355957033,128.8340031338152,122.2102267313656,128.22379338136977,112117500
2023-01-04,124.36566162109376,126.62936374107429,123.10586505340991,124.88729543343348,89113600
2023-01-05,123.04679870605467,125.7533952948206,122.79090770776376,125.12349705306252,80962700
2023-01-06,127.57418823242188,128.2336117453076,122.91884655664052,124.0211721745678,87754700
2023-01-09,128.09585571289062,131.30441322455866,127.83996466106092,128.4108124086458,70790800
2023-01-10,128.66668701171875,129.18832083166097,126.09787998496417,128.20410381019116,63896200
2023-01-11,131.38314819335938,131.402821722743,128.40097153395064,129.17849644752224,69458900
2023-01-12,131.30441284179688,132.14098840377943,129.36550386584642,131.76699610111268,71379600
2023-01-13,132.6331024169922,132.79058077087095,129.582038154894,129.9461937075215,57809700
2023-01-17,133.79446411132812,135.12314807764807,132.01303370787318,132.7019826183309,63646600
2023-01-18,133.07598876953125,136.42232060237055,132.8988218980733,134.6605787592018,69672800
2023-01-19,133.13504028320312,134.0995687562006,131.65871475561192,131.96381962844052,58280400
2023-01-20,135.69398498535156,135.84162653742413,132.1015991542997,133.14486670992753,80223600
2023-01-23,138.88287353515625,141.0579999020067,135.72353008280908,135.9400590430552,81760300
2023-01-24,140.2804412841797,140.90050277108796,138.08564168128757,138.0954784443646,66435100
2023-01-25,139.62100219726562,140.1819979894366,136.61913781717996,138.6663106564194,65799300
2023-01-26,141.68789672851562,141.9733130723702,139.66039693887691,140.91035682918778,54105100
2023-01-27,143.6267852783203,144.9062704324847,140.82177572822627,140.90051489349364,70555800
2023-01-30,140.7430419921875,143.2527985417942,140.59541543784155,142.6721140707524,64015300
2023-01-31,142.01268005371094,142.06189391275458,140.0344090710312,140.4477784546675,65874500
2023-02-01,143.1346893310547,144.29607334830789,139.08957136310852,141.69774073810188,77663600
2023-02-02,148.43959045410156,148.79389409791816,145.83140682722515,146.54988091267057,118339000
2023-02-03,152.06150817871094,154.89605760293438,145.4967833818238,145.69362375451536,154357300
2023-02-06,149.3352508544922,150.6836384438328,148.40024764766747,150.1620046015634,69858300
2023-02-07,152.20913696289062,152.77998456473935,148.26243261630023,148.26243261630023,83322600
2023-02-08,149.52224731445312,152.14026818212696,148.78408455222657,151.45131927430748,64120100
2023-02-09,148.48880004882812,151.89419715713953,148.04590544398496,151.3528748543498,56007100
2023-02-10,148.85353088378906,149.17882019931434,147.08909918660703,147.32567733632254,57450700
2023-02-13,151.6529998779297,152.05713357186568,148.76483299254943,148.79440338379132,62199000
2023-02-14,151.01226806640625,151.5741355635304,148.7056873791277,149.9476888936107,61707600
2023-02-15,153.1118621826172,153.279432747917,150.696851620169,150.923562968411,65573800
2023-02-16,151.5149688720703,154.09754945424802,151.16010920849044,151.31781291605773,68167900
2023-02-17,150.37156677246094,150.8151376986906,148.69584602843153,150.17442580979125,59144100
2023-02-21,146.3596649169922,149.1394018439348,146.29067235544915,148.05510409777494,58867200
2023-02-22,146.78353881835938,147.8086807909047,145.0585291708209,146.74410160351695,51011300
2023-02-23,147.26654052734375,148.19311959888688,145.13739706863274,147.946689634791,48394200
2023-02-24,144.61495971679688,145.0881010134071,143.6390916917033,145.00924162382364,55469600
2023-02-27,145.8076629638672,147.039812645864,145.34437348016522,145.60067024018994,44998500
2023-02-28,145.3049774169922,146.95112788301643,144.73325805691135,144.95011764317968,50547000
2023-03-01,143.2349090576172,145.12748883698703,142.9391901768966,144.73320702328428,55479000
2023-03-02,143.8263702392578,144.61494903595985,141.84506394442167,142.31822024697658,52238100
2023-03-03,148.87326049804688,148.9521198871165,145.22610023869615,145.9259528752422,70732300
2023-03-06,151.63328552246094,154.0680147422593,151.26857399298945,151.59384830577196,87558000
2023-03-07,149.43511962890625,151.83041139396585,148.9718301446463,151.50512207262017,56182000
2023-03-08,150.68698120117188,151.278419098267,149.66183922588297,150.62784041964048,47204800
2023-03-09,148.4395294189453,152.33311931510104,148.08466971716794,151.3671181983863,53833600
2023-03-10,146.37937927246094,148.78453780981002,145.5020893181875,148.06496662146847,68572400
2023-03-13,148.32127380371094,150.95314411845015,145.59082548311503,145.69925527320058,84457100
2023-03-14,150.41094970703125,151.2093801741156,147.956517536496,149.11965944141213,73695900
2023-03-15,150.80528259277344,151.06156433450928,147.77911548729296,149.03098388604965,77167900
2023-03-16,153.6244354248047,154.22572509887632,149.47454848721353,149.98712698991974,76161100
2023-03-17,152.7865447998047,154.50170239485772,152.07682545294745,153.85112382009055,98944600
2023-03-20,155.15228271484375,155.5662982460434,151.94869352566715,152.85556893212473,73641400
2023-03-21,157.00543212890625,157.1237136794573,154.30455474450915,155.07342994575768,73938300
2023-03-22,155.57614135742188,159.82459083880553,155.55642275206148,157.02515051318744,75701800
2023-03-23,156.66043090820312,159.24302685232914,155.4282812343858,156.56186795883147,67622100
2023-03-24,157.96160888671875,158.0503200650471,155.5958872192805,156.5914588714899,59196500
2023-03-27,156.0196990966797,158.47414634705046,155.615550445655,157.65599726359355,52390300
2023-03-28,155.3987274169922,156.226743517172,153.7525770821358,155.71416498675424,45992200
2023-03-29,158.47415161132812,158.7501519087846,157.0744315196879,157.09413508315754,51305700
2023-03-30,160.04147338867188,160.14990317241256,158.96704237580855,159.22332411879057,49501700
2023-03-31,162.545166015625,162.64374399803975,159.59787385661696,160.1203040734608,68749800
2023-04-03,163.79702758789062,163.91530912930577,161.87487733545584,161.92416632467473,56976200
2023-04-04,163.26478576660156,164.4574983782598,162.75220722625122,164.22093523724538,46278300
2023-04-05,161.4214630126953,162.69304993016723,159.48946069965243,162.38747921010668,51511700
2023-04-06,162.30857849121094,162.6042973530528,159.6865609789051,160.11041314953246,45390100
2023-04-10,159.71617126464844,159.71617126464844,157.7940207437735,159.11488161033475,47716900
2023-04-11,158.50372314453125,160.04144339602837,158.21785602238293,160.03159161422226,47644200
2023-04-12,157.813720703125,159.74572277857914,157.49828319805357,158.9177218890988,50133100
2023-04-13,163.1957550048828,163.4323331532267,159.11487595150933,159.32188371142138,68445600
2023-04-14,162.85076904296875,163.94491858408577,161.48061917083933,162.23961256067847,49386500
2023-04-17,162.87046813964844,163.02818690758198,161.68760746192598,162.73246797792896,41516200
2023-04-18,164.09275817871094,165.019337094876,163.28446081239204,163.72804670609275,49923000
2023-04-19,165.23622131347656,165.75865162452376,163.1760554202755,163.43235220441335,47720200
2023-04-20,164.2701873779297,165.47276665465435,163.1957564794937,163.71818673436218,52456400
2023-04-21,162.66346740722656,164.0730393438838,162.14103717495192,162.69303779464673,58337300
2023-04-24,162.9690704345703,163.2352190150396,161.54963139325648,162.64378106752824,41949600
2023-04-25,161.43133544921875,163.93505711689548,161.3918982344198,162.83105575677226,48714100
2023-04-26,161.4214630126953,162.91976126426218,160.47518046288778,160.73146218660858,45498800
2023-04-27,166.0050811767578,166.15293313578908,162.8310621018307,162.8310621018307,64902300
2023-04-28,167.25689697265625,167.42448254310634,165.48261369922477,166.0839032657194,55275900
2023-05-01,167.168212890625,168.01593249804148,166.2317821133474,166.86264216717663,52472900
2023-05-02,166.13320922851562,167.91737470896658,165.1474894240389,167.66107793363267,48425700
2023-05-03,165.05874633789062,168.47919460136384,164.7728942678528,167.07947455454496,65136000
2023-05-04,163.42247009277344,164.65461977543495,161.96360907995128,162.535328337613,81235400
2023-05-05,171.09140014648438,171.81097141948842,168.32151475691046,168.53837432535954,113453200
2023-05-08,171.02236938476562,171.3673772990156,169.65221959190652,170.01693107088172,55962800
2023-05-09,169.3170623779297,171.0617752659888,169.14949184838724,170.57878228109809,45326900
2023-05-10,171.08151245117188,171.54480192353225,169.44521410372417,170.5492304195713,53724500
2023-05-11,171.26881408691406,172.09681510347738,169.71137500858376,171.36739208260082,49514700
2023-05-12,170.3409423828125,171.8116866019269,168.79121464447562,171.3773676163626,45533100
2023-05-15,169.84739685058594,170.97267098611968,169.25514096380277,170.9233138186056,37266700
2023-05-16,169.84739685058594,170.9035679392614,169.58088019536424,169.768428394902,42110300
2023-05-17,170.45941162109375,170.69630196545663,168.21872838992437,169.4920742376562,57951600
2023-05-18,172.78890991210938,172.97645812210007,170.35081330561755,170.76538642479474,65496700
2023-05-19,172.8975372314453,174.11164563319517,172.68037767188707,174.11164563319517,55809500
2023-05-22,171.9498748779297,172.4532969038887,171.20956254487746,171.73271538863227,43570900
2023-05-23,169.343994140625,171.140492823502,169.06761204505847,170.89372201948223,50747300
2023-05-24,169.62037658691406,170.19288666082696,168.317434571077,168.88006417332414,45143500
2023-05-25,170.75552368164062,171.65375792303627,169.47231254318322,170.18301363335365,56058300
2023-05-26,173.1639862060547,173.49960591702484,170.87396117733175,171.08125526170468,54835000
2023-05-30,175.00987243652344,176.6780456265802,174.28930584342234,174.6742677286896,55964400
2023-05-31,174.9604949951172,177.03337571367211,174.4768188110026,175.03946345752533,99625300
2023-06-01,177.76380920410156,177.79342049505456,174.64462268903534,175.40468096744894,68901800
2023-06-02,178.61270141601562,179.43198227661338,176.94452840385708,178.69166987914852,61996900
2023-06-05,177.26040649414062,182.56103856696868,175.74028990045602,180.27101332814428,121946500
2023-06-06,176.89520263671875,177.79343698174293,175.13818052764557,177.64538051324874,64848400
2023-06-07,175.5231475830078,178.86935913776645,175.02960596689772,176.135134367242,61944600
2023-06-08,178.2375946044922,178.5040961851235,175.16776569867469,175.6020695913787,50214900
2023-06-09,178.62258911132812,179.87617397731293,178.2968498358667,179.1556074319137,48900000
2023-06-12,181.41603088378903,181.51474523727245,178.63246384356634,178.92859184232086,54274900
2023-06-13,180.94223022460935,181.77137654932005,180.08347260699438,180.4388231835412,54929100
2023-06-14,181.573974609375,182.0082936822176,179.66891102186548,181.0014644735094,57462900
2023-06-15,183.6073303222656,184.11075236554325,181.40613912687283,181.58382192499832,65433200
2023-06-16,182.53143310546875,184.57470266619663,181.88983501651188,184.31805138125785,101256200
2023-06-20,182.62026977539065,183.69620198313197,182.0280288523053,182.0280288523053,49799100
2023-06-21,181.58384704589844,183.01511479137184,180.23153270863293,182.5116926784492,49515700
2023-06-22,184.5845489501953,184.6339061200073,181.29756025506936,181.3666633051449,51245300
2023-06-23,184.2686767578125,185.13731475683957,182.6202496908907,183.15328303090956,53117000
2023-06-26,182.8769073486328,185.6209974197008,182.83741558637175,184.4167547195407,48088700
2023-06-27,185.630859375,185.9565986299679,183.27173119056016,183.4888906938721,50730800
2023-06-28,186.8054962158203,187.44709427325768,185.17681495512895,185.5025391579117,51216800
2023-06-29,187.1410980224609,187.61490879718235,186.49949997485515,186.6376910187253,46347300
2023-06-30,191.4645233154297,191.96793030893548,188.7895213028153,189.1547523169529,85213200
2023-07-03,189.97406005859372,191.37571654835668,189.2830896937324,191.27700219289196,31458200
2023-07-05,188.8586578369141,190.48733932830032,188.15782203618812,189.0955632614615,46920300
2023-07-06,189.3324279785156,189.53972207962792,186.756140199604,187.3878728511301,45094300
2023-07-07,188.21701049804688,190.1813114167851,187.7827065576724,188.9375920522482,46815000
2023-07-10,186.17376708984372,187.5359467558433,184.6240392018072,186.8153651594175,59922200
2023-07-11,185.65061950683597,186.8548622770273,184.18974051380027,186.71667122446576,46638100
2023-07-12,187.3187713623047,189.22383458950756,186.0355602702456,187.22992243297557,60750200
2023-07-13,188.07879638671875,188.7204094016861,187.3286186962453,188.03931969214307,41342300
2023-07-14,188.22689819335935,188.71055932283983,187.18059240914323,187.77283329330808,41616200
2023-07-17,191.4842834472656,191.81002272437505,189.33243414864157,189.42126802557277,50520200
2023-07-18,191.2276153564453,191.8198712739852,189.93453883356676,190.85253399958413,48288200
2023-07-19,192.57992553710935,195.6694855056854,190.1615598085878,190.60575926840173,80507300
2023-07-20,190.6353912353516,193.9322456468904,190.01352397351403,192.57006595398724,59581200
2023-07-21,189.46075439453125,192.4516153262713,188.7599186858544,191.59285775033445,71951700
2023-07-24,190.26026916503903,192.392372294224,189.76672761078476,190.91174763146105,45377800
2023-07-25,191.1190490722656,191.928464545818,190.4280938275836,190.83280156435973,37283200
2023-07-26,191.98768615722656,193.11296042478057,190.8229351880455,191.1684052777898,47471900
2023-07-27,190.7242126464844,194.6527994732912,190.06286872536143,193.48804855415668,47460200
2023-07-28,193.3004913330078,194.0901608500724,191.6323184319033,192.1554712863488,48291400
2023-07-31,193.91249084472656,193.95198260711592,192.7378594315981,193.52752900074864,38824100
2023-08-01,193.08335876464844,194.1888872056883,192.7576194786216,193.70522604358104,35175100
2023-08-02,190.09246826171875,192.65887532596588,189.37190180440743,192.5206842922117,50389300
2023-08-03,188.70069885253903,189.885195713569,188.22690312046603,189.09554118067888,61235200
2023-08-04,179.63926696777344,184.9596445164711,179.57016391801557,183.12366926443607,115956800
2023-08-07,176.53982543945312,180.7645400695484,175.05920073091434,179.7774569305225,97576100
2023-08-08,177.4775390625,177.9414693105031,175.2862134413724,177.36895932229305,67823000
2023-08-09,175.88833618164062,178.59293417746048,174.7235703168388,178.53371160261662,60378500
2023-08-10,175.6711883544922,178.41527829006225,175.30597241092943,177.1616784798233,54686900
2023-08-11,175.7305145263672,176.55090180538758,174.50488805624465,175.26597277471524,52036700
2023-08-14,177.3811492919922,177.60848075837384,175.2560457553654,175.90840396188517,43675600
2023-08-15,175.39442443847656,177.40090780634856,174.99906405268155,176.80786722765603,43622600
2023-08-16,174.524658203125,176.47182426987777,174.4554618287455,175.0781688700227,46964900
2023-08-17,171.9844207763672,175.4537562487029,171.47044012349116,175.08804707675128,66062900
2023-08-18,172.46873474121094,173.07166917955516,169.96804315644715,170.30410101859755,61172200
2023-08-21,173.80307006835938,174.0897191613031,171.7274054668453,173.04200058882003,46311900
2023-08-22,175.17698669433594,175.62177093693052,174.2083431088137,175.00895776189057,42038900
2023-08-23,179.02194213867188,179.44696895877536,176.2642675025049,176.45206899868776,52722800
2023-08-24,174.3368377685547,179.0021629998802,173.97111355320405,178.57713623123834,54945800
2023-08-25,176.5409698486328,177.0747078147034,173.78329604021275,175.32522247778354,51449600
2023-08-28,178.1027069091797,178.49806733287568,176.48170504077262,178.003859262239,43820700
2023-08-29,181.98715209960935,182.7581153857808,177.42067493043544,177.61835511729424,53003900
2023-08-30,185.4762725830078,185.6739678659169,182.5999932338842,182.79767343476072,60813900
2023-08-31,185.6937255859375,186.9292456956689,185.30824391498265,185.66407430986652,60794500
2023-09-01,187.2653350830078,187.7199980774023,186.09899615427736,187.29498636168424,45766500
2023-09-05,187.5025329589844,187.77928826308653,185.4367469097816,186.09898389331408,45280000
2023-09-06,180.79119873046875,186.6623929808804,179.3678770840619,186.2175936548533,81755800
2023-09-07,175.503173828125,176.1456533918577,171.52973657694065,173.15073850258275,112488800
2023-09-08,176.115966796875,178.15211655476327,175.7304851357375,176.2840107997074,65551300
2023-09-11,177.28231811523438,178.21143169284028,175.28571330476424,177.98410020535158,58953100
2023-09-12,174.2577667236328,178.043402311121,172.79491507430097,177.4108165912451,90370200
2023-09-13,172.19198608398438,175.24618840249718,171.96463950783718,174.46533118918654,84267900
2023-09-14,173.70425415039062,174.060084556446,171.56927171405846,171.98440467411754,60895800
2023-09-15,172.9827117919922,174.45545734300367,171.80650919609533,174.43568479625586,109259500
2023-09-18,175.90841674804688,177.30208708635865,174.1292647291417,174.43567131089117,67257600
2023-09-19,176.9956817626953,177.54919237650395,175.07815207769175,175.46363376102514,51826900
2023-09-20,173.45713806152344,177.61836118650515,173.36816915467014,177.18345571133617,58436200
2023-09-21,171.91522216796875,174.25777881422758,171.84604087673063,172.52805046683002,63149100
2023-09-22,172.76524353027344,175.0287248458324,172.03382526857388,172.6466384244914,56725400
2023-09-25,174.04031372070312,174.9200034718099,172.13266274999066,172.1820865728236,46172700
2023-09-26,169.96804809570312,173.1705067749598,169.67152023376326,172.7949188930673,64588900
2023-09-27,168.45574951171875,171.0355161486817,167.09174554279588,170.6203831944849,66921800
2023-09-28,168.7127685546875,170.03724268196555,165.6783234920371,167.37840061261642,56294400
2023-09-29,169.22674560546875,171.06520035560507,168.36681324873706,170.0273603208123,51861100
2023-10-02,171.73728942871094,172.28092127496365,168.94994891630552,169.2365980179806,52164500
2023-10-03,170.4029541015625,171.61871693838452,168.84126971126884,170.26457643095287,49594600
2023-10-04,171.64834594726562,172.19197782627828,168.9895041879398,169.10810929534875,53020300
2023-10-05,172.88388061523438,173.41761872545223,170.67970163713667,171.77684421895017,48527900
2023-10-06,175.43399047851562,175.92819856079907,171.17390414032383,171.78673241813826,57266700
2023-10-09,176.9166259765625,176.97592853708252,173.7635757979471,174.76187075811515,42390800
2023-10-10,176.32354736328125,177.6381425852869,175.88864186643335,176.03691333055846,43698000
2023-10-11,177.71719360351562,177.76661741819404,175.54268149594157,176.13572202599048,47551100
2023-10-12,178.61666870117188,180.2277765858699,176.96600064702005,177.98408304070654,56743100
2023-10-13,176.77822875976562,179.82253713140665,176.07644667980117,179.31845034069394,51427100
2023-10-16,176.64974975585938,177.00558020178707,174.46534325240765,174.70256857703768,52517000
2023-10-17,175.097900390625,176.35319301979084,172.7751316803463,174.60369235668924,57549400
2023-10-18,173.80307006835938,175.52291937992672,173.08153059369246,173.54608733160953,54764400
2023-10-19,173.427490234375,175.7799102245973,173.16061367257353,174.0007582826414,59302900
2023-10-20,170.87738037109375,173.38795063159753,170.64015507731645,173.2792242572037,64244000
2023-10-23,170.99598693847656,171.99428177951037,167.96154224302492,168.93020088937016,55980100
2023-10-24,171.43089294433594,171.65822442721412,169.4639394511676,171.045411263789,43816600
2023-10-25,169.1179962158203,171.05528327402416,168.6731969171006,169.88895954662036,57157000
2023-10-26,164.95677185058594,169.39476582537458,163.75090293239452,168.3964558542296,70625300
2023-10-27,166.2713623046875,167.00279566914165,164.89746448966903,164.97653958977486,58499100
2023-10-30,168.3173828125,169.18719386762373,166.91383366211736,167.06210513671374,51131000
2023-10-31,168.79183959960938,168.92032345051314,165.95507483465602,167.3882903979478,44846000
2023-11-01,171.95477294921875,172.21175573979943,168.1493644262673,169.01917553597846,56934900
2023-11-02,175.51304626464844,175.72060519042475,173.42748778366638,173.48679033388817,77334800
2023-11-03,174.60369873046875,174.77174274032964,171.34193765305042,172.22162738228718,79829200
2023-11-06,177.15382385253906,177.35150406781844,174.16881791314302,174.33684685023218,63841300
2023-11-07,179.71383666992188,180.32664987384885,176.89684453064555,177.10440348202485,70530000
2023-11-08,180.7714385986328,181.32494925868284,179.48649451949703,180.2377004855944,49340300
2023-11-09,180.29702758789065,181.98721107762057,179.70397175308648,180.84065958945504,53763500
2023-11-10,184.4834899902344,184.65175539538808,181.6430032262288,182.07848170612576,66133400
2023-11-13,182.89993286132807,184.1172820619318,182.31600272709323,183.9094496896321,43627500
2023-11-14,185.5127868652344,186.17589626502485,184.38450869065176,185.7701081675421,60108400
2023-11-15,186.07693481445312,187.55162053928348,185.84930383072196,185.9185913616288,53790500
2023-11-16,187.7594757080078,188.9966236513369,186.7103615664657,187.6209157424311,54412900
2023-11-17,187.7396697998047,188.42257785422723,186.63119011836693,188.29390964052357,50922700
2023-11-20,189.4815673828125,189.93684445013847,187.92771748948172,187.93760923589429,46505100
2023-11-21,188.6798858642578,189.55084275358135,187.78914548337832,189.44197314241592,38134500
2023-11-22,189.343017578125,190.9463564933125,188.8679569924961,189.52117473642568,39617700
2023-11-24,188.0167694091797,188.9372000948196,187.3041710904062,188.90750975669584,24048300
2023-11-27,187.8386383056641,188.70959528304604,186.957789581504,187.9673065232965,40552600
2023-11-28,188.44235229492188,189.1153685705385,187.4526340263521,187.8287318010173,38415400
2023-11-29,187.4229431152344,190.1149780056917,187.02706184977396,188.93721085337887,43014200
2023-11-30,187.99700927734372,188.36321535895863,186.2551103094808,187.88813964798328,48794400
2023-12-01,189.2737274169922,189.5904294104457,187.2843840288066,188.37308016671423,45704800
2023-12-04,187.4823303222656,188.09596593756663,185.52269231677565,188.02667840765253,43389500
2023-12-05,191.43130493164065,192.40122460244103,188.22461231756915,188.254317759258,66628400
2023-12-06,190.34263610839844,192.7575361433548,190.1347886146608,192.45072587794945,41089700
2023-12-07,192.2725982666016,192.9950884718347,191.59958189996595,191.63917909312917,47477700
2023-12-08,193.69778442382807,193.9749043529612,191.67875053796885,192.20330005396383,53406400
2023-12-11,191.19378662109372,191.5006120000344,189.4518877342921,191.12451418849048,60943700
2023-12-12,192.7080535888672,192.71794533501543,189.748790485074,191.09480795445688,52696900
2023-12-13,195.9246826171875,195.96426471269487,192.84665745120984,193.08418022806603,70404200
2023-12-14,196.0730743408203,197.5675433947849,194.1431268600313,195.98400332676115,66831600
2023-12-15,195.5386505126953,196.36010340669733,194.97450383643803,195.4990533238864,128538400
2023-12-18,193.87591552734372,194.6083124997745,192.39133809002112,194.0738561652729,55751900
2023-12-19,194.91514587402344,194.9250376214273,193.87593852424985,194.14316672319836,40714100
2023-12-20,192.82684326171875,195.64753172216425,192.82684326171875,194.8755525559872,52242800
2023-12-21,192.6783447265625,195.0536776254948,191.51048442189503,194.0837579535961,46482500
2023-12-22,191.60948181152344,193.4008696387368,190.985954407966,193.17322354105164,37149600
2023-12-26,191.06512451171875,191.89648427525853,190.84738527337691,191.6193643540786,28919300
2023-12-27,191.1641082763672,191.51051576683653,189.1252907315366,190.51090559150927,48087700
2023-12-28,191.58966064453125,192.65855816674448,191.18387253758047,192.14390044821917,34049900
2023-12-29,190.5504608154297,192.40122918172025,189.758683164504,191.9063700376295,42672100
