Date,Close,High,Low,Open,Volume
2010-01-04,5.064801692962647,5.064801692962647,4.926236386840586,4.935792379154251,14257860
2010-01-05,5.021799564361572,5.064802677322154,4.981185563862868,5.060024452398398,14077418
2010-01-06,4.897568225860596,4.94296044920192,4.878455782718447,4.940571336849577,28100490
2010-01-07,4.804394721984863,4.878455376027065,4.768558495363799,4.873677151720717,21799244
2010-01-08,4.83067512512207,4.83545335049749,4.773815792455203,4.813951791984756,20945576
2010-01-11,4.864121913909912,4.876067020853639,4.828285681725491,4.861732801385843,14631526
2010-01-12,4.825896263122559,4.89278958053108,4.811561590240833,4.871288026885041,15533316
2010-01-13,4.854565620422363,4.873678065554867,4.818729842758498,4.833064062688717,14887240
2010-01-14,4.859343528747559,4.885623309969789,4.840231084861374,4.871288635297697,12068075
2010-01-15,4.794838905334473,4.878456019010152,4.768559123862417,4.847398468278585,26927150
2010-01-18,4.744190216064453,4.790059984023522,4.704054226059836,4.778114879096398,21220358
2010-01-19,4.823507785797119,4.825896898258504,4.730334222509536,4.733201339733842,16950154
2010-01-20,4.764257907867432,4.852175223338536,4.753268357352672,4.828284559328157,20947097
2010-01-21,4.71886682510376,4.821118371393431,4.71886682510376,4.802005928575954,21074450
2010-01-22,4.68685245513916,4.790059537341956,4.677774012197571,4.711220667415792,26347655
2010-01-25,4.644327640533447,4.699275850511468,4.641460523810265,4.663440081207391,18909986
2010-01-26,4.644327640533447,4.67204052002388,4.598935423054134,4.620436975771886,24278591
2010-01-27,4.615659713745117,4.6295163842168,4.586991274596987,4.601325494171053,27212236
2010-01-28,4.494772911071777,4.663918238138205,4.494772911071777,4.615659353321836,38428975
2010-01-29,4.470883369445801,4.5153195900233385,4.463716031305127,4.4947735852280655,39286000
2010-02-01,4.496206760406494,4.5024185440671305,4.472316090985758,4.472316090985758,21017676
2010-02-02,4.510540962219238,4.516274741084946,4.479961415837618,4.505763192894995,21413397
2010-02-03,4.463715553283691,4.535865109070645,4.447469770841929,4.518186223695545,22630711
2010-02-04,4.414978504180908,4.520097170188051,4.406378064181173,4.486172503581066,36150447
2010-02-05,4.401122093200684,4.506718303545742,4.401122093200684,4.446036310167783,49009224
2010-02-08,4.478050231933594,4.500985349340112,4.43074689404014,4.434091560688869,26641901
2010-02-09,4.463715553283691,4.513407998780131,4.446514216994168,4.500984887406021,22841858
2010-02-10,4.514362812042236,4.54159814278018,4.482827261856519,4.4995505906403785,23742114
2010-02-11,4.46658182144165,4.538253821830659,4.443647164085485,4.529652926605099,18210565
2010-02-12,4.5009846687316895,4.532042217819771,4.479483113333561,4.486650450358466,15474010
2010-02-15,4.505762577056885,4.533953462761621,4.500984352709104,4.522963455626412,7760709
2010-02-16,4.542553901672363,4.542553901672363,4.496206127991116,4.528219684306753,14038707
2010-02-17,4.563099384307861,4.581733819202103,4.534430497151525,4.563099384307861,16886419
2010-02-18,4.6142258644104,4.627126980187986,4.556888534049495,4.566444983614611,15930813
2010-02-19,4.659617900848389,4.6610514593607455,4.567878358235937,4.60132501901375,17900690
2010-02-22,4.62282657623291,4.70070990551891,4.618048351640457,4.696887234709632,15376597
2010-02-23,4.540165424346924,4.66821921183859,4.540165424346924,4.659140766579741,17870752
2010-02-24,4.548766136169434,4.586513018638483,4.532042349292837,4.563100354958488,16389918
2010-02-25,4.491428852081299,4.58985819831029,4.454637519325746,4.477094631688787,41781908
2010-02-26,4.515318870544434,4.534431313530829,4.467537990916736,4.5272644322087965,21000763
2010-03-01,4.574089527130127,4.590335307902909,4.535386638373921,4.56214442174536,16409009
2010-03-02,4.558321952819824,4.565011285039611,4.515796847183099,4.544943288380251,18126112
2010-03-03,4.567878723144531,4.567878723144531,4.523442051124226,4.56310049817268,15427402
2010-03-04,4.573134899139404,4.573134899139404,4.534432002548408,4.549722232666863,14455563
2010-03-05,4.625215530395508,4.629993299148034,4.574567536206229,4.586990646315922,17439433
2010-03-08,4.657228469848633,4.657228469848633,4.625215369773906,4.634771362623667,14489492
2010-03-09,4.672041416168213,4.67538608253578,4.651017864097306,4.668696749800645,14706533
2010-03-10,4.687808990478516,4.701665660117841,4.659140553052474,4.68255321660828,13331198
2010-03-11,4.732723712921143,4.732723712921143,4.674908827174381,4.687331939559715,15835345
2010-03-12,4.723167419433594,4.761392308098908,4.716955635795256,4.739890751265092,15543744
2010-03-15,4.686375617980957,4.692587401598422,4.663440958264801,4.669174737112995,16110558
2010-03-16,4.700709819793701,4.723166928156798,4.670607369951473,4.720777815904141,13645705
2010-03-17,4.7112226486206055,4.727468434087848,4.676342420460177,4.71647887927708,15730521
2010-03-18,4.713132858276367,4.742279298232103,4.692586857757877,4.716477524243803,14576806
2010-03-19,4.725555896759033,4.7733367733300005,4.7045318918453765,4.742756775372772,44063691
2010-03-22,4.706444263458252,4.745146702663943,4.666307809886344,4.744669153551838,15149317
2010-03-23,4.716477870941162,4.730812089615768,4.675385866883604,4.680164091667338,11802478
2010-03-24,4.693543434143066,4.716478551874932,4.648151203497358,4.677775654621574,18806801
2010-03-25,4.719344615936279,4.732245731945387,4.670607724768077,4.706443955603775,18463547
2010-03-26,4.716477870941162,4.739412529685213,4.707876975195122,4.730334084866756,13784171
2010-03-29,4.7542243003845215,4.759002524713246,4.730333634417453,4.739890083074902,12531310
2010-03-30,4.771426677703857,4.799617569459324,4.744191339887731,4.744669344695727,16053751
2010-03-31,4.794838905334473,4.821118686806529,4.78050468620272,4.782893798670781,17688479
2010-04-01,4.787672996520996,4.811563214703168,4.771427210707484,4.80200721856564,15794457
2010-04-06,4.816339492797852,4.8211177167725685,4.787671060302583,4.816339492797852,11887341
2010-04-07,4.809173583984375,4.842620706056497,4.778116030285249,4.802006701572005,14445732
2010-04-08,4.764736652374268,4.802005984655075,4.737023313775505,4.799616872315418,18896961
2010-04-09,4.797227382659912,4.804394719115154,4.76425827291297,4.782893165425979,17820640
2010-04-12,4.811562538146973,4.82350810123509,4.792450092882624,4.802006543353118,12688893
2010-04-13,4.809173583984375,4.845009818752838,4.797228476179324,4.806784926964688,12431729
2010-04-14,4.837841987609863,4.861732656461776,4.8163404312108025,4.845009324968419,16107770
2010-04-15,4.83067512512207,4.854565796322513,4.823508242735595,4.849787570947094,12553699
2010-04-16,4.778114795684815,4.856953671586552,4.778114795684815,4.8330630064728215,29895322
2010-04-19,4.771426677703857,4.797228456772648,4.754703344573777,4.7661709031991615,16714285
2010-04-20,4.792449951171875,4.79961728881281,4.74610217024907,4.77142639870574,17080155
2010-04-21,4.761392116546631,4.81156211002277,4.747535446868012,4.804395228484235,17865668
2010-04-22,4.72698974609375,4.794839084557613,4.708832855199104,4.77285997811249,21472553
2010-04-23,4.737023830413818,4.7633036133396445,4.711222052278692,4.730334497403846,15217496
2010-04-26,4.730334281921387,4.778115620395992,4.730334281921387,4.773337395413209,16877404
2010-04-27,4.640028953552246,4.747536296970109,4.640028953552246,4.744669634976705,26037300
2010-04-28,4.608014583587647,4.694020807841794,4.598936138679118,4.6514952447918745,34195295
2010-04-29,4.67108678817749,4.687332574141026,4.606104555676762,4.615660551902535,30206344
2010-04-30,4.672518730163574,4.721733164535818,4.653406288649217,4.6968869449995,28173532
2010-05-03,4.719821453094482,4.742278557608115,4.690675017690682,4.696886343941627,34022922
2010-05-04,4.622292995452881,4.757174842518873,4.612436226061781,4.741611704701484,52692966
2010-05-05,4.612955093383789,4.661200967803107,4.603616815138308,4.661200967803107,35604459
2010-05-06,4.580790042877197,4.646156000144269,4.570414784668073,4.59635317756245,29699707
2010-05-07,4.43553352355957,4.58597849711922,4.414782509783867,4.508161824402936,51625947
2010-05-10,4.565227508544922,4.580790645276815,4.482223452983901,4.513349726447686,46326712
2010-05-11,4.574564933776856,4.584421701709392,4.508161496625361,4.52372512688294,27178938
2010-05-12,4.70581579208374,4.752505697795044,4.601541735294256,4.643043763761369,37412804
2010-05-13,4.77792501449585,4.813201684868688,4.728641176239531,4.762361879425539,21854556
2010-05-14,4.637855529785156,4.781037665406455,4.615029564306921,4.781037665406455,31160854
2010-05-17,4.676764488220215,4.7255293471103705,4.591166492350643,4.625924181578866,20731748
2010-05-18,4.718784809112549,4.73279197818494,4.682470659285144,4.72604763907803,19334791
2010-05-19,4.624885559082031,4.689213539078782,4.611397378385913,4.674169391383827,28923172
2010-05-20,4.631630897521973,4.675207877766423,4.556408163822071,4.6466750484674,29996332
2010-05-21,4.574564933776856,4.632668064970202,4.483779069580277,4.611917052703255,41331520
2010-05-24,4.563670635223389,4.627998624063724,4.555888820187051,4.59635336783833,13908046
2010-05-25,4.558483600616455,4.583385017538225,4.462510337821684,4.495712062136296,29288218
2010-05-26,4.631630897521973,4.688696061376828,4.605692006772241,4.6508254490949055,31215060
2010-05-27,4.727604389190674,4.742649035640056,4.617104976170516,4.651344175163443,25127009
2010-05-28,4.748874664306641,4.771700633374956,4.690771522937416,4.720860817577222,17453802
2010-05-31,4.728640556335449,4.761842269611152,4.728640556335449,4.742128736892982,8191365
2010-06-01,4.765993118286133,4.788819081863433,4.641486558087167,4.700108671017662,22251785
2010-06-02,4.813202381134033,4.815796319811509,4.705296906918512,4.746798936271679,17104396
2010-06-03,4.825653553009033,4.874937403134634,4.814759306361784,4.850554970913182,16551162
2010-06-04,4.774293899536133,4.879605426451206,4.754061377405767,4.850554107231372,18900305
2010-06-07,4.751468181610107,4.789338794638629,4.707372214889192,4.751986672484273,18379561
2010-06-08,4.715672016143799,4.767549298362651,4.650825042312873,4.767549298362651,20574045
2010-06-09,4.787262916564941,4.79348826969771,4.69284563791829,4.741610986582175,16750043
2010-06-10,4.868710517883301,4.873898394106084,4.7623615290317725,4.783631029956214,20409233
2010-06-11,4.878567695617676,4.881680124767569,4.823577489357701,4.86144809843539,18412114
2010-06-14,4.917994976043701,4.917994976043701,4.864042733185441,4.911770116852656,15846290
2010-06-15,4.985953330993652,4.990103730571748,4.863003247509173,4.876491427709152,20980398
2010-06-16,4.985435962677002,4.990623840146682,4.939784026224854,4.985435962677002,15568458
2010-06-17,5.034200668334961,5.034200668334961,4.980247936999345,4.985435319056107,15673890
2010-06-18,5.007742881774902,5.0404256156528415,5.001517528453889,5.0134492495095095,36458918
2010-06-21,5.009298801422119,5.058063651537523,4.995291634280637,5.058063651537523,11538820
2010-06-22,5.036793231964111,5.045612522034444,4.985434448001856,4.999960104709191,14896585
2010-06-23,5.026419639587402,5.055989948281852,4.993217915513453,4.997368316551412,16981088
2010-06-24,4.969871997833252,5.050801091814927,4.9641656304123,5.047169677139204,13760257
2010-06-25,5.052876949310303,5.05598987372868,4.95794116518475,4.970391873371794,17165187
2010-06-28,5.134324550628662,5.1353620270874645,5.013449390429301,5.049764034946483,14708882
2010-06-29,5.029531478881836,5.099566334187704,5.029531478881836,5.068440061658328,19906776
2010-06-30,5.033681392669678,5.081408768043518,4.981285126342237,5.008261490455413,19697666
2010-07-01,5.0425004959106445,5.076739687952292,4.977134540766087,4.980247464447936,21008948
2010-07-02,4.946009159088135,5.068440291336228,4.929408050876093,5.068440291336228,23145114
2010-07-05,5.0035929679870605,5.052876314146108,4.980248016756703,5.005667920842995,13423593
2010-07-06,5.069477558135986,5.092303524397242,4.970391382813102,5.03108796080538,19691437
2010-07-07,5.159225940704346,5.162857356013151,4.985954987691939,5.023306617333477,22707378
2010-07-08,5.172712802886963,5.187757445924102,5.136398659083287,5.177381693555564,16412169
2010-07-09,5.173750877380371,5.192945922532937,5.145737035386617,5.171675924563993,14117903
2010-07-12,5.128617763519287,5.172195238633031,5.103716843911768,5.168044837993515,10377881
2010-07-13,5.2007269859313965,5.2007269859313965,5.106828696598309,5.106828696598309,16857625
2010-07-14,5.229259490966797,5.229259490966797,5.190351408884569,5.208508480873402,12235304
2010-07-15,5.281136512756348,5.343389534186066,5.205913802647707,5.213695615855061,26223363
2010-07-16,5.208508968353272,5.330421102219203,5.203321091658597,5.296700893190125,22554807
2010-07-19,5.250012397766113,5.296702311029997,5.19813510116213,5.2033224845022295,11193461
2010-07-20,5.190351963043213,5.275949950660404,5.162856611993735,5.262980753496014,13238714
2010-07-21,5.216290473937988,5.247416742773158,5.177381895779341,5.213696535744536,10575002
2010-07-22,5.327828884124756,5.327828884124756,5.174789949631842,5.2007283495852725,14425700
2010-07-23,5.29670000076294,5.327826760943366,5.265573240582513,5.29670000076294,12114131
2010-07-26,5.3200459480285645,5.3200459480285645,5.268168169549541,5.317452009630297,7252637
2010-07-27,5.356360912322998,5.390081621895691,5.301889681888515,5.307077064732344,14812907
2010-07-28,5.317452907562256,5.38748777191243,5.312265029889669,5.369330694801625,11371312
2010-07-29,5.364141464233398,5.405643485660328,5.3174515664423225,5.3174515664423225,21360173
2010-07-30,5.348578929901123,5.390080955983854,5.296701149926121,5.369329942942489,14963482
2010-08-02,5.421207427978516,5.441958441784681,5.333015495616513,5.374517523228844,14193583
2010-08-03,5.403050422668457,5.418613559538704,5.369330210325722,5.395268606861733,10586599
2010-08-04,5.447146415710449,5.447146415710449,5.353766604551874,5.377111557341517,12064420
2010-08-05,5.29670000076294,5.473083820718196,5.29670000076294,5.439363122627478,23484431
2010-08-06,5.268168449401856,5.353766442119114,5.244823497320495,5.312264415028515,16461294
2010-08-09,5.351171970367432,5.35635984692261,5.291512874212304,5.296700750767482,11290371
2010-08-10,5.312264442443848,5.366736162495867,5.27854423078741,5.343391210294029,16525720
2010-08-11,5.252605438232422,5.333015555795785,5.242229683840659,5.270762513674807,13278416
2010-08-12,5.390080451965332,5.405643586605276,5.250010755976444,5.2655738906163885,19724864
2010-08-13,5.439364910125732,5.467897741772401,5.361548726217112,5.410832573222295,16414034
2010-08-16,5.488646984100342,5.519773744454665,5.413424763253925,5.444551028865177,15201672
2010-08-17,5.452333927154541,5.50421121173981,5.405644024707579,5.478272816818761,12836339
2010-08-18,5.403050422668457,5.444552450817916,5.384893347195969,5.444552450817916,13728358
2010-08-19,5.294106960296631,5.42639484768819,5.283731701639746,5.410831712331287,15537325
2010-08-20,5.242228984832764,5.335608782934407,5.216290591798426,5.294106760387706,17390863
2010-08-23,5.304483413696289,5.320046551106962,5.247417751951789,5.250011690644104,10303342
2010-08-24,5.278544425964356,5.307076761576896,5.237042397125016,5.278544425964356,12078076
2010-08-25,5.309670448303223,5.338203277305223,5.275950236999829,5.2863254963458015,14974399
2010-08-26,5.275950908660889,5.335610018038966,5.262981709141567,5.333016079186452,10849030
2010-08-27,5.397861957550049,5.397861957550049,5.255198813167492,5.255198813167492,15870819
2010-08-30,5.36154842376709,5.413426206608516,5.333015593729986,5.384893376571412,6926014
2010-08-31,5.390080451965332,5.397861771913739,5.286324901717357,5.317451665740376,12872153
2010-09-01,5.426395416259766,5.426395416259766,5.343391359335007,5.390081265040985,15441335
2010-09-02,5.38230037689209,5.416020595301234,5.358955420015263,5.416020595301234,13051829
2010-09-03,5.377111911773682,5.395268988530627,5.327828559074326,5.392675544488123,12293899
2010-09-06,5.379705429077148,5.382299367659662,5.330421585495784,5.369330169490291,7065130
2010-09-07,5.371923446655273,5.382299200663399,5.340797174117257,5.358954248888296,7891363
2010-09-08,5.418612957000732,5.421206895314533,5.353765983385144,5.361547798326547,11791205
2010-09-09,5.447146415710449,5.447146415710449,5.379705495956278,5.421207524306044,10294080
2010-09-10,5.418612957000732,5.447145783709398,5.382298810093809,5.421206895314533,8595004
2010-09-13,5.447146415710449,5.473085307114854,5.408238325975444,5.441958538480927,13457350
2010-09-14,5.431581497192383,5.462707760873612,5.395266863240229,5.441956753505113,12649755
2010-09-15,5.436769485473633,5.447145237688774,5.403049280260617,5.408237156368188,11303726
2010-09-16,5.416019439697266,5.441958330108471,5.390081044029245,5.436770453077593,7700080
2010-09-17,5.358953952789307,5.454927693088901,5.335609002304086,5.441958001295358,27555156
2010-09-20,5.41083288192749,5.416020265005652,5.33561013774666,5.387487926474353,9078336
2010-09-21,5.343390941619873,5.434176807312921,5.330421249524772,5.405643979446864,14323042
2010-09-22,5.257792472839356,5.369329340960437,5.25001065829261,5.369329340960437,15047627
2010-09-23,5.244823932647705,5.309670917202048,5.163895319424089,5.288919901934388,17294664
2010-09-24,5.301889419555664,5.304483358220852,5.190352530668675,5.260387390399093,12389658
2010-09-27,5.257792472839356,5.309669752254964,5.2370414621244885,5.309669752254964,8721489
2010-09-28,5.260385990142822,5.2837309371721295,5.1955390250043205,5.229259229189386,12811780
2010-09-29,5.250012397766113,5.30189018911338,5.234449258259247,5.268169476314672,10363541
2010-09-30,5.205915451049805,5.309670519619028,5.203321512492676,5.22926040332078,14980552
2010-10-01,5.21369743347168,5.257793400866826,5.195540357734244,5.231854509209115,12102321
2010-10-04,5.177382469177246,5.229260249305519,5.161819333036036,5.218884990125771,12400825
2010-10-05,5.218884944915772,5.265574352934944,5.172195042153425,5.172195042153425,12145370
2010-10-06,5.21369743347168,5.255199462226734,5.182570664533785,5.234448447849207,15229857
2010-10-07,5.192945957183838,5.242229302732229,5.18412666554064,5.218884846534296,13885393
2010-10-08,5.1431427001953125,5.200726841724006,5.090227944257965,5.195539460083271,30789852
2010-10-11,5.164413928985596,5.165451405561331,5.118761496450544,5.162857466750372,15808601
2010-10-12,5.127579212188721,5.157149511845789,5.100602850544703,5.152999112076291,15396620
2010-10-13,5.2111029624938965,5.2111029624938965,5.140030634194002,5.154037802470961,16775282
2010-10-14,5.1721954345703125,5.239636355372345,5.131211896460796,5.234448478062217,21897634
2010-10-15,5.242228984832764,5.252604737841006,5.185163827516834,5.192945642273015,20488684
2010-10-18,5.216290473937988,5.262980371933866,5.192945524940049,5.218884412131439,15304852
2010-10-19,5.2214789390563965,5.2344486327149085,5.19294660249412,5.229260755251503,12441512
2010-10-20,5.224071979522705,5.247416929350699,5.203320967980393,5.208508844551757,11400795
2010-10-21,5.255199432373047,5.275950446632692,5.198134266844823,5.22147872498662,12115070
2010-10-22,5.216290473937988,5.247416742773158,5.192945524940049,5.244822804579707,8761249
2010-10-25,5.208508968353272,5.231853918736154,5.20072715331126,5.231853918736154,6988845
2010-10-26,5.255199432373047,5.262981248249115,5.192946389594111,5.216291342479112,13855633
2010-10-27,5.255199432373047,5.304483276768407,5.226666602237332,5.234448418113401,15649878
2010-10-28,5.416019439697266,5.436770453077593,5.288919420899863,5.291513359415302,23108097
2010-10-29,5.400456428527832,5.45492814912831,5.374517537515376,5.400456428527832,15624250
2010-11-01,5.421207427978516,5.473085209865527,5.387487216072194,5.447146318922021,11577385
2010-11-02,5.46530294418335,5.473084759248658,5.40564384624545,5.426394858343118,11383852
2010-11-03,5.421207427978516,5.480866530828342,5.416019550841176,5.473085209865527,10141632
2010-11-04,5.327828884124756,5.390081934550867,5.286326355764083,5.356361223022183,29998620
2010-11-05,5.299294471740723,5.335608616651581,5.257792450487422,5.325233358709816,18796542
2010-11-08,5.252605438232422,5.275950390870689,5.234448362790037,5.275950390870689,12521967
2010-11-09,5.301889419555664,5.3252343727991365,5.2344484984904325,5.239636375820807,13647990
2010-11-10,5.286324977874756,5.30448254574993,5.250010831610684,5.28113759608213,12168271
2010-11-11,5.273355484008789,5.299294370482244,5.25001053565699,5.291512556117274,11136379
2010-11-12,5.244823932647705,5.270762825418088,5.21629159586919,5.2526057489017886,16742653
2010-11-15,5.242228984832764,5.244822923084824,5.208508777042245,5.231853726567655,13169180
2010-11-16,5.187757968902588,5.2318539314279855,5.187757968902588,5.224072116367097,15384201
2010-11-17,5.20332145690918,5.208509333968021,5.177382566358164,5.187758320475845,9617658
2010-11-18,5.260385990142822,5.28113699919742,5.221477415265256,5.226665291214676,12797120
2010-11-19,5.244823932647705,5.278544641672172,5.213697657117828,5.265574947915366,14189306
2010-11-22,5.20332145690918,5.27595025150339,5.192946197534686,5.27595025150339,13849904
2010-11-23,5.135880470275879,5.213697140881986,5.135880470275879,5.192946127668994,19532745
2010-11-24,5.182052135467529,5.198134258071673,5.132249305533871,5.177382749103845,16851528
2010-11-25,5.183608055114746,5.195540271610015,5.145218951261444,5.179458149153956,10611888
2010-11-26,5.171157360076904,5.198133725278237,5.13639917981025,5.182570095147592,14674470
2010-11-29,5.118242263793945,5.203321267593427,5.118242263793945,5.184645702450185,19545672
2010-11-30,5.118242263793945,5.17115751943386,5.101122665917194,5.135880352511805,21350769
2010-12-01,5.21369743347168,5.221478754648747,5.128099437321477,5.141068635778729,18488265
2010-12-02,5.195539474487305,5.21888442353626,5.147812100058372,5.20850867073978,22081444
2010-12-03,5.166488170623779,5.208509181985128,5.135880389510207,5.198133922913381,17081874
2010-12-06,5.1094231605529785,5.160781956077889,5.088672147050283,5.151444173161791,15889188
2010-12-07,5.11357307434082,5.143661867895173,5.094378029989377,5.094378029989377,14443929
2010-12-08,5.116167545318604,5.128617757736729,5.085559763023362,5.119798960345388,11871145
2010-12-09,5.141587257385254,5.187758174526341,5.1042351373042685,5.132767965581978,17621160
2010-12-10,5.131211280822754,5.148849863663644,5.089709256807526,5.125504913312184,18072322
2010-12-13,5.1068291664123535,5.1441812871563775,5.106829166412353,5.141068363056118,12527819
2010-12-14,5.126023292541504,5.126023292541504,5.1021598518866735,5.106310252095103,11363165
2010-12-15,5.093340396881104,5.11927928417765,5.058063727844774,5.109941502437868,17115136
2010-12-16,5.105792045593262,5.1203177064244105,5.076221738297047,5.099566691702311,10894098
2010-12-17,5.018637657165527,5.110461009932624,5.018637657165527,5.097491811075757,38927368
2010-12-20,5.016561985015869,5.066364314969197,5.0118930938863615,5.0476882557080165,15397635
2010-12-21,5.051838397979736,5.056507288870769,5.01915566699938,5.036793754225851,11146128
2010-12-22,5.016561985015869,5.055470070752629,4.980247837627313,5.039387949839654,15295480
2010-12-23,5.028493881225586,5.045613479127055,5.008261854043473,5.011374283324118,8559196
2010-12-27,5.006186485290527,5.04613254418519,4.970391321655103,5.037313252303045,8179939
2010-12-28,5.0035929679870605,5.038869640253795,4.992698228635479,5.006186411685393,5138579
2010-12-29,5.034200668334961,5.062733001248216,5.022268452746505,5.024343900312371,8541606
2010-12-30,5.008780479431152,5.034719369772638,4.96053460845458,5.032644416863138,13799047
2011-01-03,5.0388689041137695,5.054951023255713,5.01552395629393,5.054951023255713,10638603
2011-01-04,5.016561985015869,5.04250087375476,4.9864731907143724,5.04250087375476,13449475
2011-01-05,4.989585876464844,5.024344058426363,4.96312849554169,5.006186489055218,16800766
2011-01-06,5.072072505950928,5.10994312521791,4.981286618953428,4.990624403658639,19898751
2011-01-07,5.11357307434082,5.1841264145847,5.073627018462169,5.078814895029756,24639517
2011-01-10,5.020193576812744,5.074146308974697,5.005148931759808,5.06843994125328,15948237
2011-01-11,4.994772911071777,5.012410997131534,4.955864829896007,5.012410997131534,19505721
2011-01-12,5.032124996185303,5.032124996185303,4.962090146741477,4.9802477147308375,20812995
2011-01-13,5.006186485290527,5.032125375343763,4.980248089980469,5.02693749838448,19975097
2011-01-14,4.997367858886719,5.016043424989103,4.9548278600590345,5.011374533463507,18760552
2011-01-17,4.953790187835693,5.015524735937306,4.951715234960351,4.9911423080509145,13725956
2011-01-18,4.983360290527344,4.984916752492308,4.928370083615774,4.943933219035951,15281624
2011-01-19,4.983360290527344,5.013449084972106,4.974022508223868,5.002554840703667,14685222
2011-01-20,5.044057846069336,5.129137358717022,4.980248830012635,4.985436212999551,27976039
2011-01-21,5.156630992889404,5.1763445277776885,5.043538154798308,5.0736269479344,33438497
2011-01-24,5.170118808746338,5.192945265812421,5.138473555954324,5.164412441851366,17173817
2011-01-25,5.140030860900879,5.198133994631088,5.1187608621327385,5.169601165989569,14643617
2011-01-26,5.110980033874512,5.176864494678376,5.100604278916687,5.14003135616726,14397296
2011-01-27,5.11564826965332,5.121873622881001,5.057545137776018,5.105791501604755,15327936
2011-01-28,5.0471696853637695,5.121873426488345,5.0471696853637695,5.121873426488345,13685114
2011-01-31,5.051838397979736,5.083483652622433,5.033681325212871,5.04768799788597,13243883
2011-02-01,5.1125359535217285,5.128618076710055,5.071033923564923,5.0788157397105325,14098611
2011-02-02,5.153000354766846,5.153000354766845,5.092303773801845,5.109942358647049,14830868
2011-02-03,5.167006969451904,5.190351919948505,5.119279592063345,5.165450507487289,18756380
2011-02-04,5.2214789390563965,5.24222995416679,5.154038511005036,5.19294660249412,18225221
2011-02-07,5.218884944915772,5.265574352934944,5.203321314166207,5.239635957838684,14682337
2011-02-08,5.195539474487305,5.21629048533714,5.17478846363747,5.20591473254066,13347922
2011-02-09,5.190351963043213,5.198133778187742,5.160262673612225,5.174788827497312,10655237
2011-02-10,5.161818504333496,5.187757390233282,5.148330323245055,5.187757390233282,14579540
2011-02-11,5.135880470275879,5.161819360477915,5.126023701893969,5.161819360477915,15469965
2011-02-14,5.132248878479004,5.169082012242882,5.11772321920477,5.156631305795491,10794682
2011-02-15,5.135880470275879,5.156112992635875,5.105791674277152,5.125505211040973,15021575
2011-02-16,5.187757968902588,5.203321104281213,5.130692809352195,5.135880191316301,14266535
2011-02-17,5.168563365936279,5.192945792519338,5.123429927479485,5.192945792519338,17949696
2011-02-18,5.192945957183838,5.213696969715572,5.172194944652104,5.184645651119777,16510681
2011-02-21,5.195539474487305,5.2422288778420905,5.17478846363747,5.203320794341541,15842668
2011-02-22,5.187757968902588,5.229259993074356,5.161819080109444,5.213696857695731,14190143
2011-02-23,5.163375377655029,5.211102753407116,5.1587064866644265,5.205914876865052,12306108
2011-02-24,5.146255970001221,5.1841265796125,5.090746777395908,5.143662031634854,19168143
2011-02-25,5.053395748138428,5.104754546453838,5.030050794836585,5.079853131000349,39199192
2011-02-28,5.0554704666137695,5.098528956027919,5.019156316381688,5.032125514395092,16114437
2011-03-01,5.032124996185303,5.082965296017859,5.019674290318426,5.058063884284106,17759801
2011-03-02,5.058582782745361,5.089709052133516,4.996848240027947,5.032124909547984,18590688
2011-03-03,5.031087398529053,5.080889726052767,5.018118202163888,5.077777297032654,16101703
2011-03-04,5.036793231964111,5.079333220599112,5.018117670336437,5.058063226281612,13409885
2011-03-07,4.995811462402344,5.052876627423934,4.995811462402343,5.024344292284739,10815345
2011-03-08,5.192945957183838,5.301888896661232,4.982841398713973,4.985435337123335,62819186
2011-03-09,5.239634990692139,5.317451151103741,5.203320353722719,5.218883981599506,34933054
2011-03-10,5.29670000076294,5.307075257661036,5.208508090785311,5.2292590993245724,19815112
2011-03-11,5.270762920379639,5.29929575241545,5.244824027141924,5.265575042783448,14639826
2011-03-14,5.198134899139404,5.317453121960282,5.187759143375885,5.255200071608964,16789385
2011-03-15,5.0466508865356445,5.174788870994894,5.00099895591818,5.141068166494979,38350459
2011-03-16,4.989067077636719,5.104754363479214,4.983360709609506,5.084003349592843,25785659
2011-03-17,5.0425004959106445,5.064807473496024,4.976616049981188,5.011373732807733,20459809
2011-03-18,4.975059986114502,5.064289387823168,4.966759680204123,5.042500899279742,42010286
2011-03-21,5.535337448120117,5.784349577663054,5.535337448120117,5.758411185226341,115472766
2011-03-22,5.602779388427734,5.631311724309882,5.511993513955125,5.5509016045167545,31390457
2011-03-23,5.631311416625977,5.654656368636074,5.569058376180113,5.597591205246496,17493878
2011-03-24,5.628716468811035,5.665030609015282,5.582026577266687,5.615746779635908,16948718
2011-03-25,5.569057941436768,5.631310977022905,5.569057941436768,5.628717533440404,14794935
2011-03-28,5.569057941436768,5.613153903486508,5.530149856038324,5.558682682877318,14016474
2011-03-29,5.582028388977051,5.587216266330886,5.5353384822789655,5.550901619597256,11187071
2011-03-30,5.649469375610352,5.6494693756103525,5.550901683721684,5.607967345786667,16194217
2011-03-31,5.639092922210693,5.680594946893098,5.594996959142744,5.636498983825148,20159715
2011-04-01,5.7558183670043945,5.7584123057014205,5.644281476748372,5.644281476748372,18191889
2011-04-04,5.773974895477295,5.776568833928286,5.735066808198786,5.758411759514526,11049356
2011-04-05,5.771380424499512,5.78434962081462,5.729878402599415,5.74544153712617,10282103
2011-04-06,5.732472896575928,5.7921319969983935,5.729878958112798,5.784350181609003,11017301
2011-04-07,5.724690437316895,5.763598520401409,5.690970230575146,5.706533364860328,11029099
2011-04-08,5.740255355834961,5.773976067801174,5.709129077589674,5.729880094667623,9644849
2011-04-11,5.78175687789917,5.797320014311649,5.724691219814767,5.735066973918544,11430324
2011-04-12,5.716909885406494,5.8128831369226335,5.709128069847137,5.745442219637765,15667008
2011-04-13,5.753223896026611,5.784350168024724,5.724691067742365,5.745442080655497,13748802
2011-04-14,5.748035907745361,5.758411661372485,5.716909636350315,5.7376606488614,10509360
2011-04-15,5.841415882110596,5.841415882110596,5.735066878040733,5.745442137227872,22460048
2011-04-18,5.763599395751953,5.888105973172287,5.758412013364468,5.862167082262084,17792075
2011-04-19,5.706534385681152,5.78435056577043,5.696158631139538,5.768787428701216,12087121
2011-04-20,5.828445911407471,5.844009541559831,5.722096912415443,5.722096912415443,13000039
2011-04-21,5.73766040802002,5.802507381238069,5.709127581486272,5.75841141966007,18007281
2011-04-26,5.825852394104004,5.8388220868350045,5.714316005076542,5.737660957249153,12166674
2011-04-27,5.73766040802002,5.841415466220271,5.73766040802002,5.836227589624472,20017516
2011-04-28,5.802508354187012,5.810289675642317,5.761005829204738,5.773975522868956,13052717
2011-04-29,5.818070888519287,5.849197160599233,5.805101196199998,5.815476950055429,9187526
2011-05-02,5.846603393554688,5.888105417194955,5.836227640273048,5.862166528734002,8592076
2011-05-03,5.867354393005371,5.86735439300537,5.786943789471619,5.846603381228984,14319730
2011-05-04,5.846603393554688,5.90366855237427,5.807694813491684,5.872541787272495,17364136
2011-05-05,5.792130947113037,5.872541045922182,5.781755689884317,5.862165788693462,13559133
2011-05-06,5.825852394104004,5.828446332650205,5.654656408000321,5.680595298719132,22716293
2011-05-09,5.768787384033203,5.836228303801875,5.768787384033203,5.820665166853168,15649238
2011-05-10,5.823258399963379,5.828445781822347,5.771380623428562,5.781756376632782,14836442
2011-05-11,5.8543853759765625,5.8751363901438935,5.812883347641899,5.8388222390368645,15892070
2011-05-12,5.872541904449463,5.872541904449464,5.781756535139372,5.838821695097595,31623405
2011-05-13,5.800655841827393,5.91124974910014,5.800655841827393,5.905720449251513,22253713
2011-05-16,5.789595603942871,5.803419641942079,5.723239272310831,5.770241739802682,15896372
2011-05-17,5.728769779205322,5.8144805204058345,5.728769779205322,5.761948215694772,14829047
2011-05-18,5.825539588928223,5.86701223860685,5.8089506345274415,5.833834329805289,15541258
2011-05-19,5.867012977600098,5.91401546045041,5.836599978593486,5.861483677005617,12819113
2011-05-20,5.811715602874756,5.908485471271616,5.797891034616144,5.867012293849135,17508414
2011-05-23,5.759183406829834,5.792361843922967,5.731534797144451,5.750888665718208,15542895
2011-05-24,5.701121807098389,5.770243067707784,5.701121807098389,5.7508886717603245,12817222
2011-05-25,5.690061569213867,5.703885608977858,5.618175402263828,5.648588922568583,14636938
2011-05-26,5.618176460266113,5.706651597065042,5.618176460266113,5.706651597065042,13262065
2011-05-27,5.607115745544434,5.687296117827255,5.549053623850498,5.659647513561251,18546225
2011-05-30,5.623706340789795,5.648590039166571,5.596057728442998,5.59882264241302,5732797
2011-05-31,5.712180614471436,5.712180614471436,5.651354098390993,5.673472879452366,16364123
2011-06-01,5.64858865737915,5.745358513243882,5.640293917498188,5.720474820954285,10369129
2011-06-02,5.551819324493408,5.648589189473818,5.551819324493407,5.615410754177866,9436689
2011-06-03,5.5490546226501465,5.5794681455523465,5.4937579315182985,5.562879190948128,12676887
2011-06-06,5.53246545791626,5.554584238999573,5.491545475603129,5.502051936169202,10292622
2011-06-07,5.579467296600342,5.607115901636031,5.529699913006756,5.540759565962343,8915599
2011-06-08,5.546289443969727,5.571173138363705,5.51421739628697,5.526935576630707,12182989
2011-06-09,5.609882354736328,5.629236225367788,5.537996172852748,5.546290387492846,11510196
2011-06-10,5.607115745544434,5.6568826003993244,5.560113276498205,5.568407488630722,15770959
2011-06-13,5.68176794052124,5.731535337173371,5.579468760606007,5.590527889110137,12110257
2011-06-14,5.844893932342529,5.844893932342529,5.734300015086706,5.739829842787847,20414941
2011-06-15,5.723239898681641,5.833833796838812,5.712180245189272,5.808950103834285,14542947
2011-06-16,5.748123645782471,5.756417858626501,5.679002392864567,5.728769251988679,14679274
2011-06-17,5.795125484466553,5.880836216195985,5.706650366742376,5.748123539609721,40061081
2011-06-20,5.808950424194336,5.811715337719911,5.714945473738099,5.759183035440642,10419728
2011-06-21,5.869777679443359,5.86977767944336,5.786832372636135,5.833834853787803,12805986
2011-06-22,5.900190353393555,5.916779306890779,5.861482619448927,5.87807157294615,11756413
2011-06-23,5.8531880378723145,5.905720340618063,5.847658210772059,5.889130859317297,11945676
2011-06-24,5.737065315246582,5.897426637903915,5.723241272416275,5.883602595073609,15377224
2011-06-27,5.784067153930664,5.814480677588715,5.698356937766505,5.701121851494816,9369235
2011-06-28,5.759183406829834,5.800656057681224,5.731534797144451,5.797891143977349,12425503
2011-06-29,5.850422382354736,5.872541160597253,5.764712182584147,5.770242008983094,11496582
2011-06-30,5.980371952056885,5.983136866094771,5.844894328321022,5.855953984472569,13143679
2011-07-01,5.911250114440918,5.972077162715314,5.878072203885229,5.972077162715314,14693067
2011-07-04,5.91401481628418,5.91954464362976,5.869777252226261,5.91954464362976,5482650
2011-07-05,5.878071308135986,5.90848482763852,5.831068835883571,5.839363575935162,9478685
2011-07-06,5.842129707336426,5.8863678068082566,5.814481620277536,5.883602892631676,10263854
2011-07-07,5.900190353393555,5.930603874266233,5.8255392716260666,5.853187879023654,9498820
2011-07-08,5.847659587860107,5.936134732886194,5.847659587860107,5.9250756034346646,10479877
2011-07-11,5.737065315246582,5.855953982059566,5.703886874159044,5.842129411875829,13708616
2011-07-12,5.620940208435059,5.706650413513667,5.5877617753399145,5.692826374013451,25568804
2011-07-13,5.701121807098389,5.709416020865361,5.601587023067783,5.618175977955095,13605252
2011-07-14,5.667943954467773,5.703886781655721,5.6347655139183095,5.673473782451588,9006809
2011-07-15,5.673473834991455,5.728770533281413,5.612646781313046,5.63200117943563,15048581
2011-07-18,5.579467296600342,5.667942410831925,5.576702383361445,5.648588545512926,13726922
2011-07-19,5.720475196838379,5.720475196838379,5.598821640690374,5.598821640690374,12737031
2011-07-20,5.808950424194336,5.808950424194336,5.712180560212523,5.748123908691673,11072858
2011-07-21,5.844893932342529,5.8670127157936935,5.737064928937277,5.81448093469305,16499120
2011-07-22,5.922308921813965,5.922308921813965,5.7785365903764205,5.872541535750714,10742837
2011-07-25,5.872541904449463,5.914014552988201,5.850423123405246,5.9029554261427615,11341036
2011-07-26,5.96654748916626,5.9914311864019565,5.886367097126099,5.897426225145635,14491299
2011-07-27,5.900190353393555,5.983135648232993,5.858717705973836,5.938898087338184,10989131
2011-07-28,5.93336820602417,5.941662946373444,5.858717652293983,5.919544166128699,12251143
2011-07-29,5.994195461273193,6.013549328759333,5.869776988357526,5.900190510037653,13226738
2011-08-01,5.767478466033936,6.049492823789289,5.767478466033936,6.041198609573582,21296876
2011-08-02,5.723239898681641,5.803420277088101,5.712180245189272,5.73982885156689,17909502
2011-08-03,5.670707702636719,5.814480036537655,5.654118749449169,5.681766828977314,22247021
2011-08-04,5.609882354736328,5.847659157662947,5.607117440738488,5.640295354005726,28336303
2011-08-05,5.512558937072754,5.61541130555935,5.432378545544015,5.502052475476843,37345922
2011-08-08,5.396434307098389,5.584997391157236,5.396434307098389,5.435695233209996,33446034
2011-08-09,5.208978176116943,5.429613330017923,4.933045803483445,5.371551197613441,60008219
2011-08-10,5.0364508628845215,5.451731574010111,5.021520963353388,5.291370288335857,48596517
2011-08-11,5.111103057861328,5.170271057335318,4.86613737266499,5.158658734937261,41001110
2011-08-12,5.269251346588135,5.272016259902271,5.022626668912116,5.086218093077363,24289065
2011-08-15,5.264828681945801,5.351092100210204,5.257640327433812,5.304089616951527,14299327
2011-08-16,5.294687747955322,5.30021757462813,5.136538185644774,5.200130137675472,18449933
2011-08-17,5.276993751525879,5.336161218544762,5.195154308054185,5.2592984089069255,14113890
2011-08-18,5.0701823234558105,5.312383586392515,5.010461666374071,5.238838361331352,28210434
2011-08-19,4.982260704040527,5.069629975209177,4.869454542605877,5.064653341365697,35338174
2011-08-22,5.0452985763549805,5.1404093881873685,4.949081904566326,4.960141558835677,19851002
2011-08-23,5.285841464996338,5.2863946587224975,5.086772408650331,5.103914031213563,28763725
2011-08-24,5.3743157386779785,5.414129859969841,5.231096595461401,5.302429570250999,19498077
2011-08-25,5.22833251953125,5.413577533557808,5.13266850173178,5.4025184052184505,22794805
2011-08-26,5.188518524169922,5.247685990090401,5.078477278760251,5.228332121455041,16791280
2011-08-29,5.323442935943604,5.33007862338043,5.21782565799138,5.260404168970432,10177132
2011-08-30,5.272017002105713,5.340031875266193,5.206766515295252,5.340031875266193,11415539
2011-08-31,4.869454860687256,5.432931456265814,4.85397176445021,5.2753350525919895,71238495
2011-09-01,4.976730346679688,5.015438080623022,4.813051476845026,4.9120330588953545,48869992
2011-09-02,4.829087257385254,4.932492806909064,4.818580797076596,4.917562379550799,25249078
2011-09-05,4.606240749359131,4.794250661962094,4.567533012300886,4.783191007172101,29227958
2011-09-06,4.557579517364502,4.698586961093669,4.546520389200289,4.625042255844463,25332832
2011-09-07,4.669279098510742,4.673702538148525,4.57969759025249,4.644395404811596,16884521
2011-09-08,4.686421871185303,4.715176342083243,4.589651996919027,4.644948691247335,17121638
2011-09-09,4.501729965209961,4.6803393018372015,4.490117642458974,4.623383548246154,23632811
2011-09-12,4.393899917602539,4.484034091645914,4.378969754200036,4.440349197665145,29364301
2011-09-13,4.526059627532959,4.602369229265641,4.358509470639834,4.434266406134665,28990640
2011-09-14,4.630570888519287,4.630570888519287,4.443667377933123,4.498411399203032,25152419
2011-09-15,4.689185619354248,4.743376973602267,4.6184058391545,4.672596666049201,22756890
2011-09-16,4.700798034667969,4.788719953721087,4.689738381912308,4.73342327200259,40153286
2011-09-19,4.603476047515869,4.644948700180205,4.554261847083614,4.631124658409889,15559734
2011-09-20,4.804757118225098,4.804757118225098,4.588545929891111,4.589651789898321,20144205
2011-09-21,4.711305141448975,4.806968619639415,4.687527306638477,4.79425043910481,14548958
2011-09-22,4.562003612518311,4.642184535201302,4.5067063880918745,4.5896522247315295,24933558
2011-09-23,4.545413494110107,4.620617236033439,4.433713213701101,4.600710177046694,19326647
2011-09-26,4.676468372344971,4.719600081425437,4.49011749340325,4.49011749340325,17794161
2011-09-27,4.847335338592529,4.869454119471934,4.673702671380203,4.748906948252846,21716358
2011-09-28,4.79425048828125,4.889914494806294,4.751671979059668,4.804203755348976,13360159
2011-09-29,4.886043071746826,4.938022174819176,4.764389526402068,4.788167358295715,18650018
2011-09-30,4.8832783699035645,4.919221188740281,4.82576943788218,4.871666050247704,16123292
2011-10-04,4.797568321228027,4.846783047561661,4.721258705859464,4.763284550990191,16047108
2011-10-05,5.038663864135742,5.066311947558054,4.8108398176032265,4.84014748213735,20748872
2011-10-06,5.111656665802002,5.111656665802002,4.943553255896069,5.029264014855598,19077607
2011-10-07,5.015438556671143,5.1133142880921625,4.99110805407644,5.087324731784324,16927149
2011-10-10,5.1791181564331055,5.192389531910724,5.015438737798136,5.037557521143035,14938011
2011-10-11,5.189623355865479,5.203447394336268,5.133773481054787,5.153680012076202,11684099
2011-10-12,5.2974534034729,5.315701412167103,5.155893301347994,5.1896244050126255,19786195
2011-10-13,5.221696376800537,5.302983151531754,5.16695235153748,5.260404113647134,15886747
2011-10-14,5.280311584472656,5.305195282186847,5.203448771154328,5.233862296661316,13128260
2011-10-17,5.198471546173096,5.322336826943668,5.190729999084519,5.29468821847589,12724317
2011-10-18,5.17579984664917,5.215613971526337,5.144833656646953,5.193495189045701,11451085
2011-10-19,5.226673126220703,5.239944501248648,5.162529025841258,5.183541421056568,11747226
2011-10-20,5.08621883392334,5.192941972098207,5.084007113891195,5.169717329700573,20152306
2011-10-21,5.118843078613281,5.147597542833595,5.069075696127871,5.112760586035114,20781294
2011-10-24,5.0591230392456055,5.163634449568296,5.007143930905924,5.161975395991641,18043824
2011-10-25,5.035897731781006,5.07737037423268,4.962905712313016,5.0375562577847255,18557969
2011-10-26,5.001614093780518,5.120502737702914,4.977836259525373,5.032027614975548,12493003
2011-10-27,5.215061187744141,5.218931961798662,5.0425348817759215,5.098384772377839,22067894
2011-10-28,5.170271396636963,5.250451798554967,5.1498111371471165,5.215061635296446,10988987
2011-10-31,5.084007263183594,5.19791875848464,5.084007263183594,5.164187653913745,14872180
2011-11-01,4.914245128631592,5.018203351397484,4.856736189904922,5.007696890385752,20637743
2011-11-02,5.030369281768799,5.076265903278343,4.899315105130307,4.965671456678293,15740964
2011-11-03,5.111656665802002,5.17469491716326,4.939682481449733,4.949083084348968,21696776
2011-11-04,4.98613166809082,5.153681335549922,4.98613166809082,5.136539185937921,13983017
2011-11-07,4.945211887359619,5.014886348793803,4.866137351182855,4.94189430698343,14793501
2011-11-08,4.982813358306885,5.073500736720333,4.934705019014199,4.94521148037092,10359192
2011-11-09,4.858395576477051,5.032028264552486,4.838488513087622,5.013780254950525,17015189
2011-11-10,5.039769172668457,5.075711993596131,4.840146952461023,4.850653412858958,25202763
2011-11-11,5.212848663330078,5.212848663330078,5.011567388840299,5.042534103852572,17973544
2011-11-14,5.184647560119629,5.246027271169083,5.136538696109143,5.192389107289589,11830168
2011-11-15,5.134880065917969,5.199024689280599,5.049169327765888,5.130456098758935,13432185
2011-11-16,5.102807521820068,5.208977988107243,5.070735473618948,5.13543276367696,11452394
2011-11-17,5.111656665802002,5.184095520062495,5.034793315955031,5.076266501998304,13400032
2011-11-18,5.143728256225586,5.22446184586124,5.07184207490204,5.082901730807241,12610977
2011-11-21,4.971200466156006,5.098936514145744,4.971200466156005,5.092854020978291,17143500
2011-11-22,4.949082374572754,5.046405442913633,4.949082374572754,5.008250370355523,10905342
2011-11-23,4.8324055671691895,4.883278817283201,4.7997803249509285,4.827428406272155,21400794
2011-11-24,4.805309772491455,4.897656202132213,4.742271533411733,4.876090086308952,14922038
2011-11-25,4.88106632232666,4.907055876050196,4.804203521070391,4.805309380984727,12963655
2011-11-28,5.07792329788208,5.07792329788208,4.910373666224236,4.928621672016342,16354727
2011-11-29,5.125479698181152,5.125479698181152,5.007696906672869,5.05469938454068,12315971
2011-11-30,5.330631732940674,5.357727148590656,5.065759015391332,5.0712883153736215,27367037
2011-12-01,5.280864238739014,5.309065513836006,5.225567021166592,5.279758378764101,15666026
2011-12-02,5.119397163391113,5.306300686006652,5.083453813181953,5.286394151429708,25468482
2011-12-05,5.080688953399658,5.186859424133761,5.064653192304115,5.179670543074354,17774342
2011-12-06,5.057464599609375,5.103913886567706,5.034792622487298,5.075159942750688,12137184
2011-12-07,5.041427612304688,5.138197474090999,4.976730324804728,5.096724826854957,12796993
2011-12-08,5.019308567047119,5.17579907478237,5.019308567047119,5.070735005505894,16140902
2011-12-09,5.135985374450684,5.153127520240655,4.979494870028839,4.981153923454522,18034897
2011-12-12,4.98668384552002,5.114973094496671,4.98668384552002,5.114973094496671,15482171
2011-12-13,5.046957015991211,5.114972404884125,4.996083772718402,5.01212005851677,15021311
2011-12-14,5.019308567047119,5.080135605312762,5.003825474355004,5.015990987478792,15967637
2011-12-15,4.995532035827637,5.047511148592113,4.983919187155817,5.044193041156343,17132660
2011-12-16,4.976730346679688,5.0430866880196845,4.976730346679688,5.029815314281021,38231032
2011-12-19,4.917010307312012,5.024839309559421,4.909821425907043,4.94908235839813,14762464
2011-12-20,4.885490417480469,4.916456605307402,4.811392527743163,4.821898988234921,26867104
2011-12-21,4.83959436416626,4.985578440710607,4.835723590238293,4.921433810366158,15953194
2011-12-22,4.871666431427002,4.8948910725559145,4.836276276079132,4.865583410640853,10934092
2011-12-23,4.878301620483398,4.929728063880825,4.865030773582353,4.89876187552281,7626634
2011-12-27,4.870007514953613,4.916456798519425,4.861160107705842,4.888808189435956,4384943
2011-12-28,4.811944961547852,4.913138788097855,4.811944961547852,4.861712348067091,7884654
2011-12-29,4.884937286376953,4.884937286376953,4.816369222831777,4.838488004041835,7927033
2011-12-30,4.902079582214356,4.915904150484179,4.869454339392272,4.905950355859234,5379629
2012-01-02,5.070734977722168,5.070734977722167,4.923091876998053,4.943551602607203,13613800
2012-01-03,5.093959808349609,5.114972728351272,5.038663122292933,5.087877315268768,14265662
2012-01-04,4.98668384552002,5.103913440081666,4.982813071945437,5.076265358750849,10932849
2012-01-05,4.922540187835693,4.998849806168908,4.912586392502913,4.989449204547601,13328312
2012-01-06,4.896549701690674,4.998849396362146,4.873878253739928,4.9435521785905365,11710330
2012-01-09,4.86613655090332,4.918115659722471,4.840146996493745,4.908715059172482,11240925
2012-01-10,4.956271648406982,4.97673137954417,4.881620551148996,4.915351658779173,15522903
2012-01-11,4.944657802581787,4.976729846431993,4.924197550394072,4.94686952219814,12969556
2012-01-12,4.946317672729492,5.013227219162245,4.946317672729492,4.990555241197296,14216982
2012-01-13,4.888256072998047,4.996085080464546,4.848441944874364,4.989449392443932,15757081
2012-01-16,4.932492733001709,4.93636350635462,4.868348112186819,4.885490259136372,8462666
2012-01-17,4.994425296783447,4.994425296783447,4.94189352138075,4.977836342832771,11796915
2012-01-18,4.940234661102295,5.009355920513878,4.933598973791687,4.98613127860343,14152182
2012-01-19,4.942999362945557,4.998849245342666,4.900420854600963,4.9667771975102015,21892943
2012-01-20,4.876090049743652,4.9706481986842,4.871666609759082,4.95792949034516,20710849
2012-01-23,4.855077266693115,4.893232338095385,4.83517073148617,4.873325275535064,15012659
2012-01-24,4.815263748168945,4.857289594036767,4.783191170068394,4.8163696082149325,17382309
2012-01-25,4.806968688964844,4.837934877618589,4.770472673093401,4.824664030590805,12595396
2012-01-26,4.895443916320801,4.915904171978931,4.800333101092644,4.810839562082306,18470722
2012-01-27,4.846783638000488,4.937470499469033,4.846783638000488,4.892679735138695,15788659
2012-01-30,4.823005199432373,4.8606070770112,4.809180630750425,4.845676648305371,10201238
2012-01-31,4.754436016082764,4.865030442439405,4.740058782844665,4.850100015581134,23097436
2012-02-01,4.800333499908447,4.80807504787523,4.755543265915892,4.7771088560081,18399252
2012-02-02,4.829087257385254,4.846782598230358,4.789826329637461,4.826322343898415,16254873
2012-02-03,4.881619930267334,4.904844572499461,4.83351159211411,4.849547880616307,15774504
2012-02-06,4.906503677368164,4.917562804918807,4.877749207441775,4.893785496111246,10246535
2012-02-07,4.912585735321045,4.932492795970142,4.881066354464973,4.921433142047313,11373172
2012-02-08,4.92198657989502,4.949081995055667,4.902632711923129,4.932493040701668,12747895
2012-02-09,4.932492733001709,4.954611513211672,4.906503179438834,4.943551859430031,15358181
2012-02-10,4.9269633293151855,4.942446424056757,4.899314719839508,4.908162654566147,15842689
2012-02-13,4.92198657989502,4.941893641531829,4.876643156738968,4.921433386230101,11674950
2012-02-14,4.944657802581787,4.952399348592294,4.898761192746197,4.914796950994665,11961126
2012-02-15,4.931940078735352,5.027050896774982,4.909821296106447,4.9767308376840695,19422659
2012-02-16,4.892126560211182,4.915351203244832,4.868348723477661,4.902079827981779,16906810
2012-02-17,4.949634552001953,4.97672996367706,4.907608714181546,4.921432753139335,15472665
2012-02-20,4.975624084472656,4.98723640371678,4.883278196757982,4.973965031051129,12127679
2012-02-21,4.988896369934082,5.037004709134272,4.9573769859245225,4.976730854872487,13053838
2012-02-22,4.957930088043213,5.006591625213344,4.944659239136289,5.006591625213344,14699448
2012-02-23,4.808074474334717,4.954611729209898,4.752777785075787,4.9529526755996605,39215061
2012-02-24,4.862265586853027,4.884384366916666,4.805309319490339,4.838487753262454,17252124
2012-02-27,4.90318489074707,4.916456263852135,4.846782346080493,4.85894733196572,13193597
2012-02-28,4.873325347900391,4.9369173102995925,4.860053972663107,4.926963515194939,12037451
2012-02-29,4.84401798248291,4.912033381850431,4.83848815516934,4.899314673558545,15070416
2012-03-01,4.8218994140625,4.849548024501086,4.799780631182307,4.838488369384299,17175170
2012-03-02,4.788720607757568,4.917009855007791,4.77434337362355,4.822451709504048,25009894
2012-03-05,4.797568321228027,4.81249874997045,4.763284550990191,4.780426699785796,11459849
2012-03-06,4.691950798034668,4.798674459027327,4.691950798034668,4.789273858260165,18798892
2012-03-07,4.716834545135498,4.731764973266172,4.673702841745428,4.724576092357816,13102492
2012-03-08,4.780979633331299,4.800886696982676,4.703563626255989,4.727894657614363,14879369
2012-03-09,4.814157485961914,4.841252900561973,4.780979050587008,4.788167931315463,10108225
2012-03-12,4.8185811042785645,4.8373823062463845,4.793144742343308,4.8130518043057,7753538
2012-03-13,4.871666431427002,4.876089871249648,4.80696861416407,4.849547650253751,13149638
2012-03-14,4.878301620483398,4.895996961940368,4.853971119252579,4.876643094216608,13410864
2012-03-15,4.885490417480469,4.89654954426723,4.855630089596878,4.877195676875396,12340889
2012-03-16,4.90595006942749,4.925857130161757,4.88604353604655,4.8882552558992485,32695105
2012-03-19,4.968989372253418,4.97673091993381,4.889361648002688,4.914798011137293,14024894
2012-03-20,4.995532035827637,5.038663741019018,4.955165244381605,4.968436092064559,20460743
2012-03-21,5.02041482925415,5.031473954893176,4.985577344211011,5.024838268568448,11002944
2012-03-22,5.002720355987549,5.032028019608157,4.964012618520114,5.02760405217472,16752377
2012-03-23,5.035345077514648,5.059122911216097,5.004378890751822,5.0209678440385765,12632440
2012-03-26,5.07792329788208,5.086771231332358,4.987236462519674,5.043086339738956,12551692
2012-03-27,5.111656665802002,5.145387775599137,5.095620374229982,5.099491148676318,15338737
2012-03-28,5.049722194671631,5.124925940035714,5.049722194671631,5.098383720858964,11203636
2012-03-29,4.963459014892578,5.06188793149183,4.944105147757331,5.059675684281139,19273878
2012-03-30,4.991661548614502,5.003826536968354,4.950188367406751,5.001614816786455,12546946
2012-04-02,5.0364508628845215,5.037004056505664,4.966223750078138,5.004931482958828,10780856
2012-04-03,5.001614093780518,5.070182155688228,4.997743320345029,5.05414639565739,8773180
2012-04-04,4.893784999847412,4.993872440753664,4.89267861258651,4.982260120694042,17159103
2012-04-05,4.866689205169678,4.921433227389008,4.836276211061162,4.915350734037971,17518296
2012-04-10,4.800333499908447,4.873325539225771,4.800333499908447,4.85507752939644,16290305
2012-04-11,4.840699672698975,4.861159927432799,4.799780217937999,4.821898998913843,14472455
2012-04-12,4.827427864074707,4.840146570689707,4.77213118028961,4.823004424689741,17131335
2012-04-13,4.732870578765869,4.819686647191963,4.707433691150713,4.818580787270143,16931898
2012-04-16,4.729000091552734,4.764390247959337,4.706328116046727,4.707987169706522,13095496
2012-04-17,4.813050746917725,4.820239098979906,4.73618742961751,4.73618742961751,15410534
2012-04-18,4.742271900177002,4.8158166060168215,4.737295266095471,4.810839971935289,12849979
2012-04-19,4.695821285247803,4.7771080525814,4.690844652013769,4.766601592485856,16787160
2012-04-20,4.725129127502441,4.756648509001594,4.686974058984871,4.700245433021706,21202836
2012-04-23,4.655454635620117,4.714069430961255,4.647713088727136,4.710751851158547,18367023
2012-04-24,4.717940330505371,4.753883679772017,4.679232595005916,4.690292249350529,16409928
2012-04-25,4.715176105499268,4.7483540149608725,4.6869743023682044,4.737294887591458,19737706
2012-04-26,4.688079357147217,4.721257788263471,4.660983946025018,4.717387015246015,18743377
2012-04-27,4.716281414031982,4.721258047133976,4.641077141829384,4.684762034581625,13260695
2012-04-30,4.709645748138428,4.754989167221699,4.70743350103081,4.727893754494782,11968789
2012-05-02,4.672596454620361,4.774896137971413,4.653242588747991,4.755542272099042,17379292
2012-05-03,4.665962219238281,4.730660050822085,4.646608347346873,4.705776350574999,15670356
2012-05-04,4.675915241241455,4.741165728440813,4.648819297728135,4.675362047556135,18230767
2012-05-07,4.70632791519165,4.708540162428082,4.62448847863036,4.644948205932349,13291803
2012-05-08,4.73508358001709,4.797569165013012,4.711306266880039,4.726236170894922,20658453
2012-05-09,4.724023342132568,4.76273107755661,4.684762413051036,4.745036263463717,19958706
2012-05-10,4.86613655090332,4.921433239553053,4.772131600110105,4.821898989042199,36985385
2012-05-11,4.9192214012146,4.9225395083186205,4.81083921905862,4.821898872934259,15683400
2012-05-14,4.87664270401001,4.903738116655222,4.851205817498881,4.898208289932807,14735244
2012-05-15,4.887149810791016,4.96014184565885,4.874431102175127,4.905950485841395,16988648
2012-05-16,4.8434648513793945,4.884384835733733,4.816369435487572,4.861160193540743,19956958
2012-05-17,4.810286998748779,4.858948003723754,4.801439063886628,4.850653789901373,9755931
2012-05-18,4.8384881019592285,4.865583517203049,4.789826571370993,4.797568118583513,18313639
2012-05-21,4.887149810791016,4.9170101407502775,4.809180614802161,4.850100599670306,14558767
2012-05-22,4.923091888427734,4.942998947834721,4.892125703141283,4.921432834972163,18953380
2012-05-23,4.813050746917725,4.919773859571535,4.7948022152795655,4.90207852148581,24904936
2012-05-24,4.907608985900879,4.907608985900879,4.7848495724988105,4.84401755940893,33760398
2012-05-25,4.900405883789063,4.947830813883957,4.851779829759947,4.916614186792751,24707785
2012-05-28,4.859583854675293,4.952032604060526,4.848777747760218,4.938825967010621,11102525
2012-05-29,4.805554866790772,4.897403623504344,4.792347657701404,4.8769925342306815,18006064
2012-05-30,4.750325679779053,4.831968894939036,4.735917918866355,4.791147287359044,19830126
2012-05-31,4.786945343017578,4.80795642366175,4.752126776339733,4.771937305591239,17526506
2012-06-01,4.687292575836182,4.803754366150905,4.680688970449463,4.803754366150905,26029611
2012-06-04,4.68248987197876,4.711905384520893,4.645870192405215,4.653074073182125,10429332
2012-06-05,4.629060745239258,4.699298144588625,4.615253547367428,4.683689833622099,13163093
2012-06-06,4.683691024780273,4.699899615482385,4.633864414887256,4.6512738433760505,16808465
2012-06-07,4.680088520050049,4.71790875130124,4.665080482688322,4.696897384493021,12586531
2012-06-08,4.702899932861328,4.7287135009323045,4.647070295052098,4.653073337247075,13515456
2012-06-11,4.726313591003418,4.79595044380857,4.647071467506659,4.754528554823685,17601595
2012-06-12,4.808557510375977,4.843976356615454,4.647071594004613,4.73051593624585,20633658
2012-06-13,4.83617115020752,4.862585569598867,4.647070861088322,4.831968934282847,14484377
2012-06-14,4.864987373352051,4.885397893995071,4.827767414078984,4.842775739193478,16036709
2012-06-15,4.875192642211914,4.908810372538837,4.862585993339319,4.879994847967742,40253135
2012-06-18,4.860784530639648,4.915413338495375,4.845776207458576,4.884797275220373,12456897
2012-06-19,4.96223783493042,4.978446708022457,4.865586303273498,4.865586303273498,13845114
2012-06-20,5.045082092285156,5.054086512747877,4.982648848369808,4.9856505126936925,15106033
2012-06-21,5.004260540008545,5.05228602467198,4.9718427939772365,5.000658313778872,17270627
2012-06-22,5.085303783416748,5.119522074063392,4.970642825158645,4.983249473421776,18030750
2012-06-25,4.969442367553711,5.063692809096777,4.969442367553711,5.06069114433334,16551020
2012-06-26,5.028273582458496,5.061290747317189,4.974244765860127,4.994655283180396,9320011
2012-06-27,5.114719390869141,5.114719390869141,5.019868970526884,5.04027948711431,11704122
2012-06-28,5.080502033233643,5.112318651461017,5.012666007805503,5.096710337092195,14297604
2012-06-29,5.195161819458008,5.195161819458008,5.10451361885053,5.162744646609319,18511963
2012-07-02,5.230580806732178,5.244388004867775,5.165145897294518,5.192760293565711,11973699
2012-07-03,5.226378440856934,5.243187302888173,5.174750731039052,5.222776214702283,11792729
2012-07-04,5.201765537261963,5.230581058679844,5.156741714428248,5.225778280940541,8060326
2012-07-05,5.196963310241699,5.244388813225201,5.162745590568145,5.192761093965366,15387080
2012-07-06,5.103912830352783,5.208968785896726,5.103912830352783,5.1933604757731056,12140236
2012-07-09,5.12852668762207,5.169348294089096,5.107515608742642,5.108115598134077,9708589
2012-07-10,5.151338577270508,5.1783529835320925,5.088304771823832,5.136930817596472,8532623
2012-07-11,5.237784862518311,5.255794276886912,5.1279261180992295,5.138732224727559,12618644
2012-07-12,5.212571620941162,5.223977718328856,5.163345577088025,5.210771080044495,14167591
2012-07-13,5.509730339050293,5.509730339050293,5.237785677958407,5.24498955932917,37251720
2012-07-16,5.486317157745361,5.504927135473447,5.411877819342024,5.465306077248815,13193291
2012-07-17,5.511529922485352,5.522936018298375,5.458702231622986,5.492919946553106,13006387
2012-07-18,5.629793643951416,5.629793643951416,5.510930469185172,5.522336566107731,15202694
2012-07-19,5.694026947021484,5.703031940399024,5.5535527143892045,5.618987053068866,20539029
2012-07-20,5.456901550292969,5.667012924118928,5.456901550292969,5.652005173313143,30113523
2012-07-23,5.348243236541748,5.432287546280715,5.313424388927958,5.396268719966564,17550264
2012-07-24,5.300817966461182,5.402872266178605,5.300217977085648,5.326631822332777,11384879
2012-07-25,5.28761100769043,5.360249801192078,5.270802144237283,5.290012682833003,8725034
2012-07-26,5.509730339050293,5.509730339050293,5.283409496627839,5.303820589263175,21146148
2012-07-27,5.558955669403076,5.558955669403076,5.4238836267169575,5.522936267183786,12518956
2012-07-30,5.521735668182373,5.596775564024714,5.462304084415455,5.576364474191865,13928875
2012-07-31,5.509129524230957,5.570962216274226,5.484516216301323,5.520535621502125,9401799
2012-08-01,5.527138233184815,5.593773694896177,5.513931596725627,5.51873380179844,8790688
2012-08-02,5.419081211090088,5.577565429685585,5.38486292343716,5.564358220632975,18175633
2012-08-03,5.612985134124756,5.612985134124755,5.393868175983743,5.429287020374064,14343969
2012-08-06,5.573963165283203,5.583568147933618,5.511529919292079,5.581767607286568,11585497
2012-08-07,5.643000602722168,5.643000602722168,5.570962362933136,5.578766806144193,11188737
2012-08-08,5.636997699737549,5.653206002703849,5.589572197243029,5.624991040495232,10330363
2012-08-09,5.525937557220459,5.697028418021096,5.432888252181486,5.691025089306598,24927622
2012-08-10,5.525337219238281,5.564357708402683,5.469507296232073,5.527137759731878,11034749
2012-08-13,5.51453161239624,5.596775386004252,5.494721085104062,5.53494270157986,10356585
2012-08-14,5.612985134124756,5.621389566860828,5.55355354298722,5.560156862277265,9667316
2012-08-15,5.570961952209473,5.5919730323685855,5.542147001923689,5.582368048939991,6896130
2012-08-16,5.674216747283936,5.674216747283936,5.545148603139273,5.579366320430287,12686829
2012-08-17,5.676618576049805,5.698229645974192,5.621989194274479,5.685023008244623,16618661
2012-08-20,5.696429252624512,5.701832020245478,5.647202637055885,5.670615393425431,8706139
2012-08-21,5.688024997711182,5.698229971309674,5.65500725648413,5.697629981838077,6941615
2012-08-22,5.662210941314697,5.692227016615552,5.631594304054037,5.660409827944301,8684923
2012-08-23,5.618387699127197,5.701231472036224,5.586570510268507,5.697029255819889,11344047
2012-08-24,5.68142032623291,5.700030302461038,5.598576562308133,5.639998730525002,8109659
2012-08-27,5.748055458068848,5.752257673587517,5.649603388057471,5.649603388057471,9020159
2012-08-28,5.717440605163574,5.732448357324387,5.67541844110606,5.715039502220015,7794364
2012-08-29,5.712636947631836,5.733648026427133,5.657407580866074,5.722842492334968,8700087
2012-08-30,5.623189926147461,5.742653666548424,5.608782736571771,5.6988303908376885,13670364
2012-08-31,5.694026947021484,5.716239149517622,5.603979303281925,5.633394813469345,12245758
2012-09-03,5.722842216491699,5.722842216491699,5.667612852388015,5.676017283501036,8895259
2012-09-04,5.715038776397705,5.747455952054886,5.686823244103612,5.719240992269766,9594791
2012-09-05,5.72704553604126,5.757061612592029,5.667613944924536,5.709036119114415,10488755
2012-09-06,5.845308303833008,5.845308303833008,5.721041790297799,5.727645681614457,19018321
2012-09-07,5.807487964630127,5.894534525713809,5.789478548461062,5.841105694148121,16876963
2012-09-10,5.78767728805542,5.814691697877225,5.756460662150623,5.79308005551798,10681477
2012-09-11,5.899937629699707,5.911343727509206,5.77146946135344,5.7786733427336,12916782
2012-09-12,5.830899238586426,5.943158495761222,5.81829259322202,5.897534691231932,17322253
2012-09-13,5.823696613311768,5.8549132387948415,5.783474993840079,5.8236966133117685,11817790
2012-09-14,5.815291881561279,5.901737872866309,5.800283559020392,5.887930101626899,14342379
2012-09-17,5.860315322875977,5.863916976546076,5.773869337195388,5.7978820791895,16479643
2012-09-18,5.782273769378662,5.832100366465972,5.711436094606085,5.802684857706596,18006689
2012-09-19,5.9155449867248535,5.9155449867248535,5.782274061520467,5.7942807193809145,19102988
2012-09-20,6.012195587158203,6.039209990637143,5.862715811573554,5.874722467568136,25052775
2012-09-21,6.027204036712647,6.033207365409226,5.976176887809589,6.0121962874801325,34805707
2012-09-24,5.97137451171875,6.012196691592222,5.956967323391083,5.991785601655487,11115270
2012-09-25,5.863916397094727,5.952764048951368,5.8531108646432655,5.943158495095767,15672723
2012-09-26,5.815892219543457,5.898135999968259,5.793680587862409,5.841706077853811,14557822
2012-09-27,5.840505123138428,5.905940034798241,5.814691266610764,5.847108441490799,12379134
2012-09-28,5.748055458068848,5.870520842482822,5.748055458068848,5.870520842482822,17147140
2012-10-01,5.770868301391602,5.7888777167213705,5.726444466235247,5.753458875484396,11876370
2012-10-02,5.8465094566345215,6.027205338357018,5.721642940822191,5.748657353281938,27703276
2012-10-04,5.615985870361328,5.892132726695809,5.571562606576241,5.881927753669942,34207936
2012-10-05,5.698831081390381,5.730047712186908,5.568561789895085,5.64360170171261,19805318
2012-10-08,5.612985134124756,5.678419482567314,5.595575706667586,5.666413395448227,11502621
2012-10-09,5.533141613006592,5.640598681371525,5.520534965810898,5.62198870527056,13215372
2012-10-10,5.52773904800415,5.5727628714211415,5.52773904800415,5.53734403109822,10692294
2012-10-11,5.616586208343506,5.68802445172997,5.488718044555456,5.527739111807159,20192460
2012-10-12,5.498923301696777,5.594974273733741,5.494721085982883,5.590172068637265,15546553
2012-10-15,5.426285266876221,5.543947895769302,5.404674195912884,5.52293681427215,14955043
2012-10-16,5.437090396881104,5.466505905686059,5.353045513500872,5.462303690142494,18361365
2012-10-17,5.444894790649414,5.478513090745573,5.4214826082252,5.445495352574465,13038253
2012-10-18,5.446695804595947,5.473109651145791,5.421482509365327,5.462904678677902,12964298
2012-10-19,5.408875942230225,5.446095323715853,5.402872613035807,5.432888686498913,18065821
2012-10-22,5.363251686096191,5.425684937206747,5.343441157282611,5.425684937206747,11274178
2012-10-23,5.300217628479004,5.378258607827456,5.296014840581965,5.372855841258275,13131001
2012-10-24,5.285210609436035,5.3410405469251945,5.262998975842577,5.306822253545618,15301619
2012-10-25,5.23178243637085,5.319428993267276,5.226379668378847,5.280407920807927,13857561
2012-10-26,5.306821823120117,5.3356367737533885,5.208369167390012,5.217374161499224,12951571
2012-10-29,5.273203372955322,5.3284327364152695,5.267800033723704,5.306821097015571,7573253
2012-10-30,5.300817966461182,5.310422949050234,5.256994696671496,5.281007439398598,8144129
2012-10-31,5.288211822509766,5.357848954795292,5.288211822509766,5.301419032644142,12559967
2012-11-01,5.336837768554688,5.35304607054842,5.285810614854737,5.303219468198857,7937301
2012-11-02,5.197563171386719,5.306220790457367,5.114719408465311,5.306220790457367,40414750
2012-11-05,5.151338577270508,5.183155188417486,5.121322506701088,5.16214411077157,12576580
2012-11-06,5.159743785858154,5.198764282722206,5.1495382401754135,5.164545991467199,8924322
2012-11-07,5.096109867095947,5.203566944058391,5.096109867095947,5.183155853150987,14969518
2012-11-08,5.061291217803955,5.192761045076357,5.060090666380453,5.192761045076357,19614637
2012-11-09,5.011464595794678,5.075098973610414,4.9592368877369335,5.049885103764415,15083560
2012-11-12,5.009664058685303,5.048684556139617,4.996456848042616,5.0306751398152425,8582258
2012-11-13,5.024671077728272,5.040279388936487,4.961637843527177,5.007862215274646,12670896
2012-11-14,4.989853382110596,5.031875543133648,4.970642842422197,5.030674991748562,9420040
2012-11-15,5.015067100524902,5.046283729198697,4.965240492544531,4.965240492544531,14818722
2012-11-16,4.901005268096924,5.03667786755443,4.901005268096924,5.0240712203829325,17822422
2012-11-19,4.990453243255615,4.992254356541445,4.907008912792713,4.944829429250187,10670753
2012-11-20,4.980247497558594,5.015066347974782,4.941827565733648,4.969441963296449,8377550
2012-11-21,5.026473045349121,5.058289662542598,4.960437563045087,4.966440892801642,13480507
2012-11-22,5.055288314819336,5.070296640152305,5.027673912221188,5.054087763294513,9569561
2012-11-23,5.049283981323242,5.066092842442896,4.992253507875207,5.066092842442896,10075751
2012-11-26,5.033677101135254,5.053487632011734,5.016267673241058,5.0426815235733455,8848485
2012-11-27,4.989253044128418,5.062491834487388,4.975445843816619,5.056489077292496,11158840
2012-11-28,5.006662368774414,5.017467904013051,4.956235201806397,4.974845180002175,10059538
2012-11-29,5.109316349029541,5.123724110112286,5.0210698142884524,5.036678126709929,16113095
2012-11-30,5.08470344543457,5.114118956032169,5.078099554528706,5.096709530929749,12667105
2012-12-03,5.115319728851318,5.13212859277786,5.073297569034966,5.105114183607635,10898371
2012-12-04,5.144134521484375,5.150137849894708,5.113517890097024,5.11411845194162,9017046
2012-12-05,5.175951480865479,5.191559792280396,5.149537635589828,5.162744844482127,10000480
2012-12-06,5.150738716125488,5.19516255241248,5.115920435933903,5.193361439080966,18438149
2012-12-07,5.051685810089111,5.069095235541869,4.961638163281838,5.000658657562596,36454604
2012-12-10,5.040279865264893,5.050485410578759,4.995856029932822,5.03427653596156,12453391
2012-12-11,5.084103584289551,5.084704146276121,5.019869787142518,5.042681409978455,12908432
2012-12-12,5.141733646392822,5.159743634425208,5.068494860423243,5.070295973728281,14550498
2012-12-13,5.145935535430908,5.184356039279287,5.11531947373576,5.130927785533259,12347964
2012-12-14,5.127326011657715,5.179553712890634,5.111717700225523,5.153739856962597,10856411
2012-12-17,5.111718654632568,5.115320309092946,5.044482618790688,5.084704242398042,13420681
2012-12-18,5.131528854370117,5.157342140943419,5.091307233357712,5.126125514264572,11802201
2012-12-19,5.151338577270508,5.182555199061276,5.124924160365133,5.145935238011048,12474968
2012-12-20,5.178953170776367,5.189158715311175,5.129126571878503,5.145335445258367,13976517
2012-12-21,5.189158916473389,5.198763899492456,5.139932877555321,5.151938963201912,24614418
2012-12-27,5.183155536651611,5.214372160539692,5.1723500024245705,5.179553882745586,7433775
2012-12-28,5.159743785858154,5.192160963755263,5.159743785858154,5.18075486667026,5273827
2013-01-02,5.256394863128662,5.260597079375453,5.212571587266693,5.255194311702297,14382870
2013-01-03,5.253393173217773,5.265999820524077,5.229380429894961,5.247989833650248,8422179
2013-01-04,5.327832221984863,5.328432783852254,5.246189013537729,5.255793995853463,11524611
2013-01-07,5.272602558135986,5.312824170713351,5.256393686236614,5.296615298813979,9960157
2013-01-08,5.306821823120117,5.330234006291463,5.273804083895344,5.28220851606034,10439006
2013-01-09,5.485116958618164,5.522936905940765,5.339239364649229,5.342241029557076,24767722
2013-01-10,5.480313301086426,5.528939348778268,5.421482281355882,5.474910534122654,15589494
2013-01-11,5.4172797203063965,5.506727367977559,5.403472522832764,5.474310195752593,10795937
2013-01-14,5.42688512802124,5.468907285588784,5.408875713707858,5.456300638318521,8683885
2013-01-15,5.381861209869385,5.426885031103245,5.345841809376928,5.418480599739829,10493799
2013-01-16,5.377659320831299,5.392667071317853,5.361450446497916,5.371655991633085,6905377
2013-01-17,5.413678646087647,5.426285295051396,5.369855369449176,5.426285295051396,10980573
2013-01-18,5.348844051361084,5.414278968691146,5.348844051361084,5.411877865902028,14396329
2013-01-21,5.390865802764893,5.399870796302813,5.365652507869475,5.36925473428823,5621727
2013-01-22,5.324231624603272,5.399271529941235,5.307422186579681,5.372857107696339,11466456
2013-01-23,5.288211822509766,5.344641744660916,5.283409044503902,5.332035096468149,7813926
2013-01-24,5.312824726104736,5.336837469292971,5.253393143775684,5.282808653992204,8174786
2013-01-25,5.345841884613037,5.368054087108057,5.2906125180866175,5.318827476990737,9454814
2013-01-28,5.362650871276856,5.387264176903272,5.339238689468923,5.358448655439075,8781288
2013-01-29,5.419081211090088,5.429886745081979,5.3542462896118765,5.3578485159484766,11025977
2013-01-30,5.42688512802124,5.443693991048258,5.408875713707858,5.422682912264486,9658129
2013-01-31,5.4352898597717285,5.4448948431021655,5.410676553260304,5.415479331180018,11623378
2013-02-01,5.4166789054870605,5.462303283713277,5.404072259794378,5.450897189156723,10237288
2013-02-04,5.309823036193848,5.437690621116602,5.309222474300713,5.409475662318378,13725652
2013-02-05,5.276805400848389,5.284609843063848,5.187357745122242,5.270802071837877,21774713
2013-02-06,5.238985538482666,5.276805481309435,5.186757834814564,5.276805481309435,15280910
2013-02-07,5.213171482086182,5.2720025020124375,5.193360954813817,5.2563941904490905,12831991
2013-02-08,5.1801533699035645,5.222176096453365,5.144734533637983,5.211369990765056,15133292
2013-02-11,5.1801533699035645,5.225177760671843,5.15614062866464,5.174750603313866,7781690
2013-02-12,5.165146827697754,5.177152914866917,5.117121334003016,5.163345714244215,13282496
2013-02-13,5.126725673675537,5.174751161332204,5.114119026103834,5.153740082046034,14290794
2013-02-14,5.08470344543457,5.135130035030454,5.058289026829043,5.131528381134591,14128552
2013-02-15,4.918415069580078,5.079900965132572,4.893802335244984,5.061290987642013,36361946
2013-02-18,4.959237098693848,4.982049294162175,4.916614372688188,4.945429898018506,14475078
2013-02-19,4.986851215362549,4.989852879777588,4.940626270381693,4.979046773381659,12378768
2013-02-20,4.884196758270264,4.984450526014336,4.857782910740907,4.982048850777852,21425264
2013-02-21,4.806155204772949,4.862585699061071,4.788145789260441,4.860784585757121,22445088
2013-02-22,4.899205207824707,4.9112112942804975,4.825965847659242,4.842174722759921,19258135
2013-02-25,4.965239524841309,5.024671105636267,4.908809608431018,4.91721403970451,18202841
2013-02-26,4.888998985290527,4.929220600242837,4.869789020617412,4.881795105410876,17275479
2013-02-27,4.940026760101318,4.959837289154693,4.896203485907762,4.896203485907762,12716365
2013-02-28,4.938826084136963,4.947830505519264,4.854781192011888,4.943628289538459,26668584
2013-03-01,4.874591827392578,4.907009004599063,4.814560250995348,4.89320180500369,18348389
2013-03-04,4.880594253540039,4.920215304183018,4.862584841204748,4.865585932836551,13608468
2013-03-05,4.971243381500244,4.9862511325082925,4.9076095783113525,4.922617329319401,15770081
2013-03-06,4.970642566680908,5.028873599444833,4.950832038653437,5.00065863967898,17497140
2013-03-07,4.9766459465026855,4.983849826996002,4.917814923734417,4.979047049164131,13406583
2013-03-08,5.025271892547607,5.029474108372528,4.983849723696835,5.000658586996518,13217876
2013-03-11,5.042681217193604,5.054687876393642,4.994655725411494,5.013866265629751,10847693
2013-03-12,5.028872489929199,5.064891884081753,5.013264181214567,5.030673602764039,11340715
2013-03-13,5.018667697906494,5.040279337630713,5.004260510599282,5.03307545772264,9330233
2013-03-14,5.121922969818115,5.160343474999671,5.010864242700305,5.036077538207549,27265081
2013-03-15,5.150738716125488,5.17655257467751,5.1111176578862,5.132729300337358,39825584
2013-03-18,5.1081156730651855,5.10871623497439,5.039679668355297,5.072696833146316,15665943
2013-03-19,5.091306686401367,5.153139371157232,5.073897261563714,5.104513895503272,14081044
2013-03-20,5.126725673675537,5.139332321247239,5.093707936220714,5.0967096007628765,11875884
2013-03-21,5.100311756134033,5.111117290328046,5.0648929165427,5.111117290328046,11924394
2013-03-22,5.114118576049805,5.139331868974383,5.0660930926194885,5.096709152240916,10568116
2013-03-25,5.104513168334961,5.171748610528847,5.076298213484473,5.159742526926599,12585879
2013-03-26,5.010263442993164,5.115919970355241,4.990452915676394,5.095508881146285,17823260
2013-03-27,4.930421352386475,5.030674540409299,4.894401951520423,5.030674540409299,22400193
2013-03-28,4.950232028961182,4.9790469780137006,4.925018733849364,4.935824268180437,13361104
2013-04-02,5.043281555175781,5.0612909706669855,4.943628349273727,4.958636672607227,15341826
2013-04-03,5.016867637634277,5.076299223184256,4.978447131949092,5.006662092411668,14211638
2013-04-04,5.116520404815674,5.180754769964243,5.034877185895757,5.034877185895757,29186493
2013-04-05,5.068495273590088,5.144135740968675,5.032476439607175,5.111718561380436,18180479
2013-04-08,5.0576887130737305,5.096709204066797,5.029473755584239,5.096709204066797,8308951
2013-04-09,5.067293643951416,5.118921353520162,5.054686997488822,5.086503608320439,12086041
2013-04-10,5.168747901916504,5.184956776160868,5.073297487228631,5.087104686301509,17624866
2013-04-11,5.2708024978637695,5.296616356688269,5.154940986639122,5.168748186472129,25204800
2013-04-12,5.270201683044434,5.3068210712190425,5.244387828262685,5.2828083295057455,15815935
2013-04-15,5.25699520111084,5.39086612584562,5.237785234089428,5.324831220136891,23463634
2013-04-16,5.2708024978637695,5.318827988811717,5.224578120266349,5.258796411381288,13357027
2013-04-17,5.18255615234375,5.309223203383595,5.162745622275222,5.290013235290672,16634456
2013-04-18,5.219174861907959,5.247389820873793,5.181954909545344,5.204767101476691,12747425
2013-04-19,5.207769393920898,5.250392118457659,5.172950539928545,5.230581588603053,18044567
2013-04-22,5.245588302612305,5.2726027082075575,5.22397666363432,5.240785525336448,9712000
2013-04-23,5.29601526260376,5.29601526260376,5.203566516697954,5.229380372928738,15345825
2013-04-24,5.375858306884766,5.401071602972284,5.287011208643942,5.299617856687701,20398260
2013-04-25,5.420281410217285,5.442493038650425,5.322429331228305,5.380059796289139,18209893
2013-04-26,5.389665126800537,5.411276767286296,5.343440753894759,5.397469568854681,10756626
2013-04-29,5.443695068359375,5.452099501536127,5.389666242217928,5.402873453999569,10379546
2013-04-30,5.3920674324035645,5.462905118522004,5.348844146377557,5.444895129756657,16543286
2013-05-02,5.404072284698486,5.436489455558903,5.330232950651858,5.402871733556824,20720471
2013-05-03,5.456300258636475,5.462904149015378,5.377658716016855,5.425083637327408,16988314
2013-05-06,5.432889461517334,5.46830830730443,5.424485028449824,5.462905539262327,7546679
2013-05-07,5.480913162231445,5.489317592547003,5.424483252253024,5.462303188673032,14583421
2013-05-08,5.736050128936768,5.805086699411048,5.559555908886742,5.576965335118249,45536331
2013-05-09,5.722842216491699,5.72704443204821,5.671214506075482,5.709035018593011,15899096
2013-05-10,5.847109317779541,5.849510993229485,5.734249464430714,5.737251129361359,23450871
2013-05-13,5.85011100769043,5.861517105471966,5.777472204582171,5.848309894222543,19673398
2013-05-14,5.913144588470459,5.913144588470459,5.801484718100749,5.877125183107807,19084872
2013-05-15,5.869321346282959,5.92515070927941,5.824897508165405,5.913144622428926,17172093
2013-05-16,6.027204036712647,6.0692261925708335,5.844707080902744,5.893333127330743,44839177
2013-05-17,5.94137716293335,6.005262925644107,5.894269497967328,5.98848482789937,35461993
2013-05-20,6.06979513168335,6.105287432313047,5.9510579021977685,5.974934216310862,16146226
2013-05-21,6.098835468292236,6.130455574983562,6.011718320316161,6.064633688818308,16808751
2013-05-22,6.107868194580078,6.123355765577658,6.031075911473938,6.098188308852471,16659512
2013-05-23,5.9691267013549805,6.009136160268886,5.911694185292986,5.989131430811933,17418591
2013-05-24,5.975579738616943,6.026558995151396,5.948476795997374,6.000101624439363,12752188
2013-05-27,6.002683162689209,6.033012736446087,5.9633192740012,5.990422218794595,7610758
2013-05-28,6.048500061035156,6.060115432493685,5.984614287180198,6.011071658928298,15978367
2013-05-29,5.8187689781188965,6.029785442648635,5.79747372164113,6.027204385929051,29300925
2013-05-30,5.816832542419434,5.871683994754475,5.667120183820709,5.707775209600255,39445244
2013-05-31,5.703258037567139,5.810379269962179,5.692287624046322,5.809088741680279,24570145
2013-06-03,5.64647102355957,5.711647323632496,5.619368080806453,5.672929009818472,16235561
2013-06-04,5.621303558349609,5.725843732565489,5.614204729784184,5.695514164451936,11834799
2013-06-05,5.596782684326172,5.6606684604361766,5.552256066469232,5.588393325986032,13346940
2013-06-06,5.600008964538574,5.698095893606886,5.600008964538574,5.609043278855175,13061261
2013-06-07,5.707130432128906,5.736169476549215,5.6355008712810175,5.70454937519891,16638626
2013-06-10,5.791666030883789,5.827803286590002,5.740686160512685,5.750366046326769,16824720
2013-06-11,5.7400407791137695,5.775532460305047,5.677445542732793,5.7497200487948295,13001619
2013-06-12,5.677445411682129,5.761980857416447,5.6716371115078426,5.7510104443091326,11510327
2013-06-13,5.661958694458008,5.670347436945312,5.570324406520606,5.605171135730397,11916521
2013-06-14,5.650988578796387,5.7329429847401325,5.62388563413387,5.705840040077617,13263762
2013-06-17,5.709067344665527,5.776179757724588,5.6948702986979205,5.72778154861147,16712282
2013-06-18,5.718745708465576,5.730361078623619,5.665829740060937,5.707775294751617,7972042
2013-06-19,5.689706325531006,5.757463673072751,5.68002644070372,5.743266631742683,10083380
2013-06-20,5.568387985229492,5.625821112568896,5.554191557928204,5.620658383739761,16083885
2013-06-21,5.545157432556152,5.657441403512951,5.545157432556152,5.592265103838787,31629866
2013-06-24,5.440617561340332,5.601300374840917,5.435455446870394,5.5496755376419165,16715522
2013-06-25,5.562580585479736,5.568388271075345,5.4567498700898325,5.501275869933842,16219135
2013-06-26,5.678091526031494,5.707130571159216,5.554192174541987,5.562580917477094,20028154
2013-06-27,5.755527973175049,5.788439214626112,5.697450506422774,5.7006765195064055,12647512
2013-06-28,5.784566879272461,5.836191703236311,5.740685840444834,5.778114237839314,13655995
2013-07-01,5.763917446136475,5.820059429249569,5.708420419486479,5.794891972609904,8502452
2013-07-02,5.770370960235596,5.8013454880884,5.717454987914452,5.796828330979669,8417724
2013-07-03,5.739396095275879,5.755528624184634,5.661313276824478,5.732942837545765,9854468
2013-07-04,5.828448295593262,5.834901552860815,5.740041255777024,5.774887983438731,11805003
2013-07-05,5.685190200805664,5.835547536328562,5.681318000005436,5.834257007867329,13554705
2013-07-08,5.73165225982666,5.754238046271433,5.694869429580949,5.704549316092933,9090130
2013-07-09,5.747138977050781,5.760690446901529,5.70003131078396,5.733587507200032,8122183
2013-07-10,5.715519905090332,5.764563064828088,5.666476129936034,5.743267806186515,8726509
2013-07-11,5.77617883682251,5.785213151338832,5.722617906237731,5.775533264892835,10279085
2013-07-12,5.807798385620117,5.832965226404566,5.7852126014760055,5.798764071962473,11338888
2013-07-15,5.788439750671387,5.830384694224024,5.767789449441745,5.810379964920768,6913602
2013-07-16,5.732297420501709,5.807798560545541,5.705193863295981,5.800700346862589,7819527
2013-07-17,5.730361461639404,5.758109976001048,5.666475690667154,5.73616914710661,7527767
2013-07-18,5.775533199310303,5.7774692996608215,5.717455112126854,5.724553941606583,7654364
2013-07-19,5.778759479522705,5.797473679143708,5.72971570971124,5.76198138013544,16714139
2013-07-22,5.90201473236084,5.903950832880575,5.740042015262863,5.769726017954828,20485154
2013-07-23,6.000101089477539,6.117547163690988,5.980741318975513,6.001391617761052,23122007
2013-07-24,6.00913667678833,6.039466251838171,5.947831954701813,6.013008262459628,13526728
2013-07-25,5.962028503417969,6.031721963033034,5.911694201381194,5.994939132842715,10272587
2013-07-26,5.936861038208008,6.00139238395387,5.8878172646744735,5.989131440570486,8298246
2013-07-29,5.937506198883057,5.988485453849695,5.91685589889144,5.966545240915672,7318074
2013-07-30,5.952349185943604,5.9884864476554105,5.9297633973737245,5.967836759653402,8459508
2013-07-31,5.903304576873779,5.947185619264941,5.865876791856273,5.930407519343335,9637926
2013-08-01,5.971062183380127,5.971062183380127,5.916855686338825,5.917501258203317,8122039
2013-08-02,5.9304070472717285,6.014297540201913,5.905240207100896,6.001391641898433,8651542
2013-08-05,5.931052684783936,5.9626727821647805,5.892333758611963,5.940732570181042,4365169
2013-08-06,5.827157497406006,5.946540289661969,5.774242144178498,5.938150932519308,12403169
2013-08-07,5.841355323791504,5.882655312352503,5.787794391510574,5.794892605879177,9321491
2013-08-08,6.291781902313232,6.291781902313232,6.0317216624575964,6.0446275617278165,45146732
2013-08-09,6.27177619934082,6.300169665656952,6.174979815895885,6.259515258460047,17940766
2013-08-12,6.38857889175415,6.38857889175415,6.18014346053168,6.271132797406823,16055914
2013-08-13,6.411163806915283,6.466015255847111,6.349213529729704,6.420843076163226,15243128
2013-08-14,6.407938480377197,6.416972795065889,6.357604177647406,6.396968065279064,9757245
2013-08-15,6.273715019226074,6.3885800778903326,6.2427398676948895,6.37761027585498,10549711
2013-08-16,6.306624889373779,6.3240485638457775,6.246611309849698,6.246611309849698,12586390
2013-08-19,6.235640048980713,6.285328777657235,6.191759005869219,6.279521092092208,7766005
2013-08-20,6.174980163574219,6.219506157832715,6.150458280431981,6.1904677334973615,9499099
2013-08-21,6.20789098739624,6.225959614414504,6.160137747836222,6.1820785751678,7666988
2013-08-22,6.285327911376953,6.29371726802745,6.201437421954088,6.225314348254409,8888349
2013-08-23,6.287910461425781,6.287910461425782,6.229832374836026,6.278230575188654,7062166
2013-08-26,6.300817012786865,6.31565901421927,6.2679063808425655,6.291782697530918,4794508
2013-08-27,6.184659481048584,6.265968916065749,6.178851796136595,6.253707974399799,10643796
2013-08-28,6.171754360198975,6.207246661399054,6.134971530568867,6.162720045772265,8894697
2013-08-29,6.253707885742188,6.300815551628675,6.204664119773671,6.211762948268964,10844082
2013-08-30,6.2543535232543945,6.27758426281697,6.213053541763854,6.242092581633508,16669854
2013-09-02,6.334372043609619,6.356957827566679,6.2975892174153545,6.321465529681895,9836188
2013-09-03,6.342116832733154,6.361475991272512,6.280167156157278,6.332436945755199,16545095
2013-09-04,6.324047565460205,6.336953464713787,6.256935166175406,6.329855250895141,11005894
2013-09-05,6.336954593658447,6.353087739870199,6.27306881165975,6.336309637059937,13310026
2013-09-06,6.216925621032715,6.335662846480952,6.197566464718639,6.320820847154043,21721028
2013-09-09,6.216925621032715,6.24596466321207,6.1717540511610425,6.234349292506922,10496413
2013-09-10,6.2724223136901855,6.282747155478543,6.237575588019198,6.2724223136901855,14382262
2013-09-11,6.329854965209961,6.331145493535424,6.265969197476034,6.27371298284528,10469287
2013-09-12,6.387287616729736,6.407937916641853,6.324692375941147,6.342761619145428,10963342
2013-09-13,6.384061336517334,6.406647737901113,6.340825864927567,6.3621211224704926,10424168
2013-09-16,6.443429470062256,6.45956261270125,6.40277505836163,6.4208436857841305,12710980
2013-09-17,6.414391040802002,6.442785128389462,6.397612940106329,6.442785128389462,11857114
2013-09-18,6.453109264373779,6.453109264373779,6.3918045540456205,6.42084359496862,11320508
2013-09-19,6.530547142028809,6.530547142028809,6.44988326831489,6.466016412307584,17499291
2013-09-20,6.659609317779541,6.6918749908372295,6.501508196755043,6.504734825602465,37901834
2013-09-23,6.675741195678711,6.730592644846917,6.6467021569769305,6.6596080545019385,11699846
2013-09-24,6.766084671020508,6.766084671020508,6.691874064057068,6.704780577659288,12577726
2013-09-25,6.820936679840088,6.843522465071374,6.730593538914943,6.759632581474166,13638597
2013-09-26,6.975810050964356,6.998395830601936,6.856427281630425,6.856427281630425,19403983
2013-09-27,6.956451892852783,7.0274364914659575,6.9209602089626765,6.969358407297535,12975472
2013-09-30,6.914507389068604,6.943546432989474,6.746726383173911,6.840296772567054,12870477
2013-10-01,6.982264518737793,6.988717776156487,6.914507162090997,6.920960419509692,12883316
2013-10-02,6.927412986755371,6.972585172782264,6.87256153012139,6.940319501453481,9302887
2013-10-04,7.221029758453369,7.221029758453369,7.046796109936101,7.0500227387589325,26363652
2013-10-07,7.298467636108398,7.30492027835234,7.111327471870569,7.21457713277192,15288109
2013-10-08,7.188764572143555,7.366224846301299,7.179084685848646,7.298467488486472,15410404
2013-10-09,7.172631740570068,7.214577300924206,7.143592695837675,7.143592695837675,11009902
2013-10-10,7.3888115882873535,7.3888115882873535,7.159726455081501,7.208124661985328,15810564
2013-10-11,7.292013645172119,7.469473905074068,7.22102904887817,7.433982222343555,16154737
2013-10-14,7.39849042892456,7.41784958586339,7.301693413397408,7.311373299575074,9293416
2013-10-15,7.559816837310791,7.572722734518072,7.433981416311933,7.4436606853632945,19244150
2013-10-16,7.698559761047363,7.698559761047362,7.511419611850687,7.530778767859592,13616030
2013-10-17,7.55659294128418,7.624350310807355,7.517874004830497,7.582405360447764,16584050
2013-10-18,7.534006118774414,7.621123252291795,7.501740445388362,7.582404321145226,29974624
2013-10-21,7.508193969726562,7.54368565783647,7.453342507647738,7.475928295194921,9787779
2013-10-22,7.475927352905273,7.504966394781922,7.411396011975725,7.485607238669648,13582593
2013-10-23,7.3823561668396,7.45979401369579,7.295239666105102,7.440434244273537,12802568
2013-10-24,7.479154586791992,7.485607844490514,7.4146232406398305,7.421076498338352,9974130
2013-10-25,7.327505588531494,7.463020913511483,7.317826318086377,7.440435128584231,10190407
2013-10-28,7.475927352905273,7.504966394781922,7.353318543638904,7.353318543638904,8814097
2013-10-29,7.604991436004639,7.608218065448387,7.492061867140023,7.498515126027519,10135600
2013-10-30,7.440435409545898,7.624348939945764,7.433982767477653,7.592083883355021,9890557
2013-10-31,7.485607624053955,7.48883363739169,7.369451450567248,7.433982794819087,9056279
2013-11-01,7.501739978790283,7.598536377511302,7.485607450808945,7.485607450808945,7414613
2013-11-04,7.582403659820557,7.595310174215905,7.498513162500224,7.508193048296736,6896160
2013-11-05,7.559816837310791,7.640480694959577,7.537231055635755,7.604988400660865,14191009
2013-11-06,7.488832473754883,7.582402846839159,7.440434280794511,7.56949633382764,11900925
2013-11-07,7.317826271057129,7.456568223766001,7.208123360329949,7.427529181784307,20582887
2013-11-08,7.321053504943848,7.3339594049935855,7.175858283030993,7.195217440813864,12292734
2013-11-11,7.2532958984375,7.308147361125487,7.04034330574686,7.124233814294167,12411706
2013-11-12,7.195217609405518,7.259748957415832,7.1758584511690415,7.217804012000709,10049713
2013-11-13,7.18231201171875,7.26942915057886,7.124233919145343,7.18231201171875,11072460
2013-11-14,7.214577674865723,7.266202509195419,7.159726211463348,7.262975880122742,9690300
2013-11-15,7.214577674865723,7.279108410069559,7.188765257700873,7.20489778764769,12652867
2013-11-18,7.2532958984375,7.28233494429682,7.18553853504346,7.21457758090278,8502958
2013-11-19,7.233935832977295,7.259748246570665,7.201670162131462,7.240389090229759,8237506
2013-11-20,7.214577674865723,7.233936833885216,7.162952840536025,7.227483575739861,8104317
2013-11-21,7.279107570648193,7.288787456749947,7.150045499707294,7.175857913895474,9250368
2013-11-22,7.279107570648193,7.321053128339297,7.253295156460013,7.285560828049363,7909517
2013-11-25,7.343638896942139,7.346865525635304,7.2758809252186465,7.2758809252186465,7421005
2013-11-26,7.4952874183654785,7.504967305304244,7.317827132403989,7.343639548824143,17346658
2013-11-27,7.517872333526611,7.550138004162239,7.453341607671837,7.51141969173267,10541838
2013-11-28,7.521100044250488,7.540459818667192,7.459795938180629,7.517873415181037,5911167
2013-11-29,7.540459156036377,7.543685169405768,7.488833710878409,7.504966854807935,6783970
2013-12-02,7.498514175415039,7.543685751067674,7.453342599762405,7.508194062519131,8302007
2013-12-03,7.340412616729736,7.50496699539432,7.333959359037041,7.485607837732759,14186622
2013-12-04,7.330732345581055,7.39849031696636,7.243615832966368,7.362998016935176,12379927
2013-12-05,7.321053504943848,7.36945170710929,7.27910794509501,7.337186033860152,11173886
2013-12-06,7.446887969970703,7.463020496756003,7.3533182068663585,7.421075557864355,13075395
2013-12-09,7.466248035430908,7.48560780843322,7.411396576090743,7.446888877845121,8203925
2013-12-10,7.417850017547607,7.52755293894601,7.388810972741174,7.463021591505818,8946441
2013-12-11,7.379130840301514,7.4856071203608945,7.366224326152999,7.401716624644948,9303240
2013-12-12,7.346866130828857,7.398490963339082,7.327506357075111,7.362998660207097,8872761
2013-12-13,7.327505588531494,7.379131031043546,7.3049198036042435,7.343638731634162,7214274
2013-12-16,7.604991436004639,7.675976052933812,7.495288496583771,7.498515126027519,27823339
2013-12-17,7.57595157623291,7.666295344746302,7.501740953212932,7.588858092627641,12026338
2013-12-18,7.730825901031494,7.795357250674174,7.598537188138906,7.621123591305436,15225584
2013-12-19,7.98249626159668,8.001855417498614,7.853434196556342,7.930871435580545,17718981
2013-12-20,7.988951206207275,8.09542750928358,7.972818060034139,8.014763624667696,25438847
2013-12-23,8.024442672729492,8.027668686209964,7.898606607412351,8.008309528244457,6511777
2013-12-27,8.130919456481934,8.130919456481934,8.066388105471532,8.072841363655886,8193271
2013-12-30,8.02121353149414,8.130916417966011,8.02121353149414,8.130916417966011,5339197
2014-01-02,7.827621936798096,8.10187921501354,7.821168679565619,8.040574502137975,14491222
2014-01-03,7.917965888977051,7.94055167443667,7.743731631860276,7.7759973034096594,8341890
2014-01-06,7.866339683532715,7.947003546887062,7.850207157028421,7.901831980341888,6392866
2014-01-07,7.905059337615967,7.930871751652747,7.834075352868945,7.863114395587385,9837933
2014-01-08,7.888925552368164,7.895378193286632,7.834074104354605,7.8921515651192,7622382
2014-01-09,7.905059337615967,7.988949837089626,7.869567037534209,7.917965852342604,10204859
2014-01-10,7.885700225830078,7.982496625164871,7.85666118294634,7.95668421098116,10824139
2014-01-13,7.876019477844238,7.895378632509393,7.811488141738481,7.895378632509393,7884051
2014-01-14,8.014762878417969,8.014762878417969,7.788903776356455,7.808263549961643,11171707
2014-01-15,8.156730651855469,8.156730651855469,8.017988698759426,8.056707011232078,12891640
2014-01-16,8.03089427947998,8.179316112519844,7.988949340060983,8.163182970115264,10407098
2014-01-17,8.04057502746582,8.08897322903851,7.998630083547229,8.059934185011592,16042828
2014-01-20,8.108331680297852,8.108331680297852,8.017988542676024,8.034121069989501,5782331
2014-01-21,8.172863006591797,8.221261203867021,8.140597336602823,8.150277222224457,11357561
2014-01-22,8.27611255645752,8.298698340547137,8.172862906095574,8.19867531868606,9563666
2014-01-23,8.272886276245117,8.334190989509622,8.208355549760388,8.230941334800868,10923509
2014-01-24,8.124465942382812,8.343871790407166,8.098653525875038,8.31160611591831,17870273
2014-01-27,8.056707382202148,8.124465355273918,7.976043509517406,8.088973054359347,13247161
2014-01-28,8.005082130432129,8.118011669313976,7.972816459977818,8.09865251320798,12179106
2014-01-29,7.905059337615967,8.079293593926604,7.805036310150506,8.047027922526505,19171510
2014-01-30,7.869567394256592,7.927645482326112,7.843754979049751,7.879247280740352,12247775
2014-01-31,7.74373197555542,7.876020680904503,7.692107144951706,7.86634079438511,18444098
2014-02-03,7.537231922149658,7.724372068792654,7.524325408042193,7.705012297631455,17227260
2014-02-04,7.421075820922852,7.517872215898736,7.401716665010969,7.450114862498911,15702027
2014-02-05,7.401717185974121,7.482381059270301,7.311373426332453,7.42107634324858,17738391
2014-02-06,7.543685436248779,7.614670041216605,7.456568917613822,7.501740491381321,18549327
2014-02-07,7.585629463195801,7.59208271969144,7.469473307939942,7.559817052629656,12233588
2014-02-10,7.521100044250488,7.624349712806637,7.511420772458704,7.60176392473705,7845653
2014-02-11,7.604991436004639,7.60499143600464,7.534007434492106,7.582405645315044,9784313
2014-02-12,7.634028434753418,7.637255063330354,7.5856302369323165,7.6211225358621455,10619608
2014-02-13,7.782451152801514,7.792130424211067,7.598536995604917,7.6243494117246335,12232035
2014-02-14,7.7856764793396,7.856661078967738,7.750184794942021,7.801809622626218,10429711
2014-02-17,7.846981525421143,7.869567311562729,7.763091023026307,7.788903437961909,6501705
2014-02-18,7.885700225830078,7.905059382613737,7.827622140062602,7.876020339729999,8102585
2014-02-19,7.876019477844238,7.924417672215341,7.84698043813829,7.853433694832153,9580863
2014-02-20,7.879247188568115,7.88247381735829,7.76309101378788,7.76309101378788,9506607
2014-02-21,7.924417972564697,7.93087122950315,7.850207364021865,7.9179653310427,9753164
2014-02-24,8.07283878326416,8.07283878326416,7.892151304356377,7.93732348179151,11210115
2014-02-25,8.150277137756348,8.150277137756348,8.005081932018983,8.056706757299722,16152446
2014-02-26,7.985724449157715,8.130919685309037,7.921193096331219,8.127693056126054,12006052
2014-02-27,7.947004795074463,7.992176984130995,7.850208390012603,7.992176984130995,12312496
2014-02-28,7.934099674224853,7.953458834055401,7.866341691693047,7.934099674224853,12349435
2014-03-03,7.711465835571289,7.846981161553426,7.711465835571289,7.763090663048628,13533116
2014-03-04,7.888925552368164,7.908284705956362,7.750183618250551,7.782449284508479,12367105
2014-03-05,7.872793674468994,7.943778274706924,7.85666114646028,7.885700189209161,7888920
2014-03-06,7.588858127593994,7.763091791809634,7.508194246004984,7.692107797561273,28588371
2014-03-07,7.443661689758301,7.627575211546897,7.421075905035698,7.614669312598186,20016944
2014-03-10,7.379130840301514,7.4727006062123795,7.337185284735307,7.3920367390335615,14092681
2014-03-11,7.517872333526611,7.55659126137266,7.404943409426636,7.417849308430999,12858499
2014-03-12,7.501739978790283,7.553364806830359,7.437208636031942,7.469474307411112,12585571
2014-03-13,7.301692962646484,7.498512994860007,7.301692962646485,7.4920597378066045,15435728
2014-03-14,7.256520748138428,7.288786415116723,7.150044477901542,7.227481709399604,19841312
2014-03-17,7.333960056304932,7.350093202070511,7.214577854722565,7.224257126765328,8934027
2014-03-18,7.39849042892456,7.430756100766946,7.230709427677365,7.3178265570268515,11578548
2014-03-19,7.4275288581848145,7.466247168862556,7.379130662129412,7.408169087429491,8335558
2014-03-20,7.401717185974121,7.404943814755949,7.256521967874391,7.366224884790517,14305966
2014-03-21,7.421075820922852,7.479153904074971,7.388810150792067,7.392036779346792,27880850
2014-03-24,7.301692962646484,7.443661540739016,7.301692962646485,7.421075756468571,10938408
2014-03-25,7.417850017547607,7.430756533202261,7.256522264363666,7.298467824824752,13693360
2014-03-26,7.498514175415039,7.534006479380145,7.430756811936089,7.440436083623617,10118085
2014-03-27,7.475927352905273,7.495286509017547,7.401716741627827,7.446888311028625,9310500
2014-03-28,7.582403659820557,7.585630288419393,7.508193048296736,7.508193048296736,7441364
2014-03-31,7.569498062133789,7.624349524123884,7.559818790581542,7.614670252571637,8185281
2014-04-01,7.517872333526611,7.611442716828283,7.50819306312746,7.59531018921871,6349521
2014-04-02,7.521100044250488,7.543685832320074,7.488834368972549,7.540459818667192,6430519
2014-04-03,7.479154586791992,7.540459304094893,7.443662284866651,7.534006046396372,6783296
2014-04-04,7.524326801300049,7.530780059548713,7.456569435938814,7.488834496348976,7761936
2014-04-07,7.417850017547607,7.49206063631225,7.382357714913847,7.453342320181366,10215895
2014-04-08,7.356544494628906,7.437208362400786,7.295240398222136,7.414622577891295,9014399
2014-04-09,7.343638896942139,7.362998053684638,7.285560811298144,7.333959010862641,9727375
2014-04-10,7.279107570648193,7.385583856101497,7.279107570648193,7.362998070613902,8821236
2014-04-11,7.243616104125977,7.340412506395352,7.19844391637262,7.233936217732432,12130047
2014-04-14,7.32427978515625,7.32427978515625,7.195217098303408,7.195217098303408,7008829
2014-04-15,7.130685806274414,7.343638361154498,7.130685806274413,7.324279205824431,11126376
2014-04-16,7.31137228012085,7.31137228012085,7.188763482715434,7.19199011099142,10339939
2014-04-17,7.350090980529785,7.350090980529785,7.246840725086877,7.295239532338653,7514212
2014-04-22,7.482380867004394,7.482380867004394,7.375904581606092,7.38235722358743,9330929
2014-04-23,7.446887969970703,7.524325206289749,7.437208084649654,7.504966051064099,7596869
2014-04-24,7.517872333526611,7.575950417587445,7.430755822851842,7.485607278307465,8700341
2014-04-25,7.3888115882873535,7.49206126045994,7.372679057791609,7.488834631277473,12824081
2014-04-28,7.440435409545898,7.459795182000152,7.346865637683031,7.379131309690281,8168382
2014-04-29,7.627574920654297,7.646934691463757,7.49528623053859,7.5372317852093,11644132
2014-04-30,7.798583030700684,7.817942187319318,7.634028660901063,7.659841074864739,14495629
2014-05-02,7.88247537612915,8.059935686766194,7.869568858416168,7.982498426738212,20565878
2014-05-05,7.914740085601807,7.95668503219833,7.801810531111313,7.895380311403508,9162037
2014-05-06,7.905059337615967,7.985723208407967,7.863114395587385,7.930871751652747,8902363
2014-05-07,8.04057502746582,8.053480927357494,7.876020649785458,7.911512951466475,12754202
2014-05-08,8.05993366241455,8.05993366241455,7.872793510495325,8.040574506124006,13855751
2014-05-09,8.169636726379395,8.182543241091865,8.02444212836307,8.066387070345609,13387188
2014-05-12,8.259982109069824,8.259982109069824,8.079295175443022,8.169638334548114,14234651
2014-05-13,8.330964088439941,8.330964088439941,8.198675395743294,8.282565891304955,14624067
2014-05-14,8.298698425292969,8.337417352282323,8.266433370787716,8.32451083814705,11583009
2014-05-15,8.463253021240234,8.485838806182892,8.327737696167805,8.327737696167805,28471417
2014-05-16,8.416291236877441,8.473316750774606,8.359265722980279,8.379392186764939,17627003
2014-05-19,8.396164894104004,8.436417822253478,8.265341278096319,8.389455859476172,10936181
2014-05-20,8.329073905944824,8.402871350399797,8.295529380353068,8.345845848836396,9135499
2014-05-21,8.319011688232422,8.35926525334901,8.245214231962176,8.265340694616114,10565771
2014-05-22,8.329073905944824,8.352554881916468,8.278757437461497,8.352554881916468,6894047
2014-05-23,8.329073905944824,8.329073905944824,8.26533937130135,8.319010356324714,7817737
2014-05-26,8.352556228637695,8.372682691314388,8.282113289364919,8.352556228637695,8629778
2014-05-27,8.27876091003418,8.372684853317686,8.251925406266196,8.365976457232348,13354120
2014-05-28,8.204961776733398,8.329076366140578,8.14793689813492,8.322367331078828,16040064
2014-05-29,8.17812442779541,8.332429000294235,8.060719539795782,8.144580539686176,31783995
2014-05-30,8.268694877624512,8.30894844111479,8.204960335351858,8.218378403118178,29200774
2014-06-02,8.342494010925293,8.352556923196065,8.258632996355436,8.31565851185529,11056308
2014-06-03,8.268694877624512,8.386100411345081,8.241859381900555,8.335783936838748,12468685
2014-06-04,8.32572078704834,8.32572078704834,8.228442350291534,8.265340758808874,9111737
2014-06-05,8.379392623901367,8.456544605608059,8.325721624469862,8.439772658214006,19410531
2014-06-06,8.456543922424316,8.46996199110257,8.365974518081023,8.416290996007016,10132024
2014-06-09,8.510215759277344,8.510215759277344,8.453190245659,8.466607674846921,5308697
2014-06-10,8.526987075805664,8.540404504002408,8.449835104200465,8.473316083401292,7352275
2014-06-11,8.443126678466797,8.510215743709916,8.423000214817359,8.503506709223856,8290955
2014-06-12,8.466606140136719,8.51692261013605,8.4229987034196,8.469960656777824,8507233
2014-06-13,8.496797561645508,8.540405005606999,8.423000102707315,8.45654399507366,8413220
2014-06-16,8.433064460754395,8.480027069777037,8.423001547242206,8.480027069777037,7012168
2014-06-17,8.443126678466797,8.480025728331388,8.406227628602206,8.433063126737705,8026637
2014-06-18,8.493443489074707,8.496798006448696,8.412936991525275,8.446481525456397,9063377
2014-06-19,8.587367057800293,8.594076091768315,8.5068605696101,8.533696065673498,12908176
2014-06-20,8.5437593460083,8.627620354806293,8.5437593460083,8.587367428876142,24528719
2014-06-23,8.503504753112793,8.537049278017909,8.422998277225673,8.526985728603796,5994929
2014-06-24,8.55382251739502,8.587367047385758,8.459897961382689,8.503506042313258,6959984
2014-06-25,8.587367057800293,8.627619981991042,8.516923480753439,8.520277997737452,11146295
2014-06-26,8.570594787597656,8.691354844221674,8.563886393191991,8.610848353075234,11266995
2014-06-27,8.577303886413574,8.684645875417294,8.577303886413574,8.600784866532047,8543892
2014-06-30,8.587367057800293,8.661164512022463,8.55046801078486,8.594076091768315,8012083
2014-07-01,8.651102066040039,8.70141854388829,8.59407655386303,8.614203017040582,6351230
2014-07-02,8.369329452514648,8.65110251071885,8.362620417841034,8.624266372024392,16871763
2014-07-03,8.446479797363281,8.453188830738636,8.325719755841444,8.372681709851653,10676357
2014-07-04,8.362619400024414,8.463252348645526,8.312302925713858,8.433062336097455,5677811
2014-07-07,8.27540397644043,8.39951854501802,8.27540397644043,8.362619498179795,6802470
2014-07-08,8.17812442779541,8.30894802269431,8.17812442779541,8.28211252832173,7273068
2014-07-09,8.184835433959961,8.191544469122208,8.074138913018126,8.127809914698481,7168629
2014-07-10,8.09761905670166,8.211670083399605,8.080847110343797,8.174771673450559,8475635
2014-07-11,8.100973129272461,8.164707673589685,8.08420118383521,8.141226694054051,6637537
2014-07-14,8.228442192077637,8.235150586346256,8.154644096844493,8.178125076306419,6264206
2014-07-15,8.157998085021973,8.261985547244434,8.157998085021973,8.22508714182859,7441359
2014-07-16,8.335783958435059,8.335783958435059,8.174770983674165,8.174770983674165,6567991
2014-07-17,8.208314895629883,8.308948484982539,8.191542950642118,8.298884934104667,6851960
2014-07-18,8.13116455078125,8.198253623763838,8.074139030688695,8.181481035613782,13589615
2014-07-21,8.090909957885742,8.161352894228555,8.090909957885742,8.131162881564867,6437617
2014-07-22,8.225090026855469,8.23179906285112,8.09426638417582,8.147938032332142,6254707
2014-07-23,8.161355018615723,8.251925080182021,8.144583069351823,8.198254074766922,5694186
2014-07-24,8.198253631591797,8.221734615215478,8.114392610187897,8.181481043425727,5599079
2014-07-25,8.141225814819336,8.248567789565936,8.12445323138478,8.211668745818553,6532182
2014-07-28,8.17812442779541,8.211668955713298,8.104326978222979,8.134516989368212,5492455
2014-07-29,8.27540397644043,8.322365934373668,8.17477102663815,8.184833937733162,7350356
2014-07-30,8.235150337219238,8.329074892034274,8.231796460090742,8.29553036247114,6654617
2014-07-31,8.121099472045898,8.275404054990572,8.080846547666383,8.258632109800555,12471950
2014-08-01,8.111037254333496,8.386101273742861,8.100973702473855,8.386101273742861,21022087
2014-08-04,7.970150470733643,8.14122700798703,7.929896904399838,8.131163456451397,11573525
2014-08-05,7.960088729858398,8.037240723088292,7.933253226134572,7.970152283683163,5880697
2014-08-06,7.738693714141846,7.785655673872566,7.534072649928768,7.64141527758411,15669928
2014-08-07,7.621286869049072,7.785654339749869,7.607869442771766,7.721920445267601,10157958
2014-08-08,7.440148830413818,7.544136302561053,7.39318687005224,7.493819825058115,15338773
2014-08-11,7.607870578765869,7.617933490024274,7.420022104174121,7.466984062869883,12218790
2014-08-12,7.487112522125244,7.60787260790432,7.473695090265831,7.594454536236035,7908873
2014-08-13,7.601161003112793,7.621287464004226,7.544135497413183,7.560908081329925,7825089
2014-08-14,7.540782451629639,7.587745055948975,7.483756934805916,7.564263433884917,6521159
2014-08-15,7.4535675048828125,7.664897641446902,7.433441038479651,7.520656579305121,11552377
2014-08-18,7.544136047363281,7.577680577833426,7.466984075148037,7.540781530335396,6927254
2014-08-19,7.510590553283691,7.597806065392831,7.463628600535932,7.597806065392831,6704317
2014-08-20,7.48375654220581,7.493820093991041,7.399895530088461,7.473693630229327,7509381
2014-08-21,7.591097354888916,7.591097354888917,7.460274401068345,7.487109895180478,7616918
2014-08-22,7.510590553283691,7.591097032197831,7.460274083938431,7.577679605616451,7607625
2014-08-25,7.617931842803955,7.617931842803955,7.530716978315581,7.597805384830374,6160599
2014-08-26,7.638060092926025,7.644769126532253,7.537426508258591,7.591097497491092,7611279
2014-08-27,7.735338687896728,7.768883216843038,7.621287673364477,7.621287673364477,11451183
2014-08-28,7.668251037597656,7.735339462398843,7.614580041833212,7.708503964516621,7884252
2014-08-29,7.634707450866699,7.6950874885320735,7.557555464875972,7.681669418024739,10657996
2014-09-01,7.69508695602417,7.705149868399491,7.638061439931853,7.6581879044912675,6285356
2014-09-02,7.752113819122314,7.802430309168219,7.725278315110573,7.745404783167158,7351517
2014-09-03,7.80913782119751,7.859454301424329,7.745403271678866,7.765529735807842,10925514
2014-09-04,7.835972309112549,7.879579749067989,7.725275810970164,7.775592284706034,11914628
2014-09-05,7.869516849517822,7.899706864218989,7.799073908420921,7.849390386319954,8401145
2014-09-08,7.879579067230225,7.89635165022993,7.852743574239319,7.882933583830166,5454947
2014-09-09,7.869516849517822,7.956732376453555,7.869516849517822,7.879580401021121,5677645
2014-09-10,7.795719146728516,7.869516602678414,7.731984602157548,7.8493901401118436,9188750
2014-09-11,7.815845966339111,7.839327586849627,7.758820453288194,7.815845966339111,7448630
2014-09-12,7.758820056915283,7.829263635230618,7.708503580866446,7.8225546011417855,6358095
2014-09-15,7.755465507507324,7.789009395426804,7.711857429518162,7.711857429518162,5875016
2014-09-16,7.765529155731201,7.778947224020709,7.701794610973459,7.755466244322781,7531407
2014-09-17,7.762175559997559,7.835973664731966,7.748758129924167,7.815846559908699,9831670
2014-09-18,7.815845966339111,7.829264035202263,7.701794940237275,7.74540302423378,8809031
2014-09-19,8.111037254333496,8.124454683670933,7.943315228858639,7.983568156679704,31546537
2014-09-22,8.13116455078125,8.218380089735088,8.097620014289955,8.104329049549978,10379276
2014-09-23,8.00033950805664,8.11439051895757,7.996984991287948,8.097617935114108,9264907
2014-09-24,8.161355018615723,8.171418572059373,8.003696520184977,8.037240418712774,10127411
2014-09-25,7.990277767181396,8.211670805581225,7.9634422667635025,8.154645287217098,12169054
2014-09-26,8.023821830749512,8.050657329589125,7.960087281077144,7.986922779916758,8511688
2014-09-29,7.990277767181396,8.047303285545523,7.939961283873945,8.007050354823079,7863728
2014-09-30,8.050657272338867,8.077492770987647,7.970150776392529,8.023821773690088,9331931
2014-10-01,7.956732273101807,8.043947798904679,7.943314844413753,8.013757784595656,7370095
2014-10-02,7.778947353363037,7.946669370918375,7.778947353363036,7.929896785277608,13727038
2014-10-06,7.775591850280762,7.943313846568754,7.752110873169824,7.936604813163162,12733648
2014-10-07,7.638060092926025,7.742047554587915,7.631351059319798,7.738693037784801,12899979
2014-10-08,7.560909748077393,7.654833679481366,7.52401069513509,7.614580748825034,13057369
2014-10-09,7.500528812408447,7.6313517810592435,7.483756226806601,7.611225318145749,10962221
2014-10-10,7.292552947998047,7.490464971796235,7.285843914016384,7.446857530532816,22641728
2014-10-13,7.316035270690918,7.339516254130247,7.171794212639248,7.20533874889921,13451564
2014-10-14,7.24559211730957,7.3227441006790706,7.215402099502585,7.245592117309571,15440490
2014-10-15,7.037615776062012,7.252300395829484,7.037615776062013,7.248945878666537,19754782
2014-10-16,6.943692207336426,7.138249734005886,6.7524885581914935,7.047679685433355,36595304
2014-10-17,7.165084838867188,7.165084838867188,6.957109254300805,7.004071214766975,27444696
2014-10-20,7.144957542419434,7.205337569845246,7.124831079880399,7.151666576535348,12551219
2014-10-21,7.279136657714844,7.279136657714844,7.087932998200753,7.101351068261585,13684403
2014-10-22,7.28919792175293,7.312678899239574,7.245590483536113,7.2992614720223425,10638159
2014-10-23,7.309326648712158,7.329453113920732,7.205338525548807,7.225465630566174,19115775
2014-10-24,7.4971747398376465,7.574326718754751,7.262363645958299,7.295908179342314,19766504
2014-10-27,7.443503856658935,7.581035869817637,7.379769306231392,7.581035869817637,11692037
2014-10-28,7.715213298797607,7.728631368164591,7.513946736954178,7.513946736954178,13280618
2014-10-29,7.799073696136475,7.876225669468895,7.765529165180597,7.772238199333515,11236904
2014-10-30,7.83261775970459,7.835972276580878,7.621287675159142,7.822554209075725,12815498
2014-10-31,8.064074516296387,8.06742839345159,7.923188002856325,8.00369449056369,17409248
2014-11-03,7.980214118957519,8.064075130011,7.960087015642391,8.003695099683096,9026405
2014-11-04,7.896352767944336,8.023821217741915,7.882934699645269,7.983567652653426,10169496
2014-11-05,8.074137687683105,8.074137687683105,7.909770190005405,7.983567646164155,10469545
2014-11-06,8.070783615112305,8.147936232401012,7.99027712037555,8.037239082353137,13597065
2014-11-07,8.080845832824707,8.18147877468008,8.064073889118358,8.111035843343048,14948778
2014-11-10,8.221734046936035,8.22844308173874,8.027176516318994,8.037239428714278,10554562
2014-11-11,8.406228065490723,8.433063565020916,8.24521506830956,8.251924103144303,20384598
2014-11-12,8.255278587341309,8.409582549066789,8.241860517725819,8.372683497432968,13136581
2014-11-13,8.349202156066895,8.396164757891073,8.261986626746275,8.272050178524758,11783673
2014-11-14,8.396164894104004,8.459898803642131,8.33243034475712,8.412936840864825,11804312
2014-11-17,8.480026245117188,8.506861744888083,8.302240659254513,8.308949694149433,11841400
2014-11-18,8.573949813842773,8.597430795178743,8.486734283302923,8.486734283302923,9470574
2014-11-19,8.651102066040039,8.688000475230767,8.557177504863573,8.607493982711821,12380892
2014-11-20,8.721545219421387,8.721545219421387,8.587367728622807,8.657810671363782,12806649
2014-11-21,8.828886032104492,8.8389495824977,8.708125986620637,8.72154405381158,23206820
2014-11-24,8.929521560668945,8.976483526444083,8.852368937141335,8.862432489725492,18466223
2014-11-25,8.946292877197266,9.056989388576405,8.89933091473604,8.922811895966653,19418417
2014-11-26,9.073760986328123,9.10059648381822,8.966418996367743,8.969773513530095,13927781
2014-11-27,9.040215492248535,9.160974889649069,9.023442909409146,9.05698743527931,14646043
2014-11-28,9.191167831420898,9.191167831420898,9.033509341280912,9.043572254386532,17849819
2014-12-01,9.1106595993042,9.224710618131246,9.030153110686642,9.124077667311475,11606239
2014-12-02,9.04692554473877,9.157622052545497,9.016735529899778,9.117369125965997,11091953
2014-12-03,8.983190536499023,9.114013491558817,8.906037930363244,9.087177997192484,12374160
2014-12-04,8.942937850952148,9.08046985302612,8.906038802656155,8.98319141634857,14028695
2014-12-05,9.194520950317385,9.194520950317385,9.030153449905958,9.040217001289452,12458555
2014-12-08,9.194520950317385,9.311926490556608,9.177749004486946,9.20793901882871,10879677
2014-12-09,8.879203796386719,9.130786834544573,8.872495401623828,9.090533906732215,19097896
2014-12-10,8.664521217346191,8.902686864893345,8.560533723813192,8.895977829230866,21084443
2014-12-11,8.741671562194824,8.81546966097,8.600785038852539,8.674583137627716,16853403
2014-12-12,8.523633003234863,8.741671501222456,8.520278486058595,8.69806405754843,10704262
2014-12-15,8.369329452514648,8.641038958708428,8.369329452514648,8.506861464279943,16576662
2014-12-16,8.624265670776367,8.624265670776367,8.319011655843797,8.433062676786593,24883079
2014-12-17,8.674582481384277,8.698063460196837,8.557176947512799,8.563885981404583,12685950
2014-12-18,9.030152320861816,9.030152320861816,8.745024798732961,8.845658380559486,18773649
2014-12-19,8.932875633239746,9.12072478005542,8.889268184041459,9.1039521920493,25844011
2014-12-22,9.056989669799805,9.137496167865416,8.956356707169983,8.9664196195477,9835908
2014-12-23,9.12072467803955,9.12072467803955,8.976483621844324,9.073762071956509,7091154
2014-12-29,9.08047103881836,9.107306539317436,8.916103518285404,9.0938891089723,5873360
2014-12-30,8.889267921447754,9.040218009999627,8.889267921447754,9.040218009999627,4694052
2015-01-02,8.845659255981445,8.946292207958596,8.704772739328211,8.902684766050818,8774212
2015-01-05,8.573949813842773,8.885912885440655,8.563886901732362,8.798697354900805,12980007
2015-01-06,8.47331714630127,8.624266591445531,8.469962628879115,8.60749464414354,11648886
2015-01-07,8.714836120605469,8.805406166154297,8.49008858524842,8.526987634873958,14199486
2015-01-08,9.144206047058104,9.154269600173894,8.828888420660562,8.855723922493832,16521134
2015-01-09,8.90268611907959,9.191167590501518,8.865787065835994,9.08047107057953,12612427
2015-01-12,9.127431869506836,9.16768543515328,8.906038857973199,8.909393375094462,11333514
2015-01-13,9.295154571533203,9.325344588040087,9.097243165267397,9.10395156019544,11076796
2015-01-14,9.221357345581056,9.446104896563728,9.134141811189846,9.1710408633808,15232797
2015-01-15,9.335407257080078,9.37230630483338,8.973127733075366,9.318635311633326,19120113
2015-01-16,9.425978660583496,9.459523196134658,9.234775639693318,9.29515503591485,19069015
2015-01-19,9.5232572555542,9.576928257333456,9.38572523351875,9.429333322344904,9070079
2015-01-20,9.590344429016112,9.613825407669744,9.503128908439276,9.56686345036248,12029851
2015-01-21,9.627243995666504,9.63059787296227,9.46287585659044,9.556800416089803,14525458
2015-01-22,9.815093040466309,9.825156592359685,9.47964898839217,9.627244550451245,17328301
2015-01-23,9.992878913879396,10.043195395216587,9.848637864853004,9.868764329426128,20494065
2015-01-26,10.177372932434082,10.18743648466496,9.888890833236657,9.945916349594084,13044516
2015-01-27,10.06332015991211,10.214270218234256,10.009649170243938,10.17737117290914,11615377
2015-01-28,10.220979690551758,10.237752276473234,10.036485724076645,10.096865753776491,13067722
2015-01-29,10.39205551147461,10.39205551147461,10.096865057508662,10.110282485511862,12609954
2015-01-30,10.254524230957031,10.469208212457325,10.200853235581958,10.412183339703953,17230477
2015-02-02,10.435664176940918,10.435664176940918,10.197498578400989,10.281359587499365,11472655
2015-02-03,10.529585838317873,10.58325682143994,10.422243872073734,10.445724847213564,14125335
2015-02-04,10.59332275390625,10.59332275390625,10.36857522159243,10.482626246337276,12294796
2015-02-05,10.626866340637209,10.64028376833855,10.475916280192887,10.509460809159256,12280459
2015-02-06,10.663766860961914,10.724146253679637,10.559778742806852,10.613449740650667,10345949
2015-02-09,10.435664176940918,10.566487146395596,10.395410611057857,10.566487146395596,12384374
2015-02-10,10.583259582519531,10.657057683422092,10.37528462861482,10.422246591146449,13668421
2015-02-11,10.49268913269043,10.623512095212524,10.479271064837556,10.56648658645518,9949672
2015-02-12,10.603385925292969,10.704018877726533,10.472562319358886,10.492689421692564,12099855
2015-02-13,10.69395637512207,10.734209943927658,10.576551465707375,10.650348928740724,9325466
2015-02-16,10.626866340637209,10.727499287727635,10.623511823759705,10.680537331059924,5631898
2015-02-17,10.573196411132812,10.616803855298606,10.45243635066025,10.566487376704618,9667432
2015-02-18,10.465853691101074,10.640284095432762,10.408828182047824,10.603385688263264,9121303
2015-02-19,10.499397277832031,10.5966763480325,10.418890792049924,10.445726287310627,12283017
2015-02-20,10.677184104919434,10.677184104919434,10.449082048143875,10.516171114186834,17916025
2015-02-23,10.613450050354004,10.781172083462296,10.563133568383272,10.734210118930784,8289155
2015-02-24,10.79794216156006,10.8281321734779,10.543005278400669,10.61009369614468,9036315
2015-02-25,10.82142448425293,10.82142448425293,10.690602149369576,10.750981540898335,9978025
2015-02-26,10.861677169799805,10.881802991014284,10.61344804467692,10.868386203410404,13303528
2015-02-27,11.183703422546388,11.20383052394894,10.834841342606303,10.8583223211006,16003510
2015-03-02,11.180349349975586,11.2306651831762,11.109905136106994,11.210538082125554,11609177
2015-03-03,10.95224666595459,11.24743645261224,10.945537632673654,11.213892565824816,11784817
2015-03-04,11.217248916625977,11.217248916625977,10.92541294243561,11.01262911470609,9213319
2015-03-05,11.230666160583496,11.274274243513116,11.113261259946958,11.143451274341702,9963899
2015-03-06,11.244083404541016,11.291045361351708,11.130032389593328,11.244083404541016,9700162
2015-03-09,11.28769302368164,11.3044649705989,11.07300775244113,11.197122974787408,9871316
2015-03-10,11.012628555297852,11.254147396323935,10.918703353037872,11.237375450083126,11979606
2015-03-11,11.270918846130373,11.314526928129707,11.022690981617814,11.036109049866443,11539449
2015-03-12,11.485605239868164,11.492312995041194,11.230667036296484,11.26421221024936,12708874
2015-03-13,11.505729675292969,11.53256581121478,11.331298630653386,11.50572967529297,8656982
2015-03-16,11.529211044311523,11.5828820383528,11.448705193058329,11.50908522130694,12879372
2015-03-17,11.338008880615234,11.52585801336221,11.240729796891754,11.515795101120998,13479609
2015-03-18,11.237375259399414,11.381616297934237,11.16693231861286,11.351426283366076,12364943
2015-03-19,11.223958969116213,11.280985129943517,10.969022023184124,11.20047798513369,14551402
2015-03-20,11.395034790039062,11.458768698888292,11.244084711588254,11.30110958588217,23336296
2015-03-23,11.374907493591309,11.445350435801986,11.284337448055805,11.391679439886593,8533466
2015-03-24,11.51579475402832,11.569465750392991,11.291046577014235,11.327945626943226,9673730
2015-03-25,11.452059745788574,11.5392759160105,11.371553889787192,11.475540727090436,9628351
2015-03-26,11.495667457580566,11.522502315503734,11.304464456264666,11.374907397882636,15340463
2015-03-27,11.421869277954102,11.626490346589089,11.391679263243736,11.545983214155624,12408665
2015-03-30,11.619781494140623,11.66338957820876,11.49231239896626,11.502376590438894,9399584
2015-03-31,11.438641548156738,11.589591625986444,11.418515724191106,11.57281967947592,9603080
2015-04-01,11.435287475585938,11.579528516426809,11.331299361607002,11.371553568086414,10951226
2015-04-02,11.42522430419922,11.525857258876464,11.398388167155982,11.408451078738471,6209556
2015-04-07,11.6600341796875,11.683516439558984,11.45876826904796,11.502376352212924,9021649
2015-04-08,11.512439727783203,11.700288857002771,11.499021658635195,11.670098841228512,7255125
2015-04-09,11.633200645446776,11.649972593305089,11.545984469195403,11.58959255732109,5336644
2015-04-10,11.733831405639648,11.764021417954345,11.582881344066172,11.69357848242584,9711935
2015-04-13,11.807631492614746,11.82104956249193,11.69693433555433,11.75396049272358,8072738
2015-04-14,11.730477333068848,11.824401245541702,11.68351537683242,11.747249277493667,8390539
2015-04-15,11.629844665527344,11.767377955243536,11.629844665527344,11.730478904794555,9359793
2015-04-16,11.274273872375488,11.63655275356913,11.274273872375488,11.63655275356913,12889967
2015-04-17,10.95224666595459,11.378259402547354,10.891866646043422,11.27091742928689,18891062
2015-04-20,11.237375259399414,11.257502362317338,11.049526137684484,11.049526137684484,11337210
2015-04-21,11.26421070098877,11.452058531485484,11.217247463747215,11.371552684020427,9999559
2015-04-22,11.361489295959473,11.405097379527025,11.187058241306728,11.297755388912638,9634838
2015-04-23,11.173641204833984,11.438641018511934,11.126677965314569,11.388325181310142,10265324
2015-04-24,11.408452987670898,11.482251097270709,11.237377064055847,11.264213205589472,9466958
2015-04-27,11.623136520385742,11.6499713782367,11.270919254008778,11.452059343068225,9581195
2015-04-28,11.468831062316896,11.566110139289483,11.391679088047496,11.539275281969337,10690157
2015-04-29,11.069652557373049,11.626489574225904,11.069652557373049,11.56946470557093,13635094
2015-04-30,11.052881240844728,11.213894224552003,11.005919280548952,11.073007064047232,12228480
2015-05-04,11.391676902770996,11.425222067507976,10.962309031075195,11.069650998999146,10472519
2015-05-05,11.032753944396973,11.478895118611833,11.01262812154768,11.341363117466166,14541988
2015-05-06,11.052881240844728,11.116615147015072,10.74762721930474,11.049526083899345,12134603
2015-05-07,11.012628555297852,11.04952632518064,10.754336488413486,11.015982432699024,11947091
2015-05-08,11.354779243469238,11.354779243469238,10.98243746669638,11.089779447685965,10864474
2015-05-11,11.311174392700195,11.40509832234779,11.277629218099218,11.384971217587204,8016031
2015-05-12,11.13674259185791,11.2440845842927,11.012628653033463,11.163577450157865,12017601
2015-05-13,10.73756217956543,11.237374316682336,10.536296285740448,11.20047527090371,19095223
2015-05-14,10.918703079223633,10.985792142121912,10.640284555870602,10.720791047463305,11143864
2015-05-15,10.720789909362791,10.969019031849616,10.576549527118628,10.969019031849616,15994253
2015-05-18,11.029399871826172,11.086424741712635,10.727499738258407,10.791233642181648,12504251
2015-05-19,11.361489295959473,11.388325433421802,11.046172358481895,11.0696533389527,14400070
2015-05-20,11.378262519836426,11.42857964342014,11.2608576042979,11.388326712323734,10451423
2015-05-21,11.42522430419922,11.42522430419922,11.264211320792134,11.358135241208572,15014520
2015-05-22,11.235149383544922,11.47360773188249,11.183311586580183,11.435592556447604,13212112
2015-05-26,10.91720485687256,11.325001786298053,10.893013625323864,11.286986617200602,15410796
2015-05-27,11.117647171020508,11.131471109182248,10.924117310049356,10.989779038832667,14277535
2015-05-28,11.117647171020508,11.172942923667469,10.993235023373105,11.010514946075276,12770566
2015-05-29,10.813529014587402,11.148750963677015,10.813529014587402,11.093456526422404,16246380
2015-06-01,10.813529014587402,10.98632429579849,10.74095465371467,10.844631558776646,11501966
2015-06-02,10.682206153869627,10.855001466173132,10.626911706665451,10.851545480827646,11304935
2015-06-03,10.744410514831545,10.83426413912701,10.647644921168348,10.709851327154569,11724473
2015-06-04,10.886101722717283,11.117646745611664,10.816983352876653,10.899925660350062,31161031
2015-06-05,10.71331024169922,10.875737611291228,10.71331024169922,10.816987173921886,16023181
2015-06-08,10.664924621582031,10.75477824399864,10.65455666774723,10.692571839313167,16178620
2015-06-09,10.378085136413574,10.6580133157605,10.312422743029384,10.616542157001614,15566216
2015-06-10,10.602718353271484,10.66146877410102,10.305510264467754,10.36771666995334,14459767
2015-06-11,10.685659408569336,10.858454676716214,10.547423325884164,10.57852652688353,14338015
2015-06-12,10.647644996643066,10.813528966836063,10.49904094999188,10.727131326612044,14224194
2015-06-15,10.38499641418457,10.540512435088258,10.374629118898794,10.48176201154261,8525989
2015-06-16,10.388453483581545,10.440291942907606,10.18455497229216,10.298599846474207,11019292
2015-06-17,10.499040603637695,10.675291862979725,10.409187640831163,10.457570106828785,18300269
2015-06-18,10.647644996643066,10.658012950768155,10.288231156075216,10.440290528273078,14773264
2015-06-19,10.602718353271484,10.785880925910522,10.516320714355206,10.68220402287566,24925045
2015-06-22,11.16948699951172,11.193678233691529,10.854999636850792,10.879190871030602,18340369
2015-06-23,11.297353744506836,11.442502449980564,11.242059313450945,11.297353744506836,12973706
2015-06-24,11.248971939086914,11.418311885642202,11.214413412029902,11.3077230170718,14203244
2015-06-25,11.328458786010742,11.50816604573776,11.148751526283723,11.169487435671876,9284374
2015-06-26,11.255885124206545,11.32500350411116,11.197135358197857,11.21441462359315,13115750
2015-06-29,10.820440292358398,11.038162715160674,10.609630498144288,10.654556981093029,16763175
2015-06-30,10.67874813079834,10.91720580083983,10.63727763288954,10.79624897347608,16044099
2015-07-01,10.785881042480469,10.948309027262006,10.658012904632963,10.796248996560678,13438468
2015-07-02,10.71331024169922,10.872281625662223,10.702942284812208,10.775516664697562,8176635
2015-07-03,10.64073371887207,10.706395451046363,10.578527312255002,10.69948348160854,7739323
2015-07-06,10.381540298461914,10.537055648368682,10.35043709664823,10.381540298461914,11929500
2015-07-07,10.246759414672852,10.54742347554578,10.232936135789007,10.474849119130251,13152047
2015-07-08,10.357348442077637,10.405731566821164,10.24675957265527,10.281318759140174,9334080
2015-07-09,10.775513648986816,10.823896115928491,10.357348733173986,10.41955513876281,12191592
2015-07-10,11.31809139251709,11.328458687959715,10.965588845910112,11.03470722494895,15221655
2015-07-13,11.439046859741213,11.528901142432447,11.297354784718893,11.508165234506004,10675804
2015-07-14,11.528901100158691,11.532356425638756,11.376840412569043,11.43904681779693,8027663
2015-07-15,11.63603401184082,11.66713721628202,11.501253898703425,11.518534482088972,7807118
2015-07-16,11.822650909423828,11.877945337723682,11.674046886182378,11.701694759493886,9905377
2015-07-17,11.732800483703612,11.770815658529452,11.656770134051936,11.750079749081692,11278311
2015-07-20,11.829565048217772,11.950522538663929,11.715520845691094,11.715520845691094,8775093
2015-07-21,11.646401405334473,11.891770371150107,11.611841560507656,11.867579138932976,7483064
2015-07-22,11.642946243286133,11.763903738087237,11.44941636092189,11.50816612711862,6352595
2015-07-23,11.70860767364502,11.80191727612418,11.680959798100114,11.729342261980433,7658407
2015-07-24,11.646401405334473,11.853755201002247,11.646401405334473,11.708607807699462,8802296
2015-07-27,11.304266929626465,11.615298961737883,11.304266929626465,11.591107727942926,9829026
2015-07-28,11.397576332092283,11.52198914267547,11.311178693445443,11.397576332092283,8866849
2015-07-29,11.535813331604004,11.622210972125824,11.439047077759673,11.439047077759673,7621252
2015-07-30,11.35610580444336,11.580738873333182,11.266251522228758,11.566916253112224,10946271
2015-07-31,11.369929313659668,11.401032515048216,11.18676543067232,11.349193406626206,9925877
2015-08-03,11.715520858764648,11.77772726687531,11.404488818211345,11.425224727022698,12585749
2015-08-04,11.760446548461914,11.763903192385758,11.629123082470398,11.694784815466155,8362262
2015-08-05,11.950521469116213,11.9539767944433,11.79846078825856,11.819196695190955,10200606
2015-08-06,11.743168830871582,11.81228721689692,11.680962415281137,11.750080801306472,10911245
2015-08-07,11.656770706176758,11.781183532322723,11.63603479571126,11.729344415320735,7253274
2015-08-10,11.888315200805664,11.933241022181258,11.670592789689964,11.74316648728743,10367932
2015-08-11,11.77772617340088,11.940152829877803,11.76735756079615,11.888315040147276,9569892
2015-08-12,11.349193572998049,11.694784118682124,11.32845766566061,11.667136242232209,15692453
2015-08-13,11.439046859741213,11.604931486506054,11.404488331520488,11.508165234506004,8982707
2015-08-14,11.345738410949709,11.45632728169491,11.259340773284809,11.376840294918674,7586095
2015-08-17,11.231693267822266,11.504710128268476,11.083089220659057,11.411400518306223,8348983
2015-08-18,11.22478199005127,11.338827515362617,11.190223459042445,11.214414694413312,6441738
2015-08-19,10.941397666931152,11.176399365870545,10.93794168204537,11.124560251745542,8296499
2015-08-20,10.550880432128906,10.886103050676931,10.526688538320457,10.848087876711077,11364604
2015-08-21,10.295143127441406,10.588894576929354,10.295143127441406,10.32279034595186,18915862
2015-08-24,9.704182624816896,10.067052438920838,9.25145918854704,9.870065930740887,38379717
2015-08-25,10.326245307922363,10.378084417570737,9.79749219013158,9.91844901404168,25286533
2015-08-26,10.184552192687988,10.485216229379692,10.067051365398044,10.229479328560869,16776492
2015-08-27,10.599261283874512,10.675290961041668,10.440289301773872,10.4921284071477,12695581
2015-08-28,10.516321182250977,10.606174809821104,10.419555585061214,10.585438900962204,9854859
2015-08-31,10.53705596923828,10.57161515665716,10.378084629937776,10.378084629937776,6721419
2015-09-01,10.250214576721191,10.419553849221009,10.115434487400467,10.36771540403316,14648532
2015-09-02,10.443747520446776,10.50249794783299,10.208746470063671,10.343526590883087,11082882
2015-09-03,10.827350616455078,10.937939473826852,10.547422488837576,10.57506970318052,16250203
2015-09-04,10.685659408569336,10.848086723329212,10.606173743420566,10.730585888256403,19003005
2015-09-07,10.813529014587402,10.896470670469322,10.702939480916491,10.813529014587402,6066977
2015-09-08,10.99323558807373,11.138383650419712,10.872278759591795,10.875734744309758,10009591
2015-09-09,11.07272243499756,11.300812163733909,11.051986525722096,11.18331131448649,10918543
2015-09-10,10.931029319763184,11.131471821809006,10.92411800940151,10.9725004777417,10038613
2015-09-11,10.758234024047852,10.99323571427356,10.661469087480814,10.962132510616527,10598548
2015-09-14,10.816983222961426,10.948307992249052,10.716762312973978,10.754777481845917,9035759
2015-09-15,10.955223083496094,11.041620739803912,10.754780547228428,10.837722218184515,10199872
2015-09-16,11.013972282409668,11.162575680917223,10.958677182137745,11.09345729994862,9070344
2015-09-17,11.045073509216309,11.093455974617056,10.958675872908314,11.051985478319745,9586152
2015-09-18,10.882645606994627,11.159118423859502,10.758232806447356,11.024337670212748,29535946
2015-09-21,11.079633712768556,11.138383474561284,10.82735210563395,10.903381790743667,9248928
2015-09-22,10.796247482299805,11.17639717615322,10.768600267792008,11.128014715554972,15037602
2015-09-23,10.834264755249023,10.98978011989673,10.775514330605654,10.796249580726338,9640653
2015-09-24,10.60617446899414,10.944853059532392,10.530144123944794,10.823896231722538,18756047
2015-09-25,11.076178550720217,11.166032845665947,10.727132622123325,10.765147140182943,14681734
2015-09-28,10.948308944702148,11.07617708158542,10.937940990700124,10.975956162879209,9349236
2015-09-29,10.727129936218262,10.837718795905197,10.647643616551878,10.734041245577496,12165774
2015-09-30,10.979411125183104,11.010514325131286,10.865366278426976,10.93448398785279,11799898
2015-10-01,10.405733108520508,11.058899127294582,10.37808588706874,11.048531172064513,21285475
2015-10-02,10.367715835571287,10.568158315359202,10.060140476714391,10.505951914879915,17493034
2015-10-05,10.70985221862793,10.785881910516542,10.464483218104414,10.502497734467852,11423168
2015-10-06,10.778970718383787,10.858456396118868,10.626910673771045,10.706396351506124,8324115
2015-10-07,10.675292015075684,10.87227852562873,10.59235036111449,10.87227852562873,11680284
2015-10-08,10.547423362731934,10.654556244792012,10.36080415608376,10.609629764947991,11675547
2015-10-09,10.509408950805664,10.664924967564463,10.4195553254741,10.664924967564463,9583103
2015-10-12,10.426466941833496,10.533599827993942,10.281318884161225,10.533599827993942,9058195
2015-10-13,10.284774780273438,10.412642913812077,10.16381795672703,10.384995696358182,8157664
2015-10-14,10.10852336883545,10.284774624622234,10.063596888338417,10.184553050892598,10826065
2015-10-15,10.374628067016602,10.40573126804379,10.160361644291708,10.205288783180595,9541728
2015-10-16,10.499040603637695,10.519776511203812,10.371172469454946,10.474849370638886,10655692
2015-10-19,10.60617446899414,10.675292185484286,10.426467219628735,10.44720246865961,7645805
2015-10-20,10.83772087097168,11.058898632693804,10.720220020266373,10.730587315871016,14299708
2015-10-21,10.87573528289795,10.982868836975186,10.765146403093318,10.920662427294651,8906129
2015-10-22,11.352649688720703,11.356106332679234,10.88264696210049,10.88610294689732,16217124
2015-10-23,11.729342460632324,11.788093537998645,11.418311765424004,11.459782261120456,17408066
2015-10-26,11.805373191833496,11.898682798979396,11.680960382305628,11.722430879373809,10229661
2015-10-27,11.649857521057127,11.891771177964708,11.594563083905973,11.81228550695513,12862803
2015-10-28,11.73971176147461,11.812285462778457,11.649857477487917,11.694784619481265,7937734
2015-10-29,11.750079154968262,11.86757999925088,11.71552062595947,11.815740887414316,11669084
2015-10-30,11.753536224365234,11.85721446342069,11.625668066073365,11.826111255368769,10044862
2015-11-02,11.750079154968262,11.826109500775654,11.587651168315514,11.618754371752775,9679412
2015-11-03,11.729342460632324,11.788093537998645,11.65331343824271,11.767357630988776,7900954
2015-11-04,11.625665664672852,11.805372905372074,11.573827874176324,11.750078471181798,10555027
2015-11-05,11.439046859741213,11.680960512256314,11.3146353671526,11.5772836092708,13638438
2015-11-06,11.598021507263184,11.784639437328924,11.456329407928388,11.553094358208666,13168042
2015-11-09,11.314634323120115,11.649856234563993,11.314634323120115,11.604930415687152,9425805
2015-11-10,11.439046859741213,11.525444498616366,11.321546018138068,11.338826600571776,10283580
2015-11-11,11.622212409973145,11.691330794606287,11.41140193008765,11.41140193008765,8758815
2015-11-12,11.4701509475708,11.791550294453234,11.390665271870896,11.604932382008151,9978767
2015-11-13,11.459782600402832,11.532356299601089,11.363017668138491,11.459782600402832,8556009
2015-11-16,11.487431526184082,11.532357352652928,11.369930675566629,11.369930675566629,6947051
2015-11-17,11.888315200805664,11.888315200805664,11.546179983338137,11.60147441745858,10749302
2015-11-18,11.850300788879396,11.895226613131372,11.767358473226682,11.788094381720706,8058854
2015-11-19,11.857211112976074,11.988534560244586,11.833019882251708,11.950520710765725,9660706
2015-11-20,11.884860038757324,11.926330539936806,11.784638452443737,11.915963244222802,8687395
2015-11-23,11.888315200805664,11.929785696815175,11.815740184884898,11.881403231750197,5619511
2015-11-24,11.722432136535645,11.850301603554383,11.604932601961895,11.812286427863596,9753438
2015-11-25,11.99544906616211,12.009273006163962,11.687873651900029,11.75699203358581,9187078
2015-11-26,12.064565658569336,12.08184492184725,11.93669752832484,11.967800729554396,8146692
2015-11-27,12.0818452835083,12.12331709860466,12.009271584574655,12.026550848369812,6674964
2015-11-30,12.064565658569336,12.144051324306364,11.988535318158576,12.054198364267243,10469070
2015-12-01,11.96088981628418,12.12331780574419,11.905595377920427,12.092214601769369,9725869
2015-12-02,11.950521469116213,12.119860094932596,11.936697531161284,12.005815902612644,6525976
2015-12-03,11.383752822875977,12.092214541160022,11.338826998277945,11.964345081946998,24934397
2015-12-04,11.190221786499023,11.380296315285042,11.093455541155231,11.35610508352991,17714866
2015-12-07,11.473607063293455,11.566916674380812,11.293899810642634,11.300811780166518,9813215
2015-12-08,11.273164749145508,11.53235769331188,11.2109583370797,11.463239311202818,8560689
2015-12-09,11.245516777038574,11.477061811994746,11.235148164112235,11.34228170886225,8616343
2015-12-10,11.221324920654297,11.29735394072464,11.110736056621755,11.204044339511572,8146067
2015-12-11,10.979411125183104,11.23169204995248,10.972499156492038,11.210956143879285,14704564
2015-12-14,10.699482917785645,11.076176663194923,10.689115623336908,11.04161813615027,13447533
2015-12-15,11.231693267822266,11.231693267822266,10.734042673851944,10.768601861892966,13168870
2015-12-16,11.179854393005373,11.394121495230907,11.169487097786632,11.2938999137051,10165225
2015-12-17,11.54617977142334,11.66368060656313,11.394120409963785,11.401032378892392,14400222
2015-12-18,11.397576332092283,11.546180376030716,11.369929773253435,11.407943626866436,24702538
2015-12-21,11.273164749145508,11.577284839431297,11.273164749145508,11.387210277373988,8628756
2015-12-22,11.207502365112305,11.41831282514625,11.1349286613272,11.390664946567115,6679284
2015-12-23,11.483973503112791,11.494340797464789,11.300810938503329,11.32845749621641,8071657
2015-12-25,11.483973503112791,11.483973503112791,11.483973503112791,11.483973503112791,0
2015-12-28,11.435591697692873,11.532356632752595,11.41140046392794,11.511622042853151,3735180
2015-12-29,11.729342460632324,11.729342460632324,11.528900632830068,11.535812601833358,6143680
2015-12-30,11.535813331604004,11.708608612647645,11.508165453841803,11.701696643207097,4663435
2016-01-04,11.086545944213867,11.304267050700387,10.99323567441936,11.304267050700387,15083311
2016-01-05,11.051986694335938,11.290443722186303,10.979412988249754,11.231693955828,9436857
2016-01-06,11.121103286743164,11.159118455721512,10.92757277579831,10.97595523874412,11207194
2016-01-07,11.051986694335938,11.13838434015,10.696028815445509,10.851544182413784,15776405
2016-01-08,10.889558792114258,11.217869433664658,10.889558792114258,11.09000129362937,11868126
2016-01-11,10.827350616455078,11.00360185507694,10.813527338864398,10.813527338864398,8735026
2016-01-12,10.982869148254396,11.128017221902224,10.730587517492925,10.782426633137083,9320857
2016-01-13,10.996691703796388,11.25242930267873,10.965588500125875,11.10728057944189,10349713
2016-01-14,10.84117603302002,10.917205718050717,10.63727755222322,10.89301448459375,14709728
2016-01-15,10.633821487426758,10.931028915151844,10.492129413250902,10.803160779511034,17424751
2016-01-18,10.543967247009276,10.744409729898392,10.45065764484668,10.592349710725452,8138003
2016-01-19,10.744410514831545,10.785881012714572,10.654556890536078,10.751322484199274,8277511
2016-01-20,10.295143127441406,10.502496936688972,10.170730314563516,10.4541144690861,17650585
2016-01-21,10.616541862487791,10.713307457466342,10.333157706175522,10.346981645098897,14288033
2016-01-22,10.951765060424805,10.989779573897115,10.7686018258339,10.81698429343231,13371811
2016-01-25,11.007060050964355,11.03470727086258,10.865367966590728,10.972500861301144,9403837
2016-01-26,10.948308944702148,11.00705936572361,10.709851275948967,10.761689727635744,9705491
2016-01-27,11.128015518188477,11.128015518188477,10.889557863883422,10.91029311146945,8193396
2016-01-28,10.744410514831545,11.09345639880013,10.699483373102971,11.072721809020296,11940883
2016-01-29,11.069263458251951,11.069263458251951,10.848085745884443,10.88955689653414,11347472
2016-02-01,11.069263458251951,11.083087394855712,10.93793935632414,11.083087394855712,8234108
2016-02-02,11.013972282409668,11.217870122027415,10.958677182137745,11.003604327515855,11494336
2016-02-03,10.810072898864746,10.9483089903261,10.689116071650432,10.934485051599124,11305482
2016-02-04,10.7029390335083,10.996691131119952,10.606174101938576,10.9552206344934,12941585
2016-02-05,10.291687965393066,10.734043496919796,10.222569584011149,10.716764231155183,20791414
2016-02-08,9.88389015197754,10.34698155530469,9.82168374568558,10.319334336859562,17140078
2016-02-09,9.984111785888672,10.070509432105531,9.776757962297587,9.870066919248885,18037030
2016-02-10,10.084333419799805,10.26749600878609,9.98065584835005,10.098156700496064,10279499
2016-02-11,9.863155364990234,9.98065555451526,9.67999212223462,9.939185054485652,16318753
2016-02-12,10.070508003234863,10.087787925523482,9.873521503276052,10.018669554692275,12285212
2016-02-15,10.132715225219728,10.34698166480834,10.10852399121943,10.264040008595174,10670781
2016-02-16,10.077421188354492,10.194922037451276,10.004847483468565,10.163818832739674,8883918
2016-02-17,10.381540298461914,10.412642841113945,10.067052295772257,10.073964264877889,10435968
2016-02-18,10.623455047607422,10.699484742901104,10.423012524413387,10.433380479792335,12173732
2016-02-19,10.530144691467283,10.689116700369617,10.423011796678535,10.661469480451174,9547211
2016-02-22,10.823895454406738,10.837719392209014,10.595805753962276,10.609629691764551,7508304
2016-02-23,10.613083839416504,10.772055810694829,10.606172530443883,10.73058466105131,7711172
2016-02-24,10.381540298461914,10.626909269256918,10.312421925728914,10.575070819287996,9750354
2016-02-25,10.602718353271484,10.740954443705194,10.198377376776838,10.471393572988204,15227706
2016-02-26,10.609628677368164,10.903380076802684,10.540510313288529,10.823894419524205,13608733
2016-02-29,10.69257354736328,10.69257354736328,10.454115844364548,10.519778244150643,8108274
2016-03-01,10.955223083496094,10.955223083496094,10.644190993458505,10.702941426114291,9216707
2016-03-02,10.854998588562012,11.041617792775554,10.75132169232891,11.007058607643977,10176877
2016-03-03,10.630365371704102,10.896470252767193,10.526687811454783,10.868823035199703,9948581
2016-03-04,10.682206153869627,10.879192704429734,10.59235251237239,10.64419097423108,8781114
2016-03-07,10.630365371704102,10.644188650907012,10.495585268457814,10.637277340886389,6193199
2016-03-08,10.57507038116455,10.60271759728,10.350436667831325,10.512863980114384,8062717
2016-03-09,10.616541862487791,10.77896984902899,10.59235062853358,10.626909816680325,7757343
2016-03-10,10.571615219116213,11.141840166992544,10.547423985528573,10.616541701613018,21984586
2016-03-11,10.941397666931152,10.993236121894435,10.758234422955043,10.81352952196583,10889387
2016-03-14,11.03470516204834,11.114190821670228,10.979410732819062,11.079632297773122,7981540
2016-03-15,10.979411125183104,11.09345531277762,10.94485194088939,10.969043172146506,8717517
2016-03-16,11.041617393493652,11.07617591821391,10.979410994338618,10.996690256698749,9410736
2016-03-17,10.91720485687256,11.155661847133942,10.761688855257203,11.155661847133942,11173113
2016-03-18,10.931029319763184,11.041618854651997,10.861911602014583,10.948309243571606,25421141
2016-03-21,10.879190444946287,11.000147270269752,10.754778294156775,10.827351993853853,9100998
2016-03-22,10.820440292358398,10.868823419182062,10.630365747262038,10.782425778836137,8835401
2016-03-23,10.91720485687256,10.94485207280844,10.823895255903343,10.906836903710994,8452765
2016-03-24,10.699482917785645,10.868822864280386,10.67874766972652,10.84808695705961,7538661
2016-03-29,10.84117603302002,10.854999312497569,10.651100831700768,10.734042486051074,6790277
2016-03-30,11.02088451385498,11.076178959584436,10.927575548662642,10.95522277152737,8280205
2016-03-31,10.90338134765625,10.989778983245165,10.85845486718114,10.96213176622318,9251889
2016-04-01,10.675292015075684,10.789336871667537,10.55433584835832,10.785880887023945,10237745
2016-04-04,10.578526496887209,10.727130532538002,10.505952141707258,10.588893791083176,7948542
2016-04-05,10.343524932861328,10.48867298553939,10.326245010422486,10.436834536546147,9685434
2016-04-06,10.467939376831056,10.499041923767685,10.274408170183008,10.32970261232195,8778322
2016-04-07,10.436835289001465,10.578527367407208,10.374628882060078,10.540512194462652,8430602
2016-04-08,10.44029140472412,10.533601022198107,10.405732873062709,10.457571329716568,7867282
2016-04-11,10.47830581665039,10.56470345782879,10.308966519040132,10.450658597839771,7727579
2016-04-12,10.588894844055176,10.613086078466884,10.443746778423222,10.540512375231758,7779429
2016-04-13,10.720219612121582,10.77551405044692,10.644189265052969,10.751322816074795,9651889
2016-04-14,10.785881042480469,10.81007293533429,10.682204138325105,10.720219310790856,8230760
2016-04-15,10.834264755249023,10.868823944891307,10.737499156082968,10.775514330605654,7999225
2016-04-18,10.858453750610352,10.91029219480084,10.668379235524691,10.699481774709724,5511094
2016-04-19,11.145296096801758,11.217869801499589,10.872279224854571,10.90338242948556,9459234
2016-04-20,11.117647171020508,11.15566234180364,11.010514946075276,11.093455938399114,7121028
2016-04-21,11.003602981567385,11.134927757511887,10.896470097415978,11.12455914472462,7892385
2016-04-22,10.913748741149902,11.079632693930584,10.868822262980345,10.993234403613837,6548477
2016-04-25,10.886101722717283,10.95522009255792,10.820439337284846,10.92757287645399,6093607
2016-04-26,10.861910820007324,10.993234935688122,10.81698368050167,10.91374926937707,7887865
2016-04-27,10.893014907836914,10.920662127027905,10.685660434323646,10.848087764675494,7777331
2016-04-28,10.899928092956545,10.941398596786858,10.737500085329447,10.855000944784964,6903495
2016-04-29,10.564703941345217,10.85154409681889,10.557791971535796,10.754779156133909,11986230
2016-05-02,10.65110206604004,10.716764463862503,10.59926360845883,10.630366814839906,4216031
2016-05-03,10.4921293258667,10.64073336807242,10.4921293258667,10.609630165789287,8825953
2016-05-04,10.267495155334473,10.530144058348933,10.229480642208287,10.47139363715936,12316092
2016-05-05,10.367715835571287,10.436834204806413,10.243303034612715,10.260582956502306,6022156
2016-05-06,10.36426067352295,10.433379048242118,10.208745319147326,10.346981409423991,9682906
2016-05-09,10.668380737304688,10.74786640686335,10.40918782070426,10.454114302883866,9358113
2016-05-10,10.80316162109375,10.906838531536494,10.740955211163415,10.782426370837548,9456703
2016-05-11,10.813529014587402,10.906837965478507,10.737498668991046,10.820440324872964,7981499
2016-05-12,10.820440292358398,11.013971481329683,10.706395433468243,10.81698430764516,9711897
2016-05-13,11.01051425933838,11.017425568826532,10.740953414452088,10.740953414452088,10487490
2016-05-17,11.069263458251951,11.162573052842587,11.027792966763837,11.072720101564473,11683824
2016-05-18,11.04853057861328,11.09000173814426,10.906838493888486,10.96213293382198,8337931
2016-05-19,10.90338134765625,11.034706122881923,10.90338134765625,10.996690952291074,8371834
2016-05-20,10.99323558807373,11.020882806655742,10.948309105063592,10.96904435420968,9404608
2016-05-23,10.951765060424805,11.07617721412952,10.8999266081177,11.031250731239812,9487148
2016-05-24,11.128015518188477,11.224780446364369,10.875733926051645,10.97941148230506,12371557
2016-05-25,11.35610580444336,11.418312209569365,11.159119294318794,11.231692994191352,14966578
2016-05-26,11.416890144348145,11.484826048763464,11.316773105537605,11.377558328745517,11020226
2016-05-27,11.366833686828612,11.463375058655634,11.338228229702118,11.431193919388326,9123157
2016-05-30,11.441919326782228,11.441919326782228,11.356105013670344,11.359680695298948,4036465
2016-05-31,11.348953247070312,11.470524372147583,11.348953247070312,11.420465513117763,10179283
2016-06-01,11.28459358215332,11.413315402365278,11.248837445206489,11.327501082887837,8769882
2016-06-02,11.28459358215332,11.363257219834669,11.248837445206489,11.298896309728686,5756276
2016-06-03,11.188053131103516,11.395437911307823,11.13799426554275,11.331076999866555,7796472
2016-06-06,11.102237701416016,11.205930428531124,11.077208610592804,11.1558722468847,6528181
2016-06-07,11.202354431152344,11.220232157810608,11.127267160797768,11.141569205726068,8137226
2016-06-08,11.08436107635498,11.184478131593888,11.073634029796356,11.170175402849054,7677190
2016-06-09,10.691044807434082,10.966366195418129,10.691044807434082,10.955639148954148,31610760
2016-06-10,10.533717155456545,10.701770790061556,10.505112383054431,10.691043744663927,15382305
2016-06-13,10.437176704406738,10.515839659744817,10.437176704406738,10.462205795560145,17033333
2016-06-14,10.258397102355955,10.39784529107038,10.222640964175138,10.369240516924046,11413147
2016-06-15,10.333483695983888,10.39784460405855,10.2762741514712,10.290576878595154,11529993
2016-06-16,10.247669219970703,10.276273991782542,10.083191952550523,10.136825814448777,14640273
2016-06-17,10.172582626342772,10.394269452132171,10.13682648870176,10.297728085098916,17257670
2016-06-20,10.397845268249512,10.480083908490773,10.351362766110594,10.440752770370644,8851128
2016-06-21,10.333483695983888,10.440752103438848,10.31203028728952,10.379966877145174,9828268
2016-06-22,10.340636253356934,10.430026262226896,10.308455795604416,10.415723533451713,9135267
2016-06-23,10.601654052734377,10.72322450946251,10.419298367642174,10.44432745897004,13061953
2016-06-24,10.05101203918457,10.204762951683067,9.679149303654109,9.797144078968277,33384654
2016-06-27,9.993803024291992,10.176158037851796,9.918715064010048,9.997378024408231,18266259
2016-06-28,10.297727584838867,10.4192980377175,10.158279405004022,10.179732813749787,14115322
2016-06-29,10.737526893615724,10.74825325698937,10.41929803436336,10.451478488467435,14621835
2016-06-30,10.92703342437744,11.0199991063469,10.640985696772631,10.67316615137712,15283373
2016-07-01,10.902003288269045,11.012846686840232,10.823340341217152,10.980666235320934,10487756
2016-07-04,10.826916694641112,10.973516235330829,10.826916694641112,10.919882373467296,5114977
2016-07-05,10.633833885192873,10.787584788051388,10.605229113637208,10.72322388155326,8945258
2016-07-06,10.369239807128906,10.583775939536784,10.315605944524828,10.5372927584861,9989490
2016-07-07,10.480084419250488,10.52299192346277,10.394270092817566,10.408572821552209,8381421
2016-07-08,10.59450340270996,10.698196138901857,10.42645043390668,10.440753162481412,9317519
2016-07-11,10.712496757507324,10.75897993718735,10.623106761805865,10.733950847509588,5165650
2016-07-12,10.805464744567873,10.85194793418378,10.612382667216592,10.65528949240946,9442806
2016-07-13,10.784008026123049,10.873398013529233,10.748251894762276,10.791159388793496,8797935
2016-07-14,11.009271621704102,11.009271621704102,10.85552072802652,10.94491071904916,11451841
2016-07-15,11.052179336547852,11.095086835813166,10.977092065323005,11.002121155731285,8532685
2016-07-18,10.952062606811523,11.137993972304118,10.923457833812014,11.034301925927744,6438233
2016-07-19,10.905580520629885,10.955638704782343,10.8269175623915,10.916307566658956,5172827
2016-07-20,10.902003288269045,10.977091235811244,10.851945111235253,10.93060805828714,6496287
2016-07-21,10.85194492340088,10.984241726697862,10.669589261945053,10.95921263861419,7409456
2016-07-22,10.941335678100586,11.04145203743242,10.848370000155631,10.869823408299377,7427516
2016-07-25,10.941335678100586,11.030725674356324,10.884126135056238,10.919882269956844,6306331
2016-07-26,10.826916694641112,10.93418441836818,10.787584877678464,10.89127691968242,7105018
2016-07-27,10.84121799468994,10.934183667128863,10.801886180429609,10.89127617139109,7129760
2016-07-28,10.85194492340088,10.927032187651896,10.791159702915603,10.826915835317209,8176779
2016-07-29,10.887702941894531,10.91630771637276,10.776858844048732,10.8841272598358,9149504
2016-08-01,10.92703342437744,11.016423424502891,10.834067742407983,10.937760469909463,6374884
2016-08-02,10.85194492340088,10.937759231969828,10.816188790999275,10.905578781007534,7138262
2016-08-03,10.86982250213623,10.930607721802431,10.733950019230804,10.866246820745102,6120329
2016-08-04,10.887702941894531,10.941336808792256,10.81261498264442,10.927034080557334,6440215
2016-08-05,11.095087051391602,11.15587227870345,10.902004323933411,10.905580005774294,6968397
2016-08-08,11.091510772705078,11.170173722996829,11.059330319860376,11.15587167839448,4734909
2016-08-09,11.270291328430176,11.295320419233246,11.091511328989313,11.091511328989313,8252756
2016-08-10,11.195202827453612,11.298895549422753,11.170173737872522,11.298895549422753,6490095
2016-08-11,11.266716003417969,11.284593731131611,11.109389407969852,11.277443049241112,7590108
2016-08-12,11.180901527404783,11.213081982435344,11.112964935452318,11.202354936761296,7409102
2016-08-15,11.15587329864502,11.27029240004788,11.14872193430943,11.184478073995734,4738114
2016-08-16,11.07720947265625,11.14872175085209,11.019999922896227,11.127268340189987,5629838
2016-08-17,10.944912910461426,11.141570657289831,10.944912910461426,11.112965881714944,6187571
2016-08-18,11.009271621704102,11.059329798439496,10.909154586241804,11.052178435479725,3841446
2016-08-19,10.87339973449707,11.052179737605528,10.837643597477062,11.01999928248668,6784634
2016-08-22,10.848370552062988,11.034301917412092,10.823341460956684,10.891277370533349,4647536
2016-08-23,10.812614440917969,10.89842876005324,10.744677849189037,10.866248305128565,9063139
2016-08-24,10.780434608459473,10.801888018984124,10.698195966455298,10.773283244287382,6756334
2016-08-25,10.723225593566896,10.784010828076273,10.673167405850348,10.737528322623998,4503686
2016-08-26,10.780434608459473,10.794737336803657,10.673166873844602,10.733952105324128,4354714
2016-08-29,10.762556076049805,10.80903857571287,10.644561303991097,10.719648576214103,3274152
2016-08-30,10.780434608459473,10.89842938933248,10.762556880020869,10.801888018984124,7498775
2016-08-31,10.705347061157228,10.809039111075965,10.705347061157228,10.769707973102737,6876590
2016-09-01,10.637411117553713,10.758981584885085,10.555172472591796,10.75540590267044,12259426
2016-09-02,10.776859283447266,10.791162012265346,10.640986769633738,10.698196320922763,7727971
2016-09-05,10.762556076049805,10.887702211746392,10.762556076049805,10.85552175736751,4240100
2016-09-06,10.75540542602539,10.841219749398936,10.74467837985684,10.780434518427056,5168809
2016-09-07,10.75540542602539,10.82691770316582,10.737527697736091,10.780434518427056,5556887
2016-09-08,10.741101264953612,10.819764208726676,10.648135595771912,10.733949902249297,7343970
2016-09-09,10.56947422027588,10.723225141195297,10.530143081011389,10.69104468416604,8209326
2016-09-12,10.404995918273926,10.494385916400004,10.337059328740468,10.415722281574457,10076831
2016-09-13,10.308454513549805,10.483658827305907,10.297727468302533,10.455054055304736,7538852
2016-09-14,10.269123077392578,10.376391487871404,10.204762849495186,10.351362396690488,8781360
2016-09-15,10.287001609802246,10.297727973584273,10.190460243814442,10.254821154472978,8856342
2016-09-16,10.322757720947266,10.469357269524656,10.269123174206412,10.29772794753879,21747601
2016-09-19,10.376392364501951,10.42645055109286,10.347787589022628,10.397845775613536,6628913
2016-09-20,10.369239807128906,10.487234577654505,10.347786398485589,10.369239807128906,6458492
2016-09-21,10.573047637939451,10.67674035104602,10.47650628752813,10.505111056317617,9250343
2016-09-22,10.959213256835938,10.959213256835938,10.669589863828811,10.691043271683386,15068105
2016-09-23,10.923457145690918,11.019998504229498,10.851945558692798,10.855521240341435,8793279
2016-09-26,10.705347061157228,10.859097977028917,10.680317969176553,10.855522295032875,7947405
2016-09-27,10.676742553710938,10.78758597038881,10.590928229638555,10.7732832420476,6354194
2016-09-28,10.633833885192873,10.81618955960705,10.633833885192873,10.687467746610794,7810172
2016-09-29,10.691044807434082,10.780434815325656,10.644562303406785,10.6981961717434,6455472
2016-09-30,10.669591903686523,10.68746963331802,10.48723619708027,10.548021432615688,11615516
2016-10-04,10.744677543640137,10.7983120883171,10.626682772935634,10.655287545167283,11170484
2016-10-05,10.551595687866213,10.648137051599337,10.537292960502084,10.640985687917272,8306694
2016-10-06,10.337058067321776,10.594500984992475,10.265545804750843,10.594500984992475,13944747
2016-10-07,10.269123077392578,10.369240124107831,10.24409398621166,10.354937396580688,9593861
2016-10-10,10.383543014526367,10.404996424162048,10.229792101155534,10.254821192729093,8449503
2016-10-11,10.383543014526367,10.497962108572125,10.35136255907705,10.358513240961212,6025996
2016-10-12,10.240519523620604,10.41214886442351,10.20833906484454,10.37639272333992,8281361
2016-10-13,10.14040184020996,10.176157294694177,10.054587521863004,10.176157294694177,11655816
2016-10-14,10.261972427368164,10.329908337357516,10.186884471601529,10.208337880967028,8633270
2016-10-17,10.23336696624756,10.322756961584483,10.208337194680324,10.251244692518329,4627186
2016-10-18,10.387117385864258,10.422873521087563,10.265546935299952,10.30845443396623,11138278
2016-10-19,10.312030792236328,10.39426943125133,10.26197260883443,10.387118067339172,7621471
2016-10-20,10.358512878417969,10.426449468876736,10.294152651763506,10.347786514971345,7528568
2016-10-21,10.387117385864258,10.472932383196811,10.319181479130688,10.397844431028716,7519951
2016-10-24,10.501538276672363,10.605230329704842,10.404996905855082,10.408572587958496,11914022
2016-10-25,10.826916694641112,10.912731010021076,10.623106928373202,10.687467835406062,19092456
2016-10-26,10.776859283447266,10.869824974789848,10.687469274309205,10.81976678790986,8747386
2016-10-27,10.737526893615724,10.887702118770893,10.637409849515088,10.776858029305044,11229384
2016-10-28,10.666014671325684,10.705346489189088,10.58377603578545,10.676741716740676,6798360
2016-10-31,10.61595630645752,10.658863123392363,10.583775852760606,10.658863123392363,7299848
2016-11-01,10.476508140563965,10.669590875538184,10.44075268474646,10.64813746564936,6858215
2016-11-02,10.362088203430176,10.490810016289933,10.337059113594457,10.337059113594457,7702489
2016-11-03,10.344210624694824,10.412147213784486,10.276274035605164,10.340634942954152,6658517
2016-11-04,10.261972427368164,10.354937428615866,10.254821063582469,10.34063538303606,9199282
2016-11-07,10.369239807128906,10.412147306407109,10.261972081920751,10.404995942862149,9265178
2016-11-08,10.412148475646973,10.412148475646973,10.294153691871063,10.337060513975954,7668122
2016-11-09,10.404995918273926,10.404995918273926,10.133250242131655,10.1761570593169,17168257
2016-11-10,10.21548843383789,10.673165449917825,10.122522757978302,10.626682270992262,21198714
2016-11-11,10.276274681091309,10.372816048178867,10.240518543430182,10.269123317160762,11647790
2016-11-14,10.23336696624756,10.401419911964023,10.208337194680324,10.37281514073587,9242267
2016-11-15,10.287001609802246,10.37281593001643,10.2476697906239,10.265547518255003,8310137
2016-11-16,10.301302909851074,10.383542224179434,10.265546775185468,10.322756999845364,7608138
2016-11-17,10.379966735839844,10.440751961306033,10.319181510373651,10.32633219184672,10728899
2016-11-18,10.30487823486328,10.47650685692825,10.29772687177936,10.465780494293888,11495139
2016-11-21,10.30487823486328,10.369239138635525,10.233366649998638,10.351361412917244,6234179
2016-11-22,10.476508140563965,10.508688596393002,10.319182225390456,10.322757907370528,12027251
2016-11-23,10.487235069274902,10.580200753742744,10.46220597768579,10.497962115095206,10464478
2016-11-24,10.519414901733398,10.540868310111833,10.397844450936336,10.490810129898298,5261216
2016-11-25,10.565897941589355,10.598078396801636,10.462205894121023,10.526566804545585,5286478
2016-11-28,10.48365879058838,10.598077878192315,10.433600610259546,10.5194149259625,6773031
2016-11-29,10.56947422027588,10.605230359418568,10.430026027810186,10.4943869418687,7824614
2016-11-30,10.630258560180664,10.723224241353767,10.55517128807445,10.569473333336388,14856655
2016-12-01,10.47293186187744,10.576623898672755,10.430024365347004,10.57304821712926,10577386
2016-12-02,10.533717155456545,10.58377601865391,10.344210794039409,10.404996020642836,10611760
2016-12-05,10.655287742614746,10.712497288138165,10.46935706065942,10.472932742503582,12081874
2016-12-06,10.76970672607422,10.798311496738776,10.68389173208902,10.72679922908162,10580963
2016-12-07,10.90915584564209,10.941336300684611,10.82334152619256,10.902004481856732,11033217
2016-12-08,11.180901527404783,11.273867210605111,10.991394479112785,10.99854584289548,19545746
2016-12-09,11.252413749694824,11.281018524436671,11.109389875985595,11.152297379094176,9561980
2016-12-12,11.188053131103516,11.288169498241842,11.123692219662246,11.2273842687686,8244592
2016-12-13,11.352529525756836,11.3954370240407,11.21308134981948,11.241686121344877,11717536
2016-12-14,11.341804504394531,11.406165422308408,11.291746315791146,11.302473362774016,8855509
2016-12-15,11.406164169311523,11.459798034350712,11.295320757298322,11.370408031954868,14894212
2016-12-16,11.441919326782228,11.470524779811058,11.356105013670344,11.406163192487725,22736684
2016-12-19,11.495553970336914,11.527734423285876,11.41689033779876,11.438343745767556,9055582
2016-12-20,11.556339263916016,11.563490627701071,11.488403353932735,11.506281081403792,8374712
2016-12-21,11.488401412963867,11.581366398496794,11.452644600079706,11.52773322514497,5518748
2016-12-22,11.488401412963867,11.517005499288253,11.39901074473641,11.456220963359597,5554493
2016-12-23,11.527734756469728,11.54918748306702,11.484826575308883,11.506280665889305,4057624
2016-12-27,11.577792167663574,11.599244892835028,11.506279901131649,11.506279901131649,2482943
2016-12-28,11.55991554260254,11.59209463342337,11.524158723940786,11.570641906209485,4233709
2016-12-29,11.656454086303713,11.674333175391787,11.49197683296415,11.499128195802784,5887236
2016-12-30,11.69578742980957,11.69578742980957,11.602822428712916,11.670758338591888,5564837
2017-01-02,11.745845794677734,11.770874886284162,11.60282260892432,11.627851700530748,5887148
2017-01-03,11.7029390335083,11.788754036573366,11.663607213936112,11.78517767262142,7079500
2017-01-04,11.84238624572754,11.8674153353992,11.674333981358258,11.713664433711518,9135720
2017-01-05,11.878143310546877,11.892444673527258,11.735118768878104,11.760147859072672,7221612
2017-01-06,11.835234642028809,11.896020547127668,11.735118285375467,11.856688731590124,7530013
2017-01-09,11.720816612243652,11.84953843321246,11.631426610346775,11.835235705552996,8138696
2017-01-10,11.617124557495115,11.652880010539436,11.499129107279288,11.60282183068415,9147763
2017-01-11,11.7029390335083,11.831660856114295,11.635003122236558,11.72796812523911,9500115
2017-01-12,11.60997486114502,11.613549861369538,11.44907257137572,11.581369403415678,11429327
2017-01-13,11.69578742980957,11.699363793688196,11.559915610051624,11.606397428608368,6525549
2017-01-16,11.624274253845217,11.67433379637843,11.570641075677084,11.620699254227231,4629061
2017-01-17,11.620699882507324,11.663606700158226,11.50270442898842,11.595670791879035,6412602
2017-01-18,11.642154693603516,11.681485149893314,11.58852014523426,11.63142696553973,6166882
2017-01-19,11.59924602508545,11.670758298597985,11.50985602419057,11.660031934965213,8748322
2017-01-20,11.745845794677734,11.763724886382205,11.606397608875298,11.606397608875298,12345678
2017-01-23,11.670758247375488,11.828085521209198,11.6493055202041,11.824509157358523,7327884
2017-01-24,11.577792167663574,11.692211248521444,11.481250812442928,11.667182159832723,11835659
2017-01-25,11.674334526062012,11.674334526062012,11.481251799029083,11.663606798571411,11444416
2017-01-26,11.770874977111816,11.792329068932812,11.642154518135456,11.720816793512698,9052003
2017-01-27,11.69221305847168,11.763725336073682,11.66360760183758,11.745846243685746,5991210
2017-01-30,11.631426811218262,11.695787722814162,11.567065899622362,11.652880903077964,6156570
2017-01-31,11.556339263916016,11.681484720196574,11.556339263916016,11.613548810213295,7848683
2017-02-01,11.459796905517578,11.60282144085575,11.416890090509348,11.570640988603817,10879331
2017-02-02,11.39186191558838,11.474100552613184,11.352530097014958,11.413315324814072,7006478
2017-02-03,11.438343048095703,11.477674179974269,11.34895305802119,11.366831465230993,6085523
2017-02-06,11.316773414611816,11.46694863593332,11.288168643026363,11.384710002874092,10222413
2017-02-07,11.227383613586426,11.338227020160485,11.19162747798434,11.284593157753138,7760499
2017-02-08,11.273866653442385,11.316773470034915,11.173749611407215,11.281017334880104,8972554
2017-02-09,11.39186191558838,11.449071461517947,11.248837368772875,11.32750100591972,9542375
2017-02-10,11.406164169311523,11.495554853698964,11.377559395824516,11.47767576203324,7409204
2017-02-13,11.345379829406738,11.449072567667066,11.316775053678311,11.42046779193864,8513883
2017-02-14,11.29532241821289,11.384712433753045,11.284595370831063,11.3346542432879,7733289
2017-02-15,11.363256454467772,11.406163270320732,11.29531986704379,11.381134180741247,8009188
2017-02-16,11.395438194274902,11.431193650859829,11.341803645414275,11.345379327471091,7361569
2017-02-17,11.341804504394531,11.424043833946524,11.316775410092838,11.370409281023846,8055998
2017-02-20,11.620699882507324,11.742270335837496,11.506280792782826,11.5134321563885,12507363
2017-02-21,11.652880668640137,11.695787487513115,11.57421703072036,11.602822485957798,7532966
2017-02-22,11.788753509521484,11.799479872931364,11.656455328878332,11.67790941968123,10205335
2017-02-23,11.788753509521484,11.853114417947031,11.763724418909677,11.799479872931364,6228761
2017-02-24,11.749422073364258,11.917475713487985,11.663607071348284,11.799480256213917,8992785
2017-02-27,11.68148422241211,11.778025583421686,11.645728768993653,11.745845129751826,6027204
2017-02-28,11.663607597351074,11.756573967392889,11.638578504797488,11.706515782285717,6784860
2017-03-01,11.778026580810549,11.788754308931026,11.631427027007511,11.756573852536055,10104600
2017-03-02,11.638578414916992,11.674335235419724,11.517007953174172,11.64930614305943,12964486
2017-03-03,11.563491821289062,11.645730467331155,11.520584998133035,11.570643185812283,9917207
2017-03-06,11.470524787902832,11.53846069291962,11.438343653222695,11.513431603493274,7034725
2017-03-07,11.474102020263672,11.488404749571314,11.42404383167026,11.459799290956028,5584565
2017-03-08,11.413315773010254,11.466949639176455,11.345379178804208,11.420467137030178,6148677
2017-03-09,11.491978645324709,11.538461829115024,11.313198638113102,11.341803411987296,8593109
2017-03-10,11.49912929534912,11.581367929882555,11.463373841720015,11.517007022163671,6333211
2017-03-13,11.431194305419922,11.48482817536005,11.381136117741358,11.47410181056702,6517990
2017-03-14,11.456223487854004,11.474101216244147,11.373984164081117,11.406164620776677,5992871
2017-03-15,11.434769630432127,11.488404180688244,11.413316219524663,11.477676452247056,4655338
2017-03-16,11.491978645324709,11.574217284964062,11.449071825509222,11.567065920997612,10096966
2017-03-17,11.517005920410156,11.559914097440096,11.373982073601178,11.434767293743931,15320088
2017-03-20,11.441919326782228,11.531309321522713,11.416890237373536,11.48840250596254,5430025
2017-03-21,11.40973949432373,11.50985585740059,11.348954267316392,11.441919948738883,7945084
2017-03-22,11.40973949432373,11.470525403322643,11.334652222016087,11.363256994608273,7086220
2017-03-23,11.53488540649414,11.54918813435432,11.348954718253005,11.420466993570704,6577905
2017-03-24,11.545612335205078,11.592094151558436,11.477675064563371,11.513431881738772,6825834
2017-03-27,11.57421588897705,11.58494361562444,11.477674533048823,11.477674533048823,6950603
2017-03-28,11.66718292236328,11.685060649168935,11.549187470276332,11.606397014444305,6359296
2017-03-29,11.699363708496094,11.731544163253524,11.638577798850656,11.699363708496094,8048842
2017-03-30,11.638578414916992,11.685061599578926,11.53488568143392,11.681485235537036,8678618
2017-03-31,11.745845794677734,11.774451250218332,11.57421715338372,11.61712533669462,13003156
2017-04-03,11.727968215942385,11.863841403519904,11.727968215942385,11.817358219667527,7217907
2017-04-04,11.706513404846191,11.74584385374058,11.677907954032488,11.74584385374058,6026978
2017-04-05,11.624274253845217,11.731543338147612,11.60639652778917,11.720815611327533,8040313
2017-04-06,11.606396675109863,11.620699401729471,11.524158043021748,11.577792585853732,6763283
2017-04-07,11.57064151763916,11.57779288113135,11.488402883453649,11.527734700669136,7216313
2017-04-10,11.58494472503662,11.620700179997188,11.527735178709808,11.588519724939408,4623506
2017-04-11,11.549186706542969,11.620698973019696,11.47409944053477,11.542035343496991,7423466
2017-04-12,11.538460731506348,11.617124363671117,11.481251189200082,11.54918709444406,7312474
2017-04-13,11.481252670288086,11.56349131271323,11.441920849131874,11.538462219974416,7399781
2017-04-18,11.427617073059082,11.549187525495162,11.416890709721027,11.545612525710188,7307626
2017-04-19,11.413315773010254,11.445495547116687,11.363257588854015,11.441920547098336,7065685
2017-04-20,11.38113498687744,11.463374306738526,11.33107680417281,11.366832941243942,8376146
2017-04-21,11.39186191558838,11.416891006683615,11.32750100591972,11.399012597335888,11309211
2017-04-24,11.69578742980957,11.713665157253176,11.549187882398924,11.549187882398924,15136355
2017-04-25,11.770874977111816,11.781602705013915,11.663607245973248,11.724393157474466,8590607
2017-04-26,11.727968215942385,11.828085947623128,11.724393215945993,11.74584594389077,7248069
2017-04-27,11.57421588897705,11.75657223816916,11.552763163648365,11.735118148857428,9445152
2017-04-28,11.513432502746582,11.563490685509056,11.459797956082111,11.552764321769434,11517264
2017-05-02,11.656454086303713,11.670756811980976,11.495553196374964,11.517005920907868,10671639
2017-05-03,11.73154354095459,11.774450357027453,11.631425818140457,11.649304908488649,7595394
2017-05-04,11.820934295654297,11.83166065936536,11.713665202610946,11.749422021619788,8943563
2017-05-05,11.878143310546877,11.878143310546877,11.727967405396354,11.795904676481424,9335901
2017-05-08,12.021166801452637,12.071224983146072,11.899596347061513,11.935353165401931,12589938
2017-05-09,12.053346633911133,12.110556176320149,12.017591181399151,12.053346633911133,7560341
2017-05-10,12.053346633911133,12.114132539961195,11.946078912392112,11.981834364904092,9521446
2017-05-11,11.95323085784912,12.106981766308309,11.93892813055451,12.092679039013698,9350643
2017-05-12,12.536054611206056,12.546780975176526,12.01401595291734,12.01401595291734,28413467
2017-05-15,12.500296592712402,12.62901840394811,12.393028871343672,12.603989314428176,11700765
2017-05-16,12.621868133544922,12.636170861361334,12.52175176679644,12.550355858446064,9875624
2017-05-17,12.489571571350098,12.632596124526914,12.453816115047506,12.546781119824178,9977918
2017-05-18,12.43235969543457,12.561081496399266,12.342969707429418,12.478842871112482,11610681
2017-05-19,12.729135513305664,12.761315968013893,12.435936421067655,12.48241960319802,18520171
2017-05-22,12.904340744018556,12.918643471695338,12.736287103774307,12.772043922966269,10646329
2017-05-23,12.872159957885742,12.975852684902444,12.854282230740864,12.900765412504066,9975148
2017-05-24,12.76131534576416,12.90076488535561,12.736286255987435,12.836403979077431,9665664
2017-05-25,12.764892578125,12.82210212493409,12.657624848355852,12.793496669537952,6352502
2017-05-26,12.807799339294434,12.8221020669278,12.686228882377192,12.768467520294273,7080322
2017-05-29,12.832829475402832,12.83998083980172,12.696956279790568,12.800649017599488,5850447
2017-05-30,12.714834213256836,12.854282396359997,12.67550239464145,12.772043759247444,9982048
2017-05-31,12.675501823425291,12.854281817087193,12.675501823425291,12.757740456831794,19162776
2017-06-01,12.357275009155272,12.439513651587465,12.264308638417488,12.292914095254732,10565980
2017-06-02,12.875864028930664,12.916610662140616,12.79066716542228,12.894386253515076,8035313
2017-06-05,12.875864028930664,12.875864028930664,12.875864028930664,12.875864028930664,0
2017-06-06,12.761033058166504,12.861047127569629,12.738807238394513,12.812891891253926,8048585
2017-06-07,12.820301055908203,12.864751284339867,12.68694895756593,12.727695589064655,8712868
2017-06-08,12.66472339630127,12.835118532700388,12.657314789236324,12.80178050743179,7181555
2017-06-09,12.686949729919434,12.794372417128953,12.63509089141756,12.638794488575964,7832261
2017-06-12,12.561006546020508,12.63879480572528,12.490626893865818,12.598048170723525,8629768
2017-06-13,12.50544261932373,12.579527281323404,12.449880182609524,12.55730287185668,8659048
2017-06-14,12.44247055053711,12.616569279943176,12.44247055053711,12.501737992647026,11484597
2017-06-15,12.146133422851562,12.335047954288472,12.079457373392115,12.33134435733952,35376334
2017-06-16,12.364681243896484,12.394314255902238,12.17206172019402,12.18687893272048,25497931
2017-06-19,12.44987964630127,12.527667902178685,12.42765382474458,12.44617463618482,8782659
2017-06-20,12.438766479492188,12.546187742751894,12.431357872879929,12.483216706118522,9574961
2017-06-21,12.43135929107666,12.512851147013835,12.357274629549543,12.45358370040162,8969078
2017-06-22,12.368386268615724,12.423950115482018,12.24614778377613,12.409132901244696,7182601
2017-06-23,12.34245777130127,12.412837424609764,12.298007538319451,12.323936958646131,4665867
2017-06-26,12.312823295593262,12.457287595462454,12.312823295593262,12.39061154736171,5177697
2017-06-27,12.031302452087402,12.112795717586552,11.82386639781656,11.901655359745416,17335939
2017-06-28,12.035006523132324,12.086865356022756,11.916470231179195,11.949808254186935,8814505
2017-06-29,11.783119201660156,12.057231294042367,11.746076874252044,12.042414080469673,11725933
2017-06-30,11.646063804626465,11.890541476074814,11.62383798370272,11.764598690125172,12395375
2017-07-03,11.723851203918455,11.757189226350931,11.642358652707738,11.757189226350931,7936678
2017-07-04,11.612726211547852,11.709035986227446,11.612726211547852,11.690514468102329,7688543
2017-07-05,11.52382469177246,11.646063881566032,11.5201203882607,11.586796438425129,9134858
2017-07-06,11.520119667053224,11.609020826198996,11.471964430938671,11.542344780208763,12893868
2017-07-07,11.53493595123291,11.549753164066638,11.449739097009758,11.494190028987347,8745667
2017-07-10,11.627541542053224,11.683105384278193,11.534936080376408,11.594203519327682,8597357
2017-07-11,11.59420394897461,11.69421802085746,11.553458024762936,11.671992907058035,7184554
2017-07-12,11.74607753753662,11.794232777843511,11.612726140470336,11.627542648356073,9630172
2017-07-13,11.809048652648926,11.912767028383424,11.749781211235964,11.772007031658548,8575108
2017-07-14,11.73496437072754,11.834978440216648,11.683105537595534,11.8238655303211,7560329
2017-07-17,11.657176971435549,11.786824778104904,11.657176971435549,11.738670241839904,6099240
2017-07-18,11.527530670166016,11.694220113272424,11.483079728090052,11.627544053420358,8824095
2017-07-19,11.590500831604004,11.627542453960892,11.505303263221649,11.56457070682106,7139713
2017-07-20,11.657176971435549,11.846092225749688,11.605318131377288,11.812754198134034,12724263
2017-07-21,11.538640022277832,11.768301870914538,11.464556079170585,11.657174896468296,15425230
2017-07-24,11.509007453918455,11.579387807449065,11.44974001090015,11.557162692948111,7266589
2017-07-25,11.457148551940918,11.571979133812263,11.43121913408516,11.483077969796676,8572866
2017-07-26,11.501598358154297,11.568274405347433,11.42381010744472,11.4534438276946,7402421
2017-07-27,11.59420394897461,11.70903523440616,11.475669066679512,11.48307767345386,10275139
2017-07-28,11.531232833862305,11.590500984768584,11.449740274467132,11.5275292367966,8686213
2017-07-31,11.442331314086914,11.601612830894862,11.41269759281034,11.512711667065142,8733384
2017-08-01,11.553458213806152,11.62754216319097,11.416401812332596,11.50530297550856,7958676
2017-08-02,11.509007453918455,11.597908618445915,11.4275148963992,11.53864117542761,7231503
2017-08-03,11.52382469177246,11.709035628218698,11.50900747772541,11.642359578054268,9997980
2017-08-04,11.668289184570312,11.694218603047794,11.43492371174932,11.520120574324949,9164538
2017-08-07,11.812752723693848,11.820161330355647,11.679401336399543,11.712739359854025,11582687
2017-08-08,11.834980010986328,11.88313525373472,11.67940278441808,11.809049884455195,9012120
2017-08-09,11.73866844177246,11.783118667427972,11.668288093540372,11.742372744997688,9814669
2017-08-10,11.579388618469238,11.76459956750453,11.53123337606679,11.76089526374098,8485469
2017-08-11,11.483078956604004,11.579388735861592,11.446036625116667,11.579388735861592,8119118
2017-08-14,11.679401397705078,11.71273942133455,11.516415582908058,11.557162213238218,7042304
2017-08-15,11.627541542053224,11.716442700480131,11.6090207323273,11.701626194004117,5318915
2017-08-16,11.56827449798584,11.697922290063635,11.56827449798584,11.697922290063635,6662597
2017-08-17,11.531232833862305,11.59790888542366,11.505303415260371,11.557162958987908,6591575
2017-08-18,11.490486145019531,11.575683002351168,11.45714812145087,11.483077538332358,8515393
2017-08-21,11.431219100952148,11.53123246860252,11.394176772755442,11.453444215260715,5384968
2017-08-22,11.527530670166016,11.564572297618268,11.442333090064066,11.4756711199901,6011632
2017-08-23,11.431219100952148,11.571979100271264,11.420106190536044,11.523824568182096,6444225
2017-08-24,11.390473365783691,11.512712563887252,11.390473365783691,11.446036509190092,6226280
2017-08-25,11.334908485412598,11.449739058392312,11.320091272628844,11.423809642544338,7376072
2017-08-28,11.305274963378906,11.353429492718078,11.246007524258262,11.294162053597434,3850797
2017-08-29,11.190443992614746,11.268232950197916,11.001529466749098,11.253415736744504,13061036
2017-08-30,11.201557159423828,11.27934611878978,11.179332045257974,11.249712397727428,6765167
2017-08-31,11.231189727783203,11.279344961144432,11.205260312830342,11.264527748872188,8163044
2017-09-01,11.197853088378906,11.27564204935931,11.123769137447288,11.264529138783924,8050819
2017-09-04,11.17933177947998,11.205261196477636,11.120064338764305,11.120064338764305,4168035
2017-09-05,11.112656593322754,11.22378287664651,11.060797755308158,11.216374975875624,7664530
2017-09-06,11.112656593322754,11.175628342279197,10.971896587344418,11.06450205895544,9742754
2017-09-07,11.17933177947998,11.223782006754927,11.075613404965733,11.142289452401776,8283350
2017-09-08,11.134881973266602,11.171924304095937,11.105248249907874,11.160811392890029,7158021
2017-09-11,11.22007942199707,11.242304537639304,11.11265673443285,11.197853599831149,8543632
2017-09-12,11.1941499710083,11.260826028478446,11.157108344879314,11.260826028478446,8092433
2017-09-13,11.120064735412598,11.208965899657183,11.079318103520794,11.160810660780752,11379098
2017-09-14,11.10524845123291,11.134882175128864,11.042276699638547,11.127474274047657,10293080
2017-09-15,11.116360664367676,11.14969868997196,11.060797523868418,11.10524775365836,30390936
2017-09-18,11.17562770843506,11.25712026448225,11.116360266487348,11.171923404997871,8637342
2017-09-19,11.52382469177246,11.649768185077797,11.123769097309536,11.194148744462074,22888151
2017-09-20,11.61643123626709,11.712741016925149,11.60531832470218,11.66829007718923,14818529
2017-09-21,11.364542007446287,11.671992102143433,11.31638677325748,11.664583495879986,13028565
2017-09-22,11.45344352722168,11.575682708361027,11.268232603887904,11.301570626609871,16206914
2017-09-25,11.564571380615234,11.634951738936524,11.44974079026638,11.464558005291368,10051332
2017-09-26,11.649768829345703,11.649768829345703,11.534937533701482,11.571979864344016,7447061
2017-09-27,11.63124656677246,11.675697502004944,11.590500641543304,11.668288895045588,9914054
2017-09-28,11.6349515914917,11.671993922061043,11.583092752608827,11.668289618351745,8976800
2017-09-29,11.694218635559082,11.694218635559082,11.605317469164708,11.646064102041835,12606582
2017-10-02,11.657176971435549,11.716444419080332,11.657176971435549,11.709036518017514,8122652
2017-10-03,11.657176971435549,11.657176971435549,11.657176971435549,11.657176971435549,0
2017-10-04,11.605317115783691,11.764598632336549,11.542345369856369,11.757190025398357,11600371
2017-10-05,11.627541542053224,11.646063058302747,11.546048990126124,11.601612125827492,6584952
2017-10-06,11.627541542053224,11.6905132842544,11.579387012851663,11.646063058302747,9208182
2017-10-09,11.6349515914917,11.675698225770349,11.612726475759567,11.653472403514527,4390714
2017-10-10,11.60902214050293,11.660880979244876,11.586797024831194,11.6534723718464,6022494
2017-10-11,11.597908020019531,11.642358953251517,11.494190353350923,11.631246043312617,10261915
2017-10-12,11.431219100952148,11.597908518051865,11.405289683171548,11.58309201068737,12005955
2017-10-13,11.44603443145752,11.512710474051362,11.416400713251765,11.431217925616428,6478071
2017-10-16,11.52382469177246,11.57568352788984,11.453444338096268,11.497895273713771,6730526
2017-10-17,11.427515029907228,11.534937006686553,11.427515029907228,11.5201204990207,8438570
2017-10-18,11.520119667053224,11.59790791635942,11.434922811187308,11.483077340778248,9599767
2017-10-19,11.371952056884766,11.612726138813874,11.36454344968112,11.56457089851385,12428600
2017-10-20,11.41269874572754,11.468261890418676,11.368248512584117,11.438628166148488,8091888
2017-10-23,11.42381191253662,11.553459724062026,11.386769579740257,11.43122052040064,7083809
2017-10-24,11.497894287109377,11.557161725164692,11.420105333084525,11.446034748918276,8270138
2017-10-25,11.41269874572754,11.516417133935056,11.36083990488564,11.51271283008582,8357387
2017-10-26,11.483078956604004,11.531233492970944,11.368248364864602,11.453445232718876,9032890
2017-10-27,11.55716323852539,11.620134988020494,11.512712300901446,11.55716323852539,8961715
2017-10-30,11.586795806884766,11.620133830149886,11.553457783619644,11.583091503574906,6816109
2017-10-31,11.586795806884766,11.586795806884766,11.586795806884766,11.586795806884766,0
2017-11-01,11.371952056884766,11.47937403524294,11.23489564971201,11.33490972739021,24246761
2017-11-02,11.44603443145752,11.483076755845609,11.386766995046008,11.408992107069432,10779332
2017-11-03,11.586795806884766,11.671992663440689,11.471964523849968,11.486781737089403,10832354
2017-11-06,11.28304958343506,11.28304958343506,11.138585283265206,11.260824469529766,26786874
2017-11-07,11.22007942199707,11.364543733457117,11.197853599831149,11.334910010426244,11416772
2017-11-08,11.145994186401367,11.286754186908633,11.145994186401367,11.253416161902557,13248482
2017-11-09,11.171921730041504,11.33861182710561,11.131175104865047,11.331203221341976,16331088
2017-11-10,11.168219566345217,11.246008528716178,11.15710736209484,11.223782707168091,11868726
2017-11-13,11.134881973266602,11.231191750813393,11.071910222813845,11.205262331189967,10181967
2017-11-14,11.12376880645752,11.22748647598038,11.101542985968075,11.197852755184758,8145957
2017-11-15,11.168219566345217,11.234895617942136,11.083022703315224,11.105247818339642,11317092
2017-11-16,11.18674087524414,11.238599711506533,11.134881332458091,11.238599711506533,7749078
2017-11-17,11.083022117614746,11.22748641742451,11.071909207427984,11.205261303574614,10508922
2017-11-20,11.112656593322754,11.138586012330052,11.012642514417166,11.042276237071746,7535851
2017-11-21,11.071908950805664,11.10895127737935,11.027458724136132,11.10154267075989,9313131
2017-11-22,10.949670791625977,11.090431504464354,10.89781195348746,11.06079778173896,12618782
2017-11-23,10.986711502075195,10.986711502075195,10.831134304070126,10.908923256334448,10252333
2017-11-24,10.968192100524902,11.057093267003966,10.945966279012383,11.042276052662288,6541160
2017-11-27,10.934854507446287,11.016347069978982,10.912628685054347,10.968192534510504,7543511
2017-11-28,10.99041748046875,11.001530391492915,10.901516311846471,10.949670846570491,7017425
2017-11-29,10.971896171569824,11.049684425643967,10.964487564556004,11.027459311126163,10443561
2017-11-30,11.120064735412598,11.231191014087418,10.94596600389209,10.968191824845974,19722598
2017-12-01,11.094135284423828,11.216374473211255,11.094135284423828,11.160810627515804,14796786
2017-12-04,11.294161796569824,11.368246447046443,11.149697505316356,11.2163735494406,13463710
2017-12-05,11.316387176513672,11.427514154854576,11.30897927650983,11.360838109154754,9877870
2017-12-06,11.379359245300291,11.427514482586153,11.242303553229888,11.260824363556065,8934058
2017-12-07,11.571978569030762,11.623837402211256,11.386767643073435,11.412697059663683,13318348
2017-12-08,11.497894287109377,11.653470782111894,11.497894287109377,11.63865427585986,13255747
2017-12-11,11.357134819030762,11.486782618732216,11.301571678165471,11.486782618732216,11920247
2017-12-12,11.32009220123291,11.386768251182149,11.231191036808474,11.379359644182534,10615751
2017-12-13,11.260823249816896,11.353428705335986,11.234893835315315,11.312682785343604,8826821
2017-12-14,11.242302894592283,11.312683241451005,11.131175919574796,11.30527463514512,12976932
2017-12-15,11.160810470581056,11.305275478224765,11.138585356529576,11.305275478224765,22346890
2017-12-18,11.294161796569824,11.371950750222636,11.19414773038346,11.2163735494406,9018140
2017-12-19,11.190443992614746,11.360838414710877,11.145993765301755,11.305275277307826,9753931
2017-12-20,11.112656593322754,11.205262064933777,11.045980540719029,11.186741253221044,10275569
2017-12-21,11.145994186401367,11.157107096911275,11.001529882390797,11.075613832885908,8776918
2017-12-22,11.116360664367676,11.194148919761902,11.075614031623845,11.116360664367676,6703194
2017-12-27,11.108952522277832,11.208966603277542,11.08672740645246,11.138586245552892,5813688
2017-12-28,10.986711502075195,11.12747219416356,10.983007198965124,11.12376789105349,5918845
2017-12-29,10.96078395843506,11.00153059307994,10.93485453876057,11.00153059307994,6676568
2018-01-02,10.98300838470459,11.01264210626087,10.879290712519436,10.971896180698268,9227359
2018-01-03,10.95707893371582,11.012642073151335,10.886698580284886,11.001529869178423,10636356
2018-01-04,11.016345977783203,11.04968400154218,10.920036209871007,11.020050281147938,12657675
2018-01-05,11.07561492919922,11.094136448549078,10.97930514815112,11.008938872587173,9220936
2018-01-08,11.134881973266602,11.168220000360632,11.086727437755057,11.153403491943116,9419755
2018-01-09,11.101542472839355,11.175627124665931,11.094134572875578,11.145993405240022,10509728
2018-01-10,10.920036315917969,11.101542943410813,10.864473177954627,11.09043073973232,17121321
2018-01-11,10.671853065490724,10.979303165954295,10.65333225600832,10.968190962874294,20463409
2018-01-12,10.712601661682127,10.779277718502406,10.679263633271992,10.775573414620863,11949897
2018-01-15,10.712601661682127,10.764460502976243,10.686672241035073,10.745939690092268,7247362
2018-01-16,10.790388107299805,10.860768456154643,10.697782645420556,10.749642184508986,11252703
2018-01-17,10.701488494873049,10.790389666339095,10.668150467257815,10.764460246310296,11170527
2018-01-18,10.690375328063965,10.87929056537653,10.63481148268925,10.74593846691504,11665749
2018-01-19,10.690375328063965,10.790388695386442,10.64222008960903,10.697783228460104,13021185
2018-01-22,10.916332244873049,11.020050622729602,10.75705143439413,10.816318877019691,19839789
2018-01-23,10.98300838470459,11.068205245863435,10.927445245102025,11.03857152430716,14497182
2018-01-24,10.890403747558594,11.020051554206946,10.834840603716074,11.001530741767342,14196218
2018-01-25,10.801502227783203,10.975600261281844,10.74593908573246,10.882994789022714,14538957
2018-01-26,10.79779815673828,10.853361299986078,10.74964362099651,10.816319675503346,9298182
2018-01-29,10.720008850097656,10.827430822344574,10.679262219319362,10.808910011912785,12106211
2018-01-30,10.516276359558104,10.716304502713704,10.51257205618223,10.66444566849868,21564892
2018-01-31,10.464417457580566,10.568135831862612,10.401445713645684,10.557022921806944,17947666
2018-02-01,10.33847427368164,10.54961462528193,10.316249159440464,10.538502421423162,19616673
2018-02-02,10.227347373962402,10.3495865546402,10.153262722299178,10.34217794816916,21089038
2018-02-05,10.127334594726562,10.290320425209014,10.123630291019724,10.201419255815956,15295951
2018-02-06,9.853222846984863,9.979166351624476,9.786546790819925,9.91619459930467,31818695
2018-02-07,9.986573219299316,10.027319850855257,9.83840461344632,9.968052408514058,20829065
2018-02-08,9.71986961364746,9.945827176474449,9.630968451188558,9.94212287305654,24604435
2018-02-09,9.60133457183838,9.805066310794038,9.55318004124793,9.749503173490096,26130841
2018-02-12,9.797658920288086,9.868038568156605,9.656898211503725,9.70505345112288,17356073
2018-02-13,9.642082214355469,9.782842224069086,9.634673606864306,9.779137920323503,15295943
2018-02-14,9.682827949523926,9.768025520926862,9.582814576481349,9.716165976046012,18639345
2018-02-15,9.645785331726074,9.756911604330856,9.5865171856101,9.756911604330856,13866786
2018-02-16,9.749504089355469,9.830997357812082,9.682828035717762,9.701349554241398,17019216
2018-02-19,9.764321327209473,9.830997381004474,9.716166085458108,9.816180166150613,8653099
2018-02-20,9.845813751220703,9.849518054882203,9.693940833717486,9.797659216668526,12022188
2018-02-21,9.842108726501465,9.919897684646651,9.76432047487991,9.86803814370865,15910410
2018-02-22,9.608744621276855,9.6939414917032,9.4346458699875,9.630969738230744,33866783
2018-02-23,9.923602104187012,9.99398174985209,9.62355988478842,9.664306516032989,25770008
2018-02-26,9.979165077209473,10.071770541940198,9.897671816071314,10.031023911371118,14253116
2018-02-27,9.842108726501465,10.023615353475392,9.812475005904163,9.979165125841254,14582575
2018-02-28,9.82358741760254,9.90878427168124,9.78654509210462,9.816178811198236,12226498
2018-03-01,9.686531066894531,9.838403966218214,9.653193044455325,9.793953740648334,15073086
2018-03-02,9.538363456726074,9.708757183229432,9.508729734441854,9.630968927179726,15637381
2018-03-05,9.675418853759766,9.705052572950244,9.4235318873789,9.44575700014086,12976468
2018-03-06,9.779136657714844,9.953235378660375,9.775432354447537,9.901375839441643,18013176
2018-03-07,9.749504089355469,9.768025607879103,9.664307223717817,9.738391884764978,12073006
2018-03-08,9.819883346557615,9.842108459772367,9.701348467380802,9.749502997100029,12050896
2018-03-09,9.797658920288086,9.86063066758137,9.738391476544248,9.797658920288086,14516498
2018-03-12,9.816180229187012,9.882856283410186,9.738391970275773,9.86433476472392,7416150
2018-03-13,9.705053329467772,9.864334140955428,9.653193786949242,9.8272925189726,13259307
2018-03-14,9.71986961364746,9.76802485155664,9.645785664860192,9.653193565172376,13998515
2018-03-15,9.742094993591309,9.801362436848583,9.69764476441018,9.771728715219949,12017242
2018-03-16,9.934714317321776,9.95323583450659,9.790250015898431,9.81617943343353,32537127
2018-03-19,9.8309965133667,9.93471418209534,9.760616162069672,9.927305575322258,14882872
2018-03-20,9.775432586669922,9.893967467945291,9.723573752742851,9.86433374762645,10789027
2018-03-21,9.734688758850098,9.80877272233691,9.668012697145324,9.805068418184003,11266319
2018-03-22,9.564292907714844,9.671715592935286,9.430940803723583,9.65689837848129,20619828
2018-03-23,9.593926429748535,9.690236202117235,9.497616657379831,9.51984247859668,20102779
2018-03-26,9.486504554748535,9.682827698598,9.427237110583752,9.668011190818635,13296330
2018-03-27,9.616150856018066,9.671714698558691,9.560587720001044,9.664306092016794,10238343
2018-03-28,9.668010711669922,9.70134873567583,9.486504084595326,9.571700943044368,12000937
2018-03-29,9.816180229187012,9.87544767593568,9.660603004840835,9.712461844114996,14238096
2018-04-03,9.727276802062988,9.801360740047423,9.668009369066027,9.775431326426697,12061594
2018-04-04,9.716164588928224,9.74209400440502,9.590221108163565,9.73839040778569,12671601
2018-04-05,9.968052864074709,9.997686586599627,9.782841921663026,9.890264607393163,16150092
2018-04-06,9.964346885681152,10.03472722979501,9.908783753601185,9.934713168136932,11303738
2018-04-09,10.01250457763672,10.06436341944629,9.960645029303418,10.034729694623143,8857230
2018-04-10,10.042137145996094,10.071770867406585,9.98286970317511,10.038432842504326,9764294
2018-04-11,10.260685920715332,10.471826270260731,10.260685920715332,10.319953362464087,27355884
2018-04-12,10.27550220489502,10.305135925126296,10.164375930658636,10.22364337112119,11899793
2018-04-13,10.33477020263672,10.37922113864236,10.264389848345978,10.301432177263402,9233665
2018-04-16,10.27550220489502,10.334769645357571,10.18660104420119,10.32736103866885,10971578
2018-04-17,10.4051513671875,10.445898002822016,10.268094951477398,10.305137283279349,12449327
2018-04-18,10.368107795715332,10.442192450461247,10.319953264697029,10.408854426477948,11399319
2018-04-19,10.33847427368164,10.382925208687638,10.290319741738484,10.360699387922818,7986512
2018-04-20,10.4051513671875,10.482939628100253,10.338475311248732,10.371813339218116,15282668
2018-04-23,10.531092643737791,10.531092643737791,10.356993933053172,10.397740560068478,12104096
2018-04-24,10.457009315490724,10.586657112472738,10.37551675769923,10.534798276289392,13422598
2018-04-25,10.438488006591797,10.438488006591797,10.342178239327682,10.371811959522516,11977494
2018-04-26,10.6199951171875,10.631108027715568,10.408854762819768,10.453304991884735,17048451
2018-04-27,10.771868705749512,10.85336126850835,10.7237141701474,10.764460098264973,18473633
2018-04-30,10.738530158996582,11.120064947704977,10.623699574637223,11.075614011472249,28759250
2018-05-02,10.775571823120115,10.83113496008936,10.608881705688765,10.753346709637142,18903929
2018-05-03,10.642220497131348,10.75705178921426,10.612586774841102,10.738530271205564,16470339
2018-05-04,10.742234230041504,10.742234230041504,10.597769926828514,10.608882130753422,12260880
2018-05-07,10.790388107299805,10.831134736614228,10.742233577992982,10.749642184508986,7466486
2018-05-08,10.745939254760742,10.853361236878714,10.716305531432644,10.80520670141694,11804350
2018-05-09,10.59406566619873,10.671853920082334,10.423671237916528,10.6681496165845,22257576
2018-05-10,10.601473808288574,10.664445551942988,10.531093457963378,10.601473808288574,12586435
2018-05-11,10.5718412399292,10.608882864271552,10.519981694107251,10.597770659578323,14255279
2018-05-14,10.534797668457031,10.645923941444952,10.457008712146594,10.631107434757585,12239687
2018-05-15,10.486642837524414,10.53479807579848,10.401445977837854,10.527389468906524,15278952
2018-05-16,10.482938766479492,10.519981095236837,10.434784233661508,10.50886889117619,11686252
2018-05-17,10.475530624389648,10.534798066425274,10.405150272025978,10.482938524751372,19987983
2018-05-18,10.440585136413574,10.58424543207159,10.425054713961323,10.564831478298013,23524894
2018-05-21,10.440585136413574,10.440585136413574,10.440585136413574,10.440585136413574,0
2018-05-22,10.510476112365724,10.568716504874034,10.428939710967445,10.48329731189963,18565755
2018-05-23,10.49882698059082,10.57648057933602,10.463882601957147,10.502709031046416,14921395
2018-05-24,10.339635848999023,10.483296159252944,10.261982247714942,10.479413368103735,18568929
2018-05-25,10.382346153259276,10.421173325464345,10.296926966861498,10.355167354885744,11950401
2018-05-28,10.324104309082031,10.44446785943114,10.316338727622965,10.44446785943114,7218240
2018-05-29,10.21927261352539,10.3474017632935,10.15326664300444,10.32798854749128,15345675
2018-05-30,10.351283073425291,10.374579077167928,10.19985793824826,10.211505569836271,15195844
2018-05-31,10.265865325927734,10.397877266425471,10.242568578381045,10.39011168390991,15545861
2018-06-01,10.27363109588623,10.351285446922905,10.23868745254318,10.30469342875432,12485552
2018-06-04,10.351283073425291,10.393993030758962,10.308573116091624,10.36681423629812,8620396
2018-06-05,10.40176010131836,10.498827661469967,10.308574591874107,10.366815720418444,11888700
2018-06-06,10.444467544555664,10.506590713222122,10.397875538339113,10.4910602913388,12203160
2018-06-07,10.448352813720703,10.522124371724642,10.409525638951958,10.483297196955895,9591359
2018-06-08,10.3551664352417,10.4211723999583,10.26198167456532,10.401759185863211,12051205
2018-06-11,10.595894813537598,10.634721243649532,10.405641751269032,10.409524542393562,20296266
2018-06-12,10.704608917236328,10.747318874708393,10.611424161397233,10.673547331956629,14628211
2018-06-13,10.576480865478516,10.75896760506184,10.549302068154052,10.735671598864682,15595088
2018-06-14,10.755085945129396,10.778381952172673,10.498827645953224,10.541536868771445,16411372
2018-06-15,10.72014045715332,10.817208007136768,10.658017284409246,10.755084834392694,31658546
2018-06-18,10.56483268737793,10.720141373074211,10.514357882923326,10.661900245654758,12157155
2018-06-19,10.483295440673828,10.502708654522497,10.339635140267124,10.483295440673828,13657639
2018-06-20,10.460000038146973,10.545419220792168,10.440586082613963,10.50270925918623,10598008
2018-06-21,10.393994331359863,10.514357896418948,10.366815533498135,10.47164793374098,10325789
2018-06-22,10.514357566833496,10.514357566833496,10.378462841217958,10.43282117580418,9341000
2018-06-25,10.339635848999023,10.47553057695453,10.339635848999023,10.460000152924389,10289827
2018-06-26,10.250333786010742,10.421172892271482,10.211506615419664,10.362932506668203,10636700
2018-06-27,10.34740161895752,10.413407588557751,10.149383710156828,10.227038053415937,13516799
2018-06-28,10.29304313659668,10.382345105257428,10.254215968310856,10.320221932226763,10451725
2018-06-29,10.304692268371582,10.397877034782248,10.281395521343896,10.390111452439688,12371791
2018-07-02,10.316339492797852,10.339635498336335,10.195975933521234,10.22703752109477,8768179
2018-07-03,10.514357566833496,10.568715160853042,10.37458005013561,10.401759587712055,14793163
2018-07-04,10.669665336608888,10.74343688486004,10.479413020017317,10.483295811037552,12221269
2018-07-05,10.704608917236328,10.739553293246816,10.626955324320384,10.658016909600084,12402191
2018-07-06,10.743438720703123,10.778383105289894,10.692963909948231,10.716259919483814,10291760
2018-07-09,10.751201629638672,10.793910846401907,10.712374463026686,10.793910846401907,7368314
2018-07-10,10.786148071289062,10.824974504770456,10.700728140269804,10.751203688702413,9388481
2018-07-11,10.724023818969728,10.832739006776558,10.716258236821616,10.716258236821616,10827549
2018-07-12,10.766733169555664,10.828856346356728,10.7084927838755,10.793911966835294,8524879
2018-07-13,10.68519687652588,10.786147224902798,10.677431294212266,10.774498851432377,8446875
2018-07-16,10.6580171585083,10.71625753969706,10.557066818850023,10.669664790406076,7413145
2018-07-17,10.646370887756348,10.68131527148134,10.526007310796246,10.68131527148134,9520892
2018-07-18,10.700727462768556,10.758967849869984,10.623073860155548,10.677431456041322,9178995
2018-07-19,10.700727462768556,10.766733432301296,10.665783082394356,10.700727462768556,7714648
2018-07-20,10.673547744750977,10.77838087683681,10.634720576508078,10.704609331231968,13419426
2018-07-23,10.634721755981444,10.69684493583337,10.607542957367068,10.623074122613408,6117517
2018-07-24,10.56483268737793,10.692962575247371,10.54930226314832,10.646369821425148,10205183
2018-07-25,10.580363273620604,10.673548035602844,10.541536104319675,10.545418895306437,9174141
2018-07-26,10.766733169555664,10.813325922439804,10.615308018673902,10.638604024832633,16080764
2018-07-27,10.98416519165039,11.088997591201045,10.867683677997771,10.871566469176194,22247922
2018-07-30,11.011343002319336,11.046287379226175,10.941454248505655,10.968633043751725,7536782
2018-07-31,10.98804759979248,11.02299198096862,10.95310321861634,10.964751592530629,11006589
2018-08-01,11.00357723236084,11.022990445613932,10.956984483760158,10.980281228343808,8331642
2018-08-02,10.89098072052002,10.991931079061978,10.836623119984646,10.988048287514198,11771714
2018-08-03,11.054052352905272,11.065700725536145,10.9220404253553,10.937571588863126,11703112
2018-08-06,11.05793571472168,11.14335563729182,11.00357812077099,11.088997302774455,9665324
2018-08-07,11.081233024597168,11.151121045844272,10.95310313422736,11.019109104766333,12941349
2018-08-08,11.096761703491213,11.139471660229082,11.011342530582064,11.096761703491213,7948587
2018-08-09,11.088997840881348,11.162769393799048,10.956985900109345,11.054053460055425,11044339
2018-08-10,10.83273983001709,11.054053754090368,10.782265023351863,11.04628891191884,15642196
2018-08-13,10.88709831237793,10.945338702550456,10.832739973059065,10.836622764479465,8144924
2018-08-14,10.929805755615234,11.030756094393332,10.910392542243786,10.933688546402848,9777112
2018-08-15,10.805560111999512,10.99192963846684,10.766732942177152,10.960868050722285,9681340
2018-08-16,10.87156581878662,10.894861823896788,10.797794271943337,10.83273864989191,7959205
2018-08-17,10.828856468200684,10.937572399109138,10.774498873029804,10.910393601523698,9319610
2018-08-20,10.856034278869627,10.898744237230687,10.8172078518868,10.848269437813038,5968110
2018-08-21,10.86380100250244,10.91427654779274,10.83662220453076,10.852153369409836,5782949
2018-08-22,10.976399421691896,11.057935813345134,10.824973530588236,10.824973530588236,12261275
2018-08-23,11.00357723236084,11.034638817905757,10.94921964279889,10.991928860069017,6217465
2018-08-24,10.96086883544922,11.054053605354309,10.929807245480855,11.01910922406906,7860730
2018-08-27,11.011343002319336,11.04240458839579,10.9103926624292,11.04240458839579,5477787
2018-08-28,10.914276123046877,11.026874101771453,10.890979376634888,11.01522646913213,8502078
2018-08-29,10.956984519958496,10.97639847384234,10.88321371689974,10.902626930216968,6132119
2018-08-30,10.84826946258545,11.05016940128373,10.7317879596711,11.034638978568458,15332297
2018-08-31,10.801676750183104,10.890978717659012,10.786146327414814,10.856034340722069,11598852
2018-09-03,10.852153778076172,10.8638014116074,10.735672258796784,10.782265014621885,6002812
2018-09-04,10.669665336608888,10.89097924079568,10.61142495243868,10.89097924079568,12181325
2018-09-05,10.440585136413574,10.650251393768524,10.393993128490216,10.595893804335736,18908166
2018-09-06,10.432821273803713,10.502709292242464,10.362932514798274,10.43670332435585,10517542
2018-09-07,10.549302101135254,10.592012063102477,10.460000126628051,10.460000126628051,10405142
2018-09-10,10.595894813537598,10.661900040954562,10.5104748899313,10.568715275665886,8276784
2018-09-11,10.63860321044922,10.654134373743918,10.491060861982705,10.63860321044922,7876594
2018-09-12,10.607542037963867,10.658017580072816,10.44835131082024,10.658017580072816,9503559
2018-09-13,10.63860321044922,10.685195959766691,10.549301243204576,10.592011201698371,7610824
2018-09-14,10.673547744750977,10.712374912993877,10.638603367389033,10.685196117393838,6527244
2018-09-17,10.689080238342283,10.7512034190344,10.638604691175734,10.638604691175734,7769179
2018-09-18,10.790029525756836,10.793911576170553,10.673548018045649,10.689079181967138,9737545
2018-09-19,10.673547744750977,10.77838087683681,10.626955735312809,10.770615295074904,7926243
2018-09-20,10.747319221496582,10.747319221496582,10.56483175409417,10.630837717514195,12397989
2018-09-21,10.793911933898926,10.910393445470506,10.696844377872615,10.766733136702229,29726457
2018-09-24,10.71625804901123,10.813325602461392,10.700726884987208,10.762850059949978,7478544
2018-09-25,10.751201629638672,10.793910846401907,10.689078459286138,10.704608881590968,5995202
2018-09-26,10.84826946258545,10.852152253405922,10.74343633213252,10.75120191377347,8060351
2018-09-27,10.929805755615234,10.960867341349523,10.75120182278472,10.824972626049522,8496259
2018-09-28,10.78226375579834,10.9608676943814,10.735671005412916,10.887096888740558,12701360
2018-10-01,10.786148071289062,10.828857296231943,10.739555314317943,10.782265279827572,7254435
2018-10-02,10.758967399597168,10.80944294272154,10.708492597039466,10.724023761252097,8520388
2018-10-04,10.922040939331056,10.980282064659509,10.743436993986029,10.786146955075784,12380954
2018-10-05,10.883214950561523,11.007461307235546,10.883214950561523,10.933689755247832,10287495
2018-10-08,10.83273983001709,10.894863010789704,10.793912656892523,10.82885703864796,8787715
2018-10-09,10.801676750183104,10.840503917953775,10.681313196603988,10.824972754618855,9096350
2018-10-10,11.09287929534912,11.205478006789372,10.832738236420449,10.852152190410123,25447028
2018-10-11,10.87156581878662,11.088996927803692,10.844387022730318,10.949220156576043,20729872
2018-10-12,10.758967399597168,10.964750882014474,10.739554184898052,10.960868090961316,14860439
2018-10-15,10.98416519165039,11.046288369371776,10.762850537880423,10.762850537880423,12519862
2018-10-16,11.073468208312988,11.201597366982408,10.991931067032397,11.0618198336824,14593782
2018-10-17,11.178299903869627,11.252070711898014,11.12394156989959,11.182181954341296,13637257
2018-10-18,11.298663139343262,11.42290948673554,11.224891592866603,11.244304806934156,18433583
2018-10-19,11.38020133972168,11.446207314857952,11.252072180994418,11.391849714357528,16325101
2018-10-22,11.310311317443848,11.457854417518258,11.252070931863605,11.457854417518258,8887652
2018-10-23,11.197712898254396,11.38796521199092,11.158885729201366,11.25983607251258,14525480
2018-10-24,11.298663139343262,11.434557859516058,11.213243220086088,11.263718761568354,15148918
2018-10-25,11.20936107635498,11.40737822800784,10.980281597546146,11.25983587685016,18381691
2018-10-26,11.026873588562012,11.197712684798738,10.910392824189984,11.139472302612726,16299250
2018-10-29,11.038521766662598,11.143354897089631,10.988046226575523,11.057934980193547,12173589
2018-10-30,11.17053508758545,11.17053508758545,11.038523145498653,11.10064632523753,12069574
2018-10-31,11.255953788757324,11.287015377286089,11.127824643505331,11.259836579894255,17594682
2018-11-01,11.221009254455566,11.353021189025242,11.15500328717073,11.244305260389428,9784673
2018-11-02,11.174416542053224,11.32972447282036,11.147237006173173,11.32972447282036,10278235
2018-11-05,11.236539840698242,11.26760142720091,11.127823917655585,11.13558949942291,8529534
2018-11-06,11.26371955871582,11.298663938963786,11.16665200037518,11.25595397631256,11979347
2018-11-07,11.399613380432127,11.477266976578868,11.259835870574705,11.263718661467037,10989686
2018-11-08,11.384081840515137,11.51997655498767,11.314193087896886,11.492797760206486,10368451
2018-11-09,11.411262512207031,11.461738059874198,11.28701614959052,11.298664523798344,10329856
2018-11-12,11.403496742248535,11.504446348236744,11.364669571947935,11.461737127416097,7801557
2018-11-13,11.58209991455078,11.58986549620509,11.46561915200264,11.496680738053254,13009939
2018-11-14,11.620926856994627,11.706346031836384,11.5238593098972,11.582099690042336,11957721
2018-11-15,11.593749046325684,11.733525822424337,11.496681490989578,11.675285437336006,10538001
2018-11-16,11.749056816101074,11.830593205927125,11.644223680124728,11.648106471149775,21502476
2018-11-19,11.780118942260742,11.838359329165607,11.741291770801933,11.749057353207036,11060596
2018-11-20,11.791768074035645,11.834477298876353,11.717996517577337,11.784002491131243,16423742
2018-11-21,11.8849515914917,11.892716433008964,11.756822449373484,11.822828415953577,13337421
2018-11-22,11.733526229858398,11.842242162213882,11.733526229858398,11.803414990617874,9028505
2018-11-23,11.81894588470459,11.87330347935362,11.71411274596716,11.745174334418987,7641534
2018-11-26,11.93931007385254,11.943192865183589,11.679168979206093,11.86553851969607,18040750
2018-11-27,12.020845413208008,12.032493786177003,11.92377786016634,11.927660651156009,12045874
2018-11-28,11.943192481994627,12.036377249249847,11.869420930205068,12.020846084423964,12288249
2018-11-29,11.94707489013672,12.036376863322138,11.896599346637707,11.9703708960619,10069346
2018-11-30,12.024728775024414,12.051908313242317,11.85777319794318,11.954840755592748,17893037
2018-12-03,11.993666648864746,12.114030948165729,11.916013050564109,12.08685141116551,12313199
2018-12-04,11.982019424438477,12.06743860764784,11.966488259909491,11.966488259909491,11675291
2018-12-05,11.896597862243652,11.989782614883952,11.787882687779929,11.896597862243652,9646800
2018-12-06,11.67140293121338,11.947075180193162,11.628693709408084,11.85777320483963,17399678
2018-12-07,11.733526229858398,11.83447657978134,11.69469979882909,11.725761387992558,11800541
2018-12-10,11.636457443237305,11.756821736540395,11.56268663961278,11.698580615008812,15020443
2018-12-11,11.706347465515137,11.830593822525662,11.648107078237292,11.68305145871734,14772009
2018-12-12,11.795650482177734,11.861656457730774,11.752941256043488,11.760706839183085,10515630
2018-12-13,11.706347465515137,11.85777336111758,11.562687892934232,11.818946189410116,13070988
2018-12-14,11.729642868041992,11.752939614206324,11.61704489051438,11.686933647874046,11300027
2018-12-17,11.8150634765625,11.91601382744492,11.725761499439605,11.749057506391944,12100418
2018-12-18,11.756821632385254,11.877185184055406,11.679167298075509,11.84224080767268,18581554
2018-12-19,11.93931007385254,11.970371663934202,11.795649756870649,11.795649756870649,13821104
2018-12-20,11.745174407958984,11.931543939836876,11.725761192767546,11.842241965049556,18471957
2018-12-21,11.655872344970703,11.72576110403773,11.551039206370165,11.72576110403773,33422157
2018-12-27,11.329724311828612,11.6364573781643,11.17053359248352,11.578216997525027,15281161
2018-12-28,11.508328437805176,11.519976810355304,11.294780125019258,11.345254924936548,7217393
2019-01-02,11.508328437805176,11.578217191972678,11.345254924936548,11.44620526533776,8351335
2019-01-03,11.593749046325684,11.67140264625456,11.450088738578913,11.457854320741802,10370848
2019-01-04,11.683051109313965,11.717995488748937,11.57821797100905,11.655872312101582,10704000
2019-01-07,11.69858169555664,11.776236037726935,11.58986650519826,11.72964328431142,8086509
2019-01-08,11.54327392578125,11.737409043566606,11.453971949335996,11.651989858345065,16750939
2019-01-09,11.469501495361328,11.585982253365115,11.279248455086355,11.570451090662424,16543729
2019-01-10,11.47726821899414,11.523860974179165,11.35302185925637,11.42679341306319,10142787
2019-01-11,11.442322731018066,11.543273073682526,11.422909516899251,11.481149899822343,8783538
2019-01-14,11.419027328491213,11.485033296771316,11.372435315920956,11.42291011963318,7653206
2019-01-15,11.403496742248535,11.527743094757108,11.306429186780376,11.516094721496923,9769905
2019-01-16,11.39573097229004,11.434558141950822,11.314193841945729,11.430675350928077,8443876
2019-01-17,11.329724311828612,11.411260696610269,11.28701435376206,11.356903106755832,9735389
2019-01-18,11.562686920166016,11.562686920166016,11.345255073123424,11.360786236726454,16644399
2019-01-21,11.28313159942627,11.469501854867252,11.255952804411251,11.426791896662728,15300345
2019-01-22,11.290898323059082,11.333608285583582,11.209361929766889,11.244305569344474,10944287
2019-01-23,11.224891662597656,11.325842005622665,11.189947284605667,11.193830075556626,9772427
2019-01-24,11.019109725952148,11.221010440225758,10.828857386159738,11.18218326585518,20777270
2019-01-25,10.945337295532228,11.085114065864696,10.879331331003938,11.085114065864696,20165942
2019-01-28,11.026873588562012,11.085113970748024,10.883214028540952,10.887096819428905,14590580
2019-01-29,11.09287929534912,11.127823671963917,11.0191077513216,11.096762086147056,9204159
2019-01-30,11.054052352905272,11.081231889043968,10.941454379740083,11.054052352905272,11097284
2019-01-31,11.019109725952148,11.10064686618704,10.863801769036584,11.054054108828996,21600742
2019-02-01,11.03464126586914,11.10064724236591,10.94922207181258,11.03464126586914,16620406
2019-02-04,10.991929054260254,11.092879394206346,10.902627086811776,11.03463901285154,9953896
2019-02-05,11.248188018798828,11.255953600943116,10.99192973257071,11.015226479003577,15330347
2019-02-06,11.135590553283691,11.321960089937525,11.116176597028058,11.244305746048406,9314379
2019-02-07,11.01522731781006,11.139473679313298,10.991930569603152,11.096763714834037,11171046
2019-02-08,10.980281829833984,11.050169845713487,10.9181586553411,11.015226208057063,11629891
2019-02-11,10.995811462402344,11.054051841730194,10.953101505297504,11.026873047414972,9068889
2019-02-12,10.991929054260254,11.100644975871422,10.984164213161808,11.065700598945211,9090292
2019-02-13,10.999695777893066,11.073467330236848,10.929807016784927,11.065701747765566,8409993
2019-02-14,10.98416519165039,11.10452875591474,10.89486247568004,11.069584375875625,9518145
2019-02-15,11.073468208312988,11.088998633920342,10.848271482755624,10.991931067032397,16305630
2019-02-18,11.166651725769045,11.18606494073309,11.06181858760316,11.09676296699179,8434930
2019-02-19,11.244304656982422,11.294780197791557,11.166651061181144,11.189947065864864,9923021
2019-02-20,11.32196044921875,11.353022039646737,11.22489288656045,11.279250484667743,9167077
2019-02-21,11.364670753479004,11.446207153077204,11.096764065175227,11.40349792781628,15326643
2019-02-22,11.399613380432127,11.419026594327152,11.302545829823726,11.34913783939844,9852458
2019-02-25,11.32196044921875,11.434559177374409,11.32196044921875,11.422910803251389,9945867
2019-02-26,11.255953788757324,11.302546541833816,11.197713402836726,11.29089816842302,11799573
2019-02-27,11.244304656982422,11.310310620725158,11.189947065864864,11.2559530296076,9032299
2019-02-28,11.248188018798828,11.306429144314317,11.182182051705729,11.213243639716206,11195219
2019-03-01,11.27924919128418,11.36466911059115,11.18606443068565,11.27924919128418,11061934
2019-03-04,11.32584285736084,11.387966036114753,11.310311692389009,11.337491231089713,8500642
2019-03-05,11.407378196716309,11.485032533259952,11.306428596002863,11.325841809855456,11026909
2019-03-06,11.403496742248535,11.481150342283057,11.368552363034665,11.407378792768585,8297786
2019-03-07,11.54715633392334,11.613162301403255,11.395731184055698,11.403496766245496,14003412
2019-03-08,11.54327392578125,11.648107067121352,11.50832954533455,11.53162629267682,12362859
2019-03-11,11.620926856994627,11.63645727943558,11.551038104593824,11.570451317786665,8673470
2019-03-12,11.651989936828612,11.655872728078478,11.519977996600051,11.648107145578749,9673788
2019-03-13,11.733526229858398,11.74129181229094,11.64810704480054,11.655872627233082,10710337
2019-03-14,11.795650482177734,11.857774406727744,11.737410089764293,11.760706839183085,9465979
2019-03-15,12.005314826965332,12.009197617902329,11.772352554712104,11.803414141641426,33664034
2019-03-18,12.152856826782228,12.195566785282107,11.978135683091724,11.993666105822008,14489336
2019-03-19,12.183918952941896,12.296517670136309,12.12567856912984,12.191684534934613,12824510
2019-03-20,12.164505958557127,12.238277507688991,12.102382782625035,12.214980761289452,11272979
2019-03-21,12.269338607788086,12.300400194519026,12.121795515391131,12.137326679039925,11581029
2019-03-22,12.148975372314451,12.331462106602622,12.148975372314451,12.292634937022871,15556560
2019-03-25,12.075203895568848,12.25769063093604,12.055789940380848,12.141209862074712,10622857
2019-03-26,12.141209602355955,12.19168440363169,12.00143209025908,12.07132084630752,9518525
2019-03-27,12.141209602355955,12.203332776495314,11.970370503189404,12.11403080624082,12612504
2019-03-28,12.059673309326172,12.199450831111337,12.059673309326172,12.125679278995088,15271969
2019-03-29,12.031211853027344,12.128795093179782,11.917364351754836,12.03527791830736,15964412
2019-04-01,12.062926292419434,12.114970843203588,11.971848910189166,12.072684694161628,12465810
2019-04-02,12.054794311523438,12.080816197803497,12.014134435628549,12.080816197803497,9258529
2019-04-03,12.154003143310549,12.154003143310549,12.04828778207272,12.101958598122495,11751095
2019-04-04,12.240201950073242,12.240201950073242,12.105211384033606,12.149123800276266,10102252
2019-04-05,12.184904098510742,12.269476383907502,12.123101155255794,12.264596796007083,10753810
2019-04-08,12.176773071289062,12.261345364341464,12.154003727086128,12.199542415492,8205601
2019-04-09,12.171894073486328,12.217432761200122,12.144245141361464,12.181651698977046,7610680
2019-04-10,12.137740135192873,12.236950423213564,12.137740135192873,12.186532143688511,8475054
2019-04-11,12.08406925201416,12.157256876623237,11.975101338372436,12.139367119868243,10990414
2019-04-12,12.058046340942385,12.11496969946232,12.0320236802457,12.08406822611647,9280688
2019-04-15,12.158883094787598,12.158883094787598,12.049915181619577,12.053167723647675,8114073
2019-04-16,12.157256126403809,12.232070017417271,12.157256126403809,12.17677292849821,9478214
2019-04-17,12.019012451171877,12.075936583857558,11.83523066188307,12.062924866058069,15716992
2019-04-18,12.106837272644045,12.116595673225682,11.9864846995006,11.996243100082236,18453854
2019-04-23,12.197916030883787,12.22719123409588,12.088948123704055,12.100332795699432,9865756
2019-04-24,12.054794311523438,12.15725636121412,11.997870175061545,12.11984980274621,11872346
2019-04-25,12.13286018371582,12.13286018371582,11.988111218362322,12.012507608082435,7105341
2019-04-26,12.165388107299805,12.222311466441363,12.097080076329934,12.160509294597356,8119750
2019-04-29,12.157256126403809,12.168640798371774,12.10683785024704,12.155629855483044,5866035
2019-04-30,12.127981185913086,12.15725638968869,12.074310366752462,12.145871717474172,10510424
2019-05-02,12.189783096313477,12.223937110045728,12.103584538812886,12.11171666842225,8689765
2019-05-03,12.131234169006348,12.191410070332438,12.105211507859906,12.132860439917511,7737729
2019-05-06,12.11171817779541,12.13774006516117,12.0352780111955,12.036904282215527,7237811
2019-05-07,12.08569622039795,12.282488972088814,12.07593781881167,12.139367041361153,12981821
2019-05-08,12.140993118286133,12.225565413666809,12.075937625766022,12.075937625766022,9134555
2019-05-09,12.07268524169922,12.220686770058448,12.062926839514446,12.140994056992628,10019683
2019-05-10,12.127981185913086,12.214180526283911,12.08894835640158,12.108465158918648,12181383
2019-05-13,11.905166625976562,12.124728716805398,11.843363676142284,12.106838185136889,13031794
2019-05-14,12.090576171875,12.090576171875,11.900288486309115,11.96046517250361,11059359
2019-05-15,12.088948249816896,12.09057452075854,11.953957679866196,12.036903702071116,10856766
2019-05-16,12.365433692932127,12.365433692932127,12.046661342812982,12.046661342812982,13779860
2019-05-17,12.36868667602539,12.412599092335553,12.279235572508036,12.306883728802717,12572653
2019-05-20,12.430490493774414,12.528073734133413,12.33128020688184,12.368687542223585,17377610
2019-05-21,12.293872833251951,12.526446633916132,12.293872833251951,12.44187434276552,15102277
2019-05-22,12.271102905273438,12.33615839144205,12.119848861155289,12.25809196314423,12737061
2019-05-23,12.235321998596191,12.25483879979627,12.110090612687088,12.15725556931846,12697835
2019-05-24,12.254839897155762,12.381698340793225,12.22881801024058,12.259719485654012,8843188
2019-05-27,12.373565673828123,12.41585181987387,12.267851084236376,12.269477355157733,4273897
2019-05-28,12.409346580505373,12.409346580505373,12.25483921207561,12.349169904034422,26377323
2019-05-29,12.331278800964355,12.393081745468889,12.29712478706108,12.311762775535747,10324199
2019-05-30,12.36380672454834,12.419103807567083,12.256464324482796,12.331278207513458,5196557
2019-05-31,12.28736686706543,12.363807803033742,12.285740596176334,12.295498997033508,10839736
2019-06-03,12.380071640014648,12.380071640014648,12.220685455505135,12.272730003051366,8863512
2019-06-04,12.388203620910645,12.471149641797858,12.287367068904295,12.329653214805807,10574809
2019-06-05,12.43862247467041,12.456513007735971,12.355677220281647,12.386578697611853,7424557
2019-06-06,12.485787391662598,12.523193950900186,12.412599768650413,12.433742842508986,8052222
2019-06-07,12.513435363769531,12.536205483798485,12.412599584452588,12.48253466445569,8324232
2019-06-11,12.464645385742188,12.563854904069863,12.430491365549646,12.563854904069863,11893898
2019-06-12,12.580118179321287,12.601261253332446,12.410973587232034,12.425610801731048,8735565
2019-06-13,12.571985244750977,12.70860208158727,12.532951641219864,12.604512989186036,9027022
2019-06-14,12.515061378479004,12.5329511331033,12.450005892246391,12.518313920133863,7049267
2019-06-17,12.485787391662598,12.571985958082523,12.4678968597753,12.516688866957637,6765121
2019-06-18,12.66794204711914,12.772031138205335,12.46464345308779,12.547589471782183,14795956
2019-06-19,12.62077808380127,12.718361323559815,12.547590460101697,12.710229193032609,8512190
2019-06-20,12.567106246948242,12.671194562293577,12.552468258078404,12.656557348946327,11169151
2019-06-21,12.532951354980469,12.619149914540824,12.476027997399834,12.562226556960187,24196070
2019-06-24,12.487412452697754,12.54758912647146,12.453258438740749,12.544335809292768,6504240
2019-06-25,12.487412452697754,12.51018179533576,12.39308176496704,12.453258438740749,5707353
2019-06-26,12.417479515075684,12.492293410025107,12.394709394419202,12.417479515075684,5707759
2019-06-27,12.336158752441406,12.417478500293155,12.285740477752418,12.417478500293155,6739247
2019-06-28,12.370312690734863,12.388203221276862,12.269476917504008,12.32640027533412,8940974
2019-07-01,12.39145565032959,12.477654209483932,12.350795777025258,12.474401667786813,7211126
2019-07-02,12.381698608398438,12.45813877532686,12.344292048209066,12.422358486164503,6722570
2019-07-03,12.495545387268066,12.53620526267902,12.401214693460988,12.409346823647702,5455949
2019-07-04,12.62077808380127,12.628909438805827,12.506930582988304,12.53132619904728,5272942
2019-07-05,12.571985244750977,12.724865566043498,12.529699099433138,12.643546592717149,6434241
2019-07-08,12.562226295471191,12.61752338104457,12.52319269364407,12.52319269364407,4254295
2019-07-09,12.571985244750977,12.653304993599926,12.539457500315915,12.547589630305332,6123315
2019-07-10,12.531325340270996,12.573611485487412,12.479280794195205,12.562226813738578,6786763
2019-07-11,12.45163345336914,12.55084296382603,12.417479435886207,12.532952431825263,7086897
2019-07-12,12.397961616516112,12.47440177571789,12.34591707129898,12.450006161733247,7287245
2019-07-15,12.246708869934082,12.404468017684168,12.23857673923447,12.36380891523144,7474913
2019-07-16,12.197916030883787,12.267851109303349,12.119849597840826,12.230443775945242,6519827
2019-07-17,12.093827247619627,12.16538859880495,12.06780536111004,12.157256468449717,8037530
2019-07-18,12.01088047027588,12.14749652033931,11.944197940481066,11.975099411478045,8602685
2019-07-19,11.940946578979492,12.054794074138757,11.86775895891444,12.02714514192836,8969422
2019-07-22,11.95395851135254,11.957211828984748,11.861254857049522,11.903540231041442,6956324
2019-07-23,11.984858512878418,12.06617825978934,11.95395704007317,12.00274904332424,9428169
2019-07-24,12.04666233062744,12.0856959360542,11.997870323843992,12.0450360596551,7417550
2019-07-25,11.918177604675291,12.11984993995812,11.90679293235855,12.088948464949064,11498271
2019-07-26,12.071057319641112,12.071057319641112,11.939320071448329,12.02551863268893,9270874
2019-07-29,12.313389778137209,12.516688378335802,12.10195904780524,12.152377324005004,16631183
2019-07-30,12.106837272644045,12.38494975041431,12.074309529212773,12.323147580760695,10094814
2019-07-31,12.100333213806152,12.145871903361176,12.019013460581348,12.132860959991548,8050992
2019-08-01,12.240201950073242,12.33778518344833,12.085695357776668,12.10033257135002,10423002
2019-08-02,12.058046340942385,12.238575592845724,12.00762806595467,12.165387974450034,14713155
2019-08-05,11.919803619384766,12.11984967939626,11.898660546176416,11.978353250680318,12451315
2019-08-06,11.872637748718262,12.006001261472749,11.867758160763367,11.994616590274743,9466347
2019-08-07,11.893781661987305,11.960463423083397,11.778307895502234,11.905166333990962,10282535
2019-08-08,11.830352783203123,11.892154957777588,11.771802375051356,11.791319177768612,11375607
2019-08-09,11.752285957336426,11.820594769084606,11.703494724467532,11.750659686310485,9622585
2019-08-12,11.760417938232422,11.828725973588108,11.747406994667909,11.75879166722719,6509636
2019-08-13,11.862879753112791,11.950704584071998,11.770175334032194,11.779933734752394,12006227
2019-08-14,11.822220802307127,11.944199657548426,11.73764850647804,11.88077043567661,9600211
2019-08-15,11.91167163848877,11.94907897256747,11.757165040351202,11.794571598907272,11289169
2019-08-16,12.101959228515623,12.108465087823992,11.918177427683784,11.918177427683784,11908927
2019-08-19,12.183279037475586,12.219059325033784,12.12147608808382,12.176773178136536,8399631
2019-08-20,12.168641090393066,12.243454983201902,12.131234531749964,12.189784163915622,6413016
2019-08-21,12.100333213806152,12.173520836603949,12.084068952952132,12.116596699137528,7222423
2019-08-22,12.056421279907228,12.16701546627899,12.022267261367949,12.058047550953477,6858848
2019-08-23,12.014134407043455,12.126354857702813,12.012508136095152,12.075937356214832,7443192
2019-08-26,12.045035362243652,12.074309789096086,11.96534188503207,11.996243358285277,4311150
2019-08-27,12.116597175598145,12.116597175598145,11.975101512903784,12.093827829925274,9919165
2019-08-28,12.139366149902344,12.189783649619258,12.088947874662832,12.121475619054188,5972871
2019-08-29,12.311762809753418,12.336158423248904,12.124727704894491,12.124727704894491,8107241
2019-08-30,12.341036796569824,12.393081338891356,12.305256513014884,12.31176237162603,7763142
2019-09-02,12.40121364593506,12.497170602569506,12.311762548004957,12.3198939019822,4704712
2019-09-03,12.354048728942873,12.427235568099478,12.310135539717328,12.406092496648222,6052293
2019-09-04,12.357301712036133,12.410972527982022,12.313389296764276,12.409346257123447,5363717
2019-09-05,12.26297092437744,12.389829356601856,12.209300108861155,12.378444685160376,7385903
2019-09-06,12.272730827331545,12.310137387926195,12.20442279032078,12.26947828524227,6881226
2019-09-09,12.225564002990724,12.345916572713492,12.210926014773015,12.27110268739568,5186122
2019-09-10,12.240201950073242,12.254839163646595,12.152377117587925,12.24182822096777,7741925
2019-09-11,12.271102905273438,12.274355446925098,12.150750333413765,12.26622331727338,6802500
2019-09-12,12.341036796569824,12.448378422757186,12.219057957910566,12.266222912393102,8597578
2019-09-13,12.308510780334473,12.380072133000503,12.27273049176278,12.347544386429156,8643025
2019-09-16,12.305256843566896,12.326399915217896,12.251586029031472,12.28574004273173,5979640
2019-09-17,12.306883811950684,12.380071431469624,12.292246598255938,12.324774342984066,5613644
2019-09-18,12.365433692932127,12.368686234610108,12.277608087923532,12.290619805680596,6098587
2019-09-19,12.399588584899902,12.43862141436655,12.33778563550776,12.36868711020383,6949498
2019-09-20,12.505303382873535,12.52156686719696,12.409346421245267,12.423983634688613,24264215
2019-09-23,12.542710304260254,12.542710304260254,12.435368667828728,12.490665756971843,7803419
2019-09-24,12.469522476196287,12.563853168115328,12.469522476196287,12.5280728817416,6079753
2019-09-25,12.43862247467041,12.521568504581865,12.381699108810928,12.430491119206694,6607955
2019-09-26,12.542710304260254,12.552468705346994,12.406093464568508,12.438621209683436,7734027
2019-09-27,12.49229335784912,12.594755410523394,12.49066631132694,12.563853934964364,6884774
2019-09-30,12.518315315246582,12.539458389404617,12.436995560631797,12.466270765355835,6759195
2019-10-01,12.47277545928955,12.584995903627007,12.425609726832617,12.52319295793728,7800446
2019-10-02,12.240201950073242,12.500423905740146,12.240201950073242,12.467896161281782,10061426
2019-10-04,12.305256843566896,12.311762702352803,12.201167756127724,12.274355371498311,9200288
2019-10-07,12.40121364593506,12.40121364593506,12.249959604642587,12.249959604642587,5353696
2019-10-08,12.41910457611084,12.45813740302765,12.337784829536307,12.401214045739025,7194802
2019-10-09,12.482535362243652,12.580118605092602,12.409347736226271,12.420732409115848,7166670
2019-10-10,12.445127487182615,12.518315110031615,12.397962526613725,12.485787363823468,10646200
2019-10-11,12.568732261657717,12.575237345002764,12.409346086865424,12.453258501534794,10727258
2019-10-14,12.601261138916016,12.620777941752593,12.54271073040629,12.560601262260258,5973679
2019-10-15,12.785042762756348,12.830581451714949,12.635414977158693,12.651678462277063,11380601
2019-10-16,12.77365779876709,12.827328616820353,12.648425631468603,12.789921283514005,11786605
2019-10-17,12.882625579833984,12.955813199286032,12.755767142853449,12.755767142853449,12305976
2019-10-18,12.95581340789795,12.95581340789795,12.82732869794205,12.895636730251788,10141910
2019-10-21,12.99647331237793,13.072913475044848,12.946055035737894,12.96231852062404,9850307
2019-10-22,13.12658405303955,13.146100854963418,12.965571600451558,13.004604428776686,8831555
2019-10-23,13.21766185760498,13.219288904087026,13.094055958417965,13.120079395859108,8058474
2019-10-24,13.00460433959961,13.206276665558956,12.985088313332176,13.186759863768922,10827792
2019-10-25,13.015990257263184,13.022495341079862,12.907021572584863,13.015990257263184,6583589
2019-10-28,12.93304443359375,12.986715253521064,12.861483081849787,12.985088982541848,7919133
2019-10-29,12.734624862670898,12.970451220293596,12.692338714378682,12.96394613626258,10159439
2019-10-30,12.781790733337402,12.815944751425796,12.71836151023496,12.776911144740396,6492048
2019-10-31,12.82244873046875,12.885877948104776,12.752514429294216,12.770404960070303,10483739
2019-11-01,12.698843955993652,12.890757884977653,12.674448341019152,12.889131614049036,8266126
2019-11-04,12.739502906799316,12.773656920389598,12.60613861853683,12.746007990041717,7973279
2019-11-05,12.715106964111328,12.755766837892896,12.651677747137503,12.755766837892896,7734064
2019-11-06,12.747634887695312,12.78178967848766,12.674448044484114,12.690711528912402,7321126
2019-11-07,12.487412452697754,12.576863552421717,12.271102922114132,12.56385261027465,24791977
2019-11-08,12.555720329284668,12.674447404573067,12.436994029518829,12.458137101073945,14046374
2019-11-11,12.4402494430542,12.492293995308165,12.415853050248389,12.458139200484569,9220167
2019-11-12,12.484160423278809,12.521566980426767,12.397961861674162,12.467896163285712,7639054
2019-11-13,12.425610542297363,12.531325910145922,12.40446746872765,12.48578722107966,7976825
2019-11-14,12.302005767822266,12.425610895302624,12.293873637251508,12.401215279113009,9481023
2019-11-15,12.35567569732666,12.38657717084796,12.269477135854514,12.384950124433072,12483791
2019-11-18,12.367059707641602,12.39470786237696,12.28573996319572,12.371938520057526,11510994
2019-11-19,12.324774742126465,12.401214905936982,12.284114866018866,12.389830233689567,8366225
2019-11-20,12.27923583984375,12.31338985599272,12.236949693509988,12.3085102676728,8222629
2019-11-21,12.246708869934082,12.315016906556428,12.241829281305249,12.280862888245256,10244944
2019-11-22,12.27760887145996,12.32965341924189,12.245081126036585,12.280862188868136,8843706
2019-11-25,12.261345863342283,12.302005740583388,12.240202789218724,12.287367750483906,6058437
2019-11-26,12.240201950073242,12.27923555363232,12.173520190261987,12.262971293641836,13241276
2019-11-27,12.402841567993164,12.482535051760632,12.215807217732191,12.24020283395696,13829992
2019-11-28,12.370312690734863,12.417478423384887,12.34429080587612,12.37681854971084,4384133
2019-11-29,12.389830589294434,12.446753952165269,12.324775095864148,12.360555384594008,7778433
2019-12-02,12.12147617340088,12.45163322060952,12.114970314016038,12.441874819293576,13205954
2019-12-03,12.131234169006348,12.189783799421274,12.0873217523145,12.175146585698196,11017685
2019-12-04,12.22393798828125,12.235322660343272,12.080816064277569,12.155629955909118,9543572
2019-12-05,12.206048965454102,12.274357001928122,12.194664292708431,12.249961385404925,6929593
2019-12-06,12.249959945678713,12.290619818787102,12.171893516665952,12.21580593145579,6354957
2019-12-09,12.217432022094728,12.267850295026388,12.197915221248758,12.238575093757431,5854066
2019-12-10,12.110092163085938,12.178400200508792,12.02226732196436,12.171895116291005,10256460
2019-12-11,12.113343238830566,12.160508971313345,12.03852935072374,12.110090697115403,8348248
2019-12-12,12.017385482788086,12.14912271980008,12.0108803997885,12.142617636800496,10494836
2019-12-13,12.004375457763672,12.140992292978163,12.001122916015555,12.140992292978163,12502008
2019-12-16,12.103586196899414,12.12147672938635,12.056421234644526,12.067805907448212,9409980
2019-12-17,12.08406925201416,12.171894866858649,12.0580473646309,12.087322569579063,10182614
2019-12-18,11.98811149597168,12.113343662658131,11.98811149597168,12.06780497496219,12709253
2019-12-19,11.981606483459473,12.038529843417408,11.86938525894513,12.023892629577542,14128543
2019-12-20,12.036903381347656,12.123101943139105,11.936067605948782,11.981606293191977,29026065
2019-12-23,11.970221519470217,12.02714487803958,11.932814187037064,11.999495946435832,8469794
2019-12-27,11.966968536376951,12.001123327995,11.882397019364634,12.001123327995,5591396
2019-12-30,11.848241806030272,11.991364500082572,11.848241806030272,11.97997982845598,5774093
2020-01-02,11.880769729614258,11.927935463228124,11.81896755793116,11.871011328712168,9435019
2020-01-03,11.884023666381836,11.89540833877393,11.805956455095885,11.84824260270156,9232877
2020-01-06,11.85474681854248,11.882395747959963,11.762042405754784,11.856373089298357,7337533
2020-01-07,11.877516746520996,11.971847434721342,11.851494862097317,11.853121132933474,9646934
2020-01-08,11.830352783203123,11.877517743500963,11.76692356213336,11.843363726507084,10757370
2020-01-09,12.07593822479248,12.097081299686453,11.877518419897685,11.880770962028238,14510060
2020-01-10,12.004375457763672,12.085695205647262,11.99299078612268,12.04991414432764,7884365
2020-01-13,11.914923667907717,12.054793036798555,11.892153550417188,12.051539719715596,8384403
2020-01-14,11.905166625976562,11.91980384019094,11.823846873508025,11.906792896942312,8657045
2020-01-15,11.93769359588623,11.962089209831976,11.858000119563672,11.927935195203416,7501201
2020-01-16,11.950703620910645,11.96371456231477,11.895406538301218,11.932813091778394,6333041
2020-01-17,11.93769359588623,11.989738141020382,11.9132972064179,11.968595068794714,9930537
2020-01-20,12.002748489379885,12.020638243477483,11.801076177787236,11.897033133483635,6888096
2020-01-21,12.06130027770996,12.077564539466826,11.92956301467464,11.960464491594534,8318716
2020-01-22,12.090576171875,12.167016345229554,12.058048422032153,12.13611486655044,8317278
2020-01-23,11.927935600280762,12.07431006444875,11.921429741097082,12.07431006444875,9570257
2020-01-24,12.035277366638184,12.05967298167739,11.926309458905594,11.93118827170439,7880248
2020-01-27,11.84336280822754,12.017386197171938,11.841736537380967,11.975100053070769,9635192
2020-01-28,12.12472915649414,12.14261968881143,11.89866119808159,11.91329841282677,11638999
2020-01-29,12.082443237304688,12.152378321355094,12.049915489624253,12.090575368105466,7517399
2020-01-30,11.936068534851074,11.99299189833502,11.880770666869338,11.94419988997545,11617733
2020-01-31,11.877516746520996,12.006001448848387,11.864505804309156,11.934440103399403,11378907
2020-02-03,11.903539657592772,11.955584206451409,11.864506827590777,11.93606817921173,8341657
2020-02-04,11.93281364440918,11.983231917147972,11.898659630820667,11.94094577398432,8422039
2020-02-05,11.978353500366213,11.978353500366213,11.885649850922317,11.911671737479956,9254510
2020-02-06,12.074311256408691,12.154004743304906,11.970222927852632,11.992992273959354,7640151
2020-02-07,12.118224143981934,12.155630704339549,12.048289060847033,12.053167873950024,7507806
2020-02-10,12.087322235107422,12.152377727288064,12.03853022821062,12.144245596884822,5854479
2020-02-11,12.541083335876465,12.640292836631197,12.472775307590764,12.563852678638366,25566634
2020-02-12,12.69559097290039,12.72486539964331,12.554094549711726,12.56710626773368,14988169
2020-02-13,12.65330410003662,12.695590242368256,12.492291660125218,12.61427049926202,12786034
2020-02-14,12.71022891998291,12.760647197541305,12.63216248495768,12.63216248495768,8102383
2020-02-17,12.749261856079102,12.793174271946103,12.71836038277962,12.747634809675892,5682800
2020-02-18,12.921659469604492,12.937922954552256,12.669568860971829,12.677700991207022,11333575
2020-02-19,13.458367347717283,13.512038168293632,13.110320537231798,13.133089882261444,24154334
2020-02-20,13.520169258117676,13.61937876111682,13.406322541732624,13.458366311781452,13116257
2020-02-21,13.417707443237305,13.526676124390647,13.33638769397834,13.49902719249627,16814487
2020-02-24,13.14122200012207,13.33313593721298,13.082671591082818,13.201397904635988,17975950
2020-02-25,12.833833694458008,13.230673269203145,12.776910334586727,13.222541139072217,17576512
2020-02-26,12.796428680419922,12.88750606720131,12.593130055756944,12.851725776040436,19234654
2020-02-27,12.46139144897461,12.728119271689032,12.391456369768074,12.604513373751017,24573629
2020-02-28,11.99949550628662,12.31664158280266,11.84011010813876,12.1816510225496,36292177
2020-03-02,11.983231544494627,12.271102408112874,11.74415268128733,12.006000886178892,23089669
2020-03-03,12.007628440856934,12.262971590011343,11.95721093981768,12.157256224086105,24369814
2020-03-04,12.227190971374512,12.227190971374512,11.923055824838295,12.014133974366963,17248629
2020-03-05,12.176773071289062,12.321522042251091,12.056420490992426,12.282488437604565,14853864
2020-03-06,11.89866065979004,12.126354878926502,11.792945292738883,12.059673116793505,22127577
2020-03-09,11.109862327575684,11.495316478042437,11.075708309595589,11.41562376942222,36334539
2020-03-10,10.638208389282228,11.31641296016387,10.618691588238896,11.209071329948117,34779537
2020-03-11,10.516230583190918,10.939091286902563,10.465812304776987,10.734166406782348,25851639
2020-03-12,9.395648002624512,10.103127036483436,9.076875637001692,10.012049660889838,47355263
2020-03-13,9.368000030517578,10.078731620213787,9.205360527143457,9.755080435460922,32959263
2020-03-16,8.89797306060791,9.15494246760784,8.462100676114114,9.018325634330294,36811536
2020-03-17,9.304570198059082,9.489978258057128,8.540167064173088,9.211865780298773,28947423
2020-03-18,8.80852222442627,9.514375041615008,8.735334598829414,9.026458830173762,31849359
2020-03-19,9.382637977600098,9.59081541040913,8.8020173248247,8.907732700067731,31606779
2020-03-20,9.82826805114746,10.143787105443232,9.538770107561088,9.805497931291155,45811631
2020-03-23,9.320834159851074,9.771343778435696,9.294812273982176,9.533891161672177,26546345
2020-03-24,9.785982131958008,9.785982131958008,9.44769294993879,9.62496967140601,24593524
2020-03-25,9.750201225280762,10.041324675755488,9.223251416393431,10.012050246472556,25924784
2020-03-26,9.735563278198242,9.735563278198242,9.275295268615697,9.581055910728429,22545943
2020-03-27,9.516000747680664,9.720926397394225,9.374505093539618,9.49811099174636,19980194
2020-03-30,9.746949195861816,9.77134481338815,9.463957085570094,9.603827257378574,16038883
2020-03-31,9.607078552246094,9.943740667176325,9.488352246703952,9.93072972455306,19526969
2020-04-01,9.368000030517578,9.640419414967187,9.319208024400815,9.372065320131568,16196604
2020-04-02,9.473713874816896,9.668881108369083,9.189096317404331,9.433054777702647,16096682
2020-04-03,9.465582847595217,9.530638335851735,9.359867485297716,9.465582847595217,10640646
2020-04-06,9.908773422241213,9.941301164978244,9.65668283438728,9.709540125514,14335620
2020-04-07,10.07141399383545,10.29910823499824,10.022621982967785,10.164931174515544,15001793
2020-04-08,10.055148124694824,10.152731355311728,9.904707601648065,10.00635689714766,12427461
2020-04-09,10.055148124694824,10.116137546890066,9.904707601648065,10.042950705569323,13209569
2020-04-14,10.17712688446045,10.229984172422927,10.055147274856822,10.152730497226216,12295418
2020-04-15,9.91690444946289,10.209654899970896,9.815255159819284,10.148664705766704,13234103
2020-04-16,9.92910385131836,10.071413029236322,9.872180490360224,9.990093277419591,10566157
2020-04-17,10.173062324523926,10.356030602706724,10.132402448642427,10.181194454804752,17697498
2020-04-20,10.303173065185549,10.323502614887994,10.071412786278165,10.274711385393076,9926789
2020-04-21,9.92910385131836,10.25031524239692,9.92910385131836,10.246249952776449,13660226
2020-04-22,10.21778678894043,10.229984983524702,9.981960455635871,9.986026520497298,10628318
2020-04-23,10.229984283447266,10.33569963604205,9.994157966281216,10.205588671470784,12004929
2020-04-24,10.234052658081056,10.44548341099519,10.051083588150997,10.116139085121084,14028630
2020-04-27,10.5389986038208,10.555262087235494,10.331633955506245,10.408887634413052,13412347
2020-04-28,10.49020767211914,10.604055169720151,10.42108611563328,10.54713180868096,12551150
2020-04-29,10.88460636138916,10.92933152246412,10.534932549130543,10.57152635625168,15197859
2020-04-30,10.8358154296875,11.0269166136337,10.76669387336023,10.937464731608626,19948004
2020-05-04,10.478010177612305,10.697572265431068,10.421086041455672,10.648781035036954,17206611
2020-05-05,10.55932903289795,10.693506078233934,10.49833960784025,10.595922843037092,11047076
2020-05-06,10.49020767211914,10.644715045686414,10.49020767211914,10.599989104571264,9703783
2020-05-07,10.803287506103516,10.827683121016316,10.5146038656546,10.616253165900998,14783374
2020-05-08,11.108235359191896,11.144829169165432,10.843947334789496,11.00658605938154,13602433
2020-05-11,10.990323066711426,11.18142347972216,10.941531059388128,11.18142347972216,9630907
2020-05-12,11.18142318725586,11.254610808565156,10.982190648982016,10.982190648982016,11479257
2020-05-13,10.990323066711426,11.222083356571137,10.990323066711426,11.059444624697887,13146214
2020-05-14,11.13669776916504,11.20581932858852,10.937465221537988,11.022851042248249,16861757
2020-05-15,11.09197235107422,11.319666575286243,11.02285079321238,11.238346821734911,13461602
2020-05-18,11.344060897827148,11.388786834733525,11.124498829106653,11.238345540471888,14621042
2020-05-19,11.09603786468506,11.518898545771368,11.018784180204085,11.490436866100117,18285304
2020-05-20,11.157027244567873,11.189554989137116,10.80328734379504,10.974058196664236,13296968
2020-05-21,11.09197235107422,11.177357394332736,11.01471866275272,11.067575959695231,6445577
2020-05-22,11.08790683746338,11.13263200617129,10.921202032360032,10.978125397364291,7959706
2020-05-25,11.246478080749512,11.246478080749512,11.051311617976166,11.136696654618536,5535359
2020-05-26,11.23427963256836,11.335928926576669,11.185488405737008,11.319665442807072,11902109
2020-05-27,11.46197509765625,11.559558330997312,11.250544370989315,11.270873920447729,14095987
2020-05-28,11.653075218200684,11.766922708779878,11.518898178653547,11.56362411701012,12211196
2020-05-29,11.527031898498535,11.689670639244351,11.522965833039551,11.628681208405007,16387373
2020-06-02,11.917364120483398,11.937694446488948,11.685603832678623,11.70999944836264,15173012
2020-06-03,12.21011447906494,12.315829846585464,11.945825672502316,11.974288128603044,17797048
2020-06-04,12.201981544494627,12.40121407093214,12.161321671124762,12.189783349826897,15331652
2020-06-05,12.36868667602539,12.421543970030507,12.218245372972577,12.291432991997048,18450813
2020-06-08,12.34835720062256,12.462203919323647,12.262971386074131,12.287367000721137,12481185
2020-06-09,12.352421760559082,12.506929120417212,12.169453498229268,12.401213762493905,14702639
2020-06-10,12.295499801635742,12.42154472229881,12.283301605885388,12.413413367321224,11011569
2020-06-11,11.958023071289062,12.242641409153029,11.958023071289062,12.210113665584796,14792302
2020-06-12,11.864506721496582,11.978353444054338,11.746593158250182,11.823846845359112,13623297
2020-06-15,11.945825576782228,11.974288032654888,11.64900980238523,11.738461684082631,11918389
2020-06-16,12.299564361572266,12.429675331561487,12.031210292088858,12.067804099338645,16120334
2020-06-17,12.437808990478516,12.482534932732984,12.226378250486226,12.254839931730832,13275400
2020-06-18,12.445940017700195,12.50286337514338,12.352422076228793,12.441873952808171,15005956
2020-06-19,12.48659896850586,12.665501944034888,12.470335484651896,12.539457035957026,32726692
2020-06-22,12.440055847167969,12.562764270014892,12.325810241150206,12.495063349498878,12178776
2020-06-23,12.702397346496582,12.825104960614,12.554301282237391,12.65585266162862,17702282
2020-06-24,12.380816459655762,12.681239162411002,12.380816459655762,12.6431572976873,14066934
2020-06-25,12.486599922180176,12.52045038078318,12.275034354146744,12.406204780351066,9748362
2020-06-26,12.317347526550291,12.605076825808084,12.317347526550291,12.537375102107498,10224946
2020-06-29,12.528913497924805,12.541606915793984,12.232721372745187,12.32580993437317,12731095
2020-06-30,12.64738941192627,12.693934095200756,12.503524760949308,12.550069444223793,12186912
2020-07-01,12.583919525146484,12.6939337141831,12.461211918913172,12.6939337141831,8286181
2020-07-02,12.791254043579102,12.8547235525475,12.596614108468197,12.63046456705525,11496125
2020-07-03,12.685471534729004,12.833567596906173,12.664315300300242,12.787022912692564,6991416
2020-07-06,12.727785110473633,12.91819445305241,12.689703241957876,12.867418359345193,10215460
2020-07-07,12.651620864868164,12.740478823519195,12.558532305048672,12.706628364761327,11298476
2020-07-08,12.57968807220459,12.7616345839218,12.54583761470315,12.61353852970603,8190670
2020-07-09,12.478137016296388,12.668546348984677,12.461212190645533,12.60507684044144,9047744
2020-07-10,12.617770195007324,12.626233011319853,12.44005508773714,12.44005508773714,7096540
2020-07-13,12.787022590637209,12.833567273678536,12.672777797717217,12.778560581313991,8855909
2020-07-14,12.829336166381836,12.973200820012284,12.643158236908562,12.660083870069135,12419862
2020-07-15,12.858954429626465,12.90126770287722,12.736246824963692,12.875880061750191,10619650
2020-07-16,12.939349174499512,12.99858727101349,12.76586548580126,12.778559709507912,8709046
2020-07-17,12.926655769348145,12.97743186033152,12.88011189359352,12.943581402028798,8653517
2020-07-20,13.040901184082031,13.104370691618458,12.850492661472751,12.892805128457988,7305828
2020-07-21,13.049363136291504,13.150914503037686,13.036668912801286,13.117064047455624,9162609
2020-07-22,12.926655769348145,13.100139469031914,12.867417669083029,13.053595593277288,8096387
2020-07-23,12.88857364654541,12.98166301032046,12.863186005087927,12.930886920346929,7656147
2020-07-24,12.59238338470459,12.833568016128932,12.583920567833191,12.816643189444775,10026278
2020-07-27,12.452749252319336,12.545837810133728,12.401973161746936,12.495062526619908,10077612
2020-07-28,12.46544361114502,12.575457809812104,12.359660820933437,12.533145339374384,8562256
2020-07-29,12.410436630249023,12.495063183297711,12.385048987157866,12.469674733147931,7671141
2020-07-30,12.152325630187988,12.423130099226906,12.02115520729858,12.406204466823848,13001102
2020-07-31,11.9873046875,12.275033980394,11.9873046875,12.169251199598182,11531047
2020-08-03,12.22848892211914,12.291958427230949,11.940759638083165,12.033848998835124,10204841
2020-08-04,12.355428695678713,12.410435384698678,12.22002606297852,12.30465260753382,7936595
2020-08-05,12.325810432434082,12.516219778751978,12.321579831012482,12.452750265665562,7274996
2020-08-06,12.232720375061035,12.35119737688178,12.177713685644092,12.330040337060996,7819169
2020-08-07,12.55853271484375,12.638927859664022,12.440055701795906,12.465443344928078,11877875
2020-08-10,12.57968807220459,12.64315757913747,12.410435784697384,12.630464161986035,6886295
2020-08-11,12.68124008178711,12.86318660264492,12.622001979948235,12.622001979948235,9610756
2020-08-12,12.787022590637209,12.871649140338064,12.685471215231331,12.715090265509057,9233900
2020-08-13,12.956275939941406,13.197460562064686,12.880112205153296,12.973200765972871,12519252
2020-08-14,12.981663703918455,13.04513321448256,12.803948590103795,12.960506662358013,10659680
2020-08-17,12.825103759765623,13.074751180040892,12.75740284651049,12.985894034040482,8819578
2020-08-18,12.693933486938477,12.909730453063458,12.685470670919798,12.778560033008157,7681688
2020-08-19,12.837798118591309,12.863185759564209,12.664314425669144,12.693933474647288,6026527
2020-08-20,12.65585231781006,12.787022745077923,12.571225767087087,12.76586651092648,8013976
2020-08-21,12.55853271484375,12.710860187754031,12.48660038675374,12.664315502796194,8366119
2020-08-24,12.833566665649414,12.83779807363984,12.626232516469846,12.638926740441123,7958425
2020-08-25,12.833566665649414,13.01128176595455,12.833566665649414,12.863185714523844,8125400
2020-08-26,12.812410354614258,12.858954228107974,12.753171450168136,12.80394753868502,5411785
2020-08-27,12.812410354614258,12.854722820143357,12.693933352780563,12.837797995343426,6725044
2020-08-28,12.677007675170898,12.918193085932472,12.651620034533352,12.918193085932472,7548009
2020-08-31,12.48236846923828,12.75317213709182,12.478137061045746,12.727784494995198,8385408
2020-09-01,12.380816459655762,12.66431433756633,12.380816459655762,12.58815060811893,9959420
2020-09-02,13.02820873260498,13.070521202726882,12.5543014808885,12.596614758069038,20189595
2020-09-03,12.922425270080566,13.307474538955637,12.867417770493503,13.078983338317546,12820728
2020-09-04,12.672778129577637,12.943581804418136,12.65162108806909,12.863186660802883,11955368
2020-09-07,12.84203052520752,12.905500036104508,12.660084002126505,12.765866789307688,7343394
2020-09-08,12.68124008178711,12.939350337614108,12.63046479651339,12.833567551725482,10104904
2020-09-09,13.036670684814451,13.125528647206982,12.710860308198196,12.723553726355249,12194552
2020-09-10,12.994355201721191,13.053594102278549,12.918192284533438,13.032437063844316,7060928
2020-09-11,12.9478120803833,13.062057673362396,12.867416943798917,13.0324378178408,7467374
2020-09-14,12.90126895904541,13.066289853026662,12.867418498560571,13.032439392541823,5829679
2020-09-15,12.905499458312988,12.94781273270278,12.820872909533405,12.909730866457826,10129340
2020-09-16,12.88857364654541,12.973200194148442,12.812410722172968,12.930886920346929,10880753
2020-09-17,12.854724884033203,12.905500980702442,12.689703982210869,12.723554444304131,7163913
2020-09-18,12.64315700531006,12.901267236455457,12.64315700531006,12.837797732403228,29470987
2020-09-21,12.27080249786377,12.664314569166011,12.198870175076708,12.643157528900074,17928604
2020-09-22,12.232720375061035,12.372353609644016,12.228488967096878,12.287727871536523,9261904
2020-09-23,12.177714347839355,12.38927991520034,12.177714347839355,12.325809599345172,6749867
2020-09-24,12.118474006652832,12.27503286308599,12.016922643179363,12.07616154383276,8006391
2020-09-25,12.008460998535156,12.220026561495708,11.936528674846226,12.156557054019258,11500439
2020-09-28,12.135400772094728,12.194638871228424,12.063468448692994,12.181945454018958,8891027
2020-09-29,12.08039379119873,12.173483159032696,12.046543332093272,12.13116988338622,7244736
2020-09-30,12.093087196350098,12.283496520324134,12.02115487474419,12.02115487474419,13679168
2020-10-01,12.24541473388672,12.431591844009828,12.198870052826663,12.27080237489286,10079675
2020-10-02,12.27926540374756,12.372353960422592,12.105781707591296,12.177714030904276,8112644
2020-10-05,12.431591987609863,12.55430040016433,12.355429063711664,12.372353888891745,8074685
2020-10-06,12.440055847167969,12.60084613868748,12.427362428982862,12.537375819527412,7208707
2020-10-07,12.241183280944824,12.448517430360832,12.169250959142657,12.435823206375078,9827930
2020-10-08,12.22848892211914,12.385047787982908,12.22848892211914,12.300421243128136,8182334
2020-10-09,12.181944847106934,12.224257311775212,12.071930663440636,12.22002590389668,9173480
2020-10-12,12.262340545654297,12.262340545654297,12.148094941345182,12.152326349696477,7255979
2020-10-13,12.300420761108398,12.376584487081338,12.236951258483789,12.279264529253032,6416983
2020-10-14,12.24964714050293,12.418899439439109,12.24964714050293,12.317348060077402,7921554
2020-10-15,11.864596366882324,12.080392516497575,11.809588872228616,12.05500487661199,14452672
2020-10-16,11.881522178649902,11.932298269699835,11.74188893708582,11.906909820645575,12412963
2020-10-19,11.805357933044434,12.059236763154123,11.80112652505244,11.911140711668592,7080615
2020-10-20,11.576868057250977,11.7926650319301,11.568405240896832,11.763045174690598,11136709
2020-10-21,11.407615661621094,11.674188743799297,11.373765201176408,11.636106874916694,9241325
2020-10-22,11.361071586608888,11.428772506328428,11.15796882745027,11.339914544784891,9344198
2020-10-23,11.39492130279541,11.513397501043112,11.30183193896242,11.306063347051063,7798365
2020-10-26,11.212974548339844,11.41184588186366,11.200280324347814,11.373764016946122,8814403
2020-10-27,11.06064796447754,11.225669661206515,11.001409861941228,11.212975436209328,13191954
2020-10-28,10.844850540161133,10.93370849740499,10.650210607150392,10.93370849740499,19446164
2020-10-29,11.11565399169922,11.229899580348016,10.798305672380456,10.823693311949574,17025751
2020-10-30,11.06064796447754,11.107192649075278,10.967559402340678,11.001409861941228,11091937
2020-11-02,11.31875705718994,11.352607513302935,11.08180386439899,11.18758664063441,10294207
2020-11-03,11.4541597366333,11.4541597366333,11.284907443434562,11.365302585350936,10142028
2020-11-04,11.602255821228027,11.61071863767114,11.212975142489446,11.293370284581815,11992299
2020-11-05,11.767276763916016,11.809590039279165,11.686882428490492,11.74612052976374,13767486
2020-11-06,11.995768547058104,12.21156553549878,11.953455269647623,12.059238059644509,19290745
2020-11-09,12.431591987609863,12.609307090822789,12.063468364063592,12.258108292456596,25717259
2020-11-10,12.503524780273438,12.59661414696628,12.224258294312104,12.275034385877165,17141846
2020-11-11,12.68124008178711,12.842030368290638,12.554301061544203,12.600845745593952,14080502
2020-11-12,12.727785110473633,12.850493532815207,12.609308096529212,12.732016518870786,14731897
2020-11-13,12.622002601623535,12.693934931853049,12.520451219015747,12.677009297889091,11292526
2020-11-16,12.541606903076172,12.7362476498119,12.541606903076172,12.702397190430723,9490351
2020-11-17,12.660083770751951,12.660083770751951,12.51621911825011,12.622001903498017,8947524
2020-11-18,12.622002601623535,12.660084470983788,12.562764496866988,12.6346968270965,7046827
2020-11-19,12.566994667053224,12.588150900364862,12.41889861269604,12.507755761075208,10443379
2020-11-20,12.57968807220459,12.677008036638911,12.507755749131707,12.516218565271709,10450269
2020-11-23,12.490830421447754,12.668545517946104,12.490830421447754,12.613538022307416,7777873
2020-11-24,12.562763214111328,12.660083178291002,12.478136667049876,12.609307088642415,7589731
2020-11-25,12.77432918548584,12.846261510683606,12.617770310505316,12.672777809981683,13010781
2020-11-26,12.79971694946289,12.842030224757131,12.744710256521396,12.79971694946289,5530536
2020-11-27,12.825103759765623,12.909730304863816,12.74047802172598,12.761634254471254,9138149
2020-11-30,12.791254043579102,13.01128242792424,12.75740358499205,12.837798726783271,14645176
2020-12-01,12.803947448730469,12.92665505060815,12.791253224925796,12.871648361571648,7820804
2020-12-02,12.812410354614258,12.897036092731,12.778559897955851,12.7997161307204,8042324
2020-12-03,12.727785110473633,12.871649767742346,12.69393465035503,12.820873674035129,6733759
2020-12-04,12.871648788452148,12.918193470221038,12.736246958279274,12.761634599672046,8341577
2020-12-07,12.84203052520752,12.875880984823157,12.77009819764197,12.846261933541802,5106783
2020-12-08,12.787022590637209,12.858954915765358,12.740478714654468,12.854723507574455,7259399
2020-12-09,12.740478515625,12.867417531134675,12.7320156993754,12.854723306760278,8447084
2020-12-10,12.685471534729004,12.778560903156224,12.58815156506292,12.715090585752716,9436390
2020-12-11,12.42313003540039,12.64738901417872,12.342734896016058,12.634695597000212,11591760
2020-12-14,12.516218185424805,12.664314235146096,12.478136321009083,12.541605826015768,8199908
2020-12-15,12.55853271484375,12.681240329198102,12.478137570023476,12.562764123208884,9294506
2020-12-16,12.71509075164795,12.744710610116725,12.592383137654648,12.61777078071212,9889293
2020-12-17,12.723552703857422,12.863185941774136,12.71508988772706,12.812410659109094,12143150
2020-12-18,12.77432918548584,12.884343377379986,12.710859676678067,12.727784502399464,24855032
2020-12-21,12.38927936553955,12.715089711456088,12.291958595506689,12.710859110508125,14077044
2020-12-22,12.38927936553955,12.503524153481388,12.35542890854594,12.48236792050734,10850541
2020-12-23,12.524681091308594,12.541605916138009,12.372353632551112,12.385047856467086,6303089
2020-12-28,12.761634826660156,12.812410917407412,12.664314860374716,12.67277767667569,7587625
2020-12-29,12.782792091369627,12.867418647087876,12.753173038985835,12.820873960736977,5958110
2020-12-30,12.65585231781006,12.791254153319931,12.65585231781006,12.787022745077923,3800644
2021-01-04,12.829336166381836,12.943581769039888,12.73201619688436,12.77856088101733,9725963
2021-01-05,12.685471534729004,12.77432949485875,12.655852483705294,12.753172453371375,10208284
2021-01-06,12.782792091369627,12.842031003195862,12.651621656359127,12.723553986602044,8732206
2021-01-07,12.99012565612793,13.040900938376977,12.858954428357675,12.880111468510243,11773167
2021-01-08,12.858954429626465,13.074751396852612,12.78702210721775,13.074751396852612,11425034
2021-01-11,12.854724884033203,12.922426615278413,12.78279255120268,12.867419109965182,7320157
2021-01-12,12.795485496520996,12.8843434550343,12.753172221374594,12.8716492303728,9035386
2021-01-13,12.846261978149414,12.913962897615768,12.765866833636135,12.795485885020335,8094347
2021-01-14,12.871648788452148,12.901267837920145,12.748940375446375,12.901267837920145,9829847
2021-01-15,12.736248016357422,12.842030805850326,12.638928043718025,12.816643162348448,13578270
2021-01-18,12.64315700531006,12.770096820473048,12.57968750125783,12.715089325118193,7550440
2021-01-19,12.748940467834473,12.782790925622995,12.668546134998335,12.681239552257423,8795682
2021-01-20,12.812410354614258,12.816641762578875,12.736246625368208,12.7997161307204,6976070
2021-01-21,12.782792091369627,12.985895663681694,12.782792091369627,12.905500516455223,10332670
2021-01-22,12.748940467834473,12.774328916469797,12.664314726892451,12.736247050575386,8887611
2021-01-25,12.626233100891112,12.816642433980869,12.461212216919057,12.778560567362916,11629093
2021-01-26,12.685471534729004,12.81241136247741,12.65162107540782,12.664315300300242,9632712
2021-01-27,12.76586627960205,13.011282303781272,12.617770222049732,12.651620680313812,17660717
2021-01-28,12.672778129577637,12.78702292548934,12.541606893400486,12.736247639986052,11797563
2021-01-29,12.440055847167969,12.643158608716014,12.440055847167969,12.5754576882,16734034
2021-02-01,12.55430030822754,12.575456541312349,12.448517528686375,12.51198703499936,7894663
2021-02-02,12.68124008178711,12.685471490069688,12.550069653261628,12.60507715387653,9483915
2021-02-03,12.9097318649292,12.9097318649292,12.727785335921896,12.748941571223778,11333217
2021-02-04,12.943581581115724,12.96896922342938,12.820873163658952,12.926655948200883,7186620
2021-02-05,12.748940467834473,12.973200255095051,12.7320156424695,12.973200255095051,11569069
2021-02-08,12.719322204589844,12.808180166190432,12.719322204589844,12.795485941087884,7097508
2021-02-09,12.605076789855955,12.736247214593384,12.5754569327333,12.719321581951869,8145366
2021-02-10,12.583919525146484,12.668546072731134,12.520450017987285,12.638927023194078,9045144
2021-02-11,12.520450592041016,12.630464786121705,12.51621918376192,12.56699527605247,7924828
2021-02-12,12.562763214111328,12.57545663122955,12.448517617695936,12.516218532521671,8983423
2021-02-15,12.622002601623535,12.681240706380082,12.554301679885013,12.660084470983788,5686651
2021-02-16,12.516218185424805,12.672777051029266,12.516218185424805,12.626232370730378,7453523
2021-02-17,12.490830421447754,12.520449469687724,12.401972469669312,12.482367605648182,13295955
2021-02-18,12.440055847167969,12.5754576882,12.406205386909962,12.503525359269403,10857750
2021-02-19,12.550068855285645,12.600844944389454,12.44851748413658,12.482367941186268,9621497
2021-02-22,12.528913497924805,12.575457375209488,12.44428694585674,12.528913497924805,7357180
2021-02-23,12.45698070526123,12.558532079712718,12.351197922658608,12.52468162156222,13508997
2021-02-24,12.49929428100586,12.541606749419971,12.423130546566693,12.440055372520616,8222739
2021-02-25,12.668546676635742,12.863186615476843,12.588151533303778,12.677008686150732,17706408
2021-02-26,12.719322204589844,12.808180166190432,12.473906168684284,12.626233641680365,15506582
2021-03-01,12.71509075164795,12.820873539289142,12.630465005770168,12.820873539289142,10011171
2021-03-02,12.693933486938477,12.732015351963977,12.655851621912978,12.685470670919798,8145595
2021-03-03,12.61353874206543,12.757403390633277,12.558532050346468,12.715090116279454,10564407
2021-03-04,12.68124008178711,12.72355335755428,12.537375428413892,12.537375428413892,11556015
2021-03-05,12.693933486938477,12.736246759973318,12.605076339918014,12.638926796934175,11334123
2021-03-08,12.960505485534668,12.960505485534668,12.715089475127767,12.72778369891139,13967054
2021-03-09,13.045133590698242,13.095909684849056,12.926656575718775,12.94781361788938,16177715
2021-03-10,13.70944881439209,13.722142231364192,13.125527421918669,13.125527421918669,26972220
2021-03-11,13.726372718811035,13.768686798563332,13.637515572506858,13.751761166662414,10061421
2021-03-12,13.950634002685549,14.047953969798844,13.527502061681917,13.557121918987283,16171808
2021-03-15,14.069108963012695,14.183354552797368,14.026796498996314,14.086034594266062,11905878
2021-03-16,13.950634002685549,14.16643017078596,13.89562650331988,14.157967354412996,11891472
2021-03-17,14.069108963012695,14.12411645752762,13.946400557601336,13.99717745136144,11621774
2021-03-18,14.179122924804688,14.33145038415581,14.094497993269268,14.115654226153124,14548527
2021-03-19,13.937939643859863,14.24259459152366,13.937939643859863,14.191819304952114,24872624
2021-03-22,13.91678237915039,13.99717832556656,13.849081464025645,13.937938612479911,8218161
2021-03-23,14.17489242553711,14.212974290648011,13.882932535764924,13.954864050909343,11485802
2021-03-24,14.15373706817627,14.18335611908201,14.001409598308337,14.136811435053785,7865475
2021-03-25,14.162199020385742,14.23836275067126,14.060646841966012,14.162199020385742,8288225
2021-03-26,14.251056671142578,14.318757587775105,14.21297480465446,14.22566822211144,7984626
2021-03-29,14.500703811645508,14.52186004501985,14.301831666868988,14.322987900243328,8912808
2021-03-30,14.48377799987793,14.691112958259206,14.441465533653403,14.610717012668632,11890812
2021-03-31,14.53032398223877,14.66995642457608,14.500704930406089,14.53455458359318,13988562
2021-04-01,14.598024368286133,14.598024368286133,14.422001658629227,14.567559520121364,11935524
2021-04-06,14.527883529663086,14.750579864763608,14.515608968018576,14.733045971188307,15506357
2021-04-07,14.531389236450195,14.734797437471402,14.501580783429247,14.554185804841868,10165696
2021-04-08,14.587502479553224,14.587502479553224,14.49456532664284,14.536650012025524,8211446
2021-04-09,14.42442512512207,14.60152998122126,14.35954554226482,14.58048763797068,10290410
2021-04-12,14.292912483215332,14.445468225565996,14.273624364342725,14.361298848151732,8313243
2021-04-13,14.112300872802734,14.271870172890525,14.052680618278211,14.271870172890525,11855362
2021-04-14,14.08950424194336,14.10002625024149,13.898371426077068,14.036899217303452,10131420
2021-04-15,14.021117210388184,14.114053535440462,13.996568087107407,14.105285752513955,9225277
2021-04-16,14.136849403381348,14.152630742951818,13.994814002680087,14.040405468263398,10222550
2021-04-19,14.198223114013672,14.217511233353935,14.068462266067788,14.131589300659051,7627028
2021-04-20,14.070215225219728,14.19471505767332,14.03339154309333,14.184193050046648,8375658
2021-04-21,14.056187629699709,14.124575668215083,13.994814820957458,14.096518093689811,7281198
2021-04-22,14.161398887634276,14.161398887634276,14.010595700585036,14.115807420884922,6288953
2021-04-23,14.100025177001951,14.173672540348786,13.996566852649162,14.173672540348786,8076474
2021-04-26,14.0667085647583,14.173672833586934,14.042159443134794,14.107039025670703,5895275
2021-04-27,14.026376724243164,14.13334182506911,14.024623335072528,14.045665677403589,7363250
2021-04-28,14.01059627532959,14.128082561793702,14.01059627532959,14.082491093174086,6443631
2021-04-29,13.984292984008787,14.149124119306151,13.952729468380555,14.08599708804969,7744393
2021-04-30,14.028131484985352,14.09651785003507,13.979033238840202,13.979033238840202,9115233
2021-05-03,14.114053726196287,14.135096071047576,14.01761062112667,14.089504602583723,5067526
2021-05-04,14.10879135131836,14.308692771844417,14.070215116408162,14.140355701670794,12293163
2021-05-05,14.389355659484863,14.412150555827631,14.252581264577756,14.306940511919702,9279808
2021-05-06,14.494565963745115,14.550679437482955,14.35779156638126,14.378833909997509,8273355
2021-05-07,14.496319770812988,14.548924792193713,14.455989310163885,14.524375670730477,6886014
2021-05-10,14.596270561218262,14.64712135750598,14.485797841750918,14.515607967198989,9592234
2021-05-11,14.334996223449709,14.624326348813272,14.259594633861996,14.571721327551757,10769854
2021-05-12,14.652382850646973,14.74532000856792,14.454235645880528,14.566460922190323,13598896
2021-05-13,14.569966316223145,14.613803552862404,14.23329051928745,14.569966316223145,11667198
2021-05-14,14.74005889892578,14.747072456056284,14.543664248719953,14.615559062299956,8800068
2021-05-17,15.143366813659668,15.227536188086964,14.850529900866366,14.868065465919306,15742514
2021-05-18,14.96450901031494,15.206493447043629,14.96450901031494,15.164408760929904,10349303
2021-05-19,14.547171592712402,14.859298309121073,14.455990329621203,14.754086586656465,12515711
2021-05-20,14.911903381347656,14.911903381347656,14.668164701841429,14.8084458840486,10679031
2021-05-21,15.053937911987305,15.1012836025585,14.896121173127984,14.908395734048886,10933087
2021-05-25,15.053937911987305,15.132846281416963,15.02588201163717,15.12407849900439,8786033
2021-05-26,14.985549926757812,15.145120891531358,14.985549926757812,15.124078548129534,5764783
2021-05-27,14.917163848876951,15.038156907669784,14.906643513117531,14.99256544147854,9107835
2021-05-28,14.97853660583496,14.980290831264227,14.861051998296588,14.97678405268923,6152253
2021-05-31,14.899628639221191,14.994318352449802,14.896121860551032,14.964509897611665,3856479
2021-06-01,15.059200286865234,15.11180531384628,14.971524127041056,14.975030905868636,6375209
2021-06-02,15.12057113647461,15.21876762004906,15.089006786551794,15.124077914847492,6805031
2021-06-03,15.132845878601074,15.173176338798568,15.00659182196093,15.1153103142427,4289741
2021-06-04,15.15213394165039,15.190711848643682,15.092515364242708,15.143366159502667,4051080
2021-06-07,15.292414665222168,15.306443450705864,15.132845382726734,15.164408059710793,6171440
2021-06-08,15.273126602172852,15.360802749116798,15.174930120291668,15.323979068411354,6250846
2021-06-09,15.243318557739258,15.304691367288092,15.194220310100189,15.302938814034492,4053829
2021-06-10,15.515110969543455,15.539661762203773,15.239809641807136,15.313457002937865,8059032
2021-06-11,15.601036071777344,15.620324190429118,15.4256837615998,15.518620920787626,7807335
2021-06-14,15.595775604248049,15.74833135010072,15.595775604248049,15.643119625917691,5796902
2021-06-15,15.66942024230957,15.76937094478128,15.636103341485668,15.662406686015064,7651775
2021-06-16,15.61506175994873,15.746575144426815,15.61506175994873,15.67643456121961,6873193
2021-06-17,15.56947135925293,15.60804926794751,15.4326969618269,15.52914089742159,7153028
2021-06-18,15.42743682861328,15.597528121919602,15.39236570029784,15.557195989900157,13499558
2021-06-21,15.61681842803955,15.6325997690801,15.353789945656926,15.373079737847531,5875564
2021-06-22,15.76060390472412,15.76411068303635,15.597527843363329,15.672927757784766,6214115
2021-06-23,15.553689002990724,15.781646317134452,15.553689002990724,15.769371756845306,6948564
2021-06-24,15.66942024230957,15.674681245672115,15.52738485750416,15.632596563338415,6235339
2021-06-25,15.674684524536133,15.686959086760805,15.555445681170228,15.657148957848406,5687438
2021-06-28,15.707998275756836,15.732547395272954,15.606293347232906,15.650132255142651,5484090
2021-06-29,15.779891967773438,15.82022409893506,15.69747682472517,15.702737828317275,7232415
2021-06-30,15.61681842803955,15.807952090668516,15.56947273263423,15.748331833089026,8436059
2021-07-01,15.66942024230957,15.764109941418734,15.550181423886304,15.692216808691716,5115220
2021-07-02,15.755345344543455,15.75534534454346,15.643120059730553,15.67819119285869,5462003
2021-07-05,15.723780632019045,15.755343309931494,15.597528248085784,15.72027385361582,3688640
2021-07-06,15.625584602355955,15.71150652872762,15.569471129420942,15.71150652872762,6382023
2021-07-07,15.783401489257812,15.783401489257812,15.58350006202849,15.64837964569407,7336553
2021-07-08,15.599281311035156,15.821977633611771,15.536154280863386,15.688710016232534,9681147
2021-07-09,15.781646728515623,15.793921289124732,15.58700631183779,15.620323215245865,7057808
2021-07-12,16.020126342773438,16.03941613486323,15.737811414242955,15.792168994813288,6727694
2021-07-13,16.146379470825195,16.146379470825195,15.949984816265625,16.021879631439415,6544165
2021-07-14,16.05519676208496,16.092020446778022,15.942971482517908,16.077991659725793,4918321
2021-07-15,15.974534034729004,16.08851353886849,15.95349169046146,16.05519663313518,4622409
2021-07-16,16.083250045776367,16.162158406497337,15.98329934404425,16.002589132136404,7000971
2021-07-19,15.38009262084961,16.06221041280422,15.34677571465511,16.014866391759575,13197311
2021-07-20,15.373079299926758,15.667670455998694,15.332748835686733,15.527387599353885,8960821
2021-07-21,15.681696891784668,15.725535805175848,15.371324408566055,15.439712444542874,7491821
2021-07-22,15.492316246032717,15.73605489949335,15.492316246032717,15.73605489949335,8067975
2021-07-23,15.67994499206543,15.695726332630503,15.502838450238016,15.571226489064836,6462014
2021-07-26,15.636106491088867,15.674684403046118,15.544923551759847,15.658903062062956,4415202
2021-07-27,15.637859344482422,15.718520267889136,15.55895097420691,15.627337336561142,6127064
2021-07-28,15.61155605316162,15.686957645162646,15.553690026236838,15.63610517535495,5221055
2021-07-29,15.504591941833496,15.636105336695284,15.4660140327244,15.60629521021478,5385808
2021-07-30,15.348528861999512,15.50634559896307,15.306444175838095,15.422176226640245,9139254
2021-08-02,15.28014087677002,15.378339035548676,15.099529243068762,15.352035688544548,8180575
2021-08-03,15.432697296142578,15.443219304325185,15.280141555763285,15.2889093384876,4266686
2021-08-04,15.371323585510254,15.530894546056246,15.371323585510256,15.476535299731978,5423211
2021-08-05,15.385353088378906,15.436205558645824,15.318719278314267,15.32573283549469,3718272
2021-08-06,15.50634765625,15.516867993044386,15.350283451672162,15.408149484750544,4771364
2021-08-09,15.63435173034668,15.646626290743136,15.458999434154371,15.50985190106116,4021429
2021-08-10,15.676435470581056,15.699232039394577,15.56771864728764,15.660654131093583,4011561
2021-08-11,15.695725440979004,15.757098246514248,15.61856962349167,15.702738998102022,5869791
2021-08-12,16.13585662841797,16.270878469035903,15.72904189804202,15.799182484126389,13209114
2021-08-13,16.265615463256836,16.295425584937497,16.041164946498455,16.220024004299145,6203694
2021-08-16,16.30594825744629,16.502342905845435,16.174434864899784,16.214765326454454,8491250
2021-08-17,16.43570899963379,16.43570899963379,16.262110921151372,16.305948160979693,8154614
2021-08-18,16.58475685119629,16.586509404193887,16.4357079045143,16.4357079045143,6849642
2021-08-19,16.28490447998047,16.500587227460656,16.172679215389287,16.44622798427716,9772510
2021-08-20,16.49532699584961,16.50760155635035,16.25684934261135,16.269123903112092,6270847
2021-08-23,16.50058937072754,16.565468957010857,16.409406435921134,16.52689271925063,4346660
2021-08-24,16.319976806640625,16.51987655838358,16.225287098492178,16.51987655838358,5645615
2021-08-25,16.2901668548584,16.35504643817642,16.2550973973807,16.316470202179303,4178896
2021-08-26,16.170928955078125,16.28841356752049,16.128844265854386,16.26912544841111,4265841
2021-08-27,16.193721771240234,16.20775055660598,16.11481340716013,16.148130309155807,3115172
2021-08-30,16.13585662841797,16.20249043604064,16.04642792465253,16.20249043604064,3025744
2021-08-31,15.78866195678711,16.21476651707875,15.753592496598587,16.176190278099742,13886491
2021-09-01,15.83775806427002,16.063962824667744,15.79392082688717,15.878090195619665,7961656
2021-09-02,15.741315841674805,15.906146128896868,15.718519274142276,15.79216663580106,4090215
2021-09-03,15.609803199768066,15.818470734397632,15.47127457952729,15.737809812252076,5976893
2021-09-06,15.69747829437256,15.744823986567374,15.562458119612412,15.64136649174806,3067427
2021-09-07,15.70624542236328,16.169173627710467,15.616816718069751,16.132349945219985,11395385
2021-09-08,15.76060390472412,15.827237709506694,15.555443159049766,15.66591420116031,9394629
2021-09-09,15.546677589416504,15.734302797945334,15.483550553963196,15.732550244681535,6690881
2021-09-10,15.204739570617676,15.557196734554603,15.131092204370203,15.553689956011894,12900162
2021-09-13,15.35729694366455,15.387105397350078,15.24682422226654,15.24682422226654,7170322
2021-09-14,15.26962184906006,15.387106463383118,15.232798163470711,15.343269220238746,6916830
2021-09-15,15.259098052978516,15.376584325822757,15.21526081496928,15.260852278303595,9332839
2021-09-16,15.273126602172852,15.366062080443712,15.231041917857084,15.290662166018324,5432500
2021-09-17,15.213507652282717,15.40814807964056,15.211755099118657,15.343268494615796,19213953
2021-09-20,14.871572494506836,15.045170577969168,14.782143786886929,15.013607898170036,10135208
2021-09-21,15.09777545928955,15.173177051746718,14.8785859113611,14.904889259134588,7835795
2021-09-22,15.262608528137209,15.269622085800972,15.129340898823695,15.159151027320192,4371091
2021-09-23,15.488811492919922,15.494072497256395,15.29592360856323,15.397628555078049,7946665
2021-09-24,15.299430847167969,15.476535704479735,15.28890883932889,15.467767922041672,4931377
2021-09-27,15.404641151428224,15.567718897413778,15.341514120180568,15.360803910782748,5014048
2021-09-28,15.17668342590332,15.51686602332779,15.1696698689307,15.416915311192234,6772227
2021-09-29,15.374832153320312,15.39061516650306,15.23630519177982,15.250332307119605,6296631
2021-09-30,15.25208568572998,15.487056577460011,15.25208568572998,15.4519871187743,9989810
2021-10-01,15.222275733947754,15.31696544745692,15.069719991500564,15.12407924175804,5598305
2021-10-04,15.238056182861328,15.35554245934754,15.089007227812726,15.132846139464366,4708908
2021-10-05,15.437957763671877,15.451986549999912,15.150381858356916,15.197725876682467,5606271
2021-10-06,14.60854434967041,14.87858467295406,14.531388538203595,14.817211872207777,27201255
2021-10-07,14.785650253295898,14.86105184487231,14.68043853571445,14.783896027884742,12183317
2021-10-08,14.699728965759276,14.857544040573467,14.668164612969566,14.79967801145652,7846841
2021-10-11,14.655890464782717,14.738305619347546,14.619066779059084,14.676932809808164,7031556
2021-10-12,14.361298561096191,14.55769321370938,14.257841066877242,14.466510280761034,11559070
2021-10-13,14.361298561096191,14.371820569204452,14.175425916591262,14.352532450717376,12562036
2021-10-14,14.492813110351562,14.534896124428672,14.370065829752562,14.413904741496308,10181989
2021-10-15,14.48930549621582,14.562954537741204,14.389356450692574,14.48755294301497,9202391
2021-10-18,14.454235076904297,14.503333319803966,14.38584871637504,14.461248633808973,6120739
2021-10-19,14.37357234954834,14.471770506716927,14.3174605502664,14.440206156372806,6478640
2021-10-20,14.492813110351562,14.492813110351562,14.342009929606656,14.37883361210131,6545089
2021-10-21,14.4752779006958,14.605038741443108,14.39987630847394,14.466510118132,6202597
2021-10-22,14.37357234954834,14.40513669989246,14.294665654396692,14.36480623964085,7832020
2021-10-25,14.275376319885254,14.38409481577979,14.208742510935927,14.37883381184076,8624215
2021-10-26,14.361298561096191,14.403383248962127,14.222771608511328,14.264856296377266,6910156
2021-10-27,14.24907398223877,14.352531469383964,14.231538418113006,14.3349959052582,6366730
2021-10-28,14.056187629699709,14.224526387716873,14.056187629699709,14.212250153684804,9470774
2021-10-29,14.096516609191896,14.096516609191896,13.714251009731978,14.028130250161873,14141243
2021-11-01,14.243813514709473,14.296418536783484,14.112300123382695,14.133342466669,6964640
2021-11-02,14.363052368164062,14.377081154471918,14.2297847512317,14.247320316045643,7135448
2021-11-03,14.587502479553224,14.673424403377522,14.287650350414186,14.41390440656224,13658510
2021-11-04,14.564705848693848,14.666410783310535,14.52963639254852,14.633093880216578,8824001
2021-11-05,14.757594108581545,14.780389004848397,14.592762141716674,14.596270592480952,9748005
2021-11-08,14.555938720703123,14.740058808661304,14.555938720703123,14.699728346982596,5553701
2021-11-09,14.49982738494873,14.608545884713775,14.489305376696077,14.568213749456696,6418958
2021-11-10,14.657644271850586,14.657644271850586,14.49982752480712,14.526130873408896,7581151
2021-11-11,14.643614768981934,14.719016360127622,14.589255521232332,14.657643555340496,6594176
2021-11-12,14.93645191192627,15.074980535421965,14.831241865587534,15.02763484397106,12674711
2021-11-15,14.675180435180664,14.95749536249815,14.66641265195637,14.939961468333218,8606709
2021-11-16,14.659396171569824,14.836502701939668,14.659396171569824,14.71550964496214,8170208
2021-11-17,14.73830509185791,14.74707287466168,14.61029847303328,14.682193288654062,6598125
2021-11-18,14.654135704040527,14.854035443244094,14.650627253495095,14.79091008996054,7607565
2021-11-19,14.450729370117188,14.701481607031544,14.3612989876748,14.66816470083835,14198467
2021-11-22,14.825980186462402,14.845268303880031,14.508594164186796,14.541911067543085,11644445
2021-11-23,14.847023963928224,14.869818861962374,14.629588630710243,14.720771567414086,10850643
2021-11-24,14.790911674499512,14.894369169588352,14.659396605741762,14.894369169588352,10930448
2021-11-25,14.773375511169434,14.850529654927692,14.71200270678406,14.820719529288082,5537588
2021-11-26,14.157891273498535,14.527882317461252,14.149123491300664,14.515607756840929,15869433
2021-11-29,14.063201904296877,14.222771196188742,14.028130774664133,14.149123830700187,12124516
2021-11-30,13.666906356811523,13.991306773249988,13.666906356811523,13.984292380254852,29812680
2021-12-01,14.012349128723145,14.054433814448434,13.693208879637089,13.73003256157585,11201813
2021-12-02,13.666906356811523,13.893109452026732,13.561695478734864,13.85277899169446,15805115
2021-12-03,13.556434631347656,13.808941076101386,13.531885509794064,13.782638565314214,12478087
2021-12-06,13.919413566589355,13.95097624645446,13.568709784177022,13.679181672130223,11158805
2021-12-07,14.061447143554688,14.136848731567593,13.90187702159622,14.001827730504008,10390502
2021-12-08,14.08950424194336,14.215758307819437,13.965005237686622,14.026378045147112,8484758
2021-12-09,13.95448398590088,14.14561763681828,13.95448398590088,14.071968596002382,7242371
2021-12-10,13.898370742797852,14.010595180045252,13.787898858658258,13.861547060131905,7551206
2021-12-13,14.026376724243164,14.089502915094638,13.907137899222764,13.94045396574828,7308480
2021-12-14,14.163150787353516,14.208742251999391,14.021116225714476,14.080735640372527,7765629
2021-12-15,14.07196807861328,14.22101703566534,14.0263774493946,14.185947578156126,7161678
2021-12-16,14.166659355163574,14.299925299451283,14.06846119584171,14.185947473036538,12490509
2021-12-17,14.07196807861328,14.278883061996527,14.07196807861328,14.110545986928576,25342815
2021-12-20,13.763349533081056,13.943962001379022,13.637096311423184,13.86680702254873,9983301
2021-12-21,13.961496353149414,14.003581037947397,13.821215185345098,13.85979225564877,7174800
2021-12-22,13.979032516479492,13.989553688130032,13.812447995464073,13.975524901834811,7431504
2021-12-23,14.206990242004396,14.243813925747183,13.993060860609216,14.008842200458474,7531468
2021-12-27,14.245566368103027,14.261349380113074,14.133342764588487,14.203483352926844,4586995
2021-12-28,14.454235076904297,14.454235076904297,14.20348285858571,14.217509972395057,6769197
2021-12-29,14.21926498413086,14.441961314863049,14.21926498413086,14.389356290601828,6219279
2021-12-30,14.291157722473145,14.291157722473145,14.150876546892524,14.235045921154306,5245909
2022-01-03,14.506841659545898,14.569968695332395,14.327982560959311,14.36305369382414,9016107
2022-01-04,14.492813110351562,14.56119947147492,14.413904741496308,14.545418132160568,8616222
2022-01-05,14.440207481384276,14.531390417796834,14.401631242944545,14.47527861336616,8758537
2022-01-06,14.434947967529297,14.489305545762509,14.30168034333114,14.308693900725697,9105770
2022-01-07,14.18419361114502,14.424425503294229,14.11230046941388,14.354284914714546,12889411
2022-01-10,13.614300727844238,14.261349018492474,13.59851938851789,14.249074457651592,19689207
2022-01-11,13.903630256652832,13.9614962798755,13.658138214283692,13.71951101584055,11389486
2022-01-12,14.042159080505373,14.121067447195596,13.975524438168192,14.0193625125674,8532849
2022-01-13,14.050925254821776,14.061447262313273,13.933440653056431,14.028130359062626,7602807
2022-01-14,13.994813919067385,14.07196806333067,13.814201447083075,13.940454671317802,7381297
2022-01-17,13.980786323547363,14.094764989716342,13.92642707441867,14.07722942439414,6404439
2022-01-18,13.991307258605955,14.040405502849929,13.8545328615191,13.914152277549888,9607142
2022-01-19,14.20172882080078,14.263101625236008,13.891356347842496,13.942208816781754,13662570
2022-01-20,14.308692932128906,14.329735275171757,14.149123642361069,14.273623475246476,8437939
2022-01-21,14.103532791137695,14.249074973395167,14.021116804612207,14.129834466872431,12384021
2022-01-24,13.782638549804688,14.229784577250408,13.782638549804688,14.059693279658498,16523969
2022-01-25,13.993060111999512,14.05618630416116,13.828229820554688,14.012349065560276,10886956
2022-01-26,14.21049690246582,14.312200170202734,14.04741915671762,14.054434386146172,10928062
2022-01-27,14.66114902496338,14.70323370799838,14.029883796288413,14.057939694217296,14404848
2022-01-28,14.62958812713623,14.676932147093016,14.39110878504385,14.641862688489867,11445379
2022-01-31,14.617313385009766,14.871572391659749,14.540157566926611,14.729536988978822,12717895
2022-02-01,14.729536056518556,14.84526810403327,14.671670032761195,14.729536056518556,10224151
2022-02-02,14.796172142028809,14.897877091747173,14.673426518869087,14.790912809810315,8404119
2022-02-03,15.17668342590332,15.364310289330598,15.059198821336215,15.115310621684165,22493570
2022-02-04,14.929437637329102,15.250330437209993,14.854036048630272,15.146872948987992,12439379
2022-02-07,14.980290412902832,15.059198781628972,14.741811081344135,14.9925649737143,9762765
2022-02-08,15.211755752563477,15.211755752563477,15.004840755034657,15.032896657416748,11509497
2022-02-09,15.527386665344238,15.57122557799736,15.171424393845353,15.299431008682117,12214312
2022-02-10,15.390613555908203,15.56245740682308,15.346774644349878,15.474781255989914,11583257
2022-02-11,15.57648754119873,15.620324784267895,15.273128601635182,15.343269193916024,14354117
2022-02-14,15.201231956481934,15.238055637581516,14.892613722002048,15.167915053732296,16524167
2022-02-15,15.38009262084961,15.418670531254715,15.206494532452036,15.206494532452036,9884177
2022-02-16,15.343268394470217,15.502837690102751,15.262607470077636,15.378339524925105,7217546
2022-02-17,15.111804962158203,15.381846993001377,14.946974655112246,15.315213179977071,8689421
2022-02-18,14.971522331237791,15.334499816750816,14.946973210105678,15.120571283375686,13895852
2022-02-21,14.685699462890623,15.113558215773732,14.605038540069458,15.113558215773732,9437734
2022-02-22,14.580489158630373,14.60503995521947,14.26836410038034,14.378835159754756,12092633
2022-02-23,14.445467948913574,14.762853989052427,14.382340917061857,14.589255905672864,10953963
2022-02-24,13.665153503417969,14.028131005207944,13.470513078694562,13.936948073404483,32192169
2022-02-25,14.18594741821289,14.18594741821289,13.59501176445117,13.77737762383678,18862598
2022-02-28,14.054433822631836,14.112299847466932,13.593258177025271,13.852779012246105,24419143
2022-03-01,13.651124000549316,14.143862317060153,13.651124000549316,13.984292194777368,14332151
2022-03-02,14.080735206604004,14.198221479208785,13.547666433429027,13.724772118855237,19271887
2022-03-03,13.875575065612791,14.175425532026749,13.87206745095794,14.082490048437304,10978389
2022-03-04,13.461745262145996,13.74932200722872,13.296914964059892,13.73529405686556,21214985
2022-03-07,13.38108253479004,13.59676528704143,12.684936873385936,13.151371833189854,21381617
2022-03-08,13.239048957824709,13.5722163330716,13.158387197933596,13.177675316159846,19237663
2022-03-09,14.085996627807615,14.085996627807615,13.623068424952884,13.659892107245104,21638325
2022-03-10,13.84751796722412,14.119313362289052,13.740553700093916,14.049172777009405,15180788
2022-03-11,14.077229499816896,14.452481569391336,13.865054342360484,14.01410330383066,14161573
2022-03-14,14.41741180419922,14.447221930315935,14.20172903656186,14.27362384986882,15168488
2022-03-15,14.527883529663086,14.531390308378146,14.242060160840678,14.354285441140606,11890668
2022-03-16,14.729536056518556,14.911901909848826,14.606790452270657,14.782142748867743,17684206
2022-03-17,14.829486846923828,14.829486846923828,14.580487186406492,14.752332705583523,14458308
2022-03-18,14.641860961914062,14.811950575350162,14.519113690568552,14.785648902570196,24493551
2022-03-21,14.550678253173828,14.72602887265906,14.533142689540288,14.589254486427548,6378957
2022-03-22,14.633094787597656,14.675179475408427,14.519115285419852,14.54892541197611,8561226
2022-03-23,14.552431106567385,14.780388421658872,14.517361650859767,14.669917378597258,8914447
2022-03-24,14.680438995361328,14.825981179121149,14.543664594364778,14.583996729532524,8521286
2022-03-25,14.840008735656738,14.936450993489794,14.61731242324027,14.741810580219608,8873468
2022-03-28,14.975029945373535,15.220522842678644,14.85403688602231,14.86280466867073,11965231
2022-03-29,15.180191040039062,15.336255233397186,15.048677642003586,15.23805706895736,8793235
2022-03-30,15.089006423950195,15.171423239007847,14.982042160872265,15.101282656385433,8447351
2022-03-31,14.84526824951172,15.129339039674132,14.845268249511715,15.111803475385894,8198110
2022-04-01,15.118817329406738,15.118817329406738,14.76460761969491,14.84877699210637,10197960
2022-04-04,15.22753620147705,15.332747919603683,15.025882220041488,15.21876841894287,7584417
2022-04-05,15.423928260803224,15.457245163536458,15.25734541942047,15.269619979780956,9148707
2022-04-06,15.439711570739746,15.451986131337891,15.245071154235738,15.416915002609782,11806542
2022-04-07,15.39937973022461,15.592267597319523,15.388859394776782,15.453738977413776,12863650
2022-04-08,15.586821556091309,15.716029487280384,15.450334842602846,15.557704691371042,9557407
2022-04-11,15.595921516418455,15.708751324119582,15.490372226826391,15.490372226826391,7643882
2022-04-12,15.519488334655762,15.541326416870694,15.20647813693867,15.341146021343636,9079834
2022-04-13,15.74150848388672,15.74150848388672,15.452156900979226,15.468535030498836,13625604
2022-04-14,15.74150848388672,15.754247221904516,15.643237971246164,15.74150848388672,12164345
2022-04-19,15.59228229522705,15.68327402063924,15.494011787149187,15.63777902569455,6302319
2022-04-20,15.74150848388672,15.74150848388672,15.524949937584188,15.586823064160814,8916828
2022-04-21,15.905291557312012,15.976265758373652,15.768804845144492,15.785182972920962,12342520
2022-04-22,15.577725410461426,15.914392553015317,15.559526717479354,15.710572745289353,9366745
2022-04-25,15.606840133666992,15.741506277977368,15.332046155274549,15.342964328249993,9307064
2022-04-26,15.641419410705566,15.874356090510636,15.599562068911764,15.78700548640483,10859520
2022-04-27,15.972628593444824,15.981726204737626,15.45033684646302,15.597743488041464,16779379
2022-04-28,16.112754821777344,16.165530339445137,15.910753833504469,16.041780610358867,11243909
2022-04-29,15.987184524536133,16.247420957381678,15.9416895306342,16.150969279419524,11100933
2022-05-02,15.732410430908203,15.983545792706924,15.683274308206908,15.848877897785798,9690914
2022-05-03,15.810661315917969,15.89437425824628,15.66507525019489,15.75060702041913,9059406
2022-05-04,15.95078945159912,16.039960614754584,15.76334604355236,15.830680858424016,6762960
2022-05-05,16.0072021484375,16.194645550947264,15.921670379189242,16.150969384624158,8682536
2022-05-06,15.743328094482422,16.029040268594432,15.721490011270465,15.941689671269394,10894578
2022-05-09,15.59774112701416,15.817940774264075,15.59774112701416,15.668713591701795,8322723
2022-05-10,15.723309516906738,15.84705748976764,15.599559808523166,15.770625071429082,8886845
2022-05-11,15.93259048461914,15.959888522787743,15.712390822418364,15.816121284831691,9889370
2022-05-12,16.331132888793945,16.40392592358719,15.77244552238244,15.796104169839738,14160995
2022-05-13,16.67144012451172,16.715116289803476,16.161887176804854,16.423942433032664,12609159
2022-05-16,16.449419021606445,16.81884410782732,16.272897277629806,16.72603356321918,9984499
2022-05-17,16.49309730529785,16.620486419510446,16.374809273017803,16.620486419510446,8730947
2022-05-18,16.469440460205078,16.573170927070905,16.403926207102,16.44396298436325,8554675
2022-05-19,16.45124053955078,16.45124053955078,16.17280715404585,16.32203260648595,10066153
2022-05-20,16.669620513916016,16.669620513916016,16.48035827718286,16.507656315931122,11955074
2022-05-23,16.824304580688477,16.824304580688477,16.642322876853896,16.733312861009836,6421039
2022-05-24,16.924396514892578,16.93531468876373,16.682358771092826,16.735134283610353,8619779
2022-05-25,17.13367462158203,17.13367462158203,16.8734399463071,16.968071052865735,10296866
2022-05-26,17.230127334594727,17.24104550807903,17.068161411490433,17.15187435029434,6656903
2022-05-27,17.361154556274414,17.37935324808887,17.128216160513162,17.24286653052601,8390946
2022-05-30,17.36297607421875,17.40665050724262,17.19737074643927,17.397552896358015,6139784
2022-05-31,17.40119171142578,17.42484862288332,17.19737017679993,17.19737017679993,15847010
2022-06-01,17.395732879638672,17.568616995768966,17.35023788169419,17.486724611050562,6964658
2022-06-02,17.372072219848633,17.554055661602955,17.27562228000566,17.492182540982846,6662812
2022-06-03,17.42848777770996,17.453965252252104,17.306560359693368,17.39027156589675,5757837
2022-06-06,17.515838623046875,17.555875394865264,17.372071398464453,17.515838623046875,4355191
2022-06-07,17.424848556518555,17.52493962778134,17.2829018817455,17.424848556518555,5919168
2022-06-08,16.997188568115234,17.43394673721116,16.756971401560207,17.43394673721116,12059700
2022-06-09,16.887996673583984,16.99536651087953,16.842501685789955,16.99536651087953,7121329
2022-06-10,16.51493263244629,16.90073583108867,16.45669890777379,16.895277612572396,11534949
2022-06-13,16.20738410949707,16.46579997779106,16.172807289499346,16.332952652411056,11273460
2022-06-14,16.212844848632812,16.42940338941937,16.152790551575293,16.251061061712793,9354068
2022-06-15,16.378448486328125,16.505835863632253,16.218303115200897,16.365709748597713,9671267
2022-06-16,16.200105667114258,16.45670097741698,16.191006321079335,16.422124156693396,9025866
2022-06-17,16.465801239013672,16.52949492927694,16.18736782984973,16.261979694648318,29915265
2022-06-20,16.855243682861328,16.869802984244497,16.49127850351081,16.574989713776137,7677456
2022-06-21,16.6987361907959,16.87525967730693,16.68053923511645,16.835224639289425,5361924
2022-06-22,16.984451293945312,17.01356816062082,16.605926820595197,16.69509798408018,10235981
2022-06-23,16.9771728515625,17.184632049367693,16.829766216248043,16.988091025963666,11033396
2022-06-24,17.179170608520508,17.208289208784137,16.920756481481902,16.924395872634175,11084041
2022-06-27,17.144594192504883,17.248324652636498,16.97171182780829,17.093639244129232,6880550
2022-06-28,17.350236892700195,17.450326229577374,17.18463156915531,17.22102895385452,7338051
2022-06-29,17.319297790527344,17.344775263147657,17.05542198350535,17.20828855474989,9706488
2022-06-30,17.239225387573242,17.350236366223616,17.08636054172988,17.228307213808478,11767569
2022-07-01,17.484901428222656,17.484901428222656,17.048143265500517,17.188269365438472,7778700
2022-07-04,17.530399322509766,17.643227393971646,17.437587035271626,17.515840021906886,5602057
2022-07-05,17.164613723754883,17.61047126473789,17.073621999253234,17.601371918735445,11348927
2022-07-06,17.302921295166016,17.488542403043365,17.208290177787326,17.342956335618123,10556499
2022-07-07,17.472164154052734,17.530399621936155,17.366614863328078,17.384813555511823,12348140
2022-07-08,17.484901428222656,17.586811319086625,17.379352146331073,17.4121084011023,8041286
2022-07-11,17.4903621673584,17.552237024172367,17.344776106584902,17.47944225826288,5959090
2022-07-12,17.568614959716797,17.594092433296755,17.24286602214255,17.52493879485895,8559571
2022-07-13,17.461246490478516,17.57225573920785,17.22830808318127,17.55223821853427,7646071
2022-07-14,17.071800231933594,17.417568413551592,16.931674131527846,17.379352204350024,10093506
2022-07-15,17.36297607421875,17.410291634223906,17.130037665651386,17.19373135498085,9093023
2022-07-18,17.233768463134766,17.484903833818596,17.186452902220665,17.3793545374054,7702913
2022-07-19,17.36297607421875,17.453966067247777,17.162793924300004,17.288362474991164,8406137
2022-07-20,17.164613723754883,17.379353429948743,17.069982607956817,17.35569478323783,8686283
2022-07-21,17.046323776245117,17.24286652382384,16.633224232458765,17.24104596043399,10557482
2022-07-22,16.527673721313477,16.991729963666558,16.431223775682128,16.929856839333176,14477196
2022-07-25,16.544052124023438,16.797008051404944,16.42576409269254,16.45124156822605,7429260
2022-07-26,16.496736526489258,16.496736526489258,16.33113293590186,16.458520313276782,7278770
2022-07-27,16.82976531982422,16.904377179731913,16.31111474965243,16.509474590463068,10665757
2022-07-28,16.73513412475586,16.877080796870132,16.46943947232927,16.86616088757985,7046143
2022-07-29,16.838865280151367,16.964432093510954,16.624125567492133,16.780629811086932,10254830
2022-08-01,16.971712112426758,17.1700736901605,16.93167533709328,16.933495900504127,6600068
2022-08-02,17.15915298461914,17.224667231528084,16.98445006171801,17.031765617454017,6657333
2022-08-03,16.97899055480957,17.12639718035949,16.860702530112967,17.12093722575915,7739774
2022-08-04,16.940773010253906,17.09727896931165,16.895278020225966,17.051782243761085,6320318
2022-08-05,17.09000015258789,17.18099187722126,16.831584279417335,16.9225760040507,6019741
2022-08-08,17.082721710205078,17.277443900667215,17.015388630975863,17.19555152041849,4940892
2022-08-09,17.275623321533203,17.304740188022954,17.00810809726207,17.051784264758112,6142038
2022-08-10,17.15733528137207,17.415749423769807,17.082721683986204,17.27562331070377,6670865
2022-08-11,17.23194694519043,17.3902717488026,17.040865884114638,17.28836184956218,6767231
2022-08-12,17.00082778930664,17.30837802658853,16.982629098562164,17.295639290171934,6020426
2022-08-15,17.06816291809082,17.182813295171155,16.946235493568004,17.106379131943307,3386720
2022-08-16,17.390270233154297,17.390270233154297,17.037225007909218,17.066341871508403,6945674
2022-08-17,17.166431427001953,17.473983400958144,17.15187386277,17.392091027824026,5543189
2022-08-18,17.102739334106445,17.19191049764357,17.033585691009904,17.106378725502655,4967963
2022-08-19,17.1937313079834,17.1937313079834,16.940775379324737,16.942595942810406,8115750
2022-08-22,17.27744483947754,17.344777922365456,17.097281940245338,17.153695112894557,7741824
2022-08-23,17.07908058166504,17.321116570895988,17.04268320057977,17.27926097106605,5566234
2022-08-24,17.04268455505371,17.14641501676356,17.006288906598538,17.051783901048204,3902187
2022-08-25,17.177352905273438,17.24104659341492,17.09000056980921,17.124577391303564,3981091
2022-08-26,16.993549346923828,17.25378403478585,16.948052619153145,17.221027779209123,9597996
2022-08-29,17.080900192260742,17.115477011667416,16.85342175661994,16.86980162017263,4912571
2022-08-30,17.150054931640625,17.290182781606482,17.09182119812538,17.150054931640625,5602761
2022-08-31,17.095460891723633,17.36115555968891,17.05178472305372,17.28836252374668,10820679
2022-09-01,17.013566970825195,17.108198082544966,16.917115295774277,17.04996435326636,7307600
2022-09-02,17.2738037109375,17.292002404318524,16.95351469083691,17.057245160481244,6808152
2022-09-05,17.199188232421875,17.230125657566987,16.978988601121458,17.069980313391902,5385136
2022-09-06,17.131855010986328,17.28290102433738,17.0754418449787,17.24286598623666,5219656
2022-09-07,17.188270568847656,17.251964255097047,17.020846421196637,17.086360670848634,5542173
2022-09-08,17.128215789794922,17.306559841775556,16.917115481675456,17.270162458934422,7193604
2022-09-09,17.7888126373291,17.84522753821907,17.28108200036479,17.3156588191192,14001554
2022-09-12,17.635948181152344,17.827029234587517,17.559515759778275,17.786994196071237,8307423
2022-09-13,17.514019012451172,17.832489170024832,17.472163410627726,17.65232629032628,7224769
2022-09-14,17.333858489990234,17.58317504253099,17.230129753000533,17.461247611657033,6854697
2022-09-15,17.366615295410156,17.570435099266145,17.333857301559835,17.470345760810943,8194000
2022-09-16,17.170074462890625,17.41211048262665,17.170074462890625,17.3320386638789,14685896
2022-09-19,17.275623321533203,17.392092523015037,16.960792538395165,17.122758470819885,6286423
2022-09-20,17.049964904785156,17.390271416899893,17.008107566519303,17.368433333833337,6623950
2022-09-21,17.004467010498047,17.10819746407822,16.95533262860596,16.99718822848203,5078142
2022-09-22,16.90437889099121,17.150056049792205,16.875262022335225,16.944415670095044,6929191
2022-09-23,16.66598129272461,16.986270300570194,16.615026341625736,16.966252779930738,7708401
2022-09-26,16.227401733398438,16.649602358552322,16.212844168372783,16.565889417563717,8916717
2022-09-27,16.20738410949707,16.42030324857155,16.20738410949707,16.332952652411056,7412921
2022-09-28,16.272897720336914,16.272897720336914,15.928950097220827,16.138229836858212,8451504
2022-09-29,16.04905891418457,16.27835617591437,15.89073411855512,16.214662492100537,6998501
2022-09-30,15.91621208190918,16.17280738839434,15.848877269357107,16.12185243977511,12460510
2022-10-03,16.247421264648438,16.305654996786032,15.787004420195233,15.843419324435104,5814357
2022-10-04,16.74787139892578,16.74787139892578,16.32385198301189,16.378446318125977,10210497
2022-10-05,16.33477210998535,16.65324228470818,16.31293402622266,16.61320550855611,5147082
2022-10-06,16.056337356567383,16.374807504417436,16.045419183368736,16.342049513776132,5076668
2022-10-07,16.016300201416016,16.216482324982795,15.939867784282216,16.00356146522705,5917199
2022-10-10,16.114572525024414,16.252879811038866,15.921670897091616,15.928951415397476,4819154
2022-10-11,16.109113693237305,16.163708033079995,15.9489683294396,16.049059398753514,4656221
2022-10-12,16.130950927734375,16.192824046828612,15.877995025958183,16.021760518270018,5728196
2022-10-13,15.983545303344728,16.20556379162659,15.799743026872552,16.069077072945866,7624040
2022-10-14,16.229223251342773,16.329312591110806,16.050879185106655,16.10547526373236,7321687
2022-10-17,16.46398162841797,16.556792191670116,16.2419631136435,16.269259419323134,4913812
2022-10-18,16.44396209716797,16.618665027160954,16.36934850164371,16.544051431636696,5171356
2022-10-19,16.58772850036621,16.66598149142511,16.525855374232545,16.534954720683384,5266379
2022-10-20,16.551332473754883,16.67871985012442,16.403925841439534,16.54587251890395,6076393
2022-10-21,16.429401397705078,16.624123566431038,16.362068325992027,16.489455687482295,8812616
2022-10-24,16.656883239746094,16.775173015858684,16.427585941996814,16.427585941996814,5894474
2022-10-25,16.853422164916992,16.85706155617596,16.680539799218042,16.70965666481255,5738070
2022-10-26,16.962614059448242,16.964432887474942,16.81884681128445,16.83340611311267,5943060
2022-10-27,16.986268997192383,17.069981935804893,16.873440929354967,16.94623395898541,5786078
2022-10-28,17.56133460998535,17.674164414360984,17.066342698252395,17.066342698252395,10738067
2022-10-31,17.437585830688477,17.599550011914204,17.39390966741976,17.515838811918044,7635744
2022-11-01,17.60683250427246,17.685085494278955,17.479443391196842,17.490363301000137,4925599
2022-11-02,17.743318557739258,17.79427350683508,17.630488750156918,17.734219211754606,6249643
2022-11-03,17.65596580505371,17.79063369269384,17.530398998704705,17.721480053272376,4507689
2022-11-04,17.841588973999023,18.01629190365753,17.630488660586817,17.788813461765276,8304901
2022-11-07,17.87616539001465,17.921660383154933,17.710561810040353,17.757877366536256,5356680
2022-11-08,17.899826049804688,17.927122354550676,17.812473709362482,17.8761674011337,4353129
2022-11-09,17.934398651123047,17.98535533299776,17.770615638787007,17.970796033101742,5926172
2022-11-10,17.659608840942383,17.89254552280895,17.246507523116378,17.643228975474845,16926958
2022-11-11,17.16097640991211,17.723303218067997,16.928037983514567,17.71602269907101,14515873
2022-11-14,17.177352905273438,17.50310186428477,17.162793604188455,17.162793604188455,8047206
2022-11-15,17.2537841796875,17.443046403548518,17.153693113274112,17.193729886944013,7942318
2022-11-16,17.304738998413086,17.375713199595758,17.180991022696546,17.251963488356505,7371827
2022-11-17,17.204648971557617,17.43394622257915,17.04086422910073,17.36479258751857,5559931
2022-11-18,17.5904541015625,17.5904541015625,17.328398832155393,17.328398832155393,13541326
2022-11-21,17.77061653137207,17.843409563463023,17.550416871699756,17.561335045528146,6735346
2022-11-22,17.83612823486328,17.999912983505773,17.754235860542035,17.763335206080253,5421311
2022-11-23,17.797914505004883,17.90892375920362,17.757879461685206,17.874346935549298,6121969
2022-11-24,17.927120208740234,18.072706268369167,17.80883218611275,17.82157092294221,5886830
2022-11-25,17.9853572845459,18.039951627915148,17.907104293218815,17.98353672104034,5319970
2022-11-28,17.919841766357422,18.06178843751679,17.803372569340294,17.96897615126484,6396648
2022-11-29,17.710561752319336,17.92530145144529,17.657786241451323,17.919841496918973,6383330
2022-11-30,17.657787322998047,17.78335587165805,17.426669481659815,17.746958486616894,12655136
2022-12-01,17.89800453186035,17.934400181421903,17.71784164094742,17.7596972453762,7256149
2022-12-02,17.877986907958984,17.938041204582568,17.681444153581307,17.87252695312334,6963284
2022-12-05,17.763334274291992,17.836127299256614,17.697821766689664,17.786992918554866,4899076
2022-12-06,17.652328491210938,17.803374524800436,17.594094754067566,17.779717611436865,4981425
2022-12-07,17.62320899963379,17.801551311673816,17.58863218100034,17.675984509236994,5495082
2022-12-08,17.56133460998535,17.68508432344133,17.44850654113246,17.62684885789921,5914137
2022-12-09,17.583173751831055,17.588633706700136,17.23740727102624,17.435768854548648,8631242
2022-12-12,17.41029167175293,17.57043530940568,17.395732370365007,17.54859722508524,5764155
2022-12-13,17.47398567199707,17.73240156144922,17.3083803409153,17.453966415292275,7128069
2022-12-14,17.439407348632812,17.488541733357856,17.290181895564626,17.46124543146264,10388966
2022-12-15,17.1955509185791,17.541317384343124,17.180991618069164,17.452146224467022,8763357
2022-12-16,17.151874542236328,17.201008926749633,17.017206654619855,17.197369535547473,18597369
2022-12-19,17.239225387573242,17.248324733471932,17.073621804576266,17.153693618752868,5417818
2022-12-20,17.182811737060547,17.373892788996034,17.03722567781749,17.03722567781749,4976733
2022-12-21,17.377531051635742,17.424846604593156,17.184629448889766,17.233765565066648,4934820
2022-12-22,17.250144958496094,17.443046575405344,17.208289356601338,17.37935289088664,4219393
2022-12-23,17.16825294494629,17.295640316672753,17.104559259083057,17.286540970760466,3729422
2022-12-27,17.233768463134766,17.26834528593826,17.126398603195955,17.186452902220665,2048325
2022-12-28,17.222848892211914,17.330218754265257,17.215570109011907,17.288363147580803,2615531
2022-12-29,17.36479377746582,17.36479377746582,17.089999781640813,17.160973984812973,3387405
2022-12-30,16.958974838256836,17.31566124916401,16.958974838256836,17.30110194718951,4255660
2023-01-02,17.228307723999023,17.28108323756519,17.00082927636362,17.049965398567092,3033033
2023-01-03,17.324758529663086,17.48854154584658,17.14641447771882,17.226486290221157,6455401
2023-01-04,17.4921817779541,17.535856205389106,17.306558953145405,17.377531416309605,7028871
2023-01-05,17.774255752563477,17.786994489669425,17.40664946882748,17.47034488987999,8873239
2023-01-06,17.99809455871582,17.99809455871582,17.82884985185622,17.839769760955672,6477491
2023-01-09,18.06724739074707,18.06724739074707,17.746956682821402,17.943497682603304,7501703
2023-01-10,18.170978546142575,18.230123430992872,18.04541172892953,18.152781588554173,6544697
2023-01-11,18.29836654663086,18.484898800840437,18.129121834956862,18.129121834956862,7839825
2023-01-12,18.4803466796875,18.60318523690938,18.302913786652336,18.34841051276561,6964026
2023-01-13,18.52129554748535,18.63048597044637,18.457601857225967,18.471250009275007,6769147
2023-01-16,18.71692657470703,18.744224613475403,18.489448124872432,18.553141813142464,4573332
2023-01-17,18.730573654174805,18.794269074321694,18.607736825555516,18.707826157598,5737019
2023-01-18,18.466699600219727,18.7260248797705,18.40300591549115,18.721476074656778,7385838
2023-01-19,18.366607666015625,18.43030134773935,18.24831964788909,18.380257551758323,6823948
2023-01-20,18.35296058654785,18.36205993239964,18.016291732122745,18.202823983277494,8221177
2023-01-23,18.453052520751957,18.557692399670465,18.38025948604678,18.42575448191645,4173901
2023-01-24,18.312013626098636,18.49854586939078,18.207373756497937,18.443951532104045,5909233
2023-01-25,18.48944854736328,18.48944854736328,18.13822210436084,18.35296182144832,4894611
2023-01-26,18.466699600219727,18.607736856063536,18.40755472060487,18.5531407815624,5472692
2023-01-27,18.4803466796875,18.534942751023436,18.38480615813359,18.53039221065078,4898194
2023-01-30,18.52129554748535,18.607738471857,18.33476328221591,18.58953977877635,4526242
2023-01-31,18.607738494873047,18.644134145556475,18.430303840401567,18.52129557039448,4774607
2023-02-01,18.62138557434082,18.62138557434082,18.38480778419537,18.566791233698886,5926171
2023-02-02,18.70782852172852,18.80337079626127,18.603188635833558,18.616836788399823,6641575
2023-02-03,18.33931350708008,18.630485649259157,18.330214160696624,18.625935108305992,9937000
2023-02-06,18.32111167907715,18.46214892060112,18.211921276683984,18.339310368729773,5322006
2023-02-07,18.280168533325195,18.36206091485013,18.11638377027533,18.29381668507173,5548409
2023-02-08,18.33931350708008,18.4212058890083,18.261969930582147,18.261969930582147,5533851
2023-02-09,18.343862533569336,18.56679218384329,18.31656449409001,18.35751068554756,6192422
2023-02-10,18.33021545410156,18.425755994585003,18.25287187214617,18.362062300929377,4756074
2023-02-13,18.50309562683105,18.521294318704328,18.325662719873588,18.34841195247657,4377964
2023-02-14,18.66233253479004,18.80791860619903,18.59408830452582,18.59408830452582,8092363
2023-02-15,18.730573654174805,18.91710763846373,18.57588998324344,18.72602484906854,7398080
2023-02-16,18.671430587768555,18.853412296661958,18.58953821133356,18.826115994865454,5432812
2023-02-17,18.88981056213379,18.90800925453005,18.557692235754768,18.61683538275837,8414901
2023-02-20,18.93075561523437,19.008097449988888,18.876161276847498,18.96715126231805,3053163
2023-02-21,19.02629852294922,19.080892868170057,18.880712445345026,18.917109832507546,4860170
2023-02-22,19.2037296295166,19.253775164368324,18.96260303671042,18.998998684906265,6582369
2023-02-23,19.290172576904297,19.467605483990727,19.126387820971352,19.190081507051325,6793571
2023-02-24,19.058141708374023,19.403909877912994,19.02629486848525,19.32201750804969,18118862
2023-02-27,19.349315643310547,19.408460523938984,19.02174786830384,19.062694057120027,7353397
2023-02-28,19.322019577026367,19.649587356032495,19.317469036256355,19.490353139538044,9488768
2023-03-01,19.24012756347656,19.48125416317864,19.171883334813835,19.42665982156215,6367279
2023-03-02,19.294721603393555,19.367514636251595,19.049044466676623,19.17188303503509,4920701
2023-03-03,19.34476852416992,19.453957213514563,19.19008310132924,19.34476852416992,5643108
2023-03-06,19.52674865722656,19.594992884137017,19.34931574988672,19.36751444179921,5993878
2023-03-07,19.48125267028809,19.599542426168973,19.44485702384045,19.472153324795503,6465754
2023-03-08,19.581344604492188,19.640487749535577,19.43120800048333,19.43120800048333,5819536
2023-03-09,19.62683868408203,19.654136720499917,19.53584696487844,19.59044303771421,4012327
2023-03-10,19.590444564819336,19.65413825257006,19.435759150772075,19.48580468701131,7814135
2023-03-13,19.44485855102539,19.64048842015112,19.22647771309731,19.61319211705224,11635170
2023-03-14,19.6768856048584,19.71328298931718,19.472154656084783,19.53584834336484,8567152
2023-03-15,19.717832565307617,19.96805851891226,19.481254763647065,19.65868768101176,12890543
2023-03-16,19.7769775390625,19.97715795574713,19.676886462958738,19.913464265689427,10908549
2023-03-17,19.544946670532227,19.97715604307217,19.47670418151396,19.749677608632485,21644352
2023-03-20,19.908912658691406,19.908912658691406,19.394812624738957,19.558597382130912,8931537
2023-03-21,20.01355361938477,20.08179610906369,19.89526386043824,20.0181024244876,6509311
2023-03-22,19.827022552490234,19.95440992923497,19.631390946476333,19.895265046236556,9147253
2023-03-23,19.87251663208008,19.904363474797936,19.77697610392651,19.845218594526447,5772627
2023-03-24,19.763328552246094,19.88161832676393,19.640489972026632,19.87251897983772,7698108
2023-03-27,19.86341667175293,19.949857851381225,19.80427179331109,19.845217980613487,5168929
2023-03-28,19.93166160583496,20.04994963140997,19.881616071179963,19.94076095172885,4832300
2023-03-29,20.11819267272949,20.12274147764709,19.88161489999304,19.94985738689301,5593195
2023-03-30,20.13639259338379,20.23193486595041,20.09089759541715,20.140943134494208,5661542
2023-03-31,20.336572647094727,20.38206764035764,20.14094105212325,20.163688548754703,9603582
2023-04-03,20.341121673583984,20.44121274247898,20.23193299435559,20.391167208031483,6513324
2023-04-04,20.35931968688965,20.504905744691516,20.313824694647582,20.35931968688965,5660602
2023-04-05,20.96896171569824,21.041754743769296,20.400265641542315,20.427563677889967,14237073
2023-04-06,21.20825958251953,21.320868806151395,20.86573702664465,21.01119075632676,9803406
2023-04-11,21.001806259155277,21.32556180285883,20.77189471786424,21.227028285162675,10691509
2023-04-12,21.02057647705078,21.18010771212657,20.926734258201822,20.997116369811405,6801846
2023-04-13,20.931427001953125,21.06749812750365,20.71089805984651,21.025269219225606,5879483
2023-04-14,20.846969604492188,21.081574257444032,20.7859718935551,20.959578835569857,5689250
2023-04-17,20.96896171569824,21.0721883282758,20.82350798694768,20.851659397729687,5743779
2023-04-18,21.07218742370605,21.156645232209183,21.01118971981129,21.07218742370605,5191313
2023-04-19,21.11910820007324,21.17541460051493,21.02057468413724,21.02526777911969,4791696
2023-04-20,21.09564971923828,21.17072313571669,20.959578592530093,21.109727215378346,6310003
2023-04-21,21.001806259155277,21.17541497878145,20.823508024245463,21.06749706084404,9730439
2023-04-24,20.701513290405277,21.01119134896464,20.57013526249869,21.0018069484154,7392312
2023-04-25,20.861045837402344,20.861045837402344,20.64051867518806,20.743743507965902,8055601
2023-04-26,20.861045837402344,20.9501967533046,20.67336318423894,20.72028340005692,6752874
2023-04-27,20.889198303222656,20.997116227706577,20.771895977928207,20.856353795331525,5650982
2023-04-28,20.5325984954834,20.964271988850196,20.354300247469567,20.898582972224943,11728856
2023-05-02,20.05400657653809,20.443449370756117,19.838168934916563,20.36368464768297,11066708
2023-05-03,19.96954727172852,20.138461106233247,19.86162935389577,20.09623399002556,6196780
2023-05-04,20.04931259155273,20.11500160526109,19.80063224254498,19.94608597578738,6046100
2023-05-05,20.091541290283203,20.147845902892627,19.94139446339717,20.082156889866408,5373653
2023-05-08,19.98831558227539,20.10561790796924,19.932010967111943,20.04462198733028,3499112
2023-05-09,20.06808280944824,20.10092731862134,19.903858473691237,19.955471785217963,5178252
2023-05-10,19.941394805908203,20.063388433639197,19.87570579175372,20.063388433639197,4953125
2023-05-11,20.213537216186523,20.326146444248664,19.978932569517088,20.13846201095655,7095894
2023-05-12,20.32614517211914,20.37306538255992,20.096233635111496,20.138460750573422,6454335
2023-05-15,20.49506187438965,20.635824303026745,20.3496063505262,20.43406416568673,5459153
2023-05-16,20.65459251403809,20.81412373923995,20.4669080879566,20.490368193743947,7226394
2023-05-17,20.490367889404297,20.73905001875234,20.443447678526493,20.65459220725924,6340302
2023-05-18,20.44814109802246,20.804739360069732,20.438756697719725,20.56075032187261,4936338
2023-05-19,20.50913619995117,20.556058199599786,20.26045586643296,20.51382929486167,9035701
2023-05-22,20.391834259033203,20.682745292507278,20.38714295392808,20.4903677752625,5108344
2023-05-23,20.52790641784668,20.63582433965639,20.457524308457504,20.523215112503383,5501849
2023-05-24,20.40121841430664,20.537289529309188,20.358989509302106,20.490367529364544,5348911
2023-05-25,19.83816719055176,20.434063173063706,19.439340030471868,20.37775856232225,11292230
2023-05-26,19.744327545166016,19.87570557202257,19.52379860874991,19.866321171548336,6685052
2023-05-29,19.75840377807617,19.899166209162438,19.68802166758733,19.810017087115803,1997704
2023-05-30,19.49095344543457,19.810015891244685,19.411186939036387,19.772478290612288,6379871
2023-05-31,19.46749496459961,19.71617532492268,19.36426834413729,19.387728451544696,15950400
2023-06-01,19.74901962280273,19.78186413080136,19.429957153766303,19.434648459241203,5657933
2023-06-02,17.959455490112305,19.87570608508908,17.959455490112305,19.772479467099195,31892560
2023-06-05,18.23910522460937,18.578812309687866,18.15652321118757,18.56192110372615,18370341
2023-06-06,18.06831169128418,18.31793174382277,17.942564656836943,18.16966071527578,10192223
2023-06-07,17.829954147338867,18.04579000481164,17.829954147338867,17.933180770430848,11830878
2023-06-08,17.696697235107422,17.876873071026647,17.570950206142765,17.837459662853423,11991209
2023-06-09,17.873119354248047,17.91441035775151,17.715465724329754,17.75487913180933,10183194
2023-06-12,17.83558464050293,17.985731475349304,17.790540232070725,17.978224670574424,8431220
2023-06-13,17.737987518310547,17.87687234435412,17.608485302496124,17.839336533763614,9425542
2023-06-14,17.963207244873047,18.10960066081872,17.719218218296923,17.745493821936563,10313935
2023-06-15,18.171537399291992,18.21282840324984,17.886257353567558,17.93505516192088,8627748
2023-06-16,18.227842330932617,18.302915745874856,18.103971106783355,18.205320127460805,23524880
2023-06-19,18.1208610534668,18.250363266963262,18.01575863782504,18.22408766305282,4574528
2023-06-20,18.05705070495605,18.19593553670757,18.006375300201192,18.11147772204372,5772877
2023-06-21,18.051420211791992,18.10960242262328,17.94256438467927,18.070189013329458,5414278
2023-06-22,18.23722648620605,18.27288649206577,17.963208435858462,18.00825284219614,8373512
2023-06-23,18.35359001159668,18.445554625959904,18.248485805290283,18.278516601315705,7552959
2023-06-26,18.48309135437012,18.518751360266968,18.2935311182354,18.325437721915428,6407184
2023-06-27,18.680160522460938,18.73834273260169,18.498107087469364,18.60884050937817,6457680
2023-06-28,18.79652404785156,18.913826365646685,18.700804239638558,18.768370847219856,8299496
2023-06-29,18.702682495117188,18.857520629323048,18.618224680135302,18.810600416507064,4255420
2023-06-30,18.745849609375,18.880982831491707,18.68203819050718,18.70268279809803,8948340
2023-07-03,18.71769523620605,18.89974866050852,18.678281829694136,18.76273964076005,5296654
2023-07-04,18.730833053588867,18.824675264837357,18.71769525140756,18.740217453702847,2894424
2023-07-05,18.710187911987305,18.76649252116904,18.51124328898001,18.670774506570968,5451812
2023-07-06,18.408018112182617,18.67077595861776,18.37423570202453,18.64262275689176,7979228
2023-07-07,18.299161911010746,18.404264331466923,18.212828291319266,18.38737312673523,8953209
2023-07-10,18.280393600463867,18.32543800755056,18.220335584275883,18.297284805648523,4608945
2023-07-11,18.252241134643555,18.28790113903737,18.13775252745357,18.21470353427478,3801989
2023-07-12,18.42115592956543,18.42115592956543,18.27851769442529,18.289777901189748,5813214
2023-07-13,18.550657272338867,18.682037084377697,18.42491024825233,18.436170454482983,6118972
2023-07-14,18.655759811401367,18.829368530244164,18.61447059839576,18.62197740259836,7562941
2023-07-17,18.53564453125,18.73646497594386,18.47183132328343,18.65576056289537,4322702
2023-07-18,18.20344352722168,18.468077169107616,17.974468100228314,18.445554966618246,8295973
2023-07-19,18.282270431518555,18.39675725063649,18.16403021028236,18.19405921711977,4879185
2023-07-20,18.41928100585937,18.454941013825746,18.2222121639628,18.25036536705988,5915859
2023-07-21,18.45681571960449,18.53188913349561,18.32543769276788,18.49059991928489,5937434
2023-07-24,18.66889762878418,18.85282865102698,18.516874999156503,18.524381803365166,5220900
2023-07-25,18.582565307617188,18.63324071429068,18.460571676201354,18.54690530030029,3506338
2023-07-26,18.36672782897949,18.56191905385122,18.03640339155444,18.505612653675023,9165225
2023-07-27,18.580686569213867,18.62009997647405,18.346081931774847,18.48684614615133,8956149
2023-07-28,18.67828369140625,18.74960370741017,18.406143220762164,18.439925632599184,6821535
2023-07-31,18.620100021362305,18.791831146189505,18.620100021362305,18.74021783944588,7295256
2023-08-01,18.45306205749512,18.672653087705093,18.45306205749512,18.64074648452519,5625493
2023-08-02,17.99323844909668,18.4249119457524,17.946318233975862,18.4023897413248,10377311
2023-08-03,17.775524139404297,18.000744382890527,17.505259489242544,17.99886857671569,12105531
2023-08-04,17.69106674194336,17.903149187646207,17.522152897760158,17.876873581447168,7514956
2023-08-07,17.63100814819336,17.657283753532948,17.477107918362712,17.623501343779584,4762011
2023-08-08,17.41329574584961,17.717342821370146,17.362622128208592,17.713589418940234,7708826
2023-08-09,17.719221115112305,17.739865724235305,17.458340842102466,17.48649404627237,7159406
2023-08-10,17.724849700927734,17.82619871629393,17.373880654267097,17.655405498074163,10052993
2023-08-11,17.62912940979004,17.93880744543356,17.610362399971685,17.792414029502872,5659657
2023-08-14,17.84121322631836,17.901273032095155,17.672299385431405,17.696697395043785,3759806
2023-08-15,17.796171188354492,17.910658015411233,17.676053362784224,17.848722401436834,3632063
2023-08-16,17.848722457885742,17.856229262666545,17.68919122199918,17.78115584518413,4105901
2023-08-17,17.84309196472168,17.87312097458686,17.71546733037603,17.826200758540736,3962584
2023-08-18,17.837459564208984,17.9369327770661,17.741741543444974,17.820568359355498,5260853
2023-08-21,17.920042037963867,18.03452886260349,17.82432222482068,17.82432222482068,3462164
2023-08-22,17.920042037963867,17.989484455229217,17.86561322989567,17.970715653841367,3164582
2023-08-23,18.118986129760746,18.154646135360217,17.961330708729403,17.970715109138883,4938336
2023-08-24,17.974468231201172,18.286023876331527,17.953823624556872,18.20531946598084,4800530
2023-08-25,18.070188522338867,18.192182149234807,17.923795096128913,17.929426094415437,4494363
2023-08-28,18.26350212097168,18.30479312516288,18.072064288674245,18.09271068571553,3891274
2023-08-29,18.357345581054688,18.42115700288744,18.227843351315176,18.36297657971071,4031742
2023-08-30,18.34420585632324,18.421155073700408,18.29540804949498,18.37611245884389,2992889
2023-08-31,18.52625846862793,18.66138988705163,18.411771655686557,18.428662859253112,8722403
2023-09-01,18.51124382019043,18.69329724465665,18.51124382019043,18.56191922283208,4513698
2023-09-04,18.445556640625,18.57318127305298,18.347961017610988,18.507492255618835,3021921
2023-09-05,18.644500732421875,18.734589547865472,18.338576069027045,18.38362047674884,4770321
2023-09-06,18.713943481445312,18.77775669182921,18.580687852031232,18.67640766760708,4877154
2023-09-07,18.782447814941406,18.810601017465263,18.473709439752888,18.58068767158237,6489908
2023-09-08,18.89974975585937,18.90913415650961,18.738342718392936,18.75335632752019,6101797
2023-09-11,19.17189216613769,19.270425688956035,19.040514135713245,19.040514135713245,7241665
2023-09-12,19.275117874145508,19.378342697508675,19.200042671857624,19.232888967804243,4051332
2023-09-13,19.214120864868164,19.32203878723833,19.101509847238937,19.28450118473145,4549448
2023-09-14,19.444032669067383,19.509723474310736,19.18127660765968,19.275118825258755,7913192
2023-09-15,19.3736515045166,19.688020861406816,19.3736515045166,19.528489635403787,23105717
2023-09-18,19.354883193969727,19.425265303358906,19.24696527216001,19.331423087470466,4191651
2023-09-19,19.37834358215332,19.425265585725292,19.30327016632958,19.38303667745623,3137376
2023-09-20,19.47687530517578,19.5331817042595,19.350190381965543,19.434646400808617,4560984
2023-09-21,19.350191116333008,19.45810903383556,19.2188113033762,19.42995583322525,5505191
2023-09-22,19.2985782623291,19.34549847455432,19.148431435338765,19.195351647563985,5788313
2023-09-25,18.95136260986328,19.336114077836164,18.75148007149329,19.336114077836164,7524728
2023-09-26,18.764617919921875,18.90913374906046,18.698928906677065,18.895058043334107,6940863
2023-09-27,18.499984741210938,18.698929382049176,18.376113515974083,18.69329838365893,6634694
2023-09-28,18.627609252929688,18.66326925936049,18.362975598821983,18.54315143716681,4955408
2023-09-29,18.644500732421875,18.866905481920394,18.60508732313816,18.64262313631204,7472604
2023-10-02,18.69892883300781,18.824675860754933,18.606962424936032,18.6745290339608,4728401
2023-10-03,18.46807861328125,18.757112076254,18.370482991492608,18.672654257787237,4761296
2023-10-04,18.462446212768555,18.61822403455096,18.349836989958344,18.355466198174927,6254273
2023-10-05,18.60133171081543,18.64825191918112,18.317929284952086,18.50561190830607,4211693
2023-10-06,18.852828979492188,18.862213379862176,18.59570213700681,18.642622348965403,6784318
2023-10-09,19.068666458129883,19.12027976965761,18.83875489391373,18.85283060073348,5835190
2023-10-10,19.218812942504883,19.293886360643903,19.08743490823446,19.176584032933462,4868047
2023-10-11,19.284500122070312,19.44872443915131,19.185966605756494,19.21411980608529,5711412
2023-10-12,19.20942687988281,19.3689581033652,19.1671979739642,19.284500291527976,4053372
2023-10-13,19.139047622680664,19.326730267236684,19.12966322196915,19.246965546025947,4929421
2023-10-16,19.106203079223636,19.14373889210772,18.970131953999573,19.14373889210772,3496500
2023-10-17,19.092124938964844,19.204735953599812,18.98890011459842,19.08743363372192,3537835
2023-10-18,19.20942687988281,19.42995580966793,19.096817657360727,19.11558645774485,5476001
2023-10-19,19.096818923950195,19.1484322334841,18.89975008662905,19.08274142778276,6596339
2023-10-20,18.96074676513672,19.08274038930317,18.899749058107822,18.94667105962672,8093775
2023-10-23,18.941978454589844,19.03582067016416,18.76837151920677,18.984207362103717,5194020
2023-10-24,18.97013092041016,19.007666731249092,18.77306209635893,18.93728641471684,5462943
2023-10-25,19.2235050201416,19.326729845935223,18.94197837460741,18.974822881436022,7127789
2023-10-26,19.129663467407227,19.2281969913052,18.880983109981447,19.1531235745413,5790902
2023-10-27,19.129663467407227,19.317346114371254,19.08274146324764,19.17658368167537,4752514
2023-10-30,19.214120864868164,19.32203878723833,19.139047449745814,19.153123155740197,3545436
2023-10-31,19.214120864868164,19.30326998598489,19.15781625099925,19.26573417336942,5412088
2023-11-01,19.47218513488769,19.49564524092736,19.26104060074799,19.298578202324546,5230829
2023-11-02,20.05869674682617,20.21822797383518,19.406496133136542,19.523798453293423,13096419
2023-11-03,20.07277107238769,20.166613280039403,19.983621959558757,20.06807976745617,5763271
2023-11-06,20.035236358642575,20.199458888593128,19.97423865185037,20.124385476345545,4796811
2023-11-07,19.922626495361328,20.02116001901952,19.82409297170314,20.0164687135607,4097081
2023-11-08,20.021160125732425,20.12907984066634,19.81001737102275,19.8944751888632,4937103
2023-11-09,20.194766998291016,20.3449138184359,20.002391273112178,20.265147313420083,5881744
2023-11-10,20.1150016784668,20.28861040377515,20.025852558094066,20.21822829460783,5806980
2023-11-13,20.312068939208984,20.312068939208984,20.086848713140657,20.161922121830106,4706871
2023-11-14,20.222919464111328,20.335530480044422,20.011776717810264,20.31207037377668,6714549
2023-11-15,20.091541290283203,20.19945921023933,19.84286094385784,20.175999104143017,6158795
2023-11-16,20.143156051635746,20.208845069403637,20.044622524983907,20.1384629561429,4057611
2023-11-17,20.22761344909668,20.27922675909097,20.096235416305,20.147846936407834,6678818
2023-11-20,20.288610458374023,20.387143979560324,20.199459547869985,20.25576416142053,4860535
2023-11-21,20.26045799255371,20.26514929806524,20.03992904579121,20.26045799255371,4589540
2023-11-22,20.40121841430664,20.43875601426236,20.22291839429956,20.260455994255278,4718651
2023-11-23,20.4575252532959,20.485678456330117,20.28861140476504,20.387144930547574,4575459
2023-11-24,20.55136489868164,20.55136489868164,20.40121808109369,20.504444689394624,4657099
2023-11-27,20.60297966003418,20.69682187513671,20.495061739128253,20.55136635223322,5346137
2023-11-28,20.52790641784668,20.556059619580623,20.396528389537707,20.532597723189973,5357374
2023-11-29,20.584211349487305,20.64051775382524,20.41060441084056,20.56544433793275,4356956
2023-11-30,20.621749877929688,20.67336318927694,20.556060859811915,20.67336318927694,6891401
2023-12-01,20.8751220703125,20.8751220703125,20.71089774510848,20.73905094682981,5465873
2023-12-04,20.973655700683597,21.029960314527976,20.865737778360447,20.973655700683597,4790043
2023-12-05,21.198875427246094,21.25048873446196,20.959577691952795,21.044035505598504,6399992
2023-12-06,21.24110412597656,21.320868843698666,21.14726191285719,21.217644020169555,6943201
2023-12-07,21.20825958251953,21.28802430010116,21.090957263799723,21.264564194335463,4781836
2023-12-08,21.222335815429688,21.255180322296194,21.07218898692811,21.255180322296194,5746642
2023-12-11,21.38186836242676,21.489786290196115,21.24110592576636,21.29271923684985,7157154
2023-12-12,21.37717628479004,21.48040111333758,21.33025428100349,21.48040111333758,6433304
2023-12-13,21.166030883789062,21.339637816027604,21.04403546878473,21.33025341565101,7381082
2023-12-14,20.40121841430664,21.2974080294996,20.19945828927288,21.2974080294996,23751797
2023-12-15,20.26045799255371,20.55136726133789,20.227613484298637,20.391836025574023,22042162
2023-12-18,20.20884323120117,20.31206984395633,20.096234008096754,20.269840937819342,5495935
2023-12-19,20.157230377197266,20.251072591817863,20.02585235066325,20.251072591817863,8083731
2023-12-20,20.33553123474121,20.36837574271326,20.147846797851127,20.23230461546252,6318933
2023-12-21,20.32145500183105,20.34491510836152,20.222919690576887,20.2979931054092,5586875
2023-12-22,20.438756942749023,20.490368460195803,20.269841315057413,20.349606033749915,4863034
2023-12-27,20.316761016845703,20.39652752342568,20.22291880494216,20.35429861756365,4365525
2023-12-28,20.283916473388672,20.33083847419872,20.232303167443277,20.288609568415332,3547069
2023-12-29,20.41060447692871,20.41060447692871,20.293302152348662,20.302686553102035,3172543
