Date,Close,High,Low,Open,Volume
2010-01-04,28.42392349243164,28.51679258253023,27.64118744599704,27.7207895232244,35460500
2010-01-05,28.974498748779297,29.08063234187128,28.37749570612163,28.384130479053635,41208300
2010-01-06,29.133689880371094,29.24645821545706,28.729057407385746,28.82192395956021,27729000
2010-01-07,29.71080017089844,29.929699588634087,28.928064012111644,29.04746461466721,44864700
2010-01-08,29.63783264160156,29.65109965628165,29.239832322896167,29.432197709696663,33110100
2010-01-11,29.53833770751953,29.976139165282746,29.392405575215037,29.92970586903701,31878700
2010-01-12,28.84846305847168,29.2862644031907,28.483626495852324,29.1801308205444,47109600
2010-01-13,29.352584838867188,29.53831789929861,28.4371814845264,28.88824965736545,39622000
2010-01-14,29.644466400146484,29.7108014769402,29.25309830354914,29.31943338034285,37938300
2010-01-15,28.974498748779297,29.472000440852533,28.748964547155783,29.385766105707656,69738500
2010-01-19,28.70916175842285,29.02093027626941,28.45709607164304,28.78876384622897,41731500
2010-01-20,28.788759231567383,28.97449234582785,28.331056156534235,28.530056283302432,39934400
2010-01-21,26.891624450683597,28.622930682666105,26.74568981644005,28.549963365544333,137547700
2010-01-22,25.976207733154297,27.329412221510932,25.750673651761527,26.96457834789933,106634900
2010-01-25,26.009389877319336,26.460458315650847,25.763956398658696,26.37422397379859,56572200
2010-01-26,25.498611450195312,26.427282007255712,25.392477889139013,25.87008017910421,52975300
2010-01-27,26.088985443115234,26.195119017885094,25.253181327681524,25.438914450922784,66314300
2010-01-28,26.1884822845459,26.55995103362893,25.684348474755343,26.321149875677257,65047400
2010-01-29,25.830284118652344,26.43391933784988,25.737417551148752,26.30125425880142,53649000
2010-02-01,26.28798484802246,26.486984978875626,25.83691653519585,25.93641533541045,37408200
2010-02-02,26.898250579833984,26.98448489232723,26.334416489092757,26.400749018442145,45968500
2010-02-03,26.72579765319824,27.263097984760613,26.64619554225008,26.918165625685408,37373300
2010-02-04,25.43891143798828,26.48034780782942,25.43891143798828,26.394116028208543,57211800
2010-02-05,25.405759811401367,25.790495777549637,24.563323069024293,25.631294077316685,75224100
2010-02-08,25.00774383544922,25.399111803093884,24.755675687536485,25.399111803093884,58321000
2010-02-09,25.465456008911133,25.67109097790707,25.100621895887503,25.332788368604877,45173500
2010-02-10,25.783859252929688,26.20176147355861,25.55169275837196,25.63129233787389,39331800
2010-02-11,25.88335418701172,26.11552062382137,25.445552813010394,25.763953582245502,33830600
2010-02-12,25.83692169189453,25.9894885736797,25.445553593254505,25.65118600632717,38051100
2010-02-16,26.57984733581543,26.62628060799291,25.70424487414926,26.08898059267532,46425300
2010-02-17,26.55995750427246,26.83192499365883,26.37422181926936,26.705889612688072,34644100
2010-02-18,26.805391311645508,26.87172385902252,26.38085693541389,26.493622772039707,31809500
2010-02-19,26.55332946777344,26.99776573952582,26.46709764151372,26.606397542787192,40290200
2010-02-22,27.09725379943848,27.3957552765202,26.699253516945568,26.79875485278084,43898900
2010-02-23,26.45382308959961,27.36259210680999,26.37422099974698,27.130425670800747,52233100
2010-02-24,27.09725379943848,27.176855880276328,26.53341964416951,26.566585912639905,44645000
2010-02-25,26.95796012878418,26.99112640485187,26.334425535267744,26.63955932376996,46718100
2010-02-26,27.84018898010254,28.065723128923132,26.931417613441518,26.99111790373002,67699100
2010-03-01,27.747333526611328,27.979500009282464,27.46873121698109,27.879998642180617,34606800
2010-03-02,27.60801887512207,28.125422212226365,27.43555278303648,27.84682002602809,33891600
2010-03-03,27.548320770263672,27.899890283810134,27.422287944153936,27.62792284715568,27562500
2010-03-04,27.8070125579834,27.91314862754303,27.63454650579535,27.80038031884751,25450700
2010-03-05,28.397396087646484,28.43719460156901,27.98612622066855,28.07236055154125,34790800
2010-03-08,28.251453399658203,28.543320050370745,28.171853864086348,28.42391948180116,28524900
2010-03-09,28.138690948486328,28.404026163042506,27.89325751979756,28.118791693043068,37107100
2010-03-10,28.476999282836918,28.848468152909884,28.397399714401512,28.437198233406885,40903700
2010-03-11,28.64281845092773,28.656085460575987,28.390750328457653,28.463717616311364,30119600
2010-03-12,28.622936248779297,28.88163676493745,28.423933515957767,28.74896911986472,31367300
2010-03-15,28.569854736328125,28.66272128505743,28.25808629665946,28.470353416733204,29142000
2010-03-16,28.68263435363769,28.775500938909325,28.317797725178213,28.755599148904928,28553800
2010-03-17,29.04747200012207,29.259739229652048,28.702537119529616,28.729071155827107,32918800
2010-03-18,28.94797134399414,29.047472717354104,28.622938247811668,29.020938680401443,26012000
2010-03-19,28.821931838989254,29.11379858710384,28.60966465301057,28.821931838989254,37014400
2010-03-22,29.01429557800293,29.04746184656902,28.549960226805364,28.569859481860203,23257200
2010-03-23,29.571508407592773,29.677642024430465,29.04083779297929,29.08727109219421,33735700
2010-03-24,29.81029891967773,29.83020070700889,29.319432026197635,29.47863114230089,35849200
2010-03-25,29.81029891967773,30.546601790322217,29.77713264802492,29.83683294916972,45019400
2010-03-26,29.86337280273437,30.440474139399843,29.710805899037744,29.87663982006775,39727000
2010-03-29,29.757238388061523,30.102173238107067,29.49190310943425,30.01593889298949,30628400
2010-03-30,29.571508407592773,29.883274483689416,29.42557373553156,29.78377564126816,30296300
2010-03-31,29.68427085876465,29.85010477417674,29.35260302794046,29.392404078592268,39043000
2010-04-01,30.003013610839844,30.089344372011578,29.87683983163034,29.903400999237533,23894600
2010-04-05,30.109281539916992,30.14912711193113,29.74403932951417,30.06943596790285,21342400
2010-04-06,30.44132232666016,30.507729084355653,29.983109618748216,30.03623451825353,28192100
2010-04-07,30.09599876403809,30.5807751424325,29.896775976558285,30.43467978268341,28890100
2010-04-08,30.388181686401367,30.527639870158414,29.757310162721136,29.989736246892345,28869900
2010-04-09,30.534276962280277,30.693656644635112,30.182316769199893,30.467870239030656,22881200
2010-04-12,30.64053726196289,30.85968406592266,30.48116007113285,30.56748832730964,24645900
2010-04-13,30.461238861083984,30.79991985635605,30.44795700506792,30.57413337059301,27988900
2010-04-14,31.696422576904297,31.829238599502883,31.065548369502206,31.47727829288332,72533100
2010-04-15,31.74955177307129,32.00854163831791,31.537047138343038,31.64329945570716,45412100
2010-04-16,30.248727798461918,31.70969871721485,29.976456141173077,31.656571304448995,121203900
2010-04-19,30.142484664916992,30.34834965205464,29.611223042108023,30.0362323403552,72136600
2010-04-20,30.467885971069336,30.64718725633014,30.25538130703922,30.394837017823598,39310700
2010-04-21,30.115907669067383,30.80654874076753,29.883481603232774,30.574122674932923,46320600
2010-04-22,29.71083068847656,29.96317833342136,29.23933370291168,29.823722655964268,63176900
2010-04-23,29.843639373779297,29.92997015067281,29.385426850121863,29.704183718742826,32483800
2010-04-26,29.146364212036133,29.75731689519717,29.040111901910937,29.73739284543596,42889300
2010-04-27,28.163515090942383,29.465105847659807,28.09046619066425,28.87407752105106,66296100
2010-04-28,28.860811233520508,29.02683062975556,28.409238273100765,28.44908384016896,48578900
2010-04-29,29.21940803527832,29.438554811505043,28.95377603983764,29.146359109869408,36520300
2010-04-30,28.276412963867188,29.25260488309157,28.043984386334607,29.23268337451165,54121100
2010-05-03,28.907276153564453,29.04009208389625,28.482267203105238,28.535394588539223,31230900
2010-05-04,28.203369140625,28.79439764544524,28.057271296016182,28.53540785418732,48982200
2010-05-05,28.309616088867188,28.801031873643367,27.63889659533647,27.964295587894103,43062100
2010-05-06,27.101016998291016,28.40924859324743,26.091618398509947,28.30963843927427,78226200
2010-05-07,27.067811965942383,27.78501725764177,26.417015978986985,27.24711328886723,72976300
2010-05-10,27.858049392700195,28.754552932346375,27.50608662337429,28.10375733864136,66578300
2010-05-11,27.59242248535156,28.256500054352827,27.326792977703988,27.53265540281125,50771200
2010-05-12,27.685392379760746,27.75180165527069,27.10100595480222,27.71859828414313,47700000
2010-05-13,27.101016998291016,27.625636555697078,27.08109294089169,27.51938420483885,35320800
2010-05-14,26.490053176879883,26.62950885499204,26.038480238298305,26.62950885499204,60719400
2010-05-17,26.45685195922852,26.58966798725451,25.746289122532712,26.51661904517746,56506200
2010-05-18,25.912315368652344,26.974838807002005,25.60019800033776,26.974838807002005,61735000
2010-05-19,26.15137481689453,26.33731572159385,25.580267714455385,25.59354956954174,64600500
2010-05-20,25.122047424316406,26.065036047526103,24.77672689753067,25.60018139480476,76564100
2010-05-21,26.596303939819336,26.669352871709663,24.584149882226,24.584149882226,89588800
2010-05-24,25.646669387817383,26.72911629749938,25.566980806303757,26.66934922805057,49141600
2010-05-25,25.85916328430176,25.90564848209705,24.803280515481283,25.01578500061782,66813700
2010-05-26,25.7529296875,26.231066391866804,25.547067243429385,26.02520141454107,50719600
2010-05-27,26.84201431274414,26.888502073497225,26.1646574168407,26.28419158276599,44843000
2010-05-28,26.28418731689453,26.795524736385453,26.1380894637517,26.782245416331097,41252400
2010-06-01,25.59354591369629,26.53653469083522,25.566982207318,26.111525521800523,37848600
2010-06-02,26.264270782470703,26.31075601572024,25.679881736005587,26.0119205639338,39618500
2010-06-03,25.96543502807617,26.523260353824732,25.64667806097059,26.470135459268064,30950400
2010-06-04,24.98259735107422,25.699802339105045,24.90290875237797,25.5603466580729,52868900
2010-06-07,24.384923934936523,25.321273005862786,24.345078377337025,25.09548657930765,44528300
2010-06-08,25.08885383605957,25.102135693595308,24.27203859702632,24.47790358894733,51017900
2010-06-09,24.65055656433105,25.341197785582327,24.57750763260673,25.334558125086787,42586000
2010-06-10,25.427526473999023,25.480651353345028,24.843137601666207,25.022438819311088,44302600
2010-06-11,25.29471778869629,25.347842683401208,24.916193730873676,25.09549500035626,31147600
2010-06-14,24.790021896362305,25.41425402590056,24.72361260603564,25.21503122143136,48662200
2010-06-15,25.400968551635746,25.420890069269923,24.743530603902364,24.93611371854957,45355600
2010-06-16,25.58027458190918,25.819342971135843,25.22831419402299,25.248235715373376,37217100
2010-06-17,25.52713966369629,25.832617256628797,25.18181903974351,25.63339196850832,34755100
2010-06-18,26.01856231689453,26.078329406235994,25.487300707889943,25.63339606708172,37270800
2010-06-21,25.81269073486328,26.417001135570636,25.6732350731434,26.26426362036488,33665100
2010-06-22,25.45409774780273,26.284194817064417,25.38104880038687,25.85254332774625,42245700
2010-06-23,25.825977325439453,25.972075207327315,25.24823052573153,25.42753178079709,45046000
2010-06-24,25.254867553710938,25.69980081431436,24.849779856719,25.600188171913,73843400
2010-06-25,26.19121360778809,26.2974658980188,25.420883870301804,25.752922593929583,70734200
2010-06-28,25.59354591369629,26.324030106317878,25.547060694161523,26.264263033593963,39962900
2010-06-29,24.610715866088867,25.175180792101514,24.49118169980891,25.175180792101514,56694200
2010-06-30,24.311887741088867,24.896276892232628,24.24547844365453,24.584159527430447,35332500
2010-07-01,23.992691040039062,24.398330283686505,23.380902729907643,24.2985839267449,56642900
2010-07-02,23.82644462585449,24.398330335676302,23.500600437690206,24.14563753484332,36796000
2010-07-06,24.15892791748047,24.524669487893963,23.84638387564701,24.398320601168745,35953600
2010-07-07,25.36920928955078,25.429058113031036,24.2121328811724,24.365079310795373,44602900
2010-07-08,25.375852584838867,25.814743017252784,24.704218187023237,25.78814298214431,41498200
2010-07-09,25.834699630737305,25.86129967393401,25.05666739263183,25.103216199866186,30422300
2010-07-12,26.060794830322266,26.16054372358968,25.668453073107383,25.841350816541595,24998900
2010-07-13,26.918621063232425,27.05826745262151,26.426533061560647,26.47308185802368,48564800
2010-07-14,26.832170486450195,26.85212178130843,26.49302891448808,26.699175383229907,37320600
2010-07-15,26.90532684326172,27.15802217617765,26.140594638899923,27.07822458457461,81876200
2010-07-16,25.934446334838867,26.83217615481856,25.84134872822996,26.7856273515141,58507400
2010-07-19,25.96105194091797,26.17384724070254,25.349263551497284,25.954400660894663,35404900
2010-07-20,26.353382110595703,26.36003085096228,25.45564995797073,25.48224999287494,43538200
2010-07-21,25.54874610900879,26.765671002004456,25.49554857890604,26.765671002004456,41115600
2010-07-22,26.167184829711918,26.3334312454959,25.754894428848942,25.90784082696393,35494400
2010-07-23,26.48637962341309,26.57282593136542,25.91449155926596,26.047486659721528,28241000
2010-07-26,26.81887626647949,26.83882502704436,26.266936881471413,26.46643209727797,27209400
2010-07-27,27.058269500732425,27.42401369593914,27.005071959341937,27.091520817910737,44872200
2010-07-28,26.812219619750977,27.19791249157141,26.699173283560096,26.892017182751523,23945400
2010-07-29,26.739072799682617,27.15136573562705,26.539577608877977,27.071565629930006,28994300
2010-07-30,26.785619735717773,27.05826373614728,26.41322941516165,26.41322941516165,26406500
2010-08-02,27.69001007080078,27.729910134562623,27.084873055704364,27.2511195162992,35566700
2010-08-03,27.317607879638672,27.696649443919974,27.177958984862467,27.59690059575391,29967900
2010-08-04,27.457263946533203,27.53041278949113,27.17131985318102,27.41071514405443,23078100
2010-08-05,27.44396209716797,27.55035971527375,27.22451558292018,27.244466880309545,19830500
2010-08-06,26.892024993896484,27.231169174415623,26.579483391062983,27.09152276442281,34906600
2010-08-09,26.479721069335938,26.97181143063215,26.37332349617976,26.96516015540588,37790900
2010-08-10,26.047487258911133,26.4198801442224,26.040838518422984,26.379980091136517,34166500
2010-08-11,25.11651039123535,25.788144837369035,25.103210372724305,25.70169852212592,46201600
2010-08-12,25.14310836791992,25.26280598799169,24.750766732511103,24.843864317740493,35387300
2010-08-13,24.936962127685547,25.29605499113677,24.936962127685547,25.13645731736324,24564100
2010-08-16,25.063310623168945,25.1497594761866,24.79066658216175,24.8172666195086,28334100
2010-08-17,24.923664093017575,25.31600576317578,24.870466555340094,25.249508206899137,33883800
2010-08-18,25.196308135986328,25.39580334156301,24.8638152811188,24.8638152811188,27041700
2010-08-19,24.651029586791992,25.249517971611063,24.60448077205275,25.043371408680017,35384700
2010-08-20,24.69757461547852,24.843872317500725,24.478130599164963,24.677625851282677,30862000
2010-08-23,24.524667739868164,24.87710926883626,24.49806770911473,24.744111651787637,29282800
2010-08-24,24.079124450683597,24.40496846325374,23.88627804603429,24.33181965206136,48709200
2010-08-25,24.09244155883789,24.23208800471125,23.72004849978874,23.906246297673405,36058000
2010-08-26,23.69344520568848,24.35177973939027,23.68679392700164,24.178884544325832,31873200
2010-08-27,24.338476181030277,24.39832499691474,23.64024168685761,23.85303691295368,38448800
2010-08-30,23.83973503112793,24.33847427894834,23.826437550165437,24.205479175571423,27306500
2010-08-31,24.17887687683105,24.36507203350425,23.759935237597592,23.89958160510249,34784400
2010-09-01,25.09656143188477,25.13645895038091,24.37837565832459,24.43157573194496,36770500
2010-09-02,25.375852584838867,25.402452619947336,24.93031341200731,25.16305737740902,31282900
2010-09-03,26.047487258911133,26.047487258911133,25.5819993231708,25.5819993231708,34135600
2010-09-07,25.45565414428711,25.82804708403118,25.415756622088384,25.754898244374367,31885500
2010-09-08,26.01424598693848,26.220392515600786,25.495557830799434,25.495557830799434,30781000
2010-09-09,26.665929794311523,26.81222748331813,26.014244009121374,26.55288342496608,33438800
2010-09-10,26.439828872680664,26.76567296405156,26.37998006147862,26.546226477404407,21928600
2010-09-13,27.34421157836914,27.57695809799372,27.02501874321921,27.02501874321921,41643200
2010-09-14,27.078214645385746,27.417356187754883,26.90531696753577,27.244461046623684,42754100
2010-09-15,27.251117706298828,27.35751533254388,26.825527201318625,26.93857356938921,25399500
2010-09-16,27.257762908935547,27.3309091995897,26.96516759944316,27.07821647903402,25207500
2010-09-17,26.639324188232425,27.31760980817821,26.592775398927014,27.284358498629693,45938300
2010-09-20,27.39075469970703,27.47055479449965,26.619371540408743,26.759020437936528,33337500
2010-09-21,26.99176406860352,27.596900828679303,26.911966511428304,27.47055448509201,33548900
2010-09-22,26.55952835083008,27.15801650466757,26.43318197911735,26.88537246496809,34546000
2010-09-23,26.00094413757324,26.399937145317416,25.92779782937038,26.35338834158853,33471100
2010-09-24,26.43318748474121,26.46643626983091,26.133943345494544,26.27358976490309,28855100
2010-09-27,25.987646102905277,26.379985286956376,25.94109476344346,26.29353895998893,25684900
2010-09-28,25.901199340820312,26.200443480386703,25.67510405056123,26.173843437598645,31442600
2010-09-29,25.54209518432617,25.854639208373012,25.30935125368614,25.794790406677205,40207000
2010-09-30,25.30935478210449,25.90119160542831,25.2428546949946,25.59529881487965,54885200
2010-10-01,25.808094024658203,25.994289195160214,25.46230118178379,25.495549956985013,38973800
2010-10-04,25.934614181518555,26.32746208972612,25.774810566318735,25.95458868092142,38886100
2010-10-05,26.394041061401367,26.51389311788538,26.014510395865955,26.20760565797818,42379500
2010-10-06,26.567157745361328,26.68034992576421,26.247550617183983,26.34077084456408,31559900
2010-10-07,26.314138412475582,26.846812764956532,26.101068671483205,26.70698622367873,26923900
2010-10-08,26.17431259155273,26.487257353502677,26.054460541447064,26.414014151772346,28178500
2010-10-11,26.45395278930664,26.5738047810017,26.234225831192692,26.314126312325904,24601000
2010-10-12,26.90007781982422,26.960003835095765,26.28084317534868,26.28084317534868,38798100
2010-10-13,26.52720832824707,27.113151389832534,26.35409011504702,27.073199860636365,69607700
2010-10-14,25.781469345092773,26.22092609347539,25.36864441479987,26.134365699705302,76504900
2010-10-15,24.736085891723636,25.92794377095481,24.329920969196,25.881334931319632,142280400
2010-10-18,25.435230255126957,25.475179252171426,24.642874613849155,24.736094866934685,55058700
2010-10-19,25.09564208984375,25.73485381816969,24.969132731733254,25.23547116353502,70595100
2010-10-20,25.368635177612305,25.50180437954026,24.942495763435847,25.302051846643955,43497200
2010-10-21,25.1023006439209,25.56839160537132,24.110192703976548,25.428562538942217,38250300
2010-10-22,25.1023006439209,25.162226660964404,24.849279400849287,24.96913143493629,24876900
2010-10-25,24.68281936645508,25.348662894096144,24.63621052271952,25.282079557328636,37893500
2010-10-26,24.769386291503903,24.80933528814039,24.48973061508776,24.62289986385773,39188100
2010-10-27,24.99576759338379,25.05569361476344,24.636211465105884,24.676162992689516,30777500
2010-10-28,24.97579002380371,25.27542012427416,24.85594052360706,25.10230192177541,30614600
2010-10-29,25.05569648742676,25.128939693065032,24.84928404789997,24.935844430926284,19803300
2010-11-01,24.91585922241211,25.302049620018614,24.70278953407439,25.042371096106468,36941900
2010-11-02,24.60958480834961,25.01574990914634,24.523026948174067,24.989115549095843,39913100
2010-11-03,25.11561393737793,25.18885711799982,24.609571529439982,24.622888702279507,35299600
2010-11-04,26.50057601928711,26.53386769285568,25.20884028888685,25.395275692864324,77569400
2010-11-05,27.259641647338867,27.525980157832468,26.48726301489816,26.560506232283515,75684800
2010-11-08,26.973312377929688,27.43274590458308,26.773559885467265,27.206359069128133,32967000
2010-11-09,26.567157745361328,27.086514883664417,26.45396302496696,26.92005400190148,32800100
2010-11-10,27.04656219482422,27.059879369591684,26.36074420424375,26.5471795710055,35587900
2010-11-11,26.647052764892575,26.92670576941604,26.53385806783001,26.81351361234444,25499700
2010-11-12,26.37406349182129,26.806860276473778,26.220919779714265,26.54052437976261,33504800
2010-11-15,26.6870059967041,27.059876693350414,26.44064209785865,26.513885281840206,28772500
2010-11-16,26.37406349182129,26.613767576855444,25.99453287051441,26.460623864748417,46023000
2010-11-17,26.087751388549805,26.42067317498868,25.95458216597592,26.354089833697568,32027500
2010-11-18,26.40735626220703,26.63374318084387,26.20760369634904,26.347430238450464,30987600
2010-11-19,26.24089241027832,26.394036111511628,26.14101486860854,26.240892410278324,26542000
2010-11-22,25.64163017272949,26.03447791030141,25.441877645487597,26.007846102662697,33249500
2010-11-23,25.05569648742676,25.44854433040233,25.035719451348765,25.30871523782387,35340400
2010-11-24,25.40858459472656,25.461853287080185,25.02905405167569,25.188857588745503,24248300
2010-11-26,24.969135284423828,25.28873991126544,24.969135284423828,25.10896183241857,12819100
2010-11-29,25.242130279541016,25.36198232839072,24.709455917982183,24.949160015681585,30911400
2010-11-30,24.902549743652344,25.16222832131213,24.79601487743316,24.962475764650108,33716700
2010-12-01,25.401939392089844,25.428571210976028,25.069017526086004,25.26877013768985,33157200
2010-12-02,26.17431259155273,26.220921439928084,25.521786174306143,25.588369517701857,41526000
2010-12-03,26.37406349182129,26.4140124793326,25.768145961314552,26.014507364270063,30070200
2010-12-06,26.567157745361328,26.6670327504242,26.16765010513539,26.287502143204023,25364500
2010-12-07,26.134355545043945,26.94002551403212,26.127698228106304,26.86678232776207,40908200
2010-12-08,26.806856155395508,26.853467533645656,26.007846048104057,26.20759857492692,38115900
2010-12-09,27.17308616638184,27.366178936381445,27.01328253811431,27.079865901563487,43001900
2010-12-10,27.58589553833008,27.632504378661046,27.14643894378717,27.22633945007007,28449000
2010-12-13,27.63915634155273,27.958763384752142,27.40611218504359,27.679107856950363,35730400
2010-12-14,27.15975952148437,27.63250784121807,26.94668978470323,27.59255631307475,34010800
2010-12-15,26.773569107055664,27.299586132375023,26.67369409642,27.11980806524088,30264000
2010-12-16,26.64039802551269,27.086514503166107,26.51388867154694,26.913393766169342,37123200
2010-12-17,26.41401481628418,26.68035327655093,26.32079711718836,26.67369595804057,52004800
2010-12-20,26.60045623779297,26.8135260179111,26.4273354539519,26.520555705246704,22978200
2010-12-21,27.299591064453125,27.459394666329366,26.62043020146524,26.7402822678744,30757800
2010-12-22,28.071964263916016,28.324985526795256,27.40612070685919,27.412778024833457,47280400
2010-12-23,28.018701553344727,28.145210930380344,27.845580784778186,28.06531040488374,18927900
2010-12-27,28.411550521850582,28.418210381495136,27.832267192394305,27.845584371691167,17203200
2010-12-28,28.371601104736328,28.711180281815945,28.27838339102789,28.43152714069064,20386600
2010-12-29,28.20512962341309,28.478125342846862,28.165178101060125,28.351615998716028,13637400
2010-12-30,28.118562698364254,28.2783662104844,27.99871069927181,28.171831382401187,12901900
2010-12-31,28.245079040527344,28.26505607200694,27.99206034837117,28.038669188504745,12199700
2011-01-03,29.017452239990234,29.32373954846421,28.604627565100326,28.63126190670431,43278500
2011-01-04,29.437423706054688,29.5307484652465,28.890805079723545,29.184111829027653,40036800
2011-01-05,29.79739189147949,29.96404396856505,29.264105753387486,29.277435681794504,50032500
2011-01-06,29.65074348449707,29.864057984586957,29.49742384648931,29.597416130929314,31606200
2011-01-07,29.090784072875977,29.724062428748148,28.4308433192022,29.690732524314605,69579400
2011-01-10,28.93080711364746,29.177451522731893,28.664162722322573,28.844147305030468,30098100
2011-01-11,29.064123153686523,29.344099984067057,28.94413344679616,29.1307855146862,28067100
2011-01-12,29.804054260253903,29.930711455270924,29.497415075417702,29.62406972752605,44296900
2011-01-13,29.630754470825195,29.977391267771186,29.44410232298649,29.95739127945016,42133000
2011-01-14,29.93737030029297,30.623975844034405,29.63073117812768,29.670726037509496,86983800
2011-01-18,29.830730438232425,30.27735691358252,29.66407831287917,30.010715038763088,46237700
2011-01-19,29.137451171875,29.97737914007108,29.06412384448703,29.69740230303601,44989200
2011-01-20,29.830730438232425,29.99071759745178,29.070797153487124,29.21745183752907,46977700
2011-01-21,30.190704345703125,30.357356497035678,29.897394931895423,30.030717161543468,44767400
2011-01-24,30.01070213317871,30.317341301665504,29.904044920535103,30.137356778534077,27826800
2011-01-25,29.91071128845215,30.2840128216898,29.5040798514935,29.87738138473115,36022400
2011-01-26,29.984041213989254,30.317345366047263,29.910713893671076,30.130695854625618,25639400
2011-01-27,30.06403541564941,30.250687481882714,29.79072609524929,29.98404312606888,26740900
2011-01-28,29.69074249267578,30.58399796310312,29.59741771176554,30.03071170069303,38593900
2011-01-31,29.95738220214844,30.064039450205435,29.59741557927444,29.604080544755146,23574500
2011-02-01,30.617319107055664,30.6639814841423,30.104030416193787,30.130695358217245,28255500
2011-02-02,30.29734992980957,30.65065154057264,30.224022604652923,30.52399686988055,24104900
2011-02-03,30.30401039123535,30.497327393756144,29.890713988842588,30.317342861365265,23322400
2011-02-04,29.724061965942383,30.11069342858729,29.5307449631656,29.99737124669593,38172900
2011-02-07,30.33067321777344,30.497325268420543,29.76405726273667,29.83071706583212,36790900
2011-02-08,30.49065399169922,30.543981314551605,30.20401232050724,30.324001975560066,28649500
2011-02-09,30.07070541381836,30.33068228367005,29.764066159270683,30.237357514278084,33491000
2011-02-10,30.350679397583008,30.357346905559307,29.96404785096187,30.06403758442339,22688600
2011-02-11,31.0439510345459,31.257265505713843,30.264020476133563,30.264020476133563,40812800
2011-02-14,31.02394676208496,31.26392612500196,30.97728439072982,31.063941627298775,28699200
2011-02-15,31.210613250732425,31.557250014578017,31.02396366362706,31.037296140264573,35972900
2011-02-16,31.95719146728516,32.237168192199526,31.39724056036452,31.43057299976268,44327800
2011-02-17,31.8772087097168,31.99053344305482,31.663894257101663,31.84387880329109,22932600
2011-02-18,31.997201919555664,32.08386172010235,31.697227642978,31.8772122089246,23844300
2011-02-22,30.670658111572266,31.510586304355726,30.56400084582784,31.4639239095244,44561900
2011-02-23,30.6373233795166,30.997292548441926,30.190696944038788,30.690653275465277,36264800
2011-02-24,30.603988647460938,30.70398091516639,30.13736230301714,30.41733912684702,31926900
2011-02-25,31.11727905273437,31.23726876329809,30.74397744843514,30.830637248933183,26782100
2011-02-28,31.123924255371094,31.45056326959632,30.943939803807098,31.203919040226776,25985300
2011-03-01,30.39734649658203,31.12394986123664,30.390681530481174,30.97729772083132,33682600
2011-03-02,30.137359619140625,30.643983334131125,30.04403486714468,30.25734931253791,28600000
2011-03-03,30.717308044433597,30.883960099684447,30.470661171768167,30.477328678006995,23043600
2011-03-04,30.34401512145996,30.69065179973037,30.064038267010694,30.650654379692117,27716900
2011-03-07,30.1240348815918,30.43067670060788,29.83739304521532,30.41067671796828,28110800
2011-03-08,30.930625915527344,31.1239403885314,30.197355265036347,30.250685149250454,32941500
2011-03-09,31.03728485107422,31.3972514177168,30.67731574152266,30.883965239874623,25174700
2011-03-10,30.350679397583008,30.83063825550781,30.170694825861208,30.71731604900291,33783700
2011-03-11,30.49065399169922,30.55731378099169,30.16401492118697,30.18401234939312,20337600
2011-03-14,30.197345733642575,30.357332792878267,29.75071953741084,30.277337991806405,24508900
2011-03-15,29.73740005493164,29.990711949781108,29.230776265232706,29.697402636931468,35606000
2011-03-16,29.20411491394043,29.850723332640214,29.104122636795587,29.75739856352329,41962900
2011-03-17,29.70406723022461,29.737397137166592,28.930801691789668,29.63740487343174,46741800
2011-03-18,30.49065399169922,30.78396062465726,29.830710888908666,30.15734995942091,77421000
2011-03-21,30.41733932495117,30.87729816499212,30.21068982370488,30.850633221042465,28985300
2011-03-22,30.310680389404297,30.470664958297288,30.23068556204893,30.43733505168699,19756600
2011-03-23,30.39734649658203,30.45734136312818,29.844062765465008,30.19069948963056,26688900
2011-03-24,30.483999252319336,30.55732657699194,30.057370319215835,30.464001815739177,21748100
2011-03-25,30.57066345214844,30.917300145948836,30.44400622114077,30.46400620351057,20710400
2011-03-28,30.6373233795166,30.997292548441926,30.63065841397772,30.73064815451737,19039400
2011-03-29,30.67730712890625,30.690639596951268,30.344003056505585,30.55065249684097,17913300
2011-03-30,30.963956832885746,31.230598633937408,30.810637225126527,31.017284175932502,26829100
2011-03-31,30.730653762817383,30.890640936951424,30.63732897078497,30.697323843221504,23340500
2011-04-01,30.897300720214844,31.25060492880665,30.7839785040184,31.030622919141404,25387300
2011-04-04,31.05814552307129,31.178785912668577,30.86378016686468,30.910695589852647,15708000
2011-04-05,31.218997955322266,31.346339443204887,30.86377791994676,30.944203988256906,21058400
2011-04-06,31.929447174072266,31.989767391421765,31.252522563105472,31.373162997804467,31203300
2011-04-07,31.768592834472656,32.036680682830905,31.47369287756912,31.929445032147687,29972000
2011-04-08,31.39326286315918,31.94284582395054,31.252516568573427,31.84901496089337,23808000
2011-04-11,31.40665626525879,31.68144764615425,31.332931311923705,31.500487094340407,25641600
2011-04-12,31.25921440124512,31.574220171379555,30.99782772249484,31.19889420178744,27231300
2011-04-13,30.99783134460449,31.74848081480344,30.749849409723463,31.661353616171827,55383900
2011-04-14,30.13994407653809,30.662717457672727,30.09972975618192,30.615802028940085,45214600
2011-04-15,30.086315155029297,30.40802194269573,30.046103404507416,30.32089477876614,32475000
2011-04-18,29.46302604675293,29.72441281687887,29.17482972156282,29.670796263450423,50958800
2011-04-19,29.92548179626465,29.9656935719905,29.32898070376574,29.664092470547203,26705000
2011-04-20,29.865154266357425,30.13994574559389,29.44961393642969,30.09303031426322,35542800
2011-04-21,29.945579528808597,30.05281516270633,29.570253531816924,29.945579528808597,24368100
2011-04-25,29.89865493774414,30.17344632520397,29.744503921042128,29.925464477178856,17358900
2011-04-26,30.240463256835938,30.448233322449813,29.898650626772373,30.059502726791216,25900000
2011-04-27,30.49516487121582,30.58229462958084,30.1935638281826,30.361119679123345,20857200
2011-04-28,30.72974395751953,30.78336306038233,30.434846561872742,30.56889176233021,19859000
2011-04-29,30.58230781555176,30.84369464664785,30.428156673025875,30.7029482847808,23363000
2011-05-02,30.280702590942383,30.82358462983583,30.23378714326396,30.79007140432254,25904000
2011-05-03,30.776674270629883,30.877208858743053,30.066238711192835,30.126558952720583,30025500
2011-05-04,30.49516487121582,30.857086122855684,30.34771490424416,30.816871798218127,22727400
2011-05-05,30.27398109436035,30.63590224048188,30.15334326901848,30.32089907110823,26154500
2011-05-06,30.186866760253903,30.6359152736742,29.999202443521785,30.47506306698921,26332300
2011-05-09,30.13324546813965,30.233780007551275,29.70430287248919,29.992499158323007,22469500
2011-05-10,30.26730155944824,30.495177714970986,30.14666109142441,30.20028021352409,20534200
2011-05-11,29.643983840942383,30.18686577332971,29.563557740229324,30.17346099709426,31519600
2011-05-12,29.550153732299805,29.7110084946078,29.188232434631605,29.556854842241936,29567900
2011-05-13,28.92013168334961,29.556841668758693,28.806192411518403,29.530034684238327,32872500
2011-05-16,28.73917388916016,29.141306819465026,28.631938270632272,28.79949408437577,34951100
2011-05-17,29.362499237060547,29.503245590959796,28.58503989976425,28.60514579126405,36277100
2011-05-18,29.543439865112305,29.65067547477865,29.09438899190419,29.302159104188377,24372100
2011-05-19,29.489824295043945,29.724401420165865,29.32226847518574,29.70429553992653,19518000
2011-05-20,28.90674591064453,29.550159982568065,28.879936351805984,29.375902963518037,29946700
2011-05-23,28.51801872253418,28.75259855812577,28.35046279284044,28.41748669873829,32299500
2011-05-24,28.377260208129883,28.765988469137405,27.94161395472712,28.66545648837488,39341400
2011-05-25,28.33034324645996,28.65205016963084,28.216403939693556,28.223107605403,26505300
2011-05-26,28.45099639892578,28.54482730726859,28.216416571368264,28.22982135208873,21648100
2011-05-27,28.67885971069336,28.920140542175883,28.51130386179709,28.618539502822728,24747300
2011-05-31,28.98045921325684,29.07429007459114,28.665453415892333,28.98045921325684,28746300
2011-06-01,27.988527297973636,28.812904307452197,27.968421414664164,28.7324756608157,38628700
2011-06-02,27.88799095153809,28.283422787044568,27.36521761387487,28.10246219553832,45964000
2011-06-03,27.861181259155277,28.3169332894143,27.49255897027782,27.539474394860463,31833100
2011-06-06,27.16414833068848,27.64000879575521,27.056912709694323,27.546175390273817,40895900
2011-06-07,27.29149436950684,27.686926230009185,27.244578941709868,27.42553698795585,36312000
2011-06-08,27.0703239440918,27.526076081288103,26.94298241273087,27.19766803215221,38890700
2011-06-09,27.46575736999512,27.640016903161445,27.170859964936227,27.20437062694525,30082300
2011-06-10,27.512657165527344,27.81425806552934,26.875944722567155,27.20435515961337,48545700
2011-06-13,27.92821311950684,28.02874767115266,27.29150281474945,27.67353002028382,31767100
2011-06-14,27.88799095153809,28.44427494169529,27.80086120969458,28.2365073622132,32103500
2011-06-15,27.264686584472656,27.747248223500247,26.976490334131096,27.49256262993577,37336400
2011-06-16,27.05022430419922,27.284801536308446,26.60787684029319,27.231184978983517,50316600
2011-06-17,27.34511375427246,27.51937326712848,27.17085679811577,27.378624412375743,31999600
2011-06-20,27.130640029907227,27.35181495551989,26.889359222583987,27.14404480328064,21565400
2011-06-21,27.418834686279297,27.63330593450151,26.97648741723361,27.264683636413263,34241100
2011-06-22,27.271394729614254,27.834382601506785,27.1306484008161,27.257989952104925,27306300
2011-06-23,26.855854034423828,26.97649446264367,26.554252963874223,26.889364696329423,48307500
2011-06-24,26.46711540222168,26.929568491719504,26.43360219672443,26.84243875948416,36136800
2011-06-27,26.72850799560547,26.882659059772926,26.359885663318146,26.406801093425663,30632700
2011-06-28,26.50062561035156,26.85584308376781,26.2995591642046,26.85584308376781,41558700
2011-06-29,27.110538482666016,27.184263469657488,26.75531832322524,26.83574697632476,44775900
2011-06-30,27.43895530700684,27.52608509737156,27.05692803109272,27.2915078425823,28000100
2011-07-01,28.03911781311035,28.133525201452127,27.49290033032214,27.51987460482219,32136800
2011-07-05,27.668214797973636,27.991898220655692,27.627755977892857,27.991898220655692,23805800
2011-07-06,27.351280212402344,27.41197102377424,27.095029834120155,27.37150962539046,23865700
2011-07-07,27.863784790039062,28.18072605241685,27.715428867665093,27.776119692962794,28550800
2011-07-08,27.47266387939453,27.627762059461936,27.35128224761869,27.445689611798176,20680000
2011-07-11,26.58926773071289,27.121997776056247,26.494860395569905,27.101765795377784,38328000
2011-07-12,26.562294006347656,27.05456267265477,26.461144390546117,26.461144390546117,33808300
2011-07-13,26.7174015045166,27.223157477979324,26.57579044932493,26.751118054932533,34020600
2011-07-14,27.209667205810547,27.809833052604404,27.16920837893986,27.769371653326104,65327400
2011-07-15,26.96016311645508,27.47940619246169,26.63647962214078,27.384998828170986,46544900
2011-07-18,26.8590145111084,26.973651294353637,26.2521063280223,26.83204024243616,47603200
2011-07-19,27.23664283752441,27.30407850636918,26.77809057901096,26.91970162497336,34837400
2011-07-20,27.62101173400879,27.890749211715693,27.391735649680093,27.43893932241772,31250900
2011-07-21,28.51788330078125,28.69321083994809,27.803080869763043,28.032356927077792,45552200
2011-07-22,28.45046806335449,28.538133182032,28.160501001305537,28.504416620204893,19986100
2011-07-25,28.113285064697266,28.261640959059083,27.84355011506665,27.99864828989597,22522300
2011-07-26,27.9447021484375,28.180723143525,27.843552498321035,27.98516355192881,24350600
2011-07-27,27.42544937133789,27.917720603397505,27.371503424787708,27.782851878411595,32361100
2011-07-28,27.432207107543945,27.809839200399992,27.391745699321024,27.438949389377008,23370200
2011-07-29,27.27711296081543,27.479414887221235,26.90622566700336,27.135501869572224,37793400
2011-08-01,27.270353317260746,27.89749074971737,26.946669896058477,27.75587973526772,34039300
2011-08-02,26.86575698852539,27.229901901039817,26.86575698852539,27.041084591361297,42119000
2011-08-03,26.906211853027344,26.98713206756253,26.53532217722597,26.811801934927843,41110100
2011-08-04,25.571025848388672,26.697177376675324,25.50359273420029,26.50836259902111,59931100
2011-08-05,25.35523223876953,26.13072577459156,24.761813737828664,25.82727167046955,85507800
2011-08-08,22.968067169189453,25.436156392477173,22.71855901905342,24.431386655149247,107650300
2011-08-09,24.546022415161133,24.674146326000336,22.71855568110389,23.858194034661164,78985700
2011-08-10,23.17710876464844,24.1751335370676,22.92086093379484,23.952602255283395,83975700
2011-08-11,24.741579055786133,25.152927621880227,23.3524377541135,23.3524377541135,69583500
2011-08-12,24.21558952331543,25.52381037042763,23.99305829130276,25.03828651312396,44072800
2011-08-15,24.86970329284668,25.04503086675934,24.53927498472492,24.633682337786155,34827900
2011-08-16,24.2965087890625,24.66065359713146,24.12118123651474,24.45835178345108,42266600
2011-08-17,24.66065216064453,25.125946562246643,24.49206689699648,24.586474233054272,30131400
2011-08-18,23.73006629943848,23.9188835878385,23.264771789710984,23.784014831097792,57130300
2011-08-19,23.163623809814453,23.93911737340924,23.102932986816533,23.440103654047647,52960800
2011-08-22,22.52973937988281,23.72332361208321,22.48927798183266,23.682862214033054,50971400
2011-08-23,23.45358657836914,23.46707371132576,21.78796553054469,22.448819610973334,55807900
2011-08-24,24.161645889282227,24.283024935947136,23.38615249769837,23.48055985199745,41959800
2011-08-25,24.087478637695312,26.009350838614143,23.88517413451765,25.48336530413291,55387600
2011-08-26,24.417892456054688,24.599964875481675,23.480558667914067,23.79075497994196,35114200
2011-08-29,25.382204055786133,25.382204055786133,24.59322603371865,24.82924444055738,27943900
2011-08-30,24.9910888671875,25.43615401094903,24.78204214344805,25.22036500624089,28818700
2011-08-31,25.3282527923584,25.645191362002173,25.09897671410164,25.233842876976183,30051100
2011-09-01,24.47858619689941,25.503585177800428,24.4718439164416,25.3687164169752,36862300
2011-09-02,23.352434158325195,23.77052494055164,23.27151137022412,23.64240105133585,41677300
2011-09-06,22.54996681213379,22.590428206630204,22.104901762302443,22.327435573421766,57071200
2011-09-07,23.480562210083008,23.58845670760428,22.839937505622085,22.99503568503343,36145900
2011-09-08,22.59717559814453,23.541254437373446,22.549971913423875,23.22431320647085,44815300
2011-09-09,21.632869720458984,22.388131241580908,21.53171749845172,22.30721100741981,67187400
2011-09-12,21.862144470214844,21.862144470214844,21.04619208626597,21.14060074616217,53377600
2011-09-13,21.909347534179688,22.529740226482648,21.69355597554428,22.125136520407462,50137600
2011-09-14,22.118392944335938,22.381385625706145,21.4845130822537,22.071189261649376,44442500
2011-09-15,22.799474716186523,22.806216995681982,22.34092253827677,22.502762970240635,35847800
2011-09-16,22.54322624206543,23.10967294593299,22.266746456392426,22.96131706060345,52683800
2011-09-19,21.909347534179688,22.1790824807606,21.666584281571527,22.044213721266328,33154800
2011-09-20,21.747509002685547,22.11839623863731,21.74076672090089,22.09816682087519,34085100
2011-09-21,20.45951461791992,21.88237513585652,20.4055673667576,21.7340192305072,57389200
2011-09-22,19.737972259521484,19.98073427872913,19.238959798778307,19.79191951781253,86285600
2011-09-23,19.953754425048828,20.09536544699693,19.46148570179545,19.52891878679722,51731300
2011-09-26,21.342897415161133,21.450791897654547,20.203260496845296,20.270694869954603,58696100
2011-09-27,21.28895568847656,22.340929094589704,21.073166667593053,21.997013574026084,58242900
2011-09-28,20.547182083129883,21.578924892590354,20.51346552746687,21.32267572542067,38725900
2011-09-29,21.167577743530277,21.653104411609664,20.52695413655388,21.295702979407253,51014100
2011-09-30,20.311155319213867,20.870858403397392,20.30441175359676,20.729246097845422,42420600
2011-10-03,19.31988525390625,20.702286210545203,19.313141684025545,20.250477318173164,51002700
2011-10-04,20.585189819335938,20.70083700417873,18.945721744375447,19.2178323859097,69800000
2011-10-05,20.979745864868164,21.204237255935748,20.00014647769799,20.564776418718004,51117200
2011-10-06,22.027381896972656,22.08180273697196,20.69403758131091,20.891317343268238,53214000
2011-10-07,20.884519577026367,22.183849486279964,20.850504923823237,22.163441991884437,49320600
2011-10-10,21.97296142578125,21.98656728637938,21.48316212198513,21.496767982583265,37324800
2011-10-11,21.97296142578125,22.231467587040576,21.3675149019536,21.75527284631631,38161700
2011-10-12,22.585208892822266,23.040993478837397,22.23826598565798,22.28588519329979,55462500
2011-10-13,21.496768951416016,22.10221680005673,21.03418005044157,22.075005077634074,78830000
2011-10-14,21.69403839111328,21.98655777986253,21.36070273574401,21.680433833923757,51899600
2011-10-17,21.11580848693848,21.830099148898828,21.068187984951912,21.523973838043812,40865400
2011-10-18,22.360713958740234,22.734865951958177,21.18383454986464,21.333496385172587,64392400
2011-10-19,21.938940048217773,23.13622679739857,21.78927823142581,22.29268450923864,50119300
2011-10-20,22.5375919342041,22.578406919083044,21.544386213819458,21.986566282866374,41657100
2011-10-21,22.73486328125,23.15663702301639,22.455949726882743,22.77568084837141,48445300
2011-10-24,23.517187118530277,23.598819671613004,22.836909787719325,22.86412150376426,45697200
2011-10-25,22.782489776611328,23.2994994249478,22.69405299378524,23.25188021766887,38679100
2011-10-26,23.251880645751957,23.408344128985064,22.789291827909608,23.20426143759632,36350900
2011-10-27,25.183860778808597,25.5376052134738,24.285895135062862,24.87093390796872,76438300
2011-10-28,24.95937728881836,25.156658360927217,24.619238583135104,24.904956445336275,39891200
2011-10-31,23.64643859863281,24.48998362072513,23.626031109365528,24.44236441573344,46429800
2011-11-01,22.251873016357425,22.8845312026968,21.66003240802625,22.088607894429256,74052400
2011-11-02,22.8845272064209,22.95255649122143,22.4899677347853,22.93214640825533,34325900
2011-11-03,23.3879337310791,23.483172135551573,22.340306091778125,23.211060184157173,40084700
2011-11-04,23.10902214050293,23.17024720509123,22.75527761122076,23.122627998750563,30858700
2011-11-07,23.292694091796875,23.360720778513247,22.93214538605519,23.14983389760969,25925900
2011-11-08,23.82331275939941,23.93215703000278,23.143035419365344,23.48997572095979,30193100
2011-11-09,22.13623046875,23.12263336257951,22.027386172572086,23.02059069957715,52990400
2011-11-10,22.272275924682617,22.60561028830172,21.95934645091277,22.394723429138573,30427400
2011-11-11,22.639629364013672,23.027387245677087,22.46275839494263,22.639629364013672,29983400
2011-11-14,22.143030166625977,22.43554967361032,21.918539960715023,22.41514218081455,27596300
2011-11-15,22.24507141113281,22.52398504022889,21.823300151413648,21.830101783563748,31260500
2011-11-16,21.408327102661133,22.10221158802068,21.360707897177157,22.00016895052525,40761800
2011-11-17,20.741662979125977,21.428743481374823,20.63962160300568,21.360715464785795,55130100
2011-11-18,20.830093383789062,20.986556865555947,20.632812326106045,20.864106732859742,39029900
2011-11-21,20.347087860107425,20.537565914307727,20.136202323420875,20.42191875595854,39658100
2011-11-22,20.006948471069336,20.476340011413598,19.98653969191505,20.34028407876944,36466200
2011-11-23,19.30626678466797,19.8300805514581,19.27225344293908,19.80287013758015,44468500
2011-11-25,19.374298095703125,19.84368981789052,19.238243407876688,19.238243407876688,21423200
2011-11-28,19.83688735961914,20.455939642364157,19.605592957546712,20.211039381928387,45280100
2011-11-29,19.428726196289062,19.81648418682804,19.37430404494195,19.714442815243007,45104700
2011-11-30,21.06818962097168,21.088598409122167,20.272265048468284,20.510362386786174,61412600
2011-12-01,20.72124481201172,21.068186371909192,20.42872667878921,20.993356755282928,33189700
2011-12-02,21.99337387084961,22.632833817166027,20.95935041254039,21.00696963221008,90515100
2011-12-05,22.796092987060547,23.197456729658256,22.598814526671838,22.884529769680967,52207600
2011-12-06,22.605613708496094,22.843712313585176,22.2314617234154,22.62602119648446,38782900
2011-12-07,23.12942314147949,23.25867486599279,22.25866921833436,22.3266958954358,44722800
2011-12-08,21.918533325195312,22.925343320811844,21.82329492757711,22.82330069761994,47788900
2011-12-09,22.57160758972168,22.660044391070475,22.013780249003524,22.013780249003524,39104600
2011-12-12,21.796083450317383,22.177037044896345,21.60560535550204,22.14302370181633,35977900
2011-12-13,21.28588485717773,22.19745686491239,21.00016823837245,22.02058325121826,49475100
2011-12-14,21.43553924560547,21.728058710863017,20.97295044450293,21.006963792661505,41291500
2011-12-15,21.60560417175293,21.959347331991825,21.476351139583947,21.836897227571296,33457300
2011-12-16,21.69403839111328,22.17703455577313,21.639616269778006,21.87771353719198,52596800
2011-12-19,20.884519577026367,21.70085179100629,20.694041411667875,21.68044429661076,47388000
2011-12-20,21.911733627319336,22.06819711217293,21.251865040637124,21.3607093168419,49091600
2011-12-21,21.98656272888184,22.047787791356065,21.70084620317745,21.768874194540597,30893000
2011-12-22,22.75527572631836,22.82330241686952,22.136223500115943,22.23826353594269,35543200
2011-12-23,22.83690452575684,22.925341284999696,22.53758350338678,22.87091786544979,21958800
2011-12-27,22.46956825256348,22.918551363861777,22.46956825256348,22.598822657138488,16891600
2011-12-28,22.211057662963867,22.51037877820829,22.156634226527277,22.44235207771483,19242700
2011-12-29,22.73486328125,22.802892559785693,22.251867081378936,22.251867081378936,19792000
2011-12-30,22.619220733642575,22.73486663161819,22.48996897795477,22.523982324709248,18196900
2012-01-03,23.796098709106445,23.938956313689875,23.13622892357558,23.170244863282747,44102800
2012-01-04,23.94683265686035,24.083867984379832,23.52202549390829,23.597392440999105,36571200
2012-01-05,24.44701385498047,24.61145418711489,23.569991780311664,23.78239409379629,38381400
2012-01-06,24.227766036987305,24.50868742292736,24.077026839842425,24.45387221897185,33160600
2012-01-09,24.18665885925293,24.447025896060275,23.974256441152125,24.28258286919952,23001800
2012-01-10,24.70052528381348,24.906076986919228,24.50182417152751,24.71422907918476,35972800
2012-01-11,25.11849403381348,25.17330924178962,24.433319616509525,24.529243616734803,29852900
2012-01-12,25.24867248535156,25.385707871223424,24.782753741626784,25.22811809227719,39420700
2012-01-13,24.61145401000977,24.61145401000977,24.070168422419453,24.15923917929633,61571500
2012-01-17,23.919435501098636,24.44702004322976,23.638514133338692,23.87832410079256,55115100
2012-01-18,25.036273956298828,25.13219795698662,23.659071907187013,23.66592511508356,55502100
2012-01-19,25.303485870361328,25.454225045382227,25.15274669534043,25.24182008182845,37000400
2012-01-20,25.59810447692871,25.62551206788464,25.09107449917097,25.200702249262957,34716500
2012-01-23,25.803659439086918,25.99550737253381,25.536441927862427,25.56384952227829,27499200
2012-01-24,25.803659439086918,25.961249186380023,25.214409227806215,25.47477614729277,25403800
2012-01-25,25.76254272460937,25.913281849020017,25.43365950076649,25.59810241955369,29860700
2012-01-26,25.687185287475582,26.10513940892707,25.522742307799145,25.954402842433865,33284600
2012-01-27,25.49532890319824,25.80365778629728,25.454220127939635,25.509032699528408,27674600
2012-01-30,25.358287811279297,25.46791554336369,24.91292629319388,25.11847796413571,24423600
2012-01-31,25.556997299194336,25.721440258278463,25.30348357543296,25.71458705254504,29649500
2012-02-01,25.76254272460937,26.057167769376612,25.694026366458093,25.961243822472216,41957800
2012-02-02,25.728290557861328,26.14624723595649,25.639217180464293,25.824214527181763,26784200
2012-02-03,26.22846984863281,26.37920902229744,26.070880082407232,26.22161925607186,41074400
2012-02-06,26.13254165649414,26.255873212562925,25.906435546189343,26.07772908364799,23106200
2012-02-07,25.947547912597656,26.11884147375717,25.831069545600705,25.940697320193497,21091900
2012-02-08,26.242168426513672,26.27642660996738,26.01606232473372,26.07087489551328,23258700
2012-02-09,25.940698623657227,26.50254132339321,25.926994824428,26.44772612647631,28608400
2012-02-10,25.7694034576416,25.87903123095222,25.426816339329392,25.502185923555245,22618800
2012-02-13,26.242168426513672,26.26957601876938,25.885877568385038,26.09143189657099,24828000
2012-02-14,25.981809616088867,26.214768995322547,25.65292624782944,26.194214601597796,27031900
2012-02-15,25.62551498413086,26.31068915361316,25.56384920432817,26.091433628477382,26534900
2012-02-16,26.03662109375,26.11884127062206,25.38570504365979,25.45422403583009,22139600
2012-02-17,26.358652114868164,26.475130473412708,26.194209158045844,26.4477228783203,28009300
2012-02-21,26.351806640625,26.70124704624573,26.31754844357449,26.481991448642997,22804200
2012-02-22,26.08458709716797,26.30384267840309,25.96810871314487,26.242176882822417,23416900
2012-02-23,26.372352600097656,26.392906986969308,25.865322609498605,26.07772752418893,31361400
2012-02-24,26.22846984863281,26.50254059825353,26.16680406065477,26.48883679939925,17586400
2012-02-27,26.76290702819824,26.879385395594262,25.892735420878747,26.08458337364035,34030400
2012-02-28,26.865671157836918,27.09863041584052,26.6190081065706,26.81085859851735,37900900
2012-02-29,26.886240005493164,27.365859912438275,26.735500826891865,26.947905795490744,41187700
2012-03-01,27.66048240661621,27.71529759856405,27.04382717959631,27.07123216183801,44376700
2012-03-02,27.838623046875,28.00991656345776,27.564552374849928,27.701587710862466,34897900
2012-03-05,27.6810359954834,27.893438303746898,27.40696529702044,27.886587712464674,30806900
2012-03-06,26.94104385375977,27.31788906434437,26.804008518893102,27.03011721348284,33927500
2012-03-07,27.372709274291992,27.44807885300652,26.98216019707313,27.03697277285419,22875100
2012-03-08,27.708436965942383,27.92084185721052,27.557700455952546,27.728993964278985,22052300
2012-03-09,28.112703323364254,28.3936247081033,27.74956174677624,27.92085533780572,33494200
2012-03-12,27.776968002319336,28.078443766975248,27.5440086252612,27.996223579111387,30763800
2012-03-13,29.72970390319824,29.962663202706597,27.96880666804728,28.1058420113578,77277600
2012-03-14,29.859888076782227,30.147659939798164,29.510447827426617,29.88729305392775,68028700
2012-03-15,30.62729835510254,30.778034956357285,29.414539268227053,29.90101249911842,57117700
2012-03-16,30.538219451904297,30.778029420127897,30.2984094836807,30.743771226629185,48844500
2012-03-19,30.83283424377441,31.07264413128885,30.29154608197698,30.449135810019573,41509300
2012-03-20,31.093196868896484,31.24393337164181,30.4011696648274,30.510797400338262,34796200
2012-03-21,30.915069580078125,31.29191499420115,30.73692537814592,31.195990992104345,27267900
2012-03-22,30.5930290222168,30.901355320694147,30.428586064461022,30.640991007034703,27457200
2012-03-23,30.94246864318848,31.004134429475958,30.449142352888668,30.45599555899411,30639300
2012-03-26,31.634506225585938,31.634506225585938,31.106924147076167,31.161736749347305,33529400
2012-03-27,31.442651748657227,31.853757943179613,31.401542958817966,31.46320614357686,33026400
2012-03-28,31.703012466430664,31.73042006338519,31.07950401124293,31.35357213959125,29755800
2012-03-29,31.29191398620605,31.531726597456096,31.017845791005502,31.46320758835625,32262300
2012-03-30,31.504314422607425,31.60709161447796,31.175431067847267,31.572833421765303,25945800
2012-04-02,31.60709381103516,31.75783039219292,31.14802563283804,31.34672682360594,27669300
2012-04-03,31.324337005615234,31.71744538840778,31.01399229785445,31.545030492610664,31036400
2012-04-04,30.62777328491211,30.938120535367013,30.31742603445721,30.81398163518505,41342900
2012-04-05,30.579492568969727,30.848459267134277,30.213973992575998,30.43466475162595,28832300
2012-04-09,30.269147872924805,30.538114593357324,29.70362742718423,29.786385810969254,29376400
2012-04-10,29.62777328491211,30.351915277647965,29.42087594853649,30.262261431418697,38841000
2012-04-11,30.351900100708008,30.489832466268528,30.0484510011477,30.06224450078786,32142200
2012-04-12,30.92433357238769,31.0277835546995,30.34501945929474,30.42777786663878,33631100
2012-04-13,29.80017471313477,31.00018293155871,29.69672740708311,31.00018293155871,58183900
2012-04-16,29.882951736450195,30.20708995953847,29.54501737481561,29.91743419028819,40387600
2012-04-17,30.27606010437012,30.345025017982948,29.76571079876956,30.131229576434656,26887000
2012-04-18,29.8553466796875,30.28293463674426,29.84155318031909,30.082932842163792,20242900
2012-04-19,29.80708122253418,30.131219363661447,29.496733954780897,29.958804507225395,25961800
2012-04-20,29.46224975585937,30.055357247628127,29.455351688741075,30.007078670325345,26178100
2012-04-23,29.551910400390625,29.62777337114571,28.827768405547108,28.91052681416976,25536300
2012-04-24,29.84844970703125,29.869141272261675,29.524311667953675,29.64155247061467,21420400
2012-04-25,29.76569366455078,30.269144610479632,29.641554786832288,30.10362786074918,31694000
2012-04-26,30.207069396972656,30.26913882396617,29.69672311355117,29.807068469223992,28100300
2012-04-27,29.88983154296875,30.33811110094732,29.81396860569473,30.30362603430188,26242900
2012-04-30,29.64156150817871,29.91052826061099,29.33811231097032,29.882943883295248,23518000
2012-05-01,30.20018196105957,30.51052917821545,29.627763468211903,29.65535047214609,26359700
2012-05-02,29.79327964782715,30.020865828635724,29.54500190087873,29.97258989237811,22462200
2012-05-03,29.66224670410156,29.924317986829628,29.42776242604836,29.917422551081696,19536400
2012-05-04,28.79327392578125,29.43465724405637,28.76568692415105,29.19327755689532,31279900
2012-05-07,28.813968658447266,29.24155937721527,28.53120841195452,28.57258892272485,25910100
2012-05-08,28.538095474243164,28.85533804195446,28.24154183851801,28.620853833028548,28049700
2012-05-09,28.02775764465332,28.289828953752703,27.66913444031781,28.082931659555012,38769900
2012-05-10,28.096715927124023,28.55189087706725,27.958783566053743,28.43464744936318,35827100
2012-05-11,25.48981094360352,26.200161918784183,25.25532664098072,25.61394984680628,217294200
2012-05-14,24.682905197143555,25.15187369776744,24.662213630664592,24.896697880976536,96488500
2012-05-15,24.993253707885746,25.70360193132624,24.91049269927492,24.958768638877203,89903700
2012-05-16,24.455320358276367,25.50360290478141,24.455320358276367,25.37256857303391,68729600
2012-05-17,23.40014266967773,24.207042870984413,23.365660227294335,24.165664992461025,95429200
2012-05-18,23.096694946289062,23.441524653495968,22.73807173509285,23.441524653495968,82650100
2012-05-21,22.420822143554688,23.248413809721423,22.248407322721675,23.117379492991237,99554800
2012-05-22,23.45531463623047,23.84842290789766,22.75186437537368,22.97945060545281,84721000
2012-05-23,23.627721786499023,23.73806714743733,22.90358019091378,23.186340342745765,52512900
2012-05-24,23.42772674560547,23.77945182326945,23.186344417430117,23.7518648204766,37843800
2012-05-25,23.103593826293945,23.53808005876755,22.958765959083504,23.448423584895348,28796400
2012-05-29,23.1932430267334,23.448416231439936,23.00703469978276,23.434622729720463,35855200
2012-05-30,22.73116683959961,23.062202943379283,22.72427140509718,22.965651075298684,34203600
2012-05-31,22.862211227416992,23.082902035230955,22.696691806135547,22.731174251573613,42124900
2012-06-01,22.020824432373047,22.51738003276957,21.91047903571179,22.351860622356803,50472200
2012-06-04,21.379438400268555,22.186338522248985,21.262196266101867,22.179443086786883,60492400
2012-06-05,22.062204360961918,22.15875757281713,21.282889806697483,21.30357874712144,46502800
2012-06-06,22.807031631469727,22.97255101226533,22.25530474688657,22.55875387569698,47980500
2012-06-07,22.627723693847656,23.331176530172836,22.62082562723692,23.289796023033148,53888800
2012-06-08,23.227731704711918,23.227731704711918,22.448415748702704,22.600141677529848,34238200
2012-06-11,22.634620666503903,23.75186812672054,22.607033659870964,23.70359218053377,46404900
2012-06-12,23.289794921875,23.296690357318138,22.42082272891829,22.67599856461908,43334400
2012-06-13,23.65530776977539,24.18634561865053,23.19323741280399,23.234615277105423,72456600
2012-06-14,23.89669418334961,24.06221093089937,23.496690553562036,23.73117480495858,44428000
2012-06-15,24.15876579284668,24.18635279779673,23.731177739487357,24.06221390636312,40917100
2012-06-18,23.87600326538086,24.34497178091377,23.7932448893578,23.93807270510849,31084400
2012-06-19,24.400146484375,24.57256130735224,23.9518668922976,24.131179781465125,32489000
2012-06-20,25.138090133666992,25.47602182658665,24.710501966142367,24.848431766036423,61149700
2012-06-21,24.48979949951172,25.53808190473012,24.43462812599566,25.165667898683072,95637000
2012-06-22,24.82084083557129,25.165670506007537,24.800149266372824,24.84152977392815,44193500
2012-06-25,24.35877227783203,24.462222250702418,23.88980362761258,24.317391762515456,33115800
2012-06-26,24.62774085998535,24.910501158321217,24.538087016474623,24.8691232708062,35053600
2012-06-27,25.365671157836918,25.39325816444253,24.48290799319121,24.57945988546912,34156800
2012-06-28,24.744970321655277,24.77945275198798,24.034619628765736,24.358760261742912,69904800
2012-06-29,24.641525268554688,25.37946047300912,24.31048913644029,25.310495598717445,56063200
2012-07-02,25.02084350585937,25.0760175235648,24.54497944193897,25.01394806906718,34274900
2012-07-03,24.9512939453125,25.132099250572868,24.71485460595556,25.006925326632324,26705900
2012-07-05,23.908191680908203,24.7983154510072,23.79692620964583,24.7635454886336,58519800
2012-07-06,23.574386596679688,23.727374905411462,23.45616558475633,23.58829245429221,32057200
2012-07-09,23.616113662719727,23.72737911278948,23.324042851078225,23.51180379546673,30545000
2012-07-10,23.817777633666992,23.956860077411683,23.511798379650248,23.79691619557723,33175500
2012-07-11,24.05422782897949,24.20026326695287,23.727384336848267,23.78997133209088,35144300
2012-07-12,23.671751022338867,24.04031737980733,23.60220844834051,23.87342050776717,39301500
2012-07-13,25.083425521850582,25.17382951789768,24.241980493470603,24.38106295213292,83001000
2012-07-16,24.401927947998047,24.93043818458991,24.151580016483827,24.867851201711357,52368300
2012-07-17,24.332387924194336,24.673137210599894,23.831692063444397,24.645320184385422,43998300
2012-07-18,24.311525344848636,24.49928630434356,24.095950010181635,24.16548992727851,28944900
2012-07-19,23.963823318481445,24.45756368611404,23.859513430366764,24.353253797999358,34384700
2012-07-20,23.574386596679688,23.734330486994835,23.574386596679688,23.67869644543629,36301200
2012-07-23,23.94991111755371,23.991636658045937,23.018061935448937,23.1154215299308,41248300
2012-07-24,24.15157890319824,24.26284435065596,23.796921118419743,24.04726903839399,29920400
2012-07-25,24.457557678222656,24.652274196539413,24.193303904355744,24.3254307912892,32127700
2012-07-26,24.90262794494629,24.99302931639519,24.575784463125867,24.881763845338167,28900500
2012-07-27,25.653661727905277,25.869239675781994,24.693995661998255,25.041700489219043,63636200
2012-07-30,25.132116317749023,25.396372853610405,24.99303379083364,25.38246433564101,30698200
2012-07-31,25.03474235534668,25.264228766936867,24.972155393347244,25.111237825876746,19681600
2012-08-01,25.03474235534668,25.31290722040568,24.909568431347807,25.16686920722249,22180200
2012-08-02,24.457557678222656,24.92348355290556,24.17243980963549,24.77049257125185,36675000
2012-08-03,25.09733009338379,25.23641253021388,24.6870383637623,24.909569201579703,24516300
2012-08-06,25.243377685546875,25.59108261965297,25.11125076558668,25.201654791232144,18979200
2012-08-07,25.737104415893555,26.335157010061668,25.431125191034468,25.431125191034468,37225800
2012-08-08,25.84142303466797,26.06395391515432,25.556305178246248,25.625845083606727,18672400
2012-08-09,25.67452621459961,25.91096563127131,25.445042380852808,25.535446389433123,23406700
2012-08-10,25.70929336547852,25.730154804268995,25.31291011179708,25.56325533561399,15492700
2012-08-13,25.723201751708984,25.792741649193697,25.486762386373098,25.639750691394877,14453500
2012-08-14,25.799694061279297,26.175215866843097,25.716245655413005,26.0222249121074,18065100
2012-08-15,25.77884101867676,26.015280456282493,25.695392585632927,25.77884101867676,17521300
2012-08-16,25.799694061279297,25.97354645428732,25.59107172022507,25.85532810037482,15894100
2012-08-17,25.71625328063965,25.869244280739306,25.591079308335893,25.869244280739306,17079800
2012-08-20,25.987462997436523,26.0778670125244,25.59107963106838,25.67452806273067,17922100
2012-08-21,26.453388214111328,27.02362401170784,26.11959184377028,26.16827031531307,36880600
2012-08-22,26.307353973388672,26.550746341963475,26.1195930092976,26.342123932788237,16899400
2012-08-23,25.89009475708008,26.34906491016248,25.869233321459813,26.29343353091622,16429500
2012-08-24,25.848371505737305,26.03613240115821,25.50066673335272,25.68842762877362,20019300
2012-08-27,25.89009475708008,26.03613011197524,25.660611006927205,25.94572878910299,17618200
2012-08-28,25.82056427001953,26.070912199710573,25.66062034888973,25.799700174026864,18050500
2012-08-29,25.93877410888672,26.07090361313821,25.77187731257934,25.952682617375128,13681900
2012-08-30,25.660621643066406,25.82056557226288,25.528492088633588,25.77188710045429,13700700
2012-08-31,25.82751846313477,26.008326489098778,25.63280457619914,25.82751846313477,16771600
2012-09-04,25.737104415893555,25.89705093526321,25.57716054930062,25.71624297979174,13631400
2012-09-05,25.806655883789062,25.93182984924981,25.688434848508297,25.78579444047148,13537500
2012-09-06,26.90539932250977,27.030573276007523,26.077862765743365,26.13349681297676,41346800
2012-09-07,27.32958984375,27.48953369300182,27.120967547020516,27.14878456065816,28082400
2012-09-10,26.954076766967773,27.663394925674464,26.93321532643376,27.280920150146216,20853500
2012-09-11,27.53821563720703,27.559079726472746,26.93321010403664,26.98188855769536,22378900
2012-09-12,27.7607479095459,27.99023433393969,27.670346578218258,27.73293354370957,29882200
2012-09-13,28.78996467590332,28.915138642972455,27.531272074942635,27.70512451223003,47018600
2012-09-14,28.908178329467773,29.269791658185422,28.671738947336124,29.179387662811703,43471600
2012-09-17,28.643922805786133,28.8177752199691,28.477025973725777,28.511795926006908,19740100
2012-09-18,28.692598342895508,28.741279454456407,28.275353652526192,28.546562966543952,25186600
2012-09-19,28.748241424560547,29.040312269121426,28.53961901376308,28.741288493737716,22887200
2012-09-20,28.685651779174805,28.706513222489,28.198864430548436,28.483982317878823,20997400
2012-09-21,28.42835235595703,28.99858815945905,28.351856856232505,28.88036711821812,28287400
2012-09-24,28.67173767089844,28.838637143175315,28.22667594852957,28.24058445895074,20499500
2012-09-25,28.19885635375977,28.894265894679997,28.18494784460814,28.894265894679997,21988200
2012-09-26,27.983293533325195,28.254502950401086,27.60777157763024,27.92070654070937,23782700
2012-09-27,28.289268493652344,28.504846468496037,27.96242506629073,28.094554614940392,20843400
2012-09-28,28.15018081665039,28.25449331971401,27.927649952706684,28.108455284869517,21380700
2012-10-01,28.49093246459961,28.85949870763982,28.372711451895288,28.42834549382135,21956400
2012-10-02,28.45615577697754,28.678689259958816,28.205810582580003,28.609146717534436,26946100
2012-10-03,28.62430191040039,28.722377895146053,28.31606004706241,28.60328639148922,22419100
2012-10-04,29.296810150146484,29.4159042648349,28.659313905267403,28.83445026564483,24326500
2012-10-05,29.219757080078125,29.731155060440447,29.04462067561009,29.450938416713264,22774400
2012-10-08,29.184720993041992,29.310819377690542,28.799421561001903,28.95354240276538,18631300
2012-10-09,28.98857688903809,29.387887656404693,28.93253195982276,29.261789238039523,19947500
2012-10-10,29.261795043945312,29.42292023885466,28.953555889210453,29.10767413039296,25797600
2012-10-11,29.49297332763672,29.871268652477102,29.317836900103558,29.68212099005691,27755000
2012-10-12,29.156702041625977,29.72414484077178,28.827447484227328,29.14269081138385,44564000
2012-10-15,29.68912506103516,29.710140575140308,29.23376932471354,29.359867754083535,26268000
2012-10-16,30.004377365112305,30.20052933047839,29.612070762010045,29.976354892239986,28588100
2012-10-17,30.347631454467773,30.501752322714896,29.962331956219018,30.07441913157082,26177500
2012-10-18,30.130468368530277,30.368654005420105,29.94832766849437,30.1865133053842,23630400
2012-10-19,29.64708709716797,29.997359867855085,29.4649464322531,29.9833486363433,29747500
2012-10-22,29.4859676361084,29.78720249084741,29.072645580003915,29.598054837473867,27993000
2012-10-23,28.953561782836918,29.2407854795966,28.7574071241049,29.051637776017724,22896400
2012-10-24,29.219757080078125,29.338851224748502,28.96055594972888,29.198741566700186,18918900
2012-10-25,29.191740036010746,29.619073369863905,29.002595035738963,29.591053570945466,17311700
2012-10-26,28.834457397460938,29.18473020485107,28.631298527805995,29.01659808146125,21892700
2012-10-31,29.19874763488769,29.27580809644772,28.82745923541121,29.037622429975823,19423500
2012-11-01,30.01137351989746,30.05340721782299,29.128687242416376,29.212751965898057,23325400
2012-11-02,29.7171630859375,30.172519101600717,29.654116504945645,30.151503574603428,17029200
2012-11-05,29.612064361572266,29.675113575722307,29.32484075763752,29.654098061795462,13252500
2012-11-06,30.03939819335937,30.15848967101532,29.710140882996,29.82222808000083,17190900
2012-11-07,28.35807991027832,29.4299136093044,28.23898846477269,29.4299136093044,47631200
2012-11-08,28.30204200744629,29.072641063061663,28.30204200744629,28.91852018299089,27830900
2012-11-09,28.45616340637207,28.88349667822317,27.92374989099057,28.238995966320864,27553200
2012-11-12,28.42813491821289,28.65931352118112,28.231980380008228,28.617279833201103,12816000
2012-11-13,28.049840927124023,28.386102428047217,28.02181846728821,28.14791686418052,19793500
2012-11-14,27.52444267272949,28.281030679734183,27.412355461603983,28.16894346860868,30986600
2012-11-15,27.5944938659668,27.82567522275528,27.300265963548387,27.363315181548003,24858700
2012-11-16,27.692575454711918,27.79065144209301,27.202195517806448,27.62252194154549,32458000
2012-11-19,28.435142517089844,28.51220295120059,28.0848697601276,28.0848697601276,26781200
2012-11-20,28.51220321655273,28.84846474568166,28.19695719787903,28.25300212225173,19375900
2012-11-21,28.53322410583496,28.708360518961157,28.267016009619667,28.680338051492264,13030200
2012-11-23,28.78541755676269,28.876489229058283,28.70135283668868,28.792421836615,8316700
2012-11-26,28.63829231262207,28.63829231262207,28.08486089004422,28.575243129387022,20376600
2012-11-27,28.547229766845703,28.862475783407383,28.470169332534063,28.631294480472462,19875000
2012-11-28,28.60327911376953,28.638305860499447,27.937760236423223,28.36509349468884,26106900
2012-11-29,28.876501083374023,28.9675701206858,28.65933090563057,28.82746308716911,18915000
2012-11-30,28.77842140197754,28.96056212562359,28.617293523821004,28.7153721760289,20066600
2012-12-03,28.589275360107425,28.98157930190789,28.54724164961301,28.911525790120717,18955500
2012-12-04,28.421146392822266,28.66633638407408,28.16194516316028,28.568260387573357,24031100
2012-12-05,28.86247444152832,29.065633273019337,28.372092068827875,28.50519474857944,25515600
2012-12-06,29.051624298095703,29.10766655146917,28.79942747699222,28.897503424672653,20541700
2012-12-07,29.81521987915039,29.82222415888056,29.233765783885183,29.310826222763147,34552900
2012-12-10,29.64009094238281,29.8922851616176,29.42992508446565,29.801216140381374,22394500
2012-12-11,29.871261596679688,30.186507626250062,29.717140721696577,29.84323913352473,21955000
2012-12-12,29.962331771850582,30.38966496036513,29.913293799958986,30.12345691840428,23110600
2012-12-13,29.969343185424805,30.06741915255537,29.77319125116367,29.87827417158624,18457000
2012-12-14,29.99037170410156,30.200534944974663,29.9203155088968,29.962349226019654,16208600
2012-12-17,30.45973014831543,30.48074566652568,29.99036575915265,30.12346849510104,23879800
2012-12-18,30.73294258117676,30.78198057192467,30.340638655193477,30.704922781013718,33858600
2012-12-19,30.49475479125977,31.09722454702456,30.417694333331266,30.817007858267136,34348500
2012-12-20,31.19528579711914,31.202292747643387,30.410675697626903,30.606827554407808,25014900
2012-12-21,30.824005126953125,30.964114775640404,30.3616451569436,30.6979067103715,38973500
2012-12-24,30.76795959472656,30.838015753880025,30.62084566905812,30.62785262115808,8621200
2012-12-26,30.795974731445312,30.950095572545457,30.627845334216595,30.788970453381022,11498900
2012-12-27,30.564809799194336,30.83802219604476,30.05341175620281,30.795988491771705,19567000
2012-12-28,30.29159545898437,30.606838867513616,30.186512541228225,30.193516821972818,15401200
2012-12-31,30.802993774414062,30.824009289225707,30.15849037237077,30.19351712118005,24209600
2013-01-02,31.501296997070312,31.741118891882543,31.190940358789533,31.727011405043235,31413000
2013-01-03,31.437820434570312,31.56478514875094,31.176838606856123,31.557732749398006,24227700
2013-01-04,31.995046615600582,32.044421471615635,31.34611570825902,31.353170796677084,24487700
2013-01-07,32.030311584472656,32.0867415246757,31.7552223528019,31.804597205115748,24456900
2013-01-08,32.09378433227539,32.09378433227539,31.71289042189812,32.02324961882486,19624200
2013-01-09,32.07263946533203,32.587550648517634,31.83986995870845,32.136121813435906,25920600
2013-01-10,32.552284240722656,32.55933663928642,32.11496018938,32.36888958932653,23413600
2013-01-11,32.54523086547852,32.55228595514203,32.07264210569918,32.425321248481964,19723900
2013-01-14,32.36182403564453,32.57343088600549,32.07967977467854,32.36887643134149,19079500
2013-01-15,32.693355560302734,32.778000492155535,31.98799727256608,32.08674969306101,29898000
2013-01-16,33.024871826171875,33.031926915218264,32.14317404633873,32.38299595008247,43453600
2013-01-17,32.7568359375,33.06014019818568,32.65103381515989,32.728623652646206,41086800
2013-01-18,32.77093505859375,32.86968475719082,32.573435661399614,32.71450781256434,28679100
2013-01-22,32.8273811340332,32.83443353423119,32.53818429279716,32.62282654881706,24257300
2013-01-23,32.60870361328125,32.75682816384226,32.39004164050486,32.60870361328125,19105100
2013-01-24,32.70746612548828,33.01077043300285,32.50291424775754,32.615771476781894,20008200
2013-01-25,33.26469421386719,33.26469421386719,32.87674772324218,32.96844504708275,26009100
2013-01-28,32.89790344238281,33.151832805022835,32.78504624684589,33.03897560948592,19706800
2013-01-29,33.236480712890625,33.26469568928196,32.6228197753846,32.643979662313974,19907400
2013-01-30,33.243534088134766,33.3987110688288,33.12362179001907,33.180051739891894,18631300
2013-01-31,33.18710708618164,33.30701939494881,33.067197468142815,33.15889210873897,19536000
2013-02-01,33.75138854980469,33.85719335533129,33.299959735583414,33.43397951468084,24520000
2013-02-04,33.63148498535156,33.723182320553185,33.41987802704113,33.53273525085526,20822600
2013-02-05,34.414424896240234,34.42147729384294,33.80781645475022,33.81486885235292,28067500
2013-02-06,34.28746032714844,34.44263998220025,34.082905816530655,34.153440555702666,28282600
2013-02-07,34.019412994384766,34.38619944468195,33.78664627424496,34.31566472724006,21429600
2013-02-08,34.301570892333984,34.34389066334505,34.040586414368114,34.08996396509446,15218300
2013-02-11,34.32273864746094,34.49202584250408,34.12523916218451,34.216933814217896,13935900
2013-02-12,34.66129684448242,34.78120912149453,34.28040282205945,34.421474981185845,16388000
2013-02-13,34.33684539794922,34.87997166148316,34.20988067708525,34.80943421059839,21635600
2013-02-14,34.71773147583008,34.7671063345872,34.11817539120682,34.13933796690844,18017800
2013-02-15,34.477909088134766,34.88701543924559,34.259247080524936,34.809425607812166,20016200
2013-02-19,34.879966735839844,35.04219881387196,34.64719721688404,34.64719721688404,20445900
2013-02-20,34.28746032714844,34.943443626213856,34.11112078849059,34.809423854768085,24786700
2013-02-21,34.033538818359375,34.17461102000085,33.737289616567864,34.14639604152687,24437700
2013-02-22,34.49906921386719,34.49906921386719,34.146390116325826,34.30156978027698,23584100
2013-02-25,33.64558410644531,34.70362132557423,33.610316737286574,34.633083896528966,32775500
2013-02-26,33.575050354003906,34.04058667376963,33.04603168650976,34.012374389789954,39401400
2013-02-27,34.76004409790039,34.84468900184493,33.687899531149895,33.75138186374458,31921200
2013-02-28,34.50611877441406,34.95049515417836,34.38620918265975,34.675405911233526,24711500
2013-03-01,34.49906921386719,34.85880070943907,34.1181751427478,34.28040720472947,25923400
2013-03-04,34.63309860229492,34.661313585893566,34.089974967030244,34.37211673082984,17695200
2013-03-05,34.90818405151367,35.34550545163381,34.78121934007098,34.90818405151367,25561100
2013-03-06,35.2890625,35.401919680753174,34.999865806149515,35.18326040657807,19607900
2013-03-07,35.7122802734375,35.874512308630536,35.27495632737536,35.30317129629437,24245400
2013-03-08,35.40897750854492,35.86745866364538,34.99281611779758,35.684066739750726,32711900
2013-03-11,35.60648727416992,35.811041830466664,35.2044332515058,35.43014769613378,19473000
2013-03-12,35.46540069580078,35.74048989549851,35.30316867266436,35.514775542375894,18003400
2013-03-13,35.38076400756836,35.57121102724802,35.345496638900514,35.47246131868695,16680200
2013-03-14,35.9732666015625,35.9732666015625,35.40192551628741,35.44424797506893,26378700
2013-03-15,35.28203201293945,35.472479128236266,34.66837087969136,35.24676462656503,60880800
2013-03-18,34.92229080200195,35.02809563102795,34.52729184719253,34.69657634475983,28011400
2013-03-19,34.70361328125,35.26084673326543,34.336826807419364,35.02102491155798,24411500
2013-03-20,34.647193908691406,35.01398049428824,34.5907666520685,34.964605635720204,19385300
2013-03-21,34.10406875610352,34.72478474120349,34.10406875610352,34.41442809401754,23535900
2013-03-22,34.40737533569336,34.56255501516182,34.09701866748469,34.30157321028798,22791500
2013-03-25,34.22397994995117,34.788265967898965,33.97005056919267,34.590766534299235,23581400
2013-03-26,34.308624267578125,34.54139377767967,34.0829098466647,34.37916170581865,16417500
2013-03-27,33.6949577331543,34.07585176393091,33.5468331736504,33.99826194017334,26530100
2013-03-28,33.47630310058594,33.80782235101616,33.34933839577131,33.744339998608844,27506700
2013-04-01,33.737274169921875,33.850131341417594,33.49745234415256,33.53977210175895,17442200
2013-04-02,34.0546875,34.12522492297223,33.77254588029376,33.86424049406632,17273700
2013-04-03,33.25265884399414,34.118577428894554,33.02553310165181,34.09018603421366,33467400
2013-04-04,33.70689392089844,33.74238179034802,33.28813056327129,33.33071492359043,21514000
2013-04-05,34.005008697509766,34.09727936054512,33.18167734651855,33.21006873630665,22961500
2013-04-08,34.480552673339844,34.48764916653203,33.777880715035224,33.983714215781724,18672300
2013-04-09,34.551544189453125,34.75027858006981,34.395394192509734,34.59413129067942,20066700
2013-04-10,34.95609664916992,35.176125846451875,34.69348307712822,34.73606745188797,20388900
2013-04-11,34.99869155883789,35.204522400497666,34.6580029468069,34.92771307244451,22584700
2013-04-12,34.78575134277344,35.190321859520644,34.38828273447023,34.70767908582233,37805900
2013-04-15,34.01921081542969,35.019984480220515,33.997918622844495,34.345703736980745,31527300
2013-04-16,34.416683197021484,34.43797539020812,33.777890325897175,34.37409610309568,23865500
2013-04-17,33.21006393432617,34.19664157261769,32.91905899995564,34.146958001448446,43466300
2013-04-18,33.10360336303711,33.59334537501727,32.68483982763844,33.21716621801546,26106800
2013-04-19,33.522369384765625,33.614640057389195,33.14619290741511,33.46558930684113,19746100
2013-04-22,33.6075325012207,33.70690235110348,33.266843995705855,33.643023087097475,15230100
2013-04-23,34.189552307128906,34.23923860028742,33.635933663201705,33.84176720788574,20568500
2013-04-24,34.57991409301758,34.72186559375238,34.18244285132668,34.29600567644531,16459300
2013-04-25,34.77865982055664,35.22581477636413,34.700584844893974,34.79285551681824,19058800
2013-04-26,34.6934814453125,34.842532165064576,34.501843645251974,34.67928575187635,13929000
2013-04-29,34.72187042236328,34.84962895683246,34.53023532821121,34.83543597082628,13496300
2013-04-30,34.78575134277344,34.956096966011835,34.57992054528149,34.75026346096806,13802600
2013-05-01,34.07598876953125,34.71478158270774,33.962425903583465,34.60831521132756,17686400
2013-05-02,34.125675201416016,34.24633456242536,33.86305887295043,34.24633456242536,15529300
2013-05-03,33.763694763183594,34.56573410290773,33.34493114766949,34.51605051357153,43257900
2013-05-06,34.19664764404297,34.34569838401384,33.76368841194013,33.863055571920704,20829500
2013-05-07,34.878021240234375,35.05546335294012,34.25342424539563,34.4734534398694,24291600
2013-05-08,35.318077087402344,35.48132621450343,34.85672921673302,34.9348041798983,23559300
2013-05-09,34.80704879760742,35.353570881767375,34.7218746259486,35.27549591152281,18103100
2013-05-10,34.750267028808594,34.94190485929548,34.52314131287276,34.81414630563756,16199600
2013-05-13,35.25421142578125,35.27550632876058,34.501858306814555,34.66510478937436,23979500
2013-05-14,35.65167236328125,35.78652740709239,35.247104524295786,35.32517949454772,24188400
2013-05-15,36.26206970214844,36.50339108001222,35.59488834337292,35.63037622385695,27467000
2013-05-16,36.176902770996094,36.66664208103622,36.08463210415883,36.10592429360125,21389500
2013-05-17,37.120887756347656,37.14218265004369,36.37563145822604,36.38272795109028,26080300
2013-05-20,37.11378479003906,37.3551061186065,36.844072079863416,37.106685590861424,22020000
2013-05-21,37.63191986083984,38.0932676836563,37.22735210053936,37.284132163055325,37112600
2013-05-22,38.06489181518555,39.00888267102679,37.82357037629602,37.9229375498001,46968300
2013-05-23,37.86615753173828,38.178457479951405,37.37641812324852,37.48998100235713,25294200
2013-05-24,38.08617782592773,38.08617782592773,37.418996406718456,37.54675495407478,18342300
2013-05-28,38.753360748291016,38.78885134091813,38.34879290182105,38.72497206476224,27162300
2013-05-29,38.80304336547852,39.00887688437605,38.26362048609573,38.391379035235445,20482600
2013-05-30,39.477325439453125,39.676062471802496,38.703677622496805,38.75336120369612,24890800
2013-05-31,38.74626922607422,39.6263835096493,38.74626922607422,39.54120932547749,24990100
2013-06-03,38.6752815246582,38.93789507601952,37.646116797364506,38.753353774753606,28279600
2013-06-04,38.355899810791016,39.31408643812009,38.23523772822697,38.71078414795773,22022600
2013-06-05,37.63901519775391,38.51912915391853,37.40479304729527,38.17134146681157,24326000
2013-06-06,37.972618103027344,37.98681379918708,37.09960309584531,37.50417095996498,23940900
2013-06-07,38.519142150878906,38.66819290669476,37.90874072319225,38.16425785176362,21691000
2013-06-10,38.5830192565918,38.92370783961828,38.34169783850401,38.7817535864692,16007000
2013-06-11,37.96551132202149,38.36297987659164,37.695798583169264,37.94421642977561,17600800
2013-06-12,37.74547576904297,38.39846125972017,37.596425086286345,38.25650977569539,18479100
2013-06-13,38.44816207885742,38.49784836962998,37.59644196219329,37.61773415284423,17090200
2013-06-14,37.709999084472656,38.41976754534896,37.55384915666329,38.35588827556802,17185300
2013-06-17,38.22102737426758,38.51203231085852,38.0010009024254,38.114563738471816,16856600
2013-06-18,38.40557098388672,38.51913382676019,38.12876172360461,38.34878820867411,13259100
2013-06-19,38.00809860229492,38.6894756402146,37.98680641596983,38.3203984420052,20840000
2013-06-20,37.24864959716797,37.745488075901136,37.09959886581358,37.6745123107472,31857100
2013-06-21,36.87957382202149,37.60353807997761,36.687935985425554,37.589342383835074,44412200
2013-06-24,36.14141082763672,36.51758997488849,35.566500073763734,36.11302214529196,30736500
2013-06-25,36.96475601196289,37.30544467058041,36.56018535307976,36.56018535307976,20951400
2013-06-26,37.26283645629883,37.475766408824576,36.82278086007212,37.36930278633732,19332000
2013-06-27,37.72418594360352,37.96550727208615,37.5325481791422,37.639011798808816,17093600
2013-06-28,37.46868515014648,37.71000658313344,37.31963439353605,37.70290738088398,18256000
2013-07-01,37.255741119384766,38.06487658859589,37.21315404453895,37.77387167936116,23511100
2013-07-02,37.74905776977539,38.27096677147944,37.26289543692581,37.584620911208034,23935300
2013-07-03,37.72761535644531,37.75621378626965,37.32724552079381,37.39874159535464,10442300
2013-07-05,38.5998420715332,38.60699031417376,37.97069035462232,38.14942642089164,17070200
2013-07-08,39.10744857788086,39.25758620645253,38.64273375348773,38.99305761411734,21786900
2013-07-09,39.2432861328125,39.44346963317628,38.74282465460741,39.37197630513083,20508700
2013-07-10,39.20040893554688,39.42919096139855,38.92157828469932,39.15751128296336,16915000
2013-07-11,39.42203521728516,39.94394432104269,39.00021789681036,39.92249686099541,21322600
2013-07-12,39.30049133300781,39.92964039000289,39.14320270511093,39.68655920475145,32569200
2013-07-15,39.2432861328125,39.67940252485843,39.03595166326679,39.67225428297214,28292000
2013-07-16,39.32907485961914,39.615053598671295,39.16463803921753,39.25043329731041,19222700
2013-07-17,39.51497268676758,39.73660640663368,39.20754641259363,39.35768406445641,19166600
2013-07-18,40.30140686035156,40.41579783197356,39.67225788007849,39.68655436514733,24563100
2013-07-19,40.15126800537109,40.43724678941237,39.97253194716925,40.40149739593536,17762600
2013-07-22,40.437259674072266,40.51590127381044,40.00114311673114,40.15842904350416,15999700
2013-07-23,40.51589584350586,40.67318447649432,40.372909152385056,40.55164524358237,10577100
2013-07-24,40.487300872802734,40.7017836406535,40.30856477837769,40.69463266959054,16665000
2013-07-25,40.39435577392578,40.39435577392578,39.95823928406998,40.35860910188599,13870200
2013-07-26,40.07262802124024,40.19416997210752,39.75090253635167,40.07977899162449,16762300
2013-07-29,39.81524658203125,40.03688029405707,39.593615597301465,40.02258108096224,10049100
2013-07-30,39.557865142822266,40.02972822061378,39.37912908718464,39.94393295025476,14207400
2013-07-31,39.84384536743164,40.22991594258456,39.68655674926652,39.73660535919765,19404900
2013-08-01,40.422943115234375,40.5945281848814,40.179861993821504,40.29425294935135,15979400
2013-08-02,40.38719940185547,40.408646855303445,40.04402378291356,40.229910803781735,11007300
2013-08-05,40.10837173461914,40.45154737806659,40.04402664238473,40.27281131378167,9370200
2013-08-06,39.67227554321289,40.10838944167516,39.54358530192989,40.02974782959964,10588600
2013-08-07,39.53643035888672,39.65797234224814,39.16465889110007,39.36484520593709,12828400
2013-08-08,39.20040893554688,39.84385736051837,38.69994723126001,39.62222357978218,18587100
2013-08-09,38.97876739501953,39.42918311193981,38.842928946492734,39.100306628865134,12652500
2013-08-12,38.67134094238281,38.83577781961191,38.37821386083593,38.635594269471504,15133000
2013-08-13,38.81432342529297,39.10745045445872,38.32101015446331,38.76427754670095,15078100
2013-08-14,38.714237213134766,39.214696070735485,38.6069944709082,38.84292741288816,15785800
2013-08-15,38.099388122558594,38.37821600506004,37.81340926869756,38.26382500897492,16933200
2013-08-16,38.099388122558594,38.449709354877065,37.94209948020537,37.94209948020537,17139000
2013-08-19,37.05556488037109,37.85630174358177,37.03411469651902,37.81340410317373,22793300
2013-08-20,37.26289367675781,37.43448149736847,36.219075722656,37.01981252181532,18701500
2013-08-21,36.91257858276367,37.33439587011005,36.66234641691285,37.11991037729611,17136200
2013-08-22,37.32723617553711,37.64896161227262,37.12705267147754,37.177098547492434,14658500
2013-08-23,37.4058952331543,37.47738859072821,37.10561985858775,37.37014855436735,11126800
2013-08-26,37.03410720825195,37.56316709045787,37.0269589666107,37.29148754406588,16548400
2013-08-27,36.176177978515625,36.85537556183967,36.1404313114556,36.47645598187079,23596800
2013-08-28,36.16188430786133,36.49790627713188,35.840158824690725,35.983148231355,18748100
2013-08-29,36.24767303466797,36.59084593805954,36.06893697702888,36.16902873293944,13576000
2013-08-30,36.12613296508789,36.340618427180864,35.95454786816864,36.333467457219925,15863100
2013-09-03,36.55509948730469,36.976916694909335,36.3406167623336,36.64089203183396,15277200
2013-09-04,37.08416366577149,37.248600543407534,36.4121169405681,36.57655381820415,19923800
2013-09-05,37.2557487487793,37.54887580929192,37.11275934009838,37.19855189438847,13913200
2013-09-06,37.57748794555664,37.684727995718696,36.66235703251717,37.47024516809747,22339900
2013-09-09,37.791954040527344,38.02788422826182,37.54887288290326,37.73475719059419,19936400
2013-09-10,38.37105941772461,38.556946463716855,38.10653078936218,38.48545312436358,20233200
2013-09-11,38.07794952392578,38.43542183639233,37.934962780777006,38.156593869036,16028600
2013-09-12,37.34869384765625,38.39966018206953,37.23430286134949,38.19947663785676,21976700
2013-09-13,37.59891891479492,37.749056555531936,37.34153854364809,37.384436181271205,11942900
2013-09-16,37.99214553833008,38.24237771838776,37.87775454173975,38.21377928741605,17055300
2013-09-17,37.95639419555664,38.1208310624775,37.80625654236317,38.02788753689748,13207000
2013-09-18,38.18517303466797,38.51404674158726,37.577471501130326,37.67041229180583,20844500
2013-09-19,37.71330642700195,38.42825062467024,37.55601783078031,38.34245808459283,22452200
2013-09-20,37.74905776977539,38.22807185977248,37.74905776977539,37.856300503634806,30792200
2013-09-23,36.79103088378906,37.44878101973018,36.74098500388328,37.23429828766308,28189500
2013-09-24,35.97599411010742,36.6551916868042,35.96169489796376,36.469304656232445,34906900
2013-09-25,36.96260452270508,37.105593864981245,35.79009682517122,35.90448775353318,39175500
2013-09-26,37.09845352172852,37.57746754643457,36.84822414655825,37.12705194383244,22298700
2013-09-27,37.34869384765625,37.46308483396301,36.74098951697339,36.81963383142734,23026000
2013-09-30,36.95547103881836,37.24144985866423,36.77673495823873,36.98406946626218,21350600
2013-10-01,37.14850616455078,37.24144968967337,36.78388576183318,36.91972420063069,19188000
2013-10-02,37.51581573486328,37.775092304700586,36.93964710599635,36.96125257101989,23841200
2013-10-03,37.40777969360352,37.59503619897767,37.09088766186299,37.45099336731797,18614500
2013-10-04,37.93354415893555,37.94074781356954,37.45820460649449,37.50141829213068,17407200
2013-10-07,37.32855224609375,37.71026334824338,37.32855224609375,37.65984877804958,16159300
2013-10-08,36.63713836669922,37.422168585857634,36.615532912580704,37.32854311975251,19536000
2013-10-09,36.550724029541016,36.97564881288342,36.19061837407756,36.85321146138403,24721200
2013-10-10,37.825496673583984,37.85430578409488,37.0044562557395,37.33575278445078,24328700
2013-10-11,37.81831359863281,38.42329151158089,37.5662406129834,38.14240939974598,32498800
2013-10-14,37.96234893798828,38.05597720578985,37.27814743769483,37.40778573237733,18881600
2013-10-15,37.674259185791016,38.20001317618878,37.580630934863386,38.10638492526115,17566500
2013-10-16,38.89141082763672,38.92742084374024,37.86871208387849,37.89031754406298,24864000
2013-10-17,39.04265594482422,39.10027417056809,38.61053024129807,38.74016850183356,17791000
2013-10-18,39.10747909545898,39.30914015890567,38.7473733897045,39.07866997962538,24796600
2013-10-21,39.08586883544922,39.5035899742174,38.81218776339465,39.08586883544922,19471700
2013-10-22,38.61773300170898,39.381158045174544,38.61773300170898,39.35955258317639,24820900
2013-10-23,37.99116134643555,38.430490855616405,37.96955587791491,38.39448082561895,21034400
2013-10-24,37.79668426513672,38.091970753638265,37.530206884632335,38.055960742335685,17759000
2013-10-25,38.00556182861328,38.10639100073941,37.50141322059375,37.56623236658753,20889600
2013-10-28,37.94074249267578,38.23602910130496,37.81110420133723,38.0919862501078,14836800
2013-10-29,37.97673797607422,38.16399443514047,37.63103691401479,38.04876074778732,23363100
2013-10-30,37.88312149047852,38.34405913017165,37.81110144382669,38.17120717186314,16157200
2013-10-31,37.11970520019531,37.96235142341131,37.11970520019531,37.91914048728072,23738000
2013-11-01,37.81831359863281,37.96235648217083,36.94685813694257,37.05489098644346,25794400
2013-11-04,37.479793548583984,37.99834377260145,37.45098443964195,37.98394196551828,18891300
2013-11-05,37.41496658325195,37.54460479892512,37.20610470829104,37.34294382599616,14532200
2013-11-06,37.52302551269531,37.69587751591893,37.328570786729145,37.6382592657146,14013000
2013-11-07,37.19892120361328,37.69586609784893,37.14850662364975,37.544622357958325,17348900
2013-11-08,38.86261367797852,38.86981733184943,37.3069568759267,37.32856509015047,31183100
2013-11-11,38.96342468261719,38.9994374403994,38.67534185207329,38.82658554416291,12062800
2013-11-12,38.869815826416016,38.9490395315939,38.60333559129246,38.841006706826086,15964800
2013-11-13,38.99224853515625,39.03546221240393,38.279240718596206,38.54571819315176,22121900
2013-11-14,39.179500579833984,39.25152061963024,38.675352059095,39.07866867777546,17634000
2013-11-15,39.51799392700195,39.58281305498869,39.028250014966254,39.08586823868252,20530100
2013-11-18,40.14457702636719,40.33183074597998,39.82768231217764,39.96452421053692,22318800
2013-11-19,40.43986511230469,40.7927671065642,40.17338495635913,40.31022686005768,22979900
2013-11-20,40.40386199951172,40.64873400697374,40.16619364522168,40.64153310119045,17682800
2013-11-21,41.21050643920898,41.34014474010476,40.53350581288903,40.53350581288903,22843600
2013-11-22,41.38333511352539,41.42654877481563,41.09525228042026,41.23209142009112,16730600
2013-11-25,41.52019882202149,41.87310095884006,41.34734683340381,41.4121659857118,18649600
2013-11-26,41.17448425292969,41.743451916004574,41.17448425292969,41.50578358360664,16263300
2013-11-27,41.39775085449219,41.64982649239051,41.28972079315444,41.46977364277247,11238900
2013-11-29,41.21050643920898,41.66423774495512,41.196101878288445,41.46978304100053,7128800
2013-12-02,41.037635803222656,41.59219878335392,40.980020333116826,41.12406038207532,12465300
2013-12-03,40.95122909545898,41.210505692552935,40.43267590127108,40.9728345627538,20426800
2013-12-04,41.18888092041016,41.39054194118949,40.4830742161523,40.64872247606496,20287200
2013-12-05,40.20219421386719,40.86479003303147,40.151779643075,40.84318182598621,21324900
2013-12-06,40.37504959106445,40.87919534216209,40.05815483621648,40.74235617363392,18661200
2013-12-09,40.69915008544922,40.71355464493389,40.39666257843746,40.53350177245866,12714000
2013-12-10,40.83599853515625,41.10247605962097,40.58392282508272,40.68475475754568,14543700
2013-12-11,40.38226318359375,40.88641184047963,40.30303946999022,40.72076350630368,17836100
2013-12-12,40.55510711669922,40.76396634598125,40.26702144216118,40.36785060403292,15325300
2013-12-13,40.45426177978516,40.73514645555285,40.36063630191695,40.59830456924322,11461300
2013-12-16,40.634315490722656,41.00882565275453,40.56949911877052,40.5767000220804,26379200
2013-12-17,40.13018798828125,40.80718584851356,40.08697430671319,40.80718584851356,18338500
2013-12-18,41.22491455078125,41.24652002032837,39.89972505323454,40.2166171786127,27685900
2013-12-19,41.21770477294922,41.44097133219649,40.9224181609842,41.12407650650502,16790000
2013-12-20,41.55620193481445,41.772264824081965,41.19609620357237,41.20329710934618,22001700
2013-12-23,41.94511795043945,42.05314802438322,41.62822313980468,41.75066052047414,13990600
2013-12-24,41.95232391357422,41.98113303572087,41.801080143387935,41.82268561130338,4532600
2013-12-26,41.91630935668945,42.10356313563692,41.714648270835866,42.02433943198609,6677000
2013-12-27,41.87310028076172,42.02434405123478,41.81548478374827,41.89470574871813,8943700
2013-12-30,41.73625183105469,41.966719262861616,41.563399883505234,41.87309101013114,8815800
2013-12-31,42.11796951293945,42.16838409973151,41.80827833842315,41.916311165771226,11017400
2014-01-02,42.19771957397461,42.40794767055747,42.023739798798815,42.27021345143008,15627600
2014-01-03,42.52390670776367,42.73413466393703,42.19769139048723,42.25568645371718,14214100
2014-01-06,42.77039337158203,43.11110755962604,42.64715797228983,42.88638076841608,17550700
2014-01-07,42.27745056152344,43.08211441908453,42.12521760613566,42.98062578215934,17851200
2014-01-08,42.67615509033203,42.705152632471886,42.26294979359157,42.43693228107284,14687400
2014-01-09,42.596412658691406,42.77039514383052,42.284698763636726,42.755896372955775,13242500
2014-01-10,42.40068435668945,42.59641084175535,42.17595756575329,42.53116775828083,12694900
2014-01-13,41.82799530029297,42.531167681631466,41.70475713601535,42.41518028514776,20711600
2014-01-14,41.85699462890625,42.46592917779914,41.726508456617935,42.26294915126299,30272400
2014-01-15,43.12560272216797,43.24159010929893,41.849738698369904,41.849738698369904,35186600
2014-01-16,42.76315689086914,43.36484080988416,42.58192636165185,42.61817191442363,21689400
2014-01-17,42.12521362304688,42.93712540703721,42.06721854151157,42.92262663665338,20997900
2014-01-21,42.1687126159668,42.36444189339514,41.74101127850544,42.110720292298055,19548300
2014-01-22,41.74825286865234,42.28469629831034,41.625014706081096,42.28469629831034,15433500
2014-01-23,40.93634414672852,41.393042992485874,40.74786288769654,41.38579498961133,26234600
2014-01-24,39.93594741821289,40.85659855928888,39.93594741821289,40.59562623389945,26833100
2014-01-27,39.93594741821289,40.45064130142116,39.64597755325629,39.92869941599989,23935000
2014-01-28,40.40714645385742,40.8420984719028,40.04468551703377,40.153422138866375,18041000
2014-01-29,40.254913330078125,40.501386893476464,39.76196620328144,39.8417080569335,25459000
2014-01-30,40.59561920166016,40.87833825007173,40.32739892052061,40.64636350443367,17031100
2014-01-31,40.13167953491211,40.67537099660541,40.001193362877096,40.23316816530428,18174000
2014-02-03,39.37051010131836,40.53763205866691,39.29076824840934,40.23316618249537,28549900
2014-02-04,39.83445739746094,40.12442448688623,39.58073308318664,39.667725698835966,20709300
2014-02-05,40.02294158935547,40.19692408017071,39.56624273601148,39.943199729621725,19491600
2014-02-06,40.94358444213867,40.99432874878152,40.01568538883247,40.1244220036283,20881600
2014-02-07,41.04508590698242,41.26981273916268,40.7841135251881,41.0668354490374,23388500
2014-02-10,41.13207626342773,41.26255968173051,40.878351899483725,41.15382303891853,14715200
2014-02-11,41.632266998291016,41.7337556268557,41.01608445894389,41.037831232105546,18774100
2014-02-12,41.69750595092773,41.83524010956501,41.436533637419245,41.56701979417349,13437900
2014-02-13,42.06721496582031,42.117959275171614,41.29154879104191,41.37129063869608,16605500
2014-02-14,42.15420913696289,42.212201450352126,41.86423927394407,41.96572789639339,13067300
2014-02-18,42.40068435668945,42.51667175338219,41.972980312880416,42.05997016906056,14983800
2014-02-19,41.50902557373047,42.43692745927006,41.48003080024292,42.30644129982476,18669900
2014-02-20,41.741004943847656,42.0237240465524,41.516278156010685,41.704756636027966,12457000
2014-02-21,41.76274871826172,41.92948041390424,41.58876625543271,41.74824994924618,16790100
2014-02-24,42.06721496582031,42.21219989197722,41.74100233866408,41.7699971116095,16151400
2014-02-25,41.34229278564453,42.03096910562872,41.26255093859745,41.97297679482193,17991800
2014-02-26,41.13932418823242,41.59602583017296,40.755116406719445,41.5887750614512,23661700
2014-02-27,41.095821380615234,41.24080631321098,40.69711488999511,41.16106446201544,16277500
2014-02-28,41.190067291259766,41.64676891971113,40.87835061402321,41.00883679358075,18599000
2014-03-03,40.747859954833984,40.90009289246267,40.370900229259874,40.81310303744023,19151000
2014-03-04,41.50902557373047,41.58151942084314,41.05957478306197,41.284301561074976,17157000
2014-03-05,42.161468505859375,42.25570915155141,41.58153138882823,41.66852126504333,17761500
2014-03-06,42.69790267944336,42.83563685028008,42.33544171532367,42.415180804529534,19420600
2014-03-07,43.06036758422852,43.350334722845965,42.82114199864511,43.02411927221313,18602200
2014-03-10,42.91537857055664,43.11835582491407,42.67615300761451,42.87188225946961,16945200
2014-03-11,42.183197021484375,43.0966000050635,42.13970348488535,43.07485047140688,19420000
2014-03-12,41.98747634887695,42.01647388941103,41.62501538827398,41.827995406654864,17932100
2014-03-13,41.62500762939453,42.291937110574686,41.45827595043878,42.04546359269289,17192500
2014-03-14,41.175559997558594,41.70475260941219,41.04507384500759,41.40028676369808,18635800
2014-03-17,41.741004943847656,41.82799479882812,41.35679445074847,41.47278184584164,13581400
2014-03-18,42.08896255493164,42.16145363197748,41.76999517907234,41.91498009852136,12554800
2014-03-19,42.26294708251953,42.7196486631734,41.96572920804649,42.0382230587458,21450700
2014-03-20,43.57505416870117,43.85052525436332,42.1397091939734,42.30644089269174,33736500
2014-03-21,43.61855697631836,44.36522854352936,43.4953215592723,44.19124604053472,35144100
2014-03-24,44.2709846496582,44.357974512078265,43.74903994442212,43.76353871571843,25810500
2014-03-25,44.16949462890625,44.568201148282135,43.90127428174178,44.29998080111767,24053500
2014-03-26,43.42282485961914,44.51020775828716,43.41557409169437,44.39422035971021,22745200
2014-03-27,43.437313079833984,43.89401458972378,42.7848851167772,43.45181184772732,24632600
2014-03-28,43.5243034362793,43.92300985397614,43.26333115841021,43.647538808963546,14708700
2014-03-31,44.01000595092773,44.23473272557898,43.93026410297544,44.09699856616158,15216700
2014-04-01,43.98101806640625,44.43047171436438,43.76354201130029,44.183998114482144,14584400
2014-04-02,44.1196174621582,44.3311705301738,43.91536086285346,44.039373003063496,14012200
2014-04-03,44.25092697143555,44.35305527316588,43.97371959331927,44.24363328536374,11925200
2014-04-04,43.630859375,44.54272315976,43.62356290636096,44.5135428507787,16966900
2014-04-07,43.03996658325195,43.76945754229013,42.92324814111733,43.54331434318491,18685700
2014-04-08,42.930545806884766,43.05456072846948,42.49285230399294,42.89407181210835,16956500
2014-04-09,43.2369384765625,43.36824709914626,42.67522998724037,43.112923540661065,15308400
2014-04-10,41.8727912902832,43.32447705687962,41.858201133987286,43.29529674428779,29977200
2014-04-11,40.340850830078125,40.88796906769072,39.79373259246552,40.25331269124054,47241300
2014-04-14,40.09282302856445,40.80772384496668,39.74266769702788,40.742069546379376,31081500
2014-04-15,39.976104736328125,40.58887726453786,39.64783324214662,40.18765778622145,26691400
2014-04-16,40.31167221069336,40.37732651326726,39.89586255532109,40.12200577147284,27049400
2014-04-17,40.282493591308594,40.5378143261706,40.12929836760409,40.37003173143452,17955400
2014-04-21,40.14388656616211,40.42109390964433,40.1147090427328,40.31166915272612,12384800
2014-04-22,40.71289443969727,40.90985734715319,40.07823525474351,40.15118602572017,16257600
2014-04-23,40.88798141479492,40.93904557643583,40.530532283308574,40.70560861385223,11379000
2014-04-24,40.99009704589844,41.04116119172784,40.56699372577096,40.90255890773193,15360600
2014-04-25,40.632659912109375,41.1068275167832,40.58888943882752,41.07764998405001,15937700
2014-04-28,40.47945785522461,40.6326503012945,39.88856912822838,40.58158615260454,21394100
2014-04-29,40.92444610595703,41.07764133880786,40.537816746429264,40.654535201161465,13453400
2014-04-30,40.8369026184082,41.1068134878946,40.64723619782543,41.02657182177807,14388100
2014-05-01,40.64723587036133,40.990094718205,40.486746973847005,40.79313183142481,12744600
2014-05-02,40.54510498046875,41.12140066834555,40.44297391838183,40.727477702872186,15153800
2014-05-05,39.55298614501953,39.93232163816366,39.17365065187541,39.30495919884015,25232300
2014-05-06,38.91105270385742,39.43628715015432,38.89646254892834,39.42169699522524,25327400
2014-05-07,39.42897415161133,39.4800382810619,38.83808843002999,39.06422877965787,18502600
2014-05-08,39.65513229370117,39.77914443136714,39.43628554425173,39.538413841808975,16090800
2014-05-09,39.39980697631836,39.6186564986086,39.15907639770128,39.553002198478985,12366500
2014-05-12,39.866695404052734,39.9031694076881,39.41440885405223,39.58948796740535,12825500
2014-05-13,39.84479904174805,39.9979942720527,39.757260897850685,39.93233996843282,12310700
2014-05-14,39.65513229370117,39.90315935182052,39.611361830696325,39.85938888881567,10325800
2014-05-15,39.03506088256836,39.538411436750216,38.91834243777596,39.538411436750216,19763000
2014-05-16,38.889156341552734,39.03505227829381,38.64112935319166,38.96939799364568,19992400
2014-05-19,39.268497467041016,39.3268552934546,38.70678912602681,38.72137927832696,12068900
2014-05-20,39.18825912475586,39.421696032344414,38.962115903059946,39.18825912475586,16888200
2014-05-21,39.48004531860352,39.83020060416163,39.37791704149742,39.428981180050464,13210200
2014-05-22,39.79372787475586,39.83020186304844,39.40709858983804,39.516520554715775,11800900
2014-05-23,39.77915573120117,39.82292620663964,39.50924475630105,39.79374588968066,10876500
2014-05-27,40.22412109375,40.43567408744953,39.89584968676565,39.93962013529239,14503700
2014-05-28,40.45027160644531,40.559693573517634,40.12200013965438,40.18765443301257,11374900
2014-05-29,40.64723587036133,40.79313183142481,40.40650252558984,40.66911970796343,11741000
2014-05-30,40.53781509399414,40.76395830828906,40.34814865633096,40.54511156243543,11991900
2014-06-02,40.377323150634766,40.59617266284687,40.13659258310346,40.59617266284687,9440000
2014-06-03,40.55970001220703,40.603470475656536,40.18766081264224,40.18766081264224,9131500
2014-06-04,40.61806106567383,40.654535060879134,40.30437969789077,40.50134261134437,9727800
2014-06-05,41.31108093261719,41.33296477468038,40.47946154076418,40.78584646079944,16803400
2014-06-06,41.5591049194336,41.67582337306208,41.32566801217664,41.40590968803142,15399800
2014-06-09,41.88737106323242,42.06974380965775,41.50803819952053,41.51533188495114,11999700
2014-06-10,42.23752975463867,42.26670727954176,41.86548778855452,41.92384840393529,11609200
2014-06-11,41.777957916259766,42.1572936429446,41.5664048178184,41.9311503877706,14232200
2014-06-12,41.610164642333984,41.88736920096947,41.486149733228935,41.63204848044017,11670200
2014-06-13,41.610164642333984,42.06974193928672,41.49344620112242,41.60286817444049,12040800
2014-06-16,41.48615646362305,41.544517085090376,41.09223339986897,41.47156630825621,11199100
2014-06-17,41.88737106323242,42.01138597785103,41.34754929217431,41.42779374584742,11200500
2014-06-18,42.149993896484375,42.1718805212758,41.54451774448253,41.79254482408016,13729400
2014-06-19,41.79983139038086,42.08433241911931,41.73417709276528,42.08433241911931,11624400
2014-06-20,41.982215881347656,42.142704827727535,41.836317092164855,42.08434419893924,17124800
2014-06-23,42.44908905029297,42.47097567710606,41.75607468347479,41.97492147209042,16007700
2014-06-24,41.88737106323242,42.3980153097808,41.79983292412869,42.22293903157336,12322900
2014-06-25,41.96761703491211,42.12081226236892,41.48615307824574,41.74147660214885,14836600
2014-06-26,41.86548614501953,41.93843691138163,41.28918761330133,41.82901215323208,11854400
2014-06-27,41.96761703491211,42.09163195401645,41.75606675632508,41.82172105872447,10178600
2014-06-30,42.03328704833984,42.15000554258893,41.85821069836041,41.90197839446106,11549000
2014-07-01,42.290374755859375,42.59890422225863,41.93042698100735,41.98184809170049,14472200
2014-07-02,41.84962844848633,42.22426843107703,41.73943873477334,42.070005073671496,19189900
2014-07-03,41.90840148925781,42.3491576181017,41.87167251241448,42.040628047686845,12599800
2014-07-07,41.62925720214844,41.86432882441576,41.43092016207267,41.7908680667568,13916100
2014-07-08,40.96076965332031,41.48233109667599,40.86527489519437,41.39417820914954,18343400
2014-07-09,41.15176773071289,41.22522567335536,40.850585682293385,41.04892549011709,10914300
2014-07-10,40.81385040283203,40.99749803329471,40.37309440837733,40.44655514190668,12436600
2014-07-11,40.99015426635742,41.07095967942827,40.54205355913956,40.61551429931339,10230000
2014-07-14,41.3501091003418,41.754133404617214,41.28399582857011,41.526409290238966,14004400
2014-07-15,42.804595947265625,43.11312266391335,42.42995316020385,42.56952717203664,36178000
2014-07-16,43.1278076171875,43.32614738861604,42.83397309829514,42.980888956621136,20507500
2014-07-17,42.50342178344727,43.23801254278167,42.42996102616901,43.01763587542962,17013500
2014-07-18,42.77519989013672,42.958847495436416,42.53278650830595,42.84866061360064,12803300
2014-07-21,42.78255081176758,42.90742984836107,42.53278993634029,42.69439793650597,9141400
2014-07-22,43.09843063354492,43.19392819944423,42.87805400644263,42.91478297725286,10375200
2014-07-23,43.34083938598633,43.48041057181264,42.98823628318274,43.16453643346436,11122100
2014-07-24,43.46572494506836,43.5979514787326,43.33350121364491,43.392267005139686,9844100
2014-07-25,43.34817886352539,43.53917393939043,43.22329983889366,43.28206561453212,10500600
2014-07-28,43.48041534423828,43.53183646056778,43.09842790704723,43.29676769956416,12382800
2014-07-29,43.07639694213867,43.43634760761695,42.92947824597936,43.43634760761695,13498800
2014-07-30,43.27472686767578,43.54652457197247,43.05435027494224,43.35553227220085,11815700
2014-07-31,42.36382293701172,43.10576073870757,42.3564782667057,43.08372392554978,15955900
2014-08-01,41.48966979980469,42.231607750741865,41.11502988956453,42.15814702170634,23915400
2014-08-04,41.61455535888672,41.8569687807779,41.38683128187576,41.80554766697551,13543900
2014-08-05,41.18114471435547,41.57782145730701,40.84323095239176,41.4529424165468,16863300
2014-08-06,41.306034088134766,41.64394513238911,41.01219949400794,41.05627314189436,12190600
2014-08-07,41.07094955444336,41.643929175342286,40.90199409705624,41.59985554434392,11743800
2014-08-08,41.3868293762207,41.40152152266496,40.87261545963326,41.056263086825886,12213200
2014-08-11,41.37213897705078,41.563134086652056,41.26194927518539,41.53374979252255,9066800
2014-08-12,41.39418411254883,41.54110281047157,41.2325760668508,41.30603401469162,11289600
2014-08-13,41.66596984863281,41.75411991510273,41.51170372951034,41.64393023033527,7012600
2014-08-14,41.856964111328125,41.87165625680987,41.651279679064174,41.70270078713016,8275900
2014-08-15,41.68800354003906,42.23894631810125,41.42355055821083,42.04795405469191,12727400
2014-08-18,42.040618896484375,42.18753757411845,41.69536042438042,41.76882116431781,8881400
2014-08-19,42.28304290771485,42.40057731098005,42.12143205238473,42.31242440685023,9040500
2014-08-20,42.34180450439453,42.49606786794411,42.15815684238572,42.18019366510967,8121400
2014-08-21,42.97355270385742,43.17189251414413,42.3124200029017,42.35649645037906,12745500
2014-08-22,42.9661865234375,43.39959489884332,42.84865219123793,42.92945476780552,10228600
2014-08-25,43.590599060058594,43.95054962712765,43.237995967021305,43.32614603972056,13996800
2014-08-26,43.88444137573242,44.03870472110523,43.62733299787046,43.759559523115904,10281100
2014-08-27,43.77425003051758,44.03870307110016,43.73017358967365,43.96524233636028,11410900
2014-08-28,43.4583625793457,43.612625871737215,43.20125709202651,43.524475819262015,9096100
2014-08-29,43.67141342163086,43.81833210776846,43.50980258665541,43.590608004143135,8897900
2014-09-02,43.8330078125,43.862392101030615,43.45102327056204,43.67874450107429,8671100
2014-09-03,43.85505676269531,44.347231090241365,43.67875379623309,44.09012551648456,11791800
2014-09-04,43.862403869628906,44.178278050484295,43.656719399208,43.80363807904039,9811900
2014-09-05,44.009315490722656,44.009315490722656,43.50244906895095,43.79628357924632,9600900
2014-09-08,43.994625091552734,44.23704130435514,43.88443819665742,43.95789612658763,8090000
2014-09-09,43.38492584228516,43.8403712716224,43.179238549809455,43.80364229868635,14868700
2014-09-10,43.50246810913086,43.752229093429584,43.28208862715318,43.45104697726714,9153800
2014-09-11,43.89913558959961,43.95790418611111,43.31881111137361,43.47307447385492,11467000
2014-09-12,44.09748458862305,44.37662987573992,43.89180006245352,43.92852904180644,14359100
2014-09-15,44.0313720703125,44.06810385254545,43.67142414325865,43.91383765299511,10685600
2014-09-16,44.06807327270508,44.22233656296706,43.79627284444585,43.8623860834495,10947900
2014-09-17,44.30315017700195,44.50883460223993,43.94319963059538,44.03869717184449,15091800
2014-09-18,45.04509735107422,45.10386594673726,44.47211755456401,44.47211755456401,16973700
2014-09-19,44.89083099365234,45.43442645603752,44.79533343319631,45.35362384575699,18739300
2014-09-22,44.74391174316406,45.140591325599,44.66310633167836,44.76594856366357,13225200
2014-09-23,44.76594161987305,45.10385536114753,44.64106258675873,44.67779154930764,14328800
2014-09-24,45.27280807495117,45.2801527461178,44.82470747330544,44.942241827651856,13728200
2014-09-25,44.18562316894531,45.17731930099781,44.18562316894531,45.16997462840627,16340100
2014-09-26,44.4868049621582,44.7218737152754,44.31050199620002,44.317849470995256,11948900
2014-09-29,44.31785202026367,44.44273107656027,43.87709598113516,44.09747259957905,10686500
2014-09-30,44.251731872558594,44.6190271135909,44.17092647117304,44.36926623759932,14384800
2014-10-01,43.9064826965332,44.36927558233125,43.87709839852424,44.25174119253629,18995800
2014-10-02,43.51452255249024,43.99522455765104,43.34442873464947,43.743780909295005,24559100
2014-10-03,44.59425735473633,44.66081606149006,43.66983243933499,43.8177409900234,18321100
2014-10-06,44.5055046081543,44.96401848618888,44.37238722080226,44.94922735191416,11578000
2014-10-07,43.832515716552734,44.31321479991777,43.773351189979856,44.31321479991777,14542000
2014-10-08,44.668212890625,44.69039818576142,43.76597327346472,43.89909068652512,15834100
2014-10-09,43.692012786865234,44.6164375378962,43.55149841919144,44.6164375378962,19189500
2014-10-10,43.27785873413086,44.23925967220144,43.2704617581323,43.655022697584485,16689400
2014-10-13,43.01163864135742,43.7437843525037,42.97466221215464,43.26308230950536,17169300
2014-10-14,42.88591766357422,43.277872886075286,41.45860551005214,41.92451359000298,29096800
2014-10-15,41.06665802001953,42.43480880340263,40.12744181921361,42.16857393437147,37866900
2014-10-16,40.733848571777344,41.3994326179556,40.14221454701431,40.489799113394575,31965100
2014-10-17,41.562129974365234,41.99106151553023,41.09621919284331,41.214545427073645,20183500
2014-10-20,41.88013458251953,41.96887855783833,41.465991329164936,41.48817661771461,10807600
2014-10-21,42.8415412902832,42.900703007922814,42.212933582119895,42.32386286061434,14020400
2014-10-22,42.486576080322266,43.08560171027959,42.47917910005633,42.92290481900695,13750700
2014-10-23,42.93768310546875,43.33703246552543,42.84893629557124,42.982053689296976,12641900
2014-10-24,43.4405632019043,43.47014264584121,42.89330258283053,42.89330258283053,13758000
2014-10-27,43.36661148071289,43.47754357419877,43.07819142299398,43.22609994060172,11087100
2014-10-28,44.098758697509766,44.14312927962401,43.492336292238,43.53670687435224,13625000
2014-10-29,43.84731674194336,44.20968967504871,43.45535871775607,44.09136341632362,16712100
2014-10-30,43.92126083374024,44.13572801649492,43.57367628383576,43.588467415865736,14709800
2014-10-31,44.72736358642578,44.77173698687526,44.27624388911027,44.4611288259694,18347600
2014-11-03,45.0231819152832,45.222857991397305,44.63862089696571,44.95662322324517,11841200
2014-11-04,44.55727767944336,44.64602167494919,43.9434582261529,44.54988352195152,15295800
2014-11-05,45.22285842895508,45.282020144050016,44.66080661939121,44.9640178146937,14063800
2014-11-06,45.28202438354492,45.34118892529945,44.838301604868434,45.17109509943611,10421600
2014-11-07,45.45951461791992,45.51867633781232,45.00839486661793,45.16369755509614,12384600
2014-11-10,45.79970550537109,45.79970550537109,45.25984172547886,45.29681815566749,10801000
2014-11-11,45.38556289672852,45.77012398346334,45.32640117168053,45.637006575704326,12539800
2014-11-12,44.78653335571289,44.99360360644226,44.54248385639278,44.68299540922762,17219600
2014-11-13,44.54247283935547,44.83828982819121,44.36498490294994,44.74214888365161,12240400
2014-11-14,44.57945251464844,44.83089612719328,44.505499672596464,44.55726722625686,6803400
2014-11-17,44.65341567993164,44.76434496164656,44.29103992230688,44.37238975490349,9017600
2014-11-18,44.764347076416016,44.978814314098905,44.52030038821742,44.63122967517289,8897800
2014-11-19,44.81612396240234,44.95663837134013,44.483333211199,44.70519465237499,9210100
2014-11-20,44.461124420166016,44.5572653677195,44.18749553064299,44.52028894823584,10917300
2014-11-21,44.705177307128906,45.16369115047582,44.59424521902102,45.16369115047582,12340500
2014-11-24,45.08235931396485,45.34120001577251,44.89008014847232,44.89008014847232,8335000
2014-11-25,44.59425735473633,45.2302621479118,44.335419506872334,45.2302621479118,14802600
2014-11-26,44.62382507324219,44.79391886365858,44.520289967868734,44.79391886365858,7626600
2014-11-28,44.49071502685547,44.78653208043466,44.39457406127416,44.66820582322708,6759600
2014-12-01,44.37239456176758,44.52769726566476,44.03960103833015,44.35760342504582,12771600
2014-12-02,45.17110061645508,45.25244763962203,44.37239613194206,44.37979029000415,12546600
2014-12-03,45.51127624511719,45.570437957293656,44.97141257382589,45.08234184207684,12115500
2014-12-04,45.39296340942383,45.53347498583241,44.99361115505703,45.18589030283305,11515200
2014-12-05,46.36914443969727,46.635379209978765,45.76272205010957,45.858860189617616,20071100
2014-12-08,46.34695816040039,46.709333905636655,46.04374695361922,46.29519059981242,15528200
2014-12-09,46.18426513671875,46.48007939006711,45.52607510820182,45.74053952501516,19676400
2014-12-10,44.875274658203125,46.028957745571816,44.64601630782589,45.969793208266566,29620600
2014-12-11,45.2154541015625,45.89583205184066,45.19326881464818,45.237639388476815,16886200
2014-12-12,44.401973724365234,45.274630981963774,44.34280918162332,44.76434667473711,17405400
2014-12-15,43.751163482666016,44.97140497508607,43.47753461520397,44.91963742775865,19209900
2014-12-16,43.211307525634766,44.26884958666448,42.974655032926606,43.2039105483575,20709700
2014-12-17,44.202293395996094,44.246666798807865,43.14475127517228,43.314845087603466,17856400
2014-12-18,45.46691131591797,45.46691131591797,44.69778916649,44.845697706167805,18173400
2014-12-19,45.79970550537109,46.11031090430055,45.38556215234436,45.407750267354174,22756400
2014-12-22,45.807106018066406,46.09552898424235,45.56305928806668,45.96980571881368,17073400
2014-12-23,46.206451416015625,46.56882719891775,45.79970504578071,45.88844904156706,13552600
2014-12-24,46.206451416015625,46.49487151816182,46.05114871810933,46.39873336486026,7412500
2014-12-26,46.25821685791016,46.50966051869304,46.15468173072673,46.34696084962157,6086500
2014-12-29,46.56142044067383,46.84244632627906,46.03634791263471,46.16206831183273,10601200
2014-12-30,46.701934814453125,46.798072947604176,46.27300041933551,46.3839325066577,7518100
2014-12-31,46.2804069519043,46.95338812851245,46.2804069519043,46.81287374607641,18529400
2015-01-02,46.511138916015625,46.860956711722906,46.19853257769745,46.28040573390623,12600000
2015-01-05,45.06719207763672,46.35482581250996,44.82901721565256,46.19108236943855,20100600
2015-01-06,43.898658752441406,45.21606544437245,43.429750612097,45.1341922789967,29074100
2015-01-07,43.965633392333984,44.57595684164368,43.667913390065095,44.57595684164368,23843200
2015-01-08,44.94810104370117,45.32769415155804,44.63549762713019,44.63549762713019,16971100
2015-01-09,44.166595458984375,45.24582695455714,44.12938116726155,45.19372637829149,15396200
2015-01-12,43.7869987487793,44.21124785888043,43.37019136022905,44.12193016466163,15455200
2015-01-13,43.79444122314453,44.43453717970876,43.44462067961104,44.10704464047975,21644700
2015-01-14,42.28352737426758,43.79444986818049,41.13730893923842,43.79444986818049,49602300
2015-01-15,40.92890548706055,42.13466619170541,40.56419859900235,41.47968384135017,42458100
2015-01-16,41.6285400390625,41.680640612686894,40.66839602923871,40.68328231302687,29368900
2015-01-20,41.46479797363281,41.97092031682957,41.24895109565536,41.71041742221445,23477700
2015-01-21,41.59877014160156,41.99324674986904,41.077761532647145,41.27128039504635,21842400
2015-01-22,42.86408615112305,42.968287329853645,41.65088062889708,41.96348700435806,31423500
2015-01-23,42.18676376342773,43.07247637234583,42.17187747933646,42.96083350056382,15458300
2015-01-26,42.253753662109375,42.4174999596256,41.829504472425135,41.98580620772594,12577700
2015-01-27,41.82950210571289,42.13466383610162,41.50200952920997,41.71785639294718,15220500
2015-01-28,40.75027847290039,42.18677253479438,40.75027847290039,42.1421136732352,24354400
2015-01-29,41.43502426147461,41.59877055601775,40.69817161456755,41.1373070814408,20393300
2015-01-30,40.47488784790039,41.30850002641106,40.46744328493209,40.928909653825045,26943700
2015-02-02,41.28616714477539,41.4201408697088,40.393009924975566,40.58652595028574,20308900
2015-02-03,42.21654510498047,42.26120112726626,41.58389067633178,41.61366325070161,18812500
2015-02-04,41.96348190307617,42.47704600978962,41.889050470696,41.91882304364807,14934100
2015-02-05,42.253753662109375,42.45471425289695,42.02302050099729,42.32074052570523,11293900
2015-02-06,43.08737182617188,43.712581694719006,42.82686889730598,42.98317065462552,25214000
2015-02-09,43.03525924682617,43.24366153183889,42.59612383250067,42.73753926314957,14372400
2015-02-10,43.51160430908203,43.69767856921933,43.206442636027575,43.481831746035766,16367300
2015-02-11,43.44463348388672,43.660480386672845,43.0501568154816,43.213903133356446,13061900
2015-02-12,44.33778762817383,44.44198879047207,43.57860408094116,43.86143783522832,23211300
2015-02-13,44.412200927734375,44.82156655191916,44.16658439249125,44.25589923810077,16479100
2015-02-17,44.73226165771485,44.76203422785372,44.15171073634951,44.18148330648839,15308800
2015-02-18,44.18891906738281,44.73225562240141,44.00284478802296,44.73225562240141,14278100
2015-02-19,44.0847282409668,44.27080256386769,43.76468017843576,44.02518593405832,11256500
2015-02-20,44.50898361206055,44.575970491119485,43.42975182245292,43.8837736872669,15379000
2015-02-23,44.17402648925781,44.30800017844631,43.76466370085642,44.285672176670815,16814000
2015-02-24,45.26815032958984,45.58819831633989,44.7173720542071,44.84390120097108,22937700
2015-02-25,45.50631713867188,45.6030765415681,45.21604176925087,45.223483489811656,18307900
2015-02-26,45.83382415771485,45.92313902909483,45.33514354403373,45.42445841541373,15444800
2015-02-27,45.610538482666016,46.08688830923136,45.498895589153534,45.498895589153534,15225900
2015-03-02,45.97523498535156,46.01989383618619,45.4244538487976,45.610528135039466,13047300
2015-03-03,46.12409591674805,46.13898220066121,45.77427534295956,45.885921052674114,13706900
2015-03-04,46.24318313598633,46.27295286440732,45.66262942311787,45.87847627996296,16625500
2015-03-05,46.14641952514648,46.31760751493083,45.84869955379315,46.29527951082316,10931300
2015-03-06,45.32026672363281,46.79397518588115,45.25327984629111,46.265524730890576,22719200
2015-03-09,45.77428817749024,45.87104763042175,45.25327945151863,45.28305202769281,13001500
2015-03-10,44.62806701660156,45.409578641591786,44.62806701660156,45.22350430996226,16357700
2015-03-11,44.836463928222656,45.141625662234375,44.62805878453697,44.7545907831249,13015600
2015-03-12,45.677520751953125,45.73706589390841,45.14162867069877,45.14162867069877,18159600
2015-03-13,45.402137756347656,46.04223392326117,44.97788849953642,45.69985782816247,16506200
2015-03-16,46.03477478027344,46.08687535044999,45.58819765325493,45.774271929390665,15182900
2015-03-17,45.85614013671875,45.89335442009261,45.34257337264884,45.6551795993785,11718300
2015-03-18,45.96035385131836,46.18364245197307,45.469117794170565,45.69240639482527,15697900
2015-03-19,45.55099487304688,45.88592922255648,45.22350224718467,45.82638407630195,11523800
2015-03-20,45.96035385131836,46.22085674553743,45.51377665000894,45.640305815981456,18368300
2015-03-23,45.50631713867188,46.205958120627805,45.49143085828264,45.96033875310685,15112900
2015-03-24,45.00021362304688,45.58076744189867,44.99277189940018,45.37980683221176,12128700
2015-03-25,44.3675537109375,45.13417886937976,44.3526674271766,45.052305728328975,14950900
2015-03-26,44.315460205078125,44.50153452286303,43.81677955699482,44.25591506053794,14039600
2015-03-27,44.32290649414063,44.49409454342428,43.913543520699776,44.27825047040431,11755800
2015-03-30,45.372371673583984,45.74452039696824,45.11186870292278,45.31282935426261,20656500
2015-03-31,45.08952713012695,45.35747174540909,44.97043684875456,45.193728287059216,17346700
2015-04-01,44.91719436645508,45.38172501159359,44.752359713153645,45.26184604323075,18100600
2015-04-02,45.34426498413086,45.47912918560771,44.95465760854663,45.00710448043873,12697800
2015-04-06,45.30680465698242,45.51659215064389,44.69242454713935,44.89471799708992,12025200
2015-04-07,45.59151077270508,46.07852067102063,45.59151077270508,45.816286330782994,11505500
2015-04-08,45.74137878417969,46.12349510171597,45.65896142713692,45.74887283016963,11734000
2015-04-09,46.05605316162109,46.138470501096535,45.57653721355363,45.90620371331489,11728500
2015-04-10,46.22837448120117,46.28831253974566,45.8537523263424,45.966137257915896,9869700
2015-04-13,46.50558853149414,46.65543794720185,46.07851955451809,46.18341328807152,15468700
2015-04-14,47.23236846923828,47.6594375558864,47.00759571702463,47.17242754430632,33775400
2015-04-15,48.10898208618164,48.31128127466048,47.20988823739168,47.26233797471544,28732200
2015-04-16,47.80927658081055,48.15392539142414,47.69688880015004,48.01157287111547,16640500
2015-04-17,47.08251953125,47.50209743595208,46.8202851271491,47.38970962954275,20221200
2015-04-20,47.38221740722656,47.592004925921714,47.30729125187788,47.367232176156826,12755300
2015-04-21,46.6854133605957,47.65193633538153,46.550549157948346,47.449642889550674,14985100
2015-04-22,47.15744018554688,47.31478367732437,46.47562791497935,46.94016148782264,14484700
2015-04-23,47.052547454833984,47.35973754259195,46.90269800414071,47.04505626846257,12851300
2015-04-24,46.90270233154297,47.0825222605938,46.70790002836697,46.92518160901233,9597500
2015-04-27,46.70790100097656,47.31479005875212,46.68542458117998,46.97762947109904,11146400
2015-04-28,47.02256393432617,47.03754916104798,46.2808137895054,46.82027051893124,12307800
2015-04-29,47.65194320678711,47.86922477106652,46.79780503894732,46.87273119463363,17601200
2015-04-30,47.39720153808594,47.86173514405526,47.142458316733325,47.63696238595371,16840900
2015-05-01,47.65943908691406,47.854241382919625,47.44965155919412,47.72687120055844,11640100
2015-05-04,48.491092681884766,48.60348047169666,47.68190745477563,47.71187791314416,14972500
2015-05-05,48.2513313293457,48.94063467438263,48.16891400371302,48.33374865497839,17692400
2015-05-06,47.89170837402344,48.75334071577517,47.51708611380808,48.34874798878874,18087900
2015-05-07,48.32625961303711,48.401182903289566,47.3897041941798,47.704385443008505,15039900
2015-05-08,49.06801986694336,49.18790172871251,48.40119273062738,48.6784152487572,16802600
2015-05-11,49.038028717041016,49.1803869387741,48.76081203212423,48.89567621158732,13798800
2015-05-12,48.97060394287109,49.10546813460984,48.52105854250191,48.93313944439037,12762200
2015-05-13,49.09049224853516,49.17290959265095,48.74584049872424,49.01556894923388,11874100
2015-05-14,49.48759460449219,49.58499431803656,49.23284853758071,49.322759922893184,11855500
2015-05-15,49.36021423339844,49.57000744675525,49.03055061639888,49.547525315256586,11152100
2015-05-18,49.76480865478516,49.85472003518768,49.30028081340736,49.30028081340736,10510900
2015-05-19,50.20685958862305,50.34172378441127,49.8771902841896,50.02703685005204,14282700
2015-05-20,49.80976867675781,50.22184965416248,49.749827754716094,50.16190873212076,12446000
2015-05-21,49.9371337890625,49.95961020348051,49.45761789387707,49.55501759511523,12934500
2015-05-22,49.8022689819336,50.07199738423735,49.68988119492698,49.9221450961351,9296900
2015-05-26,49.24782943725586,49.6674044082344,48.9331424927417,49.59996945002413,15571300
2015-05-27,49.8022689819336,49.93713318308547,49.3152590490918,49.41265874914805,10963700
2015-05-28,49.59998321533203,49.74983554389826,49.25533143405249,49.71986507818501,11797400
2015-05-29,49.285301208496094,49.61497061043603,48.97061989734348,49.58500014514315,14310700
2015-06-01,49.51007461547852,49.94463776827698,49.42765726869669,49.44263964252906,11899300
2015-06-02,49.4650993347168,49.74232174526535,49.13543577534724,49.32274682446069,12784200
2015-06-03,49.97459411621094,50.296769404130096,49.652418828291786,49.77230066392708,12927300
2015-06-04,49.69738006591797,50.23683692292736,49.457622097945,49.68239197751168,13863300
2015-06-05,50.5140380859375,50.828719249958944,50.20685096380583,50.476579309046805,20801100
2015-06-08,50.1169548034668,50.61145882508257,50.05701388273504,50.54402386018914,14558700
2015-06-09,50.334232330322266,50.40166157354476,49.80226956298346,50.161903626064166,13263500
2015-06-10,51.1434326171875,51.32324970171483,50.55152875949125,50.64143444361389,17478900
2015-06-11,51.33821105957031,51.458092877698014,51.06099435863948,51.21833495772231,13739900
2015-06-12,51.13593292236328,51.353214495459696,50.85122209362389,51.18088575945861,11804700
2015-06-15,50.94112396240234,51.1059586411469,50.42414922558103,50.63393673806284,14082300
2015-06-16,51.22582244873047,51.33820449350209,50.66388935975647,50.77627140452809,11692800
2015-06-17,51.05351638793945,51.4581090770695,50.97859308616312,51.255815590645234,14521900
2015-06-18,51.53302383422852,51.562994293226,50.87369088512567,51.21084854535632,16759600
2015-06-19,51.00855255126953,51.45060393782843,50.888670721252026,51.29326332314068,21606400
2015-06-22,51.667877197265625,51.91512914488993,51.51053660776271,51.6004479658841,14306700
2015-06-23,52.2597885131836,52.31223538411551,51.84021354572828,51.960089658024,15736900
2015-06-24,51.712852478027344,52.27478584871545,51.630440842639054,52.079986395933176,16995000
2015-06-25,51.43563461303711,52.05001485700376,51.4281405676902,51.937627041927065,13314300
2015-06-26,51.660404205322266,51.91515029899576,51.5255399713261,51.6529158763037,14489200
2015-06-29,50.349220275878906,51.14342320932104,50.31925553087143,50.70886009505963,19934400
2015-06-30,50.7688102722168,51.03104471094209,50.31926470350457,50.86621000194847,20677400
2015-07-01,51.33440399169922,51.57572900543469,51.11570229899486,51.37211336251252,13964400
2015-07-02,50.91961669921875,51.37964334035723,50.67075444956067,51.243897679797655,12822900
2015-07-06,50.776344299316406,50.87438061474796,50.18057187405724,50.43697720071325,13527100
2015-07-07,50.37662887573242,50.69336676373898,49.24541720116035,50.59532473627973,22421500
2015-07-08,49.34346389770508,49.89398956055162,49.17755189647348,49.77332419469543,17707200
2015-07-09,49.856292724609375,50.30123342732836,49.76579367747407,50.14286441007366,14984700
2015-07-10,50.56517791748047,50.82912622932646,50.3992659061368,50.69338056128543,12356100
2015-07-13,51.34948348999024,51.38719286021762,51.04028851796559,51.19865751636486,16175600
2015-07-14,52.06593322753906,52.11117987930808,51.10063296551062,51.26654502685489,20185100
2015-07-15,52.179046630859375,52.360038960431005,51.92263555646068,52.209212978061714,16891600
2015-07-16,52.45806503295898,52.75217966871295,52.344948445085386,52.5108546918471,18035700
2015-07-17,52.19411087036133,52.40526948217333,51.97540923565872,52.29969017626733,14040700
2015-07-20,52.23183822631836,52.61644622163679,52.17150552968866,52.41283056256484,11512900
2015-07-21,52.11116790771485,52.44299195417286,51.93771861335149,52.15642030273136,11659900
2015-07-22,52.850223541259766,53.00859252339244,52.18657551673258,52.2469082014426,15493000
2015-07-23,52.518402099609375,53.24992011500975,52.38265642918826,52.93318213524106,14331800
2015-07-24,51.9678840637207,52.45807134654622,51.79442901870285,52.36757806535603,12413900
2015-07-27,51.289161682128906,51.44753069636658,50.957337602597015,51.39474102495402,16801600
2015-07-28,51.31932830810547,51.73410265612053,51.10816386767071,51.69639903556063,14932400
2015-07-29,51.990509033203125,52.11116866316481,51.40227967223976,51.52293930220144,13059200
2015-07-30,52.06593322753906,52.3751282706997,51.68886245308149,51.982977196866926,10197200
2015-07-31,51.68130111694336,52.06591478164948,51.58326482162828,52.04329146377995,11911800
2015-08-03,51.68130111694336,51.915083073117,51.28160715820468,51.72654775268242,9980600
2015-08-04,51.62852096557617,51.99804865066273,51.51539860175388,51.63606399080231,10964000
2015-08-05,51.83214569091797,52.35249939200011,51.70393726843194,52.07347073082872,11302900
2015-08-06,51.47014999389648,51.99050939543985,51.281614645933495,51.847220689822464,10803400
2015-08-07,51.31932830810547,51.83968199951656,50.9422575806503,51.53048699489753,11453300
2015-08-10,51.95279693603516,52.04329596898884,51.447523614404645,51.447523614404645,12661400
2015-08-11,51.45507049560547,51.58327315333428,51.16849307992658,51.45507049560547,14800300
2015-08-12,50.70846176147461,50.94224948783373,49.8261177802752,50.8366701612103,21069000
2015-08-13,50.9422607421875,51.13079611761581,50.50485729031948,50.7160159902163,11930600
2015-08-14,51.19865417480469,51.21374022336786,50.82912653599086,50.84420683091232,11248800
2015-08-17,51.33440399169922,51.46260664663696,50.82913064319717,50.99504266894821,10326500
2015-08-18,51.43999862670898,51.553121019155576,51.16096415915992,51.26654927811558,10617500
2015-08-19,50.97996139526367,51.515401139851015,50.7989690564162,51.228829457205634,15198200
2015-08-20,49.72809219360352,50.557646690246486,49.72809219360352,50.38419161419314,20972300
2015-08-21,47.96339416503906,49.351017398773,47.9407708425484,49.08706329333509,28235500
2015-08-24,45.43702697753906,47.45058347268177,37.75986600662408,44.71305180244202,36339100
2015-08-25,45.18060302734375,47.75222462343167,45.0448573696295,47.58631262470968,31772500
2015-08-26,47.44301986694336,47.495809517559806,45.663246283817,46.60592272599662,33576800
2015-08-27,48.62704086303711,48.81557621636928,47.61648837728261,48.24996727955157,29045700
2015-08-28,48.36307907104492,48.611947078723446,47.96338510615354,48.483744439728376,16687300
2015-08-31,48.340457916259766,48.52899324803429,47.86535095149898,47.97093027700138,14223400
2015-09-01,46.34198760986328,47.39778379830767,45.995083271238165,47.39778379830767,23637300
2015-09-02,47.1866340637207,47.44304229226511,46.40986922878686,47.22434056386692,17757900
2015-09-03,47.26958084106445,48.0086390312432,47.09612867287341,47.42040968895871,17065400
2015-09-04,46.37970352172852,46.696441579539126,45.81409738121963,46.60594540256776,20189000
2015-09-08,47.63157272338867,47.66173907110156,47.00563683086322,47.33745802524119,13385100
2015-09-09,46.892520904541016,48.52146362922247,46.75677519801396,48.21980874113472,13889500
2015-09-10,47.2545051574707,47.51091337648012,46.34199465448657,46.65119254710192,15751100
2015-09-11,47.179080963134766,47.254493942725325,46.74922065046293,47.04333529841516,12766700
2015-09-14,47.04334259033203,47.27712458939241,46.84726421009039,47.23941809375246,10202800
2015-09-15,47.94832992553711,48.1821120077563,47.14139567233676,47.32993109442178,14023500
2015-09-16,48.37062072753906,48.483743069071416,47.66926911440803,48.18208540953224,12235900
2015-09-17,47.24694442749024,48.74768371225316,47.05086611651948,48.37061313542345,21249200
2015-09-18,45.95736312866211,46.62855120495888,45.83670065321489,46.62855120495888,31008000
2015-09-21,46.34198760986328,46.6888919484884,46.06295610938838,46.39477727544445,13136400
2015-09-22,45.934757232666016,46.07050292862347,45.565226643265966,45.70097233922342,14811900
2015-09-23,45.73113632202149,46.11575006626996,45.48981129210221,45.851798836981125,11712200
2015-09-24,45.41438674926758,45.53504923354031,44.84123779135666,45.256014901242914,17293400
2015-09-25,46.35707473754883,46.6511894356862,45.90458815233488,46.20624587581084,18384300
2015-09-28,45.23340606689453,46.01017087829693,45.01470434512172,45.94229802936128,17452200
2015-09-29,45.127811431884766,45.34651307957228,44.290714204186045,45.23339074405929,19334900
2015-09-30,45.97999954223633,46.002622862405616,45.33143751372089,45.77638103024979,18743800
2015-10-01,46.31935501098633,46.65871915483526,45.65571277059354,46.093113207360574,16863200
2015-10-02,46.19023132324219,46.22820988390091,44.45838056093588,45.26353937576155,20435100
2015-10-05,47.10933303833008,47.27644220792773,46.501667281946204,46.51685928805316,13471100
2015-10-06,47.13211441040039,47.36758613276919,46.80549355900242,47.177690423704256,12134800
2015-10-07,47.19287490844727,47.87649761360574,46.91182721755661,47.5118982580056,12773100
2015-10-08,47.19287490844727,47.28402402295277,46.66116642827193,46.98018977783027,13964600
2015-10-09,47.04096984863281,47.51191044151601,46.775116989161376,47.3903772918178,12112000
2015-10-12,46.8814582824707,47.10173512491578,46.63839198229907,46.97260742064035,10857400
2015-10-13,46.75232696533203,47.21567299843866,46.57002869178179,46.630793817105605,15621900
2015-10-14,45.56736373901367,46.3117543767152,45.22555097231965,46.15223982053945,28989400
2015-10-15,47.010589599609375,47.06376017575951,45.65093538644653,45.931983171901926,18147900
2015-10-16,47.4207649230957,47.587874103277656,47.16250659807772,47.4207649230957,17456600
2015-10-19,47.2612419128418,47.67901186598586,47.02577020585082,47.09413277255282,14510400
2015-10-20,47.4891242980957,47.716998593581785,47.154908857888046,47.3675911473312,11545100
2015-10-21,47.13970947265625,47.82333225210107,47.13211202203465,47.76256713502035,12113400
2015-10-22,47.998043060302734,48.29428282929568,47.413163871643086,47.413163871643086,15295700
2015-10-23,48.51456451416016,48.75763373550137,48.23351962060634,48.33226622012817,16985200
2015-10-26,48.537353515625,48.60571609963604,48.16515658099174,48.49177749375793,13880200
2015-10-27,48.33984756469727,48.50695670320814,48.08918675450931,48.25629299544183,8831900
2015-10-28,49.7526741027832,49.93497235471434,48.37782817223453,48.38542562298577,17962000
2015-10-29,49.53239440917969,50.00333783824942,49.28173069071562,49.57037586779192,12753700
2015-10-30,48.80319595336914,49.631138441564175,48.712043929145246,49.60076022864653,15731400
2015-11-02,49.78305816650391,49.9425698615173,48.9095367741532,48.9551098883979,15253300
2015-11-03,49.965370178222656,50.20843651305881,49.50202407194772,49.59317612069572,11519500
2015-11-04,50.01852416992188,50.246401318640345,49.85141503354921,50.1400601946135,11388400
2015-11-05,50.46668243408203,50.64138323053589,49.94256845440691,49.97295246143297,12715900
2015-11-06,52.00104522705078,52.43400725314409,51.72759491634367,51.93268554695285,23262700
2015-11-09,51.18827438354492,52.19852070013863,50.95280561620192,52.18332580183253,17143800
2015-11-10,51.408573150634766,51.5377008584405,50.8388859507364,51.03637913601204,13239700
2015-11-11,51.15791320800781,51.780771027886296,51.08195606805352,51.727600450402456,8513900
2015-11-12,50.13248825073242,50.81611424954705,50.09450677490288,50.78573022791534,13576900
2015-11-13,49.79825592041016,50.261601979548495,49.54759795338023,50.01093821736062,11837000
2015-11-16,50.51984786987305,50.573018427982696,49.50200402085902,49.72228370307217,11041100
2015-11-17,50.23121643066406,50.69456247563646,50.04891815244538,50.641391903024434,12354800
2015-11-18,51.23385620117188,51.30981911530945,50.41351120295912,50.49706577238509,12911400
2015-11-19,51.393367767333984,51.51489798467912,50.92242441162601,51.3325997610834,12839500
2015-11-20,51.30221557617188,51.73517747765005,51.18067956410136,51.64402546859717,11209600
2015-11-23,50.800907135009766,51.33261869306889,50.7249499967608,51.12752804512268,11339000
2015-11-24,50.72493743896485,50.998387705090536,50.16284780088725,50.26159147664946,10910000
2015-11-25,50.78572463989258,50.983217861188486,50.55025574210523,50.83889522310776,7772000
2015-11-27,51.02117538452149,51.14271141443346,50.618597426962594,50.892047699107664,4052500
2015-11-30,50.64896774291992,51.28701434200926,50.64896774291992,51.10471614157735,15147500
2015-12-01,51.35539245605469,51.52250159564979,50.8844490440282,51.15030185922189,12708800
2015-12-02,50.63379287719727,51.560479037116274,50.4970677396425,51.522503373724746,13440900
2015-12-03,49.980560302734375,50.91484408360313,49.81345112692813,50.76292981204726,14626900
2015-12-04,51.56807708740234,51.65163166105484,50.155252581296224,50.208423146788085,17786000
2015-12-07,50.89205551147461,51.4617427000359,50.43630691965714,51.39338301908427,11686000
2015-12-08,50.10208511352539,50.861667979033946,49.90459194584911,50.32236483994176,13084500
2015-12-09,49.7222900390625,50.57302487238009,49.403266649752254,49.83622861957529,16770200
2015-12-10,49.83622360229492,50.5122517714126,49.433645680815445,49.783053042762845,12839000
2015-12-11,48.666481018066406,49.49442947500679,48.24111350857413,49.22097914016026,17889300
2015-12-14,48.818397521972656,49.19059736953269,48.309478295911134,48.78801930130019,17638200
2015-12-15,50.20842361450195,50.626196486656205,49.42605423133768,49.42605423133768,18126600
2015-12-16,51.29463195800781,51.454143670495,50.06411137734733,50.82369427213828,21720000
2015-12-17,50.345157623291016,51.65164124072282,50.19324334946977,51.5756841038122,18122100
2015-12-18,48.91713333129883,50.109678091891,48.91713333129883,50.109678091891,23819600
2015-12-21,49.78305816650391,49.79824727286649,49.24375506569952,49.388071859193374,18869300
2015-12-22,49.889408111572266,50.1324744224201,49.357702367579485,50.07170639591865,12149500
2015-12-23,50.68696212768555,50.778108353587214,50.1704455986679,50.2236161621628,12524500
2015-12-24,50.58822250366211,50.80850225106576,50.37554020828146,50.60341740770811,4468200
2015-12-28,50.42110061645508,50.47427117689332,49.91218156723814,50.35274095095868,6610600
2015-12-29,50.94522476196289,51.11993137845767,50.6945610146625,50.77051814546813,9820800
2015-12-30,50.58061981201172,50.93003302697911,50.47427867533723,50.92243557574313,7190700
2015-12-31,50.155250549316406,50.72493764014491,50.13246399290835,50.27678657703507,14654300
2016-01-04,48.64884185791016,48.98529932361022,48.18238753970128,48.90118714494778,25393200
2016-01-05,48.732948303222656,49.03881787674279,48.20532131991445,48.71000888738811,16566700
2016-01-06,48.02944564819336,48.27414247376188,47.670045909444994,47.9606244836887,22961500
2016-01-07,46.0871696472168,47.410062990290974,45.94188179463064,46.99713593513023,27630900
2016-01-08,45.05484390258789,46.85183965248322,45.00131665510749,46.74478515752242,22373300
2016-01-11,44.986026763916016,45.28425084065528,44.38193019374268,44.986026763916016,20925500
2016-01-12,45.08543395996094,45.54424271146021,44.427810124723415,45.46012762783453,22971600
2016-01-13,43.846656799316406,45.63600425881826,43.51784487475291,45.46777408801376,28808100
2016-01-14,44.5042839050293,45.40660465934456,43.80842667080481,44.473696068641786,31296300
2016-01-15,43.61725997924805,44.02253862886642,42.99022387654848,43.16609957198696,38131700
2016-01-19,43.59430694580078,44.32840030288592,43.211967810304486,44.14487623436061,22818900
2016-01-20,42.44729995727539,42.95963604143293,41.797324434212754,42.53906347256788,34646100
2016-01-21,42.24848175048828,43.21962367198946,42.10319390409674,42.62317545131023,31301100
2016-01-22,43.548431396484375,43.70901314540392,43.05138931609571,43.1584438153754,22732200
2016-01-25,42.561988830566406,43.47195484560822,42.51610708807931,43.1890247261441,21114400
2016-01-26,43.64784622192383,43.7013734787083,42.67670426495067,42.70728918524414,17535700
2016-01-27,43.61725997924805,44.5578141332974,43.25021466915685,43.64784781767652,20560000
2016-01-28,43.80078125,44.32841125422627,43.30374200127086,43.98430536386497,15497900
2016-01-29,45.49835586547852,45.52894369555596,43.97664486480991,44.22134458841345,26992200
2016-02-01,45.00895690917969,45.61305335492334,44.687790565525006,45.238359773495496,16807900
2016-02-02,43.60960388183594,44.336048872998575,43.39549488457313,44.25958220740937,22448200
2016-02-03,43.90018081665039,44.19840488509587,42.0726001575994,43.86959298475439,31543200
2016-02-04,44.65721130371094,44.74897187763871,43.63254232429995,43.63254232429995,21651300
2016-02-05,44.16018295288086,45.223085590998046,43.90783765012483,44.794867501982175,22001300
2016-02-08,43.23491287231445,43.52548853339006,42.47023455303199,43.34961286999705,28267600
2016-02-09,42.97491836547852,43.34960907560108,42.1567128688252,42.27906127252057,26300000
2016-02-10,42.45494079589844,43.90018235804234,42.41670746319412,43.25785245075435,22389600
2016-02-11,40.58147811889648,41.22380802295035,40.14561171082597,41.2161625232545,44334700
2016-02-12,43.96134948730469,44.02252222434945,42.1872934407548,42.55434153108632,37011400
2016-02-16,44.61897277832031,44.81014233249823,44.07605194453883,44.52721220907936,23730700
2016-02-17,44.94014358520508,45.30718881544012,44.649565017387935,45.00131633173616,21580100
2016-02-18,44.20604705810547,45.00895857137034,43.77782622309017,44.99366465758239,17037800
2016-02-19,44.21369171142578,44.48132790506009,43.647831497165896,43.96899492952706,15658200
2016-02-22,44.78721237182617,45.024263719162434,44.67250944830489,44.74133061901436,14882800
2016-02-23,42.91375350952149,44.42017097936713,42.79140507502243,44.27488312496725,31772500
2016-02-24,42.92903900146485,42.9825662487372,41.54497315482797,42.21024245451023,25560100
2016-02-25,43.59430694580078,43.60960086126257,42.85257100650893,42.9213921675789,14473300
2016-02-26,43.99959945678711,44.435465947293,43.69372690481038,44.07606613627287,20947500
2016-02-29,43.051395416259766,44.05312521877583,43.04374991537775,43.90018894798469,19554100
2016-03-01,45.26896286010742,45.26896286010742,43.334324481940456,43.40314565613639,23958100
2016-03-02,45.69718170166016,45.80423913217376,45.08543954095176,45.26896364767264,20943100
2016-03-03,45.8501205444336,45.8501205444336,45.19249659088158,45.55954482492396,15790600
2016-03-04,45.91892623901367,46.30126534661081,45.521293217070735,45.95715956637021,18459000
2016-03-07,45.83481979370117,45.91893487992365,45.36072002783026,45.528950200275226,12832400
2016-03-08,44.94779586791992,45.49836525486955,44.87132919396209,45.27660781656855,14132900
2016-03-09,45.20779800415039,45.52896453292068,44.87134047035914,45.230740345716576,13238800
2016-03-10,44.81779098510742,45.62834803221635,44.2060489919075,45.56717529140432,21139200
2016-03-11,45.376014709472656,45.5060086325399,44.848387682938224,45.414248044667936,21055000
2016-03-14,45.20779800415039,45.35308880500588,44.81016478220581,45.230740345716576,13436100
2016-03-15,45.26896286010742,45.27660836078845,44.68016012910154,44.764275221676186,10910500
2016-03-16,45.05484390258789,45.68952828987867,44.71074100221851,45.10072565057804,17423900
2016-03-17,44.92485809326172,45.2154367155658,44.34370376567029,44.94015201201633,19405700
2016-03-18,46.247745513916016,46.6224391828751,45.6207095103652,45.91893359534468,29570200
2016-03-21,46.232460021972656,46.50774474043106,45.85012078345085,46.048938821011646,12684400
2016-03-22,46.06422424316406,46.32421499407928,45.5901215746022,45.87305465916806,12042700
2016-03-23,45.83481979370117,46.270686225020896,45.77364704182256,46.14069230414356,11658700
2016-03-24,45.48306655883789,45.50600597521221,45.01661231245125,45.34542422655933,12921200
2016-03-28,45.4218978881836,45.68953415997093,45.25366770762208,45.52130397940941,11159700
2016-03-29,45.13895797729492,45.368363795123024,44.75661883693629,45.368363795123024,15933400
2016-03-30,45.65894317626953,46.0565762648093,45.4066008398406,45.46777359045328,13307100
2016-03-31,45.28425979614258,45.82718080819152,45.20014469796266,45.46013549369293,14904700
2016-04-01,45.781288146972656,45.92657888814244,44.77956145962055,45.131312770950046,15417500
2016-04-04,45.6041145324707,45.88913942181375,45.41923169646174,45.78899442986668,12305000
2016-04-05,44.95703506469727,45.31909574219241,44.84148290931398,45.13421288130183,12886600
2016-04-06,45.303688049316406,45.357611604218825,44.64119530210006,44.81837311658133,12167900
2016-04-07,44.155879974365234,45.01095767818772,43.96329501183273,44.87999837558669,19226800
2016-04-08,44.47942352294922,45.126509104178645,44.4409041801726,44.45631132956059,13547700
2016-04-11,44.83378601074219,45.35761741572223,44.61038671831552,44.61038671831552,17627800
2016-04-12,45.66574096679688,45.75047881230875,44.83377553705303,44.94162263548158,17779200
2016-04-13,47.59928894042969,47.884313795673016,46.513110122684026,46.59014291428083,37516800
2016-04-14,48.21556091308594,48.4620693767439,47.46062837580684,47.52225402241499,24249900
2016-04-15,47.66093063354492,48.45438275949004,47.33738927356597,48.43897560826053,19290700
2016-04-18,47.96905899047852,48.20786538285381,47.39900625390428,47.48374410083142,13813100
2016-04-19,48.77791976928711,48.90117402951737,48.18475772361229,48.18475772361229,19255600
2016-04-20,49.486629486083984,49.540553039588005,48.64696188477475,48.901172502920375,14594400
2016-04-21,48.99360656738281,49.81017069294351,48.79331952683263,49.50203361974471,15395800
2016-04-22,49.27863693237305,49.59447318771658,49.024423393069576,49.024423393069576,12444700
2016-04-25,48.99360656738281,49.26322724108499,48.64695603330031,48.99360656738281,10687200
2016-04-26,49.24781799316406,49.355665082600126,48.78561534169153,49.15537805059211,12048000
2016-04-27,49.3864860534668,49.794765215421336,48.99361110184626,49.19390109954662,15284100
2016-04-28,48.99360656738281,49.62528492268873,48.80102163128679,49.02442086242527,12852500
2016-04-29,48.68547821044922,49.00131742558377,48.3003082925479,48.60074035833281,16376400
2016-05-02,49.13997650146485,49.30174715404691,48.6392544564863,49.06294075836877,10247300
2016-05-03,48.19246673583984,48.46208453397622,47.607006747581416,48.45438242772101,19120300
2016-05-04,47.42982482910156,47.96135827330067,47.19872345938949,47.56848623865148,17030200
2016-05-05,47.17560958862305,47.76106653052359,47.03694819263894,47.45292944197821,14033900
2016-05-06,47.45292663574219,47.51455522525194,46.67488479416531,46.75962263543478,11057900
2016-05-09,47.15250396728516,47.67633532763704,47.02924970241492,47.2757582321554,11197100
2016-05-10,47.79189300537109,47.96136580250414,47.26035653911551,47.41442512264776,11897200
2016-05-11,47.61470031738281,48.22326647774339,47.61470031738281,47.73795455805731,11254000
2016-05-12,47.58388900756836,48.192458144718266,47.27575191724578,47.96905890116505,11071700
2016-05-13,47.144798278808594,48.06920666439567,47.00613687403987,47.52996819458544,15122300
2016-05-16,47.499168395996094,47.75338202854627,46.9907440695099,47.15251477825229,10951300
2016-05-17,47.499168395996094,47.88433842935274,47.10629625496255,47.32199053328574,12180900
2016-05-18,49.33256912231445,49.432711195991374,47.52226854933898,47.529973594153255,24007100
2016-05-19,48.83183670043945,49.47122010894832,48.45437186533069,48.93968379618481,16076200
2016-05-20,48.92428207397461,49.44811634025349,48.81643496626933,49.19390278185109,11862000
2016-05-23,48.8857650756836,49.20160428953191,48.6546637136066,48.878062970346775,9347500
2016-05-24,49.717735290527344,49.89491016715472,49.155387545125,49.2555296111654,13839400
2016-05-25,50.47266006469727,50.99649135293742,50.010457369715056,50.0258674566426,18935200
2016-05-26,50.09519958496094,50.51888885402666,50.00276256423871,50.51118380989092,9428400
2016-05-27,50.40332412719727,50.42643337661296,50.11059717255662,50.23384846184867,10116000
2016-05-31,50.28007888793945,50.70376815181699,50.0412754176957,50.63444038712425,15139400
2016-06-01,50.60361862182617,50.78079346805057,49.50203257550571,49.88720243957265,14031000
2016-06-02,50.6960563659668,50.6960563659668,50.19534023716938,50.47265713628796,10637600
2016-06-03,49.79475784301758,49.96423351773169,48.9550874506992,49.494325829560935,20261700
2016-06-06,50.28778839111328,50.65755413394225,49.76395701715472,49.79477131882607,13193500
2016-06-07,50.11830520629883,50.642136502241975,50.10290099637089,50.41873725631646,9924100
2016-06-08,50.264678955078125,50.44185971975026,50.01046537511564,50.0181704198128,9428000
2016-06-09,49.879486083984375,49.99503819244234,49.50972051236376,49.910300371388125,10817800
2016-06-10,49.17850112915039,49.35567895998589,48.97821404082745,49.24783184022633,16678400
2016-06-13,48.7393913269043,49.56365160100523,48.73168628457278,48.90116195251441,14314900
2016-06-14,47.822696685791016,48.893468548612375,47.51455958718044,48.28489939509373,19509300
2016-06-15,47.73796463012695,48.516006637551214,47.69174317814208,48.07691312884218,16982100
2016-06-16,47.9305419921875,47.99216764643187,46.913693718944536,47.3373800096936,16791200
2016-06-17,47.97676467895508,48.308011047896166,47.70714690824178,47.99217182851203,15751500
2016-06-20,48.04609298706055,49.18619554990895,48.02298373318401,48.8780613899736,12213200
2016-06-21,48.49288177490234,48.53139816985432,47.86890559767512,48.32340611077858,11611600
2016-06-22,48.30799865722656,49.07833830580723,48.28488940812516,48.49288146587545,12643500
2016-06-23,49.34025955200195,49.41729234564525,48.9396796214961,49.07063889702497,16583600
2016-06-24,45.912254333496094,47.52996979748251,45.7119672635275,46.5901542309365,44108700
2016-06-27,44.3792724609375,45.25745928583783,43.94788115282292,45.226644991269744,37300700
2016-06-28,45.85062026977539,45.87372952090979,44.87999058155143,45.5964067528458,29088700
2016-06-29,47.144798278808594,47.1525003841343,46.22038989322152,46.49771270275896,21483000
2016-06-30,47.86891174316406,47.907428143060834,47.006132043302,47.47603976243627,21343600
2016-07-01,47.55836868286133,48.14062100883974,47.480736223992935,47.86890444131187,14217800
2016-07-05,46.230838775634766,47.04599152231819,45.88148675234508,46.92954282221414,23357700
2016-07-06,46.72769165039063,46.80532707525944,45.61753024742015,45.811614367359205,20429800
2016-07-07,47.03046798706055,47.4652145446081,46.70440510741107,46.98388672954239,13771400
2016-07-08,48.00089645385742,48.264848071623376,47.6127281291579,47.6127281291579,16998800
2016-07-11,48.34246826171875,48.87037725367735,48.241543699920925,48.45891694549622,13151400
2016-07-12,49.0644760131836,49.34395767612818,48.82381058976148,48.932497245020095,16588100
2016-07-13,49.03340911865234,49.2430203114917,48.629713817053045,48.97130374382317,18526900
2016-07-14,49.77870941162109,50.44635942164529,49.724366081641385,50.26003435630453,28985900
2016-07-15,49.82528305053711,50.30661387312467,49.38277142700497,50.26779467406924,17607100
2016-07-18,49.65448760986328,49.9960776049829,49.60790930979356,49.786463408712905,10824400
2016-07-19,49.57685470581055,49.763173827453,49.26631888775441,49.38277055989772,9737400
2016-07-20,49.63118743896485,49.86409073355232,49.46039247933094,49.77092823112197,10411100
2016-07-21,49.44488525390625,49.8252915545566,49.39830694547246,49.68555070627603,9808700
2016-07-22,49.71660614013672,49.75541942381739,49.37501607506242,49.60791946906387,8195700
2016-07-25,49.58462905883789,49.81752949936312,49.437126137519535,49.67002657804476,8168300
2016-07-26,49.78645324707031,49.88738077392578,49.46039336717633,49.67000455917466,8067800
2016-07-27,49.94173812866211,50.22121979657117,49.732123916241015,49.74765396611296,11806800
2016-07-28,49.763160705566406,49.83303405961895,49.46815501384012,49.685528252267545,10013400
2016-07-29,49.6622428894043,49.91067031265956,49.49144792535812,49.53026415496266,13210400
2016-08-01,49.5302734375,49.92620379204979,49.38277055276362,49.801993018632125,11422600
2016-08-02,49.4138298034668,49.69331147609211,49.204218548997815,49.3672485375328,13550000
2016-08-03,50.19792175292969,50.20568085351266,49.413820216689,49.444871426464736,13122300
2016-08-04,50.12029266357422,50.322141852759806,49.89515432236311,50.06594933452179,9873000
2016-08-05,51.47112655639648,51.52546988950906,50.51622979115655,50.57057312426912,20752700
2016-08-08,51.31584167480469,51.61861243720198,51.11399252554733,51.29255252738604,11359200
2016-08-09,51.13728713989258,51.45558202340454,50.99754633364948,51.377949558375576,10097000
2016-08-10,50.67925643920898,51.29256311405405,50.58609983030711,51.176111429948,11556100
2016-08-11,50.818992614746094,50.9975526370628,50.47740261882447,50.67148676687482,9604500
2016-08-12,50.71030044555664,50.73358959311102,50.35318636277538,50.43858385245976,7685400
2016-08-15,51.02085113525391,51.10624864988095,50.819001925864605,50.89663441471304,8371600
2016-08-16,51.01308441162109,51.20716858877213,50.64820521090049,50.74136774820545,10128900
2016-08-17,51.15281295776367,51.22268632468796,50.88109635967501,51.082945513817,11868100
2016-08-18,51.19939422607422,51.23044839951256,50.873334289438645,50.94320766041939,9313600
2016-08-19,51.12953567504883,51.16835487934611,50.63268065953436,51.02084901059123,9084900
2016-08-22,51.082950592041016,51.145053018508094,50.78017979221801,51.04413139289316,9055600
2016-08-23,51.059661865234375,51.50217354482224,51.05190276282296,51.29256524311386,8949600
2016-08-24,51.19939422607422,51.41677344014256,51.05965340709069,51.23044839951256,10167200
2016-08-25,51.29254531860352,51.34688862926863,51.07517207594307,51.168334575501824,9978700
2016-08-26,51.40900421142578,51.92138322380722,51.12175757284783,51.49440170065227,14038600
2016-08-29,51.97572708129883,52.0921787426318,51.5953238490568,51.6186129967279,14583100
2016-08-30,52.40271759033203,52.48035006142584,51.97573011484928,51.97573011484928,13791200
2016-08-31,52.40271759033203,52.61232585458309,51.90586266775823,52.37166341729893,14952300
2016-09-01,52.17757797241211,52.573511264954135,51.74283140678336,52.51140292044211,12226500
2016-09-02,52.39495086669922,52.46482423450156,51.99902350007087,52.32508342187458,13720700
2016-09-06,52.35613632202149,52.44153381227329,51.78940806153017,52.40271461743973,16649400
2016-09-07,52.13877487182617,52.47259396200799,51.98350398025208,52.13877487182617,10070400
2016-09-08,52.208641052246094,52.54246605723165,52.014556884765625,52.18535189982504,12253000
2016-09-09,51.74282455444336,52.34836602579903,51.73505953166325,52.037830267341086,19686900
2016-09-12,52.06112289428711,52.24744791560851,51.05188901552756,51.346894748153765,16453000
2016-09-13,51.64966583251953,51.90585829623258,51.098467634304335,51.32360592759968,18876100
2016-09-14,51.54875183105469,52.2086367616622,51.40124598053858,51.447824281552826,12648600
2016-09-15,51.73506164550781,51.960199931514325,51.308074219809725,51.46334506687139,12531300
2016-09-16,51.09847640991211,51.44006642019387,50.80347062474593,51.30808469250785,25161500
2016-09-19,51.38571548461914,51.73506454487623,51.12175799131004,51.35466131346645,13466900
2016-09-20,51.59532928466797,51.89810008224434,51.42453428644989,51.82046760750289,10092200
2016-09-21,51.890323638916016,52.11546191220712,51.4788662826511,51.890323638916016,14116800
2016-09-22,52.31730270385742,52.34059184514597,51.89031537031429,52.00676699973295,12781700
2016-09-23,52.208641052246094,52.71326107229106,52.15429772227071,52.31732771219686,13967400
2016-09-26,51.06742477416992,51.85929148775863,50.88110563337557,51.70402060128109,16408100
2016-09-27,51.517696380615234,51.55651557915155,50.54727564698849,50.78017899225015,13711400
2016-09-28,51.78942489624024,51.83600320679926,51.230461477614064,51.68850324903586,11278000
2016-09-29,50.96650314331055,52.17758644301593,50.733599775069344,51.781653086197366,18727200
2016-09-30,51.69624710083008,52.06112622050853,51.30031973192505,51.30031973192505,21680100
2016-10-03,51.63413619995117,51.95243104756336,51.44005209778038,51.50991953153302,14901700
2016-10-04,52.07987594604492,52.5334258574844,51.68888587743192,51.77490416980958,17226900
2016-10-05,52.93222427368164,53.22937450437803,52.23626260139348,52.30663793259782,16280000
2016-10-06,53.07298278808594,53.15117959199178,52.43175945040406,52.96350606941101,17485000
2016-10-07,53.26066589355469,53.31540426274091,52.70546073008445,53.01043249641268,18497000
2016-10-10,53.67511367797852,54.00354388868861,53.35450493877144,53.440517261165766,13027500
2016-10-11,53.41706085205078,53.81587238944442,53.11991054997342,53.565638986106926,15657100
2016-10-12,53.27629089355469,53.63600094820179,53.21373703285817,53.37795210349923,11899800
2016-10-13,52.971336364746094,53.07299760764087,52.25191602227488,52.75238286625793,17890000
2016-10-14,52.79928207397461,53.980073434859904,52.62725150141146,53.80022139253326,24163800
2016-10-17,52.52559280395508,53.01042252990492,52.18934118044853,52.721087795155775,14963400
2016-10-18,52.94004440307617,53.33885587951311,52.81493070354801,53.05734259803221,11870300
2016-10-19,53.44834899902344,53.56564722996045,53.026078947271714,53.026078947271714,12705800
2016-10-20,53.37797927856445,53.70640958705251,53.12774581028262,53.23722257977864,14122000
2016-10-21,53.55781173706055,53.58909165485795,52.94004678413884,53.026065066573146,12175700
2016-10-24,53.85496520996094,53.99572184981028,53.56563045970562,53.933162017425246,10197100
2016-10-25,53.80023193359375,53.9018871963029,53.471795765543895,53.8627858058577,9945100
2016-10-26,54.05828857421875,54.15212834511661,53.4639879233052,53.4639879233052,9801300
2016-10-27,54.136478424072266,54.55874237707473,54.034817205061245,54.33978893002634,14210700
2016-10-28,54.04263305664063,54.386706132533234,53.54216638226956,54.371063193065375,12766500
2016-10-31,54.15994644165039,54.41017984907845,54.13648799189698,54.292881634276384,14336300
2016-11-01,53.93316268920898,54.566564593403605,53.4326959559629,54.33197416808866,15564500
2016-11-02,53.70638656616211,53.83932173413456,53.18246139871732,53.68292812075919,12449800
2016-11-03,53.471805572509766,54.10521361089147,53.3466918390009,53.84715870510765,10369700
2016-11-04,52.98698043823242,53.61256102351953,52.89314066572338,53.55782264773146,13571300
2016-11-07,54.6447639465332,54.71514525362903,53.95662364778311,54.019183483860665,16515100
2016-11-08,54.7620735168457,55.16870656973672,54.14430843090266,54.50401861397666,17531700
2016-11-09,57.28003692626953,57.98382014314384,55.77081523687458,55.88029196327346,50948400
2016-11-10,59.938751220703125,60.40793789463951,58.03854012013337,58.03854012013337,56192300
2016-11-11,59.970062255859375,59.99352070682772,59.25063595196343,59.66509046120031,27574300
2016-11-14,62.17525863647461,62.90250059286687,60.40798139381579,60.40798139381579,46130700
2016-11-15,62.05794143676758,62.09704282832227,60.82241144246983,61.28378280546938,28126300
2016-11-16,60.52525329589844,61.26813191074529,60.11862035422951,61.16647665834503,26054900
2016-11-17,61.01007843017578,61.35415154751358,60.68164825419012,60.93970309219346,19306700
2016-11-18,60.76766586303711,61.322870954230034,60.642552163770965,60.963160865543095,19770000
2016-11-21,61.03353500366211,61.12736877558746,60.439228595323854,60.99443362133767,11983500
2016-11-22,61.40890121459961,61.43235966491205,60.806779114451246,61.26814454668977,14410100
2016-11-23,61.66694641113281,61.964096678461466,60.9084248180201,61.67476788201979,13373700
2016-11-25,61.64350509643555,62.12832903755408,61.36199172660857,61.85463714078782,6185700
2016-11-28,61.24469375610352,61.67478528573941,61.01009729156832,61.135216996930005,13007200
2016-11-29,61.71385955810547,61.90153905179468,61.29941111676775,61.29941111676775,14144100
2016-11-30,62.69134521484375,62.97285853724079,62.32381360137901,62.49585018351441,25351900
2016-12-01,63.95816040039063,64.34132902266741,63.06670346184888,63.06670346184888,23823600
2016-12-02,63.809566497802734,63.98942452198673,63.26218288686695,63.96596607666575,16931500
2016-12-05,65.10765838623047,65.13111683235529,64.34913680934615,64.35695828006578,18529800
2016-12-06,65.44391632080078,65.537750114313,64.45861972667977,65.37353500963194,16130000
2016-12-07,65.74108123779297,65.75671821817936,64.78706435125088,65.3344541213507,18996900
2016-12-08,66.5621337890625,66.8592840146891,65.63939723302545,65.86617212864842,20844900
2016-12-09,66.8514633178711,66.85928478775084,65.79579159337645,66.48393179195786,14567200
2016-12-12,66.2571792602539,67.08607629167872,65.91310609277872,66.74982459601932,14511300
2016-12-13,66.28063201904297,66.99223077627542,65.54556884837774,66.4526685880101,16669000
2016-12-14,66.2571792602539,67.34413116728511,65.49865757706631,65.59249137471593,22622600
2016-12-15,67.25027465820312,67.63344315727794,66.39009791973513,66.78108788867817,19438900
2016-12-16,66.42139434814453,67.4770663335656,66.38229295511469,67.4770663335656,23008500
2016-12-19,66.80457305908203,66.81239453207944,65.8349192186585,66.31192764889079,21685100
2016-12-20,67.66474151611328,67.67256298811365,66.89840430906028,67.08607787482336,14587300
2016-12-21,67.83675384521484,67.88367072836918,67.27372738323108,67.5865205250035,11400500
2016-12-22,67.94625091552734,68.16520439058529,67.41450420494314,67.59436225433203,13924200
2016-12-23,68.07137298583984,68.14956980595787,67.56308470602025,68.03227159276335,10759400
2016-12-27,68.1339340209961,68.15739843892831,67.83678368691268,68.07138013795024,6946400
2016-12-28,67.64128875732422,68.33725067303581,67.52399053158994,68.15739856414076,9455600
2016-12-29,67.16426849365234,67.77421200057627,66.49958661985151,67.70383665717792,14689000
2016-12-30,67.47704315185547,67.5786983863605,66.98439798551632,67.32846506862798,13617800
2017-01-03,68.21212005615234,68.62656851392762,67.23464502704687,68.29813236996225,20550700
2017-01-04,68.33794403076172,68.55024428050167,67.93692578231258,68.37725578120806,15266600
2017-01-05,67.70890045166016,68.49520750045514,67.04054065999375,68.25931298619797,14300800
2017-01-06,67.71674346923828,68.10989686745926,67.57520800591693,67.92904366469791,12893300
2017-01-09,67.76390838623047,68.22782643737291,67.24494310965376,67.41007278786908,12806600
2017-01-10,67.96051025390625,68.33007548202335,67.40223303661833,67.67743927062702,13989000
2017-01-11,68.47158813476562,68.47158813476562,67.55161074549227,67.96048758548798,14713100
2017-01-12,67.81107330322266,68.62096806731417,67.63808490719482,68.21995605729624,21337400
2017-01-13,68.17282104492188,69.32869340573218,67.70103799944032,68.4952098254132,28296000
2017-01-17,65.69593811035156,67.00906907796465,65.48363190657876,66.7810393771563,30024600
2017-01-18,66.00260925292969,66.23063899505298,65.2870670277449,65.75885001187588,21270100
2017-01-19,65.49935150146484,66.5765878573891,65.35781605335984,66.09694028320234,16555600
2017-01-20,65.79029083251953,65.91610280449052,65.49149639765595,65.60157887360806,18436800
2017-01-23,65.8217544555664,66.04978419230632,65.42860097823126,65.49937172365549,12179200
2017-01-24,66.61592102050781,66.83608599098376,65.70380214391254,65.98687310568035,15175300
2017-01-25,67.64599609375,67.75607860333577,66.96977153541066,67.49659583114924,17551000
2017-01-26,68.21210479736328,68.36936373445434,67.58305705091125,67.58305705091125,15962800
2017-01-27,68.35364532470703,68.39296306142631,67.83467999542536,68.14134514393821,12535400
2017-01-30,67.64599609375,68.0155613755223,67.08771879540879,67.7718081041605,13661900
2017-01-31,66.54513549804688,67.74032507090767,66.12052914971824,67.30785397565327,15655100
2017-02-01,66.79674530029297,67.70099911758132,66.58444515142034,67.26066932789382,15430900
2017-02-02,66.51368713378906,66.76531106055442,66.17558098004848,66.31711044028708,11081400
2017-02-03,68.55022430419922,68.65244202442791,67.52016435736272,67.77178228327105,17885200
2017-02-06,68.22785186767578,68.76254083720929,68.1020458743393,68.24358136624657,11828400
2017-02-07,68.18852233886719,68.72321116897811,67.99981039854698,68.51876973418864,9392800
2017-02-08,67.5909423828125,67.86614860605994,67.12702417777335,67.76393086572395,13970900
2017-02-09,68.56596374511719,68.66818748816274,67.59094480536069,67.59094480536069,13749100
2017-02-10,68.40869140625,68.78612130876074,68.32219717857139,68.78612130876074,10992500
2017-02-13,69.31295013427734,69.7768682969516,68.74680824155641,68.7546729898012,18739100
2017-02-14,70.42164611816406,70.53172860748225,69.28150347920604,69.43090371430033,17932100
2017-02-15,71.2315444946289,71.45171548221886,70.25652554577175,70.83053226508646,17381800
2017-02-16,71.18435668945312,71.58537485434142,70.58676181615519,71.08213896073633,17672700
2017-02-17,70.948486328125,71.13719833658048,70.52387980981523,70.6260975645939,15776600
2017-02-21,71.5617904663086,71.67187294902776,71.12931928487947,71.16863702829862,14068300
2017-02-22,71.6010971069336,71.78981506303919,71.09786122207527,71.17649070426346,11839000
2017-02-23,71.6561508178711,71.82127455892359,71.17650309427034,71.69546856533188,11067000
2017-02-24,71.027099609375,71.19222332894066,70.55531669646665,70.9091523813866,15062300
2017-02-27,71.10570526123047,71.34159963813826,70.7833166793927,71.01921105630049,12361000
2017-02-28,71.25511932373047,71.41237827296302,70.44521833795412,70.64965977119193,15183500
2017-03-01,73.59832763671875,73.89712811027346,72.81988545375754,72.96142094148192,24451400
2017-03-02,72.45032501220703,73.84995048361634,72.36383076405961,73.81063873385146,16862500
2017-03-03,72.96927642822266,73.21302962651173,72.45031103942587,72.45031103942587,12817500
2017-03-06,72.27731323242188,72.59183712445089,71.63254195333232,72.53679589327413,15059200
2017-03-07,71.87630462646484,72.41098747024726,71.71903967325422,72.05715182385134,11156800
2017-03-08,71.71903991699219,73.00858254247898,71.63254569219353,72.87491183107909,17378400
2017-03-09,72.00214385986328,72.45033868528198,71.67189630409105,72.02573211398311,13726200
2017-03-10,71.77410888671875,72.34025094088624,71.18437858013544,72.30093318749525,13729900
2017-03-13,71.83699035644531,72.16723777556399,71.49887818952529,71.7976726164834,10004300
2017-03-14,71.95494842529297,72.06503091492868,71.3730769811662,71.56965371252221,10237700
2017-03-15,72.1279525756836,72.7727241546207,71.65616351871498,72.18299383245699,16601400
2017-03-16,72.05718231201172,72.97716018112915,72.0021410548606,72.36384160171752,14492000
2017-03-17,71.30230712890625,72.37168495079023,71.27871888268085,72.20656122816708,21734700
2017-03-20,70.79120635986328,71.68759570937951,70.60249439129285,70.97991832843373,14623600
2017-03-21,68.71534729003906,71.27084426054346,68.45586461941717,71.05067932754712,33089200
2017-03-22,68.82543182373047,69.25003820685279,67.63024815197643,68.32219596203986,21741000
2017-03-23,68.71534729003906,69.58814827373489,68.4794528623747,68.57381183324935,16090100
2017-03-24,68.63671875,69.26576056727724,68.22783586967743,69.02987213543999,16093200
2017-03-27,68.597412109375,68.72322409261078,67.01693956353297,67.25282803353174,16689300
2017-03-28,69.66678619384766,69.99703363336953,68.39297292739322,68.42441992245178,16264400
2017-03-29,69.40731048583984,69.83978169953976,69.25791624759918,69.6667932140598,10207600
2017-03-30,70.00492095947266,70.34303325632894,69.28938460973556,69.35228461918426,11631000
2017-03-31,69.06919860839844,69.7768760529611,68.9984338634651,69.75328780464999,16987600
2017-04-03,68.81758117675781,69.32868189074227,68.0941802272346,69.18714640070112,19831800
2017-04-04,69.04692840576172,69.33162588673798,68.58034455464367,68.71478335579472,14280800
2017-04-05,68.16117858886719,70.0196153116997,68.1137250070262,69.924714181531,17635500
2017-04-06,68.39053344726562,68.73058836299084,67.41781625881433,67.99512103519046,14379600
2017-04-07,68.15328216552734,68.65149962228828,67.78159354056456,67.9555759636122,13097100
2017-04-10,67.91603088378906,68.55660306733384,67.5364383628504,68.07419946210878,15081600
2017-04-11,67.79740905761719,67.84485661230237,67.06194179242651,67.64715042309534,14690500
2017-04-12,67.53643798828125,67.97138800084092,67.24383064514836,67.95557415985381,14730600
2017-04-13,66.74561309814453,68.79384639635664,66.74561309814453,67.61551915542965,30529800
2017-04-17,67.90021514892578,68.0741975634678,66.7218879325014,66.77724542499075,19071700
2017-04-18,67.34664916992188,67.71833179257135,67.0144981373508,67.50481173132526,14127000
2017-04-19,66.7930679321289,67.9476715206572,66.71398665167094,67.61552652262473,17588500
2017-04-20,67.65506744384766,67.83695377819457,66.86424260421654,67.20429752659851,15635800
2017-04-21,66.84050750732422,67.75786714486871,66.83260360368328,67.61551844364678,19820600
2017-04-24,69.19717407226562,69.63213015126863,68.34308178995869,68.44589288145836,25468300
2017-04-25,69.79821014404297,70.48622397300274,69.79821014404297,70.02755009820136,18253800
2017-04-26,69.93264770507812,70.42296132605823,69.70330775495108,69.86938026362613,12832200
2017-04-27,69.2841567993164,69.88518529843259,68.8096631562306,69.88518529843259,13329000
2017-04-28,68.8017578125,69.47395768787327,68.7622141589721,69.27625148726263,10755600
2017-05-01,68.84918975830078,69.38695074336445,68.45377744673965,69.08643955864268,15712300
2017-05-02,68.40633392333984,68.70684512573594,68.02673542716964,68.57240637994137,14414200
2017-05-03,68.8017578125,68.88083908604136,68.02674685135997,68.0583805674794,11540500
2017-05-04,68.88085174560547,69.37907532416166,68.46171548864048,69.34744160222829,11540100
2017-05-05,68.8017578125,69.07063534924353,68.34307797903988,68.99946401311063,9436000
2017-05-08,68.88085174560547,69.05483419948125,68.52498293250723,68.83340417946319,8162200
2017-05-09,68.60404205322266,69.46603807169535,68.40633588015861,69.0073643356571,10273900
2017-05-10,69.14183044433594,69.18137410800139,68.38263916338387,68.43008673296963,8334900
2017-05-11,68.92829132080078,69.18135501126274,68.2877191406359,68.87292779354524,10907400
2017-05-12,68.7385025024414,68.84131360633911,68.2798225880921,68.54870620576826,8738800
2017-05-15,69.07064819335938,69.18927314248769,68.69105559636743,68.88085189486341,8835600
2017-05-16,69.2841567993164,69.66374930037945,69.07063073814368,69.08645061190448,9795000
2017-05-17,66.6427993774414,69.28415719372842,66.40555557130496,69.28415719372842,24679700
2017-05-18,66.39765167236328,67.06194766368515,65.92315798342743,66.48464288591155,23350100
2017-05-19,67.04613494873047,67.48899496789817,66.54791742716682,66.59536499107328,13412900
2017-05-22,66.98287200927734,67.44946187526963,66.59536946646439,67.3624706465849,11636000
2017-05-23,67.82112884521484,68.06628257468527,66.83259795733251,67.02239419842208,11753000
2017-05-24,67.78160095214844,67.98721711400735,67.40991228654335,67.91603973610748,9833800
2017-05-25,67.49688720703125,68.07419189507576,67.28336719192714,68.00301453436526,12238500
2017-05-26,67.50480651855469,67.66296906774465,67.23592294471435,67.30710031530998,8113500
2017-05-30,66.35020446777344,67.33873550563206,66.25530331607374,67.32291563025812,12603200
2017-05-31,64.96627044677734,66.28694665705285,64.56294803539133,66.21577530808118,28327900
2017-06-01,65.6859130859375,65.70173296242244,64.57085313435144,65.21141936114523,17123500
2017-06-02,65.35376739501953,65.6305548954462,64.83182611328853,65.07697989459287,14998500
2017-06-05,65.47239685058594,66.04179176704305,65.30632433887185,65.35377190407148,9080200
2017-06-06,65.6068115234375,65.81242761957553,64.9504256230632,65.07696046176758,12196800
2017-06-07,66.35812377929688,66.51628635429066,65.71755147348645,65.88362398728457,13711100
2017-06-08,67.18054962158203,67.79739789852985,66.34227744804387,66.35809731934445,17951000
2017-06-09,68.7701187133789,68.8412960774548,67.5285241120709,67.62342525300078,19120200
2017-06-12,68.78594970703125,69.38697226287448,68.71477233144867,68.77012983089516,16053400
2017-06-13,69.01527404785156,69.47395385601304,68.78594017728491,69.23671004847421,12557200
2017-06-14,68.87296295166016,69.04694545895089,67.86861761436921,68.61989913201475,16175700
2017-06-15,68.46172332763672,68.86504578657397,68.20074961694107,68.208659556709,12509700
2017-06-16,68.15328216552734,68.77012455014025,68.02674730021471,68.68313333861644,16936600
2017-06-19,69.64795684814453,69.77449174303217,68.68314939193185,68.77805056309758,15972300
2017-06-20,69.2129898071289,69.52932096109824,69.09437090371597,69.39488218155361,11197800
2017-06-21,68.89665985107422,69.23671476185895,68.61196243583517,69.18135726631327,10005900
2017-06-22,68.81757354736328,69.08645712501975,68.52497222385766,68.74640220927205,12180600
2017-06-23,68.69104766845703,69.59258752415697,68.49334145389977,69.32370996844621,18812000
2017-06-26,68.99156188964844,69.33161683455374,68.50125431805134,68.80967554325439,10082400
2017-06-27,69.63214111328125,70.3359748548236,69.1971849658042,69.36325748570025,15415200
2017-06-28,71.03187561035156,71.22958178896349,70.06706849336317,70.06706849336317,17466200
2017-06-29,72.08370208740234,73.26993962246597,71.41940593033834,73.02477976242854,27697800
2017-06-30,72.28141784667969,72.75591171638753,72.09162150549993,72.72427798727142,16892700
2017-07-03,73.75247192382812,74.33295226977471,72.68694047058489,72.8062118521397,13208100
2017-07-05,74.49198150634766,74.57945122672876,73.64114464448825,74.04668552382768,17535400
2017-07-06,74.25340270996094,75.15195389967654,73.85581540596665,74.3806335592555,16596100
2017-07-07,74.6271743774414,74.88163014104975,74.1341697479712,74.71464411493527,12817800
2017-07-10,74.10234069824219,74.49197464706937,74.02281836579802,74.34884294205295,13987200
2017-07-11,73.81610107421875,74.21368859774675,73.37875237165628,74.21368859774675,13262300
2017-07-12,73.56161499023438,73.81607065777384,73.21173617235449,73.6411312488339,13540100
2017-07-13,74.03077697753906,74.2534249638317,73.42644239567147,73.70475844523989,12820100
2017-07-14,73.3548812866211,73.64114472331974,72.02694071825407,72.20982753982652,22235200
2017-07-17,72.67101287841797,73.14811646886645,72.5596889095367,73.01293823046795,14374200
2017-07-18,72.41658020019531,72.82212111075165,71.82019900625497,71.92356956252479,14719400
2017-07-19,72.51992797851562,72.85390595291678,72.36089547009703,72.6312519477489,11651200
2017-07-20,72.51992797851562,72.93342220712606,72.28137921588774,72.48017288476164,11561700
2017-07-21,72.2734375,72.64717062880976,71.97922063830454,72.40861576076455,10971300
2017-07-24,72.58354187011719,72.79028898004029,72.28933112910862,72.32908622201998,10725100
2017-07-25,73.79222869873047,74.36474949619027,73.3707809311034,73.45030326967247,16447700
2017-07-26,73.10042572021484,74.10234775068439,72.90163200358928,74.03077885801375,11815500
2017-07-27,72.79825592041016,73.20379070346917,72.48813823138747,73.02090389543133,12332400
2017-07-28,72.58354187011719,72.95727493035085,72.28933112910862,72.71872010607794,9351900
2017-07-31,72.99705505371094,73.44235103688824,72.75850016746438,72.76645361479333,11520300
2017-08-01,73.9751205444336,74.06259026944159,73.37873936485357,73.54572536713161,12523700
2017-08-02,74.03871154785156,74.11822779886805,73.56160797505163,73.8478713320718,10165600
2017-08-03,73.55367279052734,74.05463075633098,73.34692563319616,73.71270533204205,11078800
2017-08-04,74.47607421875,75.06450186842895,74.32498906634102,74.34884333952091,14324000
2017-08-07,74.7623291015625,74.89751342296712,74.51582686455167,74.65895856561971,7978300
2017-08-08,74.49198150634766,75.71655152498036,74.42836606121544,74.70667605029043,13745400
2017-08-09,74.37268829345703,74.49196571111273,73.81606843333242,73.93534585098811,11214400
2017-08-10,73.3071517944336,74.00690329163088,73.21172865389264,73.87172505922362,13252300
2017-08-11,72.69486236572266,73.68883064156124,72.55173069133386,73.25943561839486,10679500
2017-08-14,73.54573059082031,73.8717552374979,73.41850575149252,73.45031347800035,10994800
2017-08-15,73.73656463623047,74.39655513426634,73.67294919383828,74.19776142681762,8812700
2017-08-16,73.22767639160156,74.13418164075298,73.06069033869878,73.98309642144359,11085400
2017-08-17,72.08259582519531,73.12427285728172,71.96331839352307,72.96524032618686,13837500
2017-08-18,72.15414428710938,72.79028641831509,71.71680188026879,71.81221895325896,13040700
2017-08-21,72.06669616699219,72.31320450164957,71.69296907472979,72.2416356087804,11502100
2017-08-22,72.80620574951172,72.92548318777172,72.36090978449043,72.41657178011809,9211800
2017-08-23,72.8936767578125,73.4264424492159,72.23368017889047,72.25754052032718,8811300
2017-08-24,72.77439880371094,73.2515085618352,72.68693515253757,73.100423400649,8623200
2017-08-25,73.0686264038086,73.53778278370493,72.9970635696077,73.06067295555178,11794600
2017-08-28,72.83799743652344,73.30715363928032,72.46426437670893,73.28329937022002,7292900
2017-08-29,72.44042205810547,72.60740803577633,71.81223324684717,71.92355723196108,10886100
2017-08-30,72.6073989868164,73.0606483173501,72.511981906726,72.5596904467712,9165300
2017-08-31,72.2734375,73.03680458436146,72.20187467960781,73.00499686417528,13217400
2017-09-01,72.91751861572266,73.44233683731397,72.32113758211521,72.55969242223883,9815800
2017-09-05,71.17609405517578,72.44837245048693,70.78645405700087,72.37680356781527,16897300
2017-09-06,71.65318298339844,71.97920141149297,71.27944995441882,71.56571329292659,11845700
2017-09-07,70.39682006835938,71.66909846263732,70.03899385539749,71.65319763689094,14592300
2017-09-08,70.30936431884766,71.10453923147892,70.1662325919059,70.22189459312196,14242200
2017-09-11,71.39874267578125,71.76452233864434,70.73079272038197,71.08067155733883,13219000
2017-09-12,72.2734375,72.55970091497333,71.64524867640307,71.70091067005332,14003800
2017-09-13,72.48019409179688,72.758504096311,71.82019746201831,72.05079891338805,12485400
2017-09-14,72.33706665039062,72.78236268398936,72.15417374133202,72.51995349274577,10562800
2017-09-15,72.85391998291016,72.92548280546949,72.17006914495389,72.42452484744673,18171800
2017-09-18,73.88763427734375,74.06257368819399,73.03679756096439,73.10041299521934,11318700
2017-09-19,74.69872283935547,75.03269480017856,73.56957000984998,73.72065516357094,12626100
2017-09-20,75.22354125976562,75.77221385974099,74.51583611295528,74.82595382597542,15311600
2017-09-21,75.56547546386719,75.83583810490198,74.89753140961092,75.11222597942087,10851500
2017-09-22,75.40643310546875,75.52571054729626,75.0883619494963,75.30305649142365,8358300
2017-09-25,74.84185791015625,75.4461864187971,74.30908615819035,75.15197561153057,10463400
2017-09-26,74.50788879394531,74.77029797783891,74.22162533273472,74.57150424459284,9358100
2017-09-27,75.68470764160156,76.11410259103256,75.20760416446706,75.51772172793947,15090200
2017-09-28,75.84378051757812,76.2413679714552,75.47005340696427,76.01076652020213,10270400
2017-09-29,75.9471435546875,75.95509093431738,75.55750355155112,75.78015758192991,11438400
2017-10-02,77.00473022460938,77.03653794688739,75.9073911061797,76.15389337045602,13797200
2017-10-03,77.41027069091797,77.4738861351376,76.9490678203796,76.99678243689566,9633500
2017-10-04,76.6230239868164,77.48181400012633,76.55940856360071,77.3704900428492,12166600
2017-10-05,77.65480041503906,77.90274965707093,76.4230785509352,76.78299640572129,14236200
2017-10-06,77.5188217163086,78.09469508937572,77.15890390922338,78.02271396882408,10231900
2017-10-09,77.11094665527344,77.63882671894123,76.89499100482662,77.55084569130229,7765100
2017-10-10,77.68681335449219,77.72680694925086,76.97497130338168,77.15093335685454,10631500
2017-10-11,77.45488739013672,77.59086199220236,76.89501350692878,77.44689355049637,14283600
2017-10-12,76.7750015258789,77.9827358616761,76.4790709464559,77.82277371615906,18251600
2017-10-13,76.67102813720703,77.35087642127729,75.95118626494713,76.3670976143261,13190600
2017-10-16,78.25468444824219,78.34266547210126,77.05494987070823,77.05494987070823,12434000
2017-10-17,78.0787353515625,78.52663434710409,77.8387859741417,78.43865331552755,10335700
2017-10-18,78.3746566772461,78.82256172166784,78.08671989946262,78.5026312905567,10158600
2017-10-19,78.47062683105469,78.54260796450532,77.65480403895984,77.73479121234668,9133900
2017-10-20,79.59039306640625,79.89432362729887,78.96653206647815,79.40643108075705,15326600
2017-10-23,79.45439910888672,79.97428518259768,79.37441804419981,79.59037363123494,9238600
2017-10-24,80.71812438964844,80.93407998661301,79.790333012726,79.88630785389748,13000800
2017-10-25,80.79812622070312,81.14205039499598,80.13427769074188,80.98208821716179,14632700
2017-10-26,81.37397003173828,81.91784978028163,81.03804591997543,81.0620396276494,13054400
2017-10-27,81.39797973632812,81.76590366684825,80.82211233248837,81.12604285969532,10400400
2017-10-30,81.11006164550781,81.52596696304536,80.67815644912315,80.886106056809,8839500
2017-10-31,80.47019958496094,81.34200380248234,80.43820592989147,81.07806682694931,8690200
2017-11-01,80.71812438964844,81.34198526592056,80.56616219040546,80.86209275357002,8418200
2017-11-02,81.25401306152344,81.39798144103972,80.11027206591051,80.67814564562335,8731800
2017-11-03,81.11006164550781,81.20603650992717,80.56618170585666,80.86211234070416,7103500
2017-11-06,80.60614776611328,81.33398950598401,80.51017292721286,81.05404662008651,8121500
2017-11-07,78.9825210571289,80.58216705322265,78.58260955810546,80.43019873090088,18822600
2017-11-08,78.0947036743164,78.67857704790667,77.70279218095986,78.59858988006054,18524700
2017-11-09,78.08671569824219,78.55861443172923,77.4308610957251,77.67881037013291,13697800
2017-11-10,77.99076080322266,78.65460941189464,77.98276086273263,78.23070409842337,9314000
2017-11-13,78.27066040039062,78.4226286864503,77.27888182807322,77.3348691804904,9303100
2017-11-14,77.79878997802734,78.20670146619709,77.46286574173037,77.85477735074352,11043800
2017-11-15,78.53462982177734,78.97452885248312,76.743021737142,77.09494584343926,15384100
2017-11-16,78.7585678100586,79.23046042719481,78.63059320748035,78.80655523494298,9808000
2017-11-17,78.4946060180664,78.71056158278849,78.03870728407513,78.23866297621451,9017900
2017-11-20,79.19047546386719,79.3024501936087,78.19069673248575,78.74257044273604,9483200
2017-11-21,79.12649536132812,79.6223878540007,79.11050158512317,79.58239426023985,13389400
2017-11-22,78.8945541381836,79.59839630546692,78.85456054026803,79.20648467499285,7342200
2017-11-24,78.63859558105469,79.10249437652003,78.59060815468418,79.04650701169939,3680000
2017-11-27,78.3266830444336,79.28646840465365,78.3266830444336,78.63061365133109,13076200
2017-11-28,81.07006072998047,81.34199762416739,78.3586612159859,78.55061702965699,16773000
2017-11-29,82.96566772460938,83.35757940527698,81.54997716654755,81.90990128738548,21105500
2017-11-30,83.59751892089844,85.30914619808098,83.21360719870495,83.77348100280662,23945900
2017-12-01,83.8134536743164,84.23735889187482,81.74190891210824,83.90143469330008,19683500
2017-12-04,85.54106903076172,86.70081606404652,85.39710064394586,86.16493610840735,23576600
2017-12-05,84.55728912353516,85.90899195561462,83.27757353508152,84.44531439093079,17193900
2017-12-06,83.92543029785156,84.58928487344174,83.60549986726403,84.42132277037051,15476200
2017-12-07,83.677490234375,84.13338913176639,82.96564820339837,83.14160414972865,13371800
2017-12-08,84.72525024414062,84.73325018271007,83.45352850686778,83.78145886439779,13506900
2017-12-11,84.47730255126953,84.82922050136168,84.22935328619533,84.55728362619207,10591200
2017-12-12,85.46109008789062,85.8770014833937,84.41332386450587,85.50908361947359,15508800
2017-12-13,84.38933563232422,85.66905135130861,84.36534191605668,85.34112095654324,15020300
2017-12-14,83.70946502685547,85.14114260320632,83.69346515214342,84.87720569210016,13034200
2017-12-15,84.89320373535156,85.19713424636333,84.14136824233373,84.61326693545064,29350600
2017-12-18,85.5490493774414,86.08492921035567,85.16513783529778,85.73301131375135,12713100
2017-12-19,85.18914031982422,85.97296335871002,85.1331529599038,85.86098863886919,12149900
2017-12-20,84.89320373535156,86.164925343708,84.85321014872375,86.06094445934154,13091500
2017-12-21,86.24491119384766,86.43686699553582,85.22913261799441,85.25312633043482,12323700
2017-12-22,85.94097137451172,86.74879424229448,85.42908518756305,86.54083857192012,14573400
2017-12-26,85.5970458984375,86.37287510432867,85.1011595952478,85.74101426759427,7403700
2017-12-27,85.75702667236328,85.81301404065049,85.31712156284563,85.31712156284563,9496500
2017-12-28,86.2129135131836,86.25290099799342,85.70902726899448,85.90098306170968,7440600
2017-12-29,85.53305053710938,86.604810139426,85.53305053710938,86.4528418576609,8925700
2018-01-02,86.34088897705078,86.39687634203554,85.42909126034742,86.08494586538256,13578800
2018-01-03,86.42887878417969,86.77280294754131,85.96498604233847,86.26891661142972,11901000
2018-01-04,87.66703033447266,88.46297835378148,86.99167585297266,87.12031713857422,12953700
2018-01-05,87.10423278808594,88.07706562953373,86.65400056219237,87.84390790285198,14155000
2018-01-08,87.23285675048828,87.37757509921126,86.58966272639664,86.95146166518049,12466500
2018-01-09,87.67505645751953,88.14136570055048,87.22481817141812,87.40973845330936,13292300
2018-01-10,88.63985443115234,89.00164730177956,87.94842287639257,88.01274351728973,15834500
2018-01-11,89.11418914794922,89.1865513892855,88.47904286996271,88.97751241136746,13676800
2018-01-12,90.58551788330078,90.73023627442964,89.11421526248324,89.76545108954036,18884200
2018-01-16,90.26390075683594,91.19653154480233,89.29911578593224,89.65287313777512,22703300
2018-01-17,90.84278869628906,91.09202965849464,89.49208584100809,89.95840130943998,14940300
2018-01-18,91.05982971191406,91.4296640533379,90.26387588954924,90.65783506245968,14572900
2018-01-19,90.85887145996094,91.9281730255468,90.6900343706579,91.6065820748482,18785500
2018-01-22,91.92013549804688,91.96837291278636,90.44883300895228,90.57747429352962,12475700
2018-01-23,91.82365417480467,92.16936995830906,91.13222260779597,91.38949904198846,12320800
2018-01-24,92.99746704101562,93.26278505686066,92.18544203584624,92.34623748753536,15904500
2018-01-25,93.02159118652344,93.39946726744478,92.52312157675796,93.29495083112865,13510000
2018-01-26,93.5200653076172,93.5200653076172,92.4266390160752,93.02158957254689,13883900
2018-01-29,93.42356872558594,94.34815779106872,93.27885038373688,93.27885038373688,11679900
2018-01-30,92.54723358154295,93.7451762416343,92.44271715279449,92.88490770576416,14279100
2018-01-31,92.99746704101562,93.79342108855072,92.58743679902236,92.98138994942803,13141400
2018-02-01,93.9622573852539,94.05873220189778,92.8447124434719,93.07786400633007,13800600
2018-02-02,91.87992095947266,94.00245279220748,91.72716098848046,93.6567370547721,16477300
2018-02-05,87.47406005859375,92.12915386598178,83.59883091372981,90.850813505206,30097600
2018-02-06,90.13526153564452,90.43273985292676,85.71331937395418,85.90627513259383,33114800
2018-02-07,90.74628448486328,92.01658305684262,89.36342175526205,89.68501873744061,21878300
2018-02-08,86.734375,90.93924229663098,86.70221468765274,90.93924229663098,27425800
2018-02-09,88.47100830078125,89.28303944068324,85.4078101653045,87.71525618241978,28188000
2018-02-12,89.83780670166016,90.63376091527029,88.49514538465577,89.37953282137913,18043300
2018-02-13,90.3925552368164,90.89103102055093,89.08205433522866,89.50012624800776,16358200
2018-02-14,92.48291015625,92.675865916558,90.47293642901182,90.55333415131076,15186900
2018-02-15,92.86882019042967,93.2547316793796,91.83167309620396,93.05373432314867,12130200
2018-02-16,92.20152282714844,93.31906782290484,92.05680446123988,92.09700639275196,13214300
2018-02-20,92.22564697265624,92.7723601501209,91.6306963816945,92.17740955915916,13461500
2018-02-21,92.61155700683594,94.428568949443,92.19347901133185,92.45879703148404,14212500
2018-02-22,92.44271087646484,93.6084931407252,92.26583221370473,92.86078269702736,17070400
2018-02-23,94.31599426269533,94.38031488664716,92.70801546761288,92.70801546761288,12162500
2018-02-26,95.48983764648438,95.59436021534763,94.3240552343517,94.98332643029394,16511200
2018-02-27,94.35620880126952,95.94006910761505,94.34816718871234,95.60239498765036,17563300
2018-02-28,92.86077117919922,95.26469765066066,92.73212993716484,94.72602625103372,17735600
2018-03-01,91.19652557373048,93.7773310291758,90.56941477030767,92.84470643622603,18690000
2018-03-02,91.10811614990234,91.3010719680009,89.33934119376339,90.36040545407124,18353700
2018-03-05,92.5070343017578,93.20650740820996,89.95838893783106,90.08703020823975,13933000
2018-03-06,92.5874481201172,93.11807808273652,91.91209364574688,92.9733597049396,10674400
2018-03-07,92.24172973632812,92.53920196333742,90.93926437286574,91.45381722742904,13006500
2018-03-08,92.2497787475586,92.643738126773,91.01967545749449,92.54725715215736,11173700
2018-03-09,94.90292358398438,94.9350839008273,92.99746621522624,93.70498091786382,15366600
2018-03-12,94.59742736816406,95.4737731627918,94.26778865968284,94.87078091123732,12339300
2018-03-13,93.46378326416016,95.2486410098631,93.1261091322578,95.03156040081636,13312300
2018-03-14,92.4186019897461,93.7371444419359,92.13720685677032,93.71302573538853,12905100
2018-03-15,92.65176391601562,93.26279775675673,92.3221313549798,93.15828131232176,8748000
2018-03-16,92.8125457763672,93.74517036584948,92.73214192272754,92.73214192272754,19888900
2018-03-19,92.0809326171875,92.8206016148781,91.09202879361192,92.53920646727344,13214900
2018-03-20,92.16936492919922,92.820594525913,92.01660494618588,92.35428523147608,9921200
2018-03-21,92.2497787475586,93.76931882751482,91.82366517742707,92.30605778259569,13633000
2018-03-22,88.39864349365234,91.33320640945982,88.06901098673347,91.01160938113313,22550400
2018-03-23,86.034912109375,89.17850764537333,85.83391474839969,88.65591328004702,23081500
2018-03-26,88.68809509277344,89.37149119291377,87.35347548202745,87.78763062305205,20217500
2018-03-27,86.96754455566406,89.79759108966928,86.26807760181386,89.29911538105559,18039900
2018-03-28,86.83086395263672,87.77153017330824,85.74547938001935,87.05598002589626,19189300
2018-03-29,88.41473388671875,89.06596347476095,86.65399476769667,87.23286823882468,13274600
2018-04-02,86.71027374267578,89.02576762586612,85.28721490525973,88.40669222305895,18822500
2018-04-03,87.90017700195312,88.03685375023848,86.23591891614237,87.12030617451391,14050700
2018-04-04,89.23479461669922,89.4116732915593,86.04295525841475,86.1072758918099,15302600
2018-04-05,90.406494140625,91.1741611534078,90.0105432102772,90.20447747911255,16627000
2018-04-06,88.1520004272461,90.13985009423271,87.12575834840843,89.33178332930034,18906000
2018-04-09,89.21054077148438,91.2953537729213,88.7984251397915,88.89539533697159,15974300
2018-04-10,90.91556549072266,91.2064699298452,90.03476978197429,90.6084962688387,13951400
2018-04-11,89.3883285522461,90.34992360368771,89.30751696106611,90.2287185470354,14503300
2018-04-12,91.61051940917967,92.43474468926377,90.09943253645632,90.14791456320852,16435500
2018-04-13,89.12975311279297,93.0488750949836,88.11966980990574,92.94382248584542,39152800
2018-04-16,89.05703735351562,90.0752032027484,88.71765079212474,89.64692880407989,16580500
2018-04-17,89.05703735351562,90.4388307806586,88.87926167896036,89.9943977593306,15501400
2018-04-18,88.33785247802734,89.75196922032612,87.9903835461744,89.31561245718105,16081400
2018-04-19,90.27720642089844,90.39841765046572,88.4832974854685,88.50753849837011,17911000
2018-04-20,90.07518768310548,91.10142958432,89.59842516848269,90.74588446152882,15584400
2018-04-23,89.63880920410156,90.46303424895076,89.39638680940955,90.15597122539076,11285800
2018-04-24,89.21863555908203,91.23071965094032,88.55601503386998,90.30144183528358,16453100
2018-04-25,88.8792495727539,89.31560630584626,87.75603741657626,89.10550724952935,13548200
2018-04-26,88.96813201904297,89.54994096132414,88.35399967273962,88.86308557976511,10299500
2018-04-27,88.40247344970703,89.01660569589298,88.1842920493906,88.52368465376527,9384000
2018-04-30,87.90147399902344,89.12973854704215,87.87723299012514,88.68529950037916,13744900
2018-05-01,87.90147399902344,88.05500860879033,86.89947325252474,87.63481057102564,10503400
2018-05-02,87.20655059814453,88.47521498054587,87.05302212827607,87.36008523307221,12162100
2018-05-03,86.65706634521484,87.08534068590214,84.99245100894068,86.93988844141784,15379100
2018-05-04,87.61866760253906,87.86916629263939,85.6389067648457,86.00253429338225,11967900
2018-05-07,88.37825012207031,88.62874880619405,87.56210109420178,87.8853289813332,9356700
2018-05-08,89.68730926513672,89.97013133915237,88.30551613346694,88.50753278134367,12543200
2018-05-09,91.64280700683594,91.82865881347249,89.7196051630132,90.05091532318859,11368100
2018-05-10,92.35394287109376,92.47515410777784,91.10951942691892,91.46507074384304,9159700
2018-05-11,92.0064697265625,92.709489935032,91.85293508946864,92.5155494992105,10253000
2018-05-14,92.0387954711914,92.68524511184442,91.90950184402512,92.20848873305256,8710700
2018-05-15,91.3357925415039,92.04689529546408,90.96408254059774,92.04689529546408,11536200
2018-05-16,91.58625793457033,91.8690861533016,91.01253143567432,91.22263046057066,7571100
2018-05-17,91.27920532226562,91.64283900295771,90.66507296036232,91.47313958626594,8617200
2018-05-18,89.80042266845703,91.14989832989984,89.56608265736885,91.10949254124202,11806300
2018-05-21,90.62466430664062,90.93980976616636,90.4388062885585,90.54385888510606,9441900
2018-05-22,91.31961822509766,92.35394260032488,90.73780922276748,90.78629125127512,11507600
2018-05-23,90.8993911743164,91.1256487887797,89.79234410854133,90.91555595538242,11453900
2018-05-24,89.88123321533203,90.62465286367367,88.98427896992024,90.61657047302322,14084800
2018-05-25,89.42064666748047,89.76003313615368,89.04893063220014,89.25902965973718,8283500
2018-05-29,85.5984878540039,88.24086269708674,84.81466233272079,88.22470407909647,30643800
2018-05-30,87.55401611328125,87.7560327661338,86.18030533990753,86.98028955898711,17490800
2018-05-31,86.47120666503906,87.42472547839041,85.994444175834,87.23078505987034,19808200
2018-06-01,87.59444427490234,88.0308010962836,87.10960541727668,87.54595607359738,13594200
2018-06-04,87.63480377197266,88.28934178673636,87.48935156480935,88.07116039346255,9415400
2018-06-05,87.1418685913086,87.52166074638191,86.51966024037725,87.4650963508427,10415200
2018-06-06,89.1782455444336,89.4853086849202,87.65908229904628,87.80453455823677,15453600
2018-06-07,89.53377532958984,90.09941944302942,88.91156063974785,89.84083839616298,13444400
2018-06-08,89.7842788696289,89.8085198808011,88.93580648824903,89.38832796867906,10383200
2018-06-11,89.55802154541016,90.43073494121175,89.50953335782641,89.79236159604534,12642900
2018-06-12,89.04086303710938,90.12366935119212,88.49945371500894,89.808523861866,15294100
2018-06-13,88.86308288574219,90.05901797301114,88.54793741240384,89.25903378415676,14979700
2018-06-14,87.29541778564453,89.17821409760946,87.09340117273132,89.11356730186337,20487300
2018-06-15,87.19039916992188,87.57826773796774,85.87324648807268,87.10959373200063,26028600
2018-06-18,87.41665649414062,87.59443215585485,86.21263882852122,86.67323660429909,9786800
2018-06-19,86.90754699707031,87.17420423347912,86.13988018967224,86.38230258465218,12707200
2018-06-20,86.89948272705078,87.788354752231,86.81867730022692,87.41664485679415,8876900
2018-06-21,86.875244140625,87.44088830924082,86.0833361395038,86.54393386682213,11048700
2018-06-22,85.45304107666016,87.57017774166854,85.25910682312816,87.4004844991957,19478900
2018-06-25,84.67730712890625,85.41264459312096,84.00661031287676,85.38032735155808,16907600
2018-06-26,84.73387908935547,85.0167012161437,83.31976229035429,84.61266784500052,17086800
2018-06-27,83.4247817993164,85.59040021570202,83.41670557334554,84.58839950515285,16276800
2018-06-28,84.79043579101562,85.21871013900562,83.64298260110671,83.78035245516776,14491300
2018-06-29,84.20050811767578,86.3822908817385,84.1601085006908,86.2045153048456,18972400
2018-07-02,84.91162872314453,84.91970494924784,83.53791198343588,83.81265779740085,11130000
2018-07-03,83.72378540039062,85.47728853663003,83.65105619666728,85.17830782426525,8311700
2018-07-05,84.26814270019531,84.80436174388807,84.1137737004135,84.60124724883305,10723400
2018-07-06,84.54436492919922,84.90184837960044,83.03319277794532,83.78065873774439,12173700
2018-07-09,87.16049194335938,87.3067346291125,85.07247516256136,85.07247516256136,13900800
2018-07-10,86.6242446899414,88.0704184456493,86.55112027159277,87.76168054371581,14575900
2018-07-11,86.43738555908203,86.98173080191732,86.29114290593333,86.37238744689124,10186500
2018-07-12,86.81110382080078,87.38794804274765,86.0961432778019,87.2742044608742,12456800
2018-07-13,86.41301727294922,87.58295855847246,85.42181770588775,87.1767296341726,21289100
2018-07-16,89.84159088134766,89.99595365841122,86.91674384996848,86.9736156517417,24662600
2018-07-17,89.77658081054688,90.12593788879278,89.167237501878,89.93094976561574,14821900
2018-07-18,90.61344146728516,91.09279491963169,89.5328708191303,89.71161257429127,14244900
2018-07-19,89.281005859375,90.25595294429904,89.15101580738092,90.23158019696032,16775300
2018-07-20,90.41032409667967,90.784054028092,89.19163711220202,89.37037886169541,13578100
2018-07-23,92.09209442138672,92.81518139915316,90.12594794697829,90.23156523411944,18140000
2018-07-24,92.74207305908205,93.25391931858702,92.1489760485072,92.25459954547318,14000400
2018-07-25,93.57891082763672,93.85514356683528,92.11648397728403,92.5227129692084,13329100
2018-07-26,93.310791015625,93.9120081417512,93.09143010425532,93.7738917827939,11897800
2018-07-27,94.2694854736328,94.48885256928357,93.27828588246804,93.57889752524213,12802700
2018-07-30,94.83819580078124,95.5531563886655,94.29384439785774,94.47258609446898,13411600
2018-07-31,93.39202880859376,95.12256802268035,93.2864115179581,95.12256802268035,15843800
2018-08-01,93.96886444091795,94.8056949147334,93.6601265350796,94.04198266163088,13531600
2018-08-02,94.3669891357422,94.44823368844996,92.88831596163756,93.08330412784858,11058100
2018-08-03,95.13069915771484,95.16319821980451,94.19637746652644,94.2451229603798,11016100
2018-08-06,95.15506744384766,95.48817194546814,94.39135506669776,94.88695486056376,9857400
2018-08-07,95.5044174194336,96.10563445929888,95.32567571063444,95.65878018730102,10562100
2018-08-08,95.69940185546876,96.0893781154368,95.28504665551192,95.325672023599,8997100
2018-08-09,94.96009063720705,95.6425585936022,94.81384794644826,95.47194315414409,9694200
2018-08-10,94.0257568359375,94.20449236969576,93.17267354934089,93.83888878890404,12630600
2018-08-13,92.5308074951172,94.1475965919208,92.47393570372893,93.88761037435157,10336300
2018-08-14,93.14826965332033,93.46512763699336,92.3358120134284,92.83953178308306,10597600
2018-08-15,92.37647247314452,92.88832498217818,91.78338160207598,92.4739696649992,10152100
2018-08-16,93.24578094482422,93.68450890990262,92.8639309775638,92.90455014928364,10118600
2018-08-17,93.24578094482422,93.4895207693882,92.8639309775638,93.14016366007915,8505100
2018-08-20,93.12393188476562,93.47328904904828,92.70957659722986,93.09955293962406,8618700
2018-08-21,93.6926498413086,94.56197959332708,93.33516636245764,93.7332752179279,10976700
2018-08-22,93.40829467773438,93.7657781714233,93.25392567844824,93.68452741481222,8314700
2018-08-23,93.21329498291016,93.5545258036954,92.969555140314,93.4001568234804,9265400
2018-08-24,93.17266845703124,93.61139644914002,92.98580042021096,93.4164082966122,8845700
2018-08-27,94.8219757080078,95.2850765360446,93.57078960100807,93.61141498183493,13768000
2018-08-28,94.35887145996094,95.081958582818,94.22075508785623,95.05758583463042,8302600
2018-08-29,94.05011749267578,94.54571725092951,93.72513313009873,94.52946462359203,7221700
2018-08-30,93.58702087402344,94.2776088005314,93.41640547090228,93.91199905221912,8991800
2018-08-31,93.09141540527344,93.30264996847968,92.473945747025,93.294529853514,13065700
2018-09-04,93.55453491210938,93.62765315286995,92.31959534727972,92.89643975245272,10174200
2018-09-05,93.09954071044922,94.00136940679832,92.82330802075164,93.43265139944366,11462400
2018-09-06,92.70143127441406,93.18890470173496,92.21395784709316,93.02641562548165,9877600
2018-09-07,92.88016510009766,93.2457685899406,92.3195672970154,93.02640773574691,10955600
2018-09-10,92.38455963134766,93.4082580169552,92.34394046754674,93.31076086642496,8276900
2018-09-11,92.96954345703124,93.0914133630142,91.95397123810824,92.24645653304292,9333800
2018-09-12,91.87274932861328,93.33516996492084,91.68588126693896,92.82332367199756,10800800
2018-09-13,92.2302017211914,92.72580144816877,91.53961386839762,92.10833801665662,12470800
2018-09-14,92.21395874023438,93.01829021303227,91.99459786531166,92.4658186704347,10337900
2018-09-17,92.4901885986328,92.96954190119422,92.05146686213364,92.4495694296922,9561300
2018-09-18,92.86394500732422,93.15643036156476,92.26272166885074,92.88831775375056,7944200
2018-09-19,95.561279296875,95.91875647879974,92.97766349827836,92.97766349827836,16052800
2018-09-20,96.3818817138672,96.87748154555814,95.93503357285152,96.27626441476794,15590000
2018-09-21,95.74816131591795,96.86935717376348,95.6587904519285,96.78810642572812,24788200
2018-09-24,94.830078125,96.24375300190988,94.59446461242148,95.67503500503844,12492500
2018-09-25,94.5619659423828,95.8456507960695,94.50509414246308,95.09006476938671,9308300
2018-09-26,93.44890594482422,94.95195803498618,93.15642680032688,94.8544608544458,14023600
2018-09-27,93.04267120361328,94.05012341085296,92.75019207730674,93.77388451578352,13283000
2018-09-28,91.67774963378906,92.81519197286994,91.41776334473305,92.33584477058874,15815100
2018-10-01,92.21395874023438,93.11578737886516,91.84022890238322,92.10834145950284,10146300
2018-10-02,92.59581756591795,92.71768747708867,91.65336353132976,92.10021780610197,13753100
2018-10-03,93.4651336669922,93.96885966770512,93.01015934283876,93.3838891374734,17142000
2018-10-04,94.30784606933594,95.5677937878902,93.44061184099397,93.71878519697124,16357400
2018-10-05,93.77605438232422,94.9869090019857,93.28516096368236,94.76601195717215,13777600
2018-10-08,94.3487548828125,94.72510192566786,92.73700355795272,93.47333744265632,14370900
2018-10-09,93.69422912597656,94.11148601042837,92.99880514653609,93.81695247339988,14069500
2018-10-10,91.19886779785156,94.04601650887156,91.19886779785156,93.84147971242604,23086400
2018-10-11,88.46626281738281,91.198877968463,87.8526523596156,90.78980432995154,33705600
2018-10-12,87.5008316040039,90.67524641056058,86.39633424523448,90.29889948604485,32075700
2018-10-15,87.00178527832031,89.0553368527493,86.98542507796049,87.70539249120087,18903200
2018-10-16,88.86715698242188,88.99805729724702,87.32085917161783,87.67266274053965,19302800
2018-10-17,89.85711669921875,90.65072055457678,88.54808230778875,88.67079940544754,18794500
2018-10-18,88.43354034423828,89.8652981464926,88.20446009459256,89.19441759740076,17582500
2018-10-19,88.28630065917969,89.35807189813674,87.76268051100382,88.07358055916794,15234500
2018-10-22,87.01815032958984,88.63807854397696,86.81361349753307,88.48263479615257,16199100
2018-10-23,86.10999298095703,86.85450993066613,84.84186232150499,85.25093592236463,21407500
2018-10-24,84.50643920898438,85.93001382797054,84.19554546795509,85.70911679339136,23168900
2018-10-25,85.79092407226562,86.64179799043995,84.85823667468323,85.23458367353504,17464700
2018-10-26,84.61280059814453,85.54548811261108,84.04828315010582,85.08732757693464,19174900
2018-10-29,85.78275299072266,87.23905435295777,84.84188223946772,85.46367600650122,18445200
2018-10-30,87.29631042480469,87.52539690159172,85.79092245772799,86.48634638256163,18019700
2018-10-31,89.19441223144531,90.38891273325422,88.18809458933215,88.42535804561099,20860000
2018-11-01,89.16169738769531,90.17619831341742,88.621717162121,89.68531117142084,13065000
2018-11-02,88.67082977294922,90.65892858148338,87.94267894828165,89.91441755218113,19009200
2018-11-05,89.25169372558594,89.41532694500285,88.70353648496973,88.85898648292353,10276400
2018-11-06,89.66893005371094,89.72620010687116,88.16354223237482,88.9080529234578,10825000
2018-11-07,91.2070541381836,91.41159094162754,89.46439657798186,90.29891023153512,12679600
2018-11-08,91.94339752197266,92.39338106407963,90.81435641900734,90.8225396403099,11662500
2018-11-09,91.05162811279295,91.92704561205136,90.6752810445292,91.82068869340168,10432200
2018-11-12,89.13715362548828,91.58341876041833,88.85080329386561,91.15797863174828,13279700
2018-11-13,89.6607666015625,90.91253731141464,89.2598761410569,89.2598761410569,13746100
2018-11-14,87.81175994873047,90.57709585091092,86.70726223217146,90.18438860331928,18361400
2018-11-15,90.053466796875,90.06165001705693,87.38630503666127,88.55625584395398,19100000
2018-11-16,89.98802185058594,90.61799878158908,88.80989395600649,89.54622154938039,13798600
2018-11-19,90.6752700805664,90.9779805978017,89.6116760547954,89.96347965636869,13987000
2018-11-20,88.72808074951172,90.39710215159045,88.34355672466289,89.81621826157766,18936200
2018-11-21,88.06535339355469,89.67710418016458,88.06535339355469,89.20257736382894,10619600
2018-11-23,87.25540924072266,87.86083648419816,86.77269909648862,87.32903950026754,6488400
2018-11-26,89.39078521728516,89.97985233441561,87.90993420284077,88.1308374927493,13948300
2018-11-27,89.76712036132812,90.02074402013604,88.87533658228138,88.98169972330537,9238200
2018-11-28,90.76527404785156,91.14162110071894,89.0717091889638,89.83258651640435,13977300
2018-11-29,90.04528045654297,90.65071388966534,89.70166012442564,90.21709062260162,11144300
2018-11-30,90.96979522705078,91.07615212302927,89.65257764792275,89.87347466017603,18652700
2018-12-03,91.828857421875,92.36065445127608,91.4197837441771,91.9433975522729,16034500
2018-12-04,87.72994995117188,91.305250155552,87.32087624416495,91.305250155552,23555900
2018-12-06,86.06092071533203,86.20000426509718,84.1709961148815,85.91365394441341,27213900
2018-12-07,84.50643920898438,87.52540488070241,84.19554546795509,86.03637697666728,19248600
2018-12-10,82.92741394042969,84.67006550773966,81.22566599447408,84.16281815755761,23636400
2018-12-11,82.1174545288086,84.80916014988625,81.98654795226018,84.3755367965465,16860700
2018-12-12,82.64924621582031,84.18736729689222,81.86382547402513,83.17286628565294,22621500
2018-12-13,82.73107147216797,83.42649554854957,82.36290137857564,83.08287512143907,17250900
2018-12-14,82.052001953125,83.40194638615087,81.70019832805728,81.80655524094968,19879500
2018-12-17,81.00476837158203,82.27289297976851,80.53842464615136,81.6265558441771,25113500
2018-12-18,80.6202392578125,82.54288424947987,80.2766188746826,81.34020666655641,20837200
2018-12-19,79.5975570678711,82.28926261995974,79.03303339442091,80.5138843543169,28767900
2018-12-20,78.9103012084961,80.40751220144321,78.2885137813445,79.04120776703428,31825200
2018-12-21,77.04495239257812,80.53026266293972,76.65224506863254,79.0985044670319,41313900
2018-12-24,75.38410186767578,77.0858499787659,75.38410186767578,75.99771242525419,17009300
2018-12-26,78.5094223022461,78.5094223022461,74.54140873406303,75.83408310021635,22542900
2018-12-27,79.39301300048828,79.48300970087276,76.53768073383746,77.57672503559215,20304700
2018-12-28,79.22120666503906,80.44024442672477,78.90212970890634,80.13752767056123,17963300
2018-12-31,79.86754608154297,80.84113717774349,79.1721158445826,79.84299641793434,13237200
2019-01-02,81.25021362304688,81.63474388710907,78.49306097063082,78.50123795014386,15670900
2019-01-03,80.09549713134766,81.56362488569738,79.74908623726364,81.35742702598175,16286400
2019-01-04,83.04826354980469,83.24621176073379,81.06051288505202,81.74509138481282,16935200
2019-01-07,83.10599517822266,83.69159640132456,82.23996156660638,82.83381246683926,15430700
2019-01-08,82.94927215576172,83.9802614220373,82.10798768325085,83.8235490399125,13578800
2019-01-09,82.80906677246094,83.70808647519328,82.42141376571958,83.14722801084275,14230300
2019-01-10,82.80081939697266,83.08125178327204,81.87705063805568,82.49564427213566,14376100
2019-01-11,82.40492248535156,82.61936374645781,81.61311710108608,82.38842313132197,15439900
2019-01-14,83.25443267822266,83.60084350084703,81.3739095923669,81.54711500367908,21258500
2019-01-15,83.86478424072266,84.51637015862023,81.32442538699355,81.56361563224648,26504900
2019-01-16,84.54112243652344,85.32467178594457,83.96377094670358,84.33492457692216,18533000
2019-01-17,84.88754272460938,85.3659233220632,84.06275119492761,84.21946359921834,14247600
2019-01-18,86.2649154663086,86.52060503770441,84.81328736926882,85.58858688008429,16428700
2019-01-22,84.90400695800781,85.44011619640797,84.23592181631447,85.01947722098545,17083700
2019-01-23,84.6895980834961,85.53088271040562,84.10399682789688,85.31644143437903,12146700
2019-01-24,84.73907470703125,85.02775046586493,84.07924530007706,84.23595140192415,11296800
2019-01-25,85.27517700195312,86.03398353219225,84.7390613669973,85.3741542291116,14369400
2019-01-28,85.67933654785156,85.97626198361662,84.61535478513673,84.86279474582747,12283100
2019-01-29,85.91853332519531,86.69383938747194,85.55562932612419,85.67934302315976,9743300
2019-01-30,86.11647033691406,86.80104239457233,85.5968477442513,85.89377314215608,12526300
2019-01-31,85.36589813232422,85.61333803527826,84.73081161064076,85.29166993703288,17520600
2019-02-01,85.67933654785156,86.47938528907076,85.38241111208652,85.77831379065978,13000800
2019-02-04,85.98448181152344,85.98448181152344,84.96174249484604,85.60507861812145,9871500
2019-02-05,85.60509490966797,86.23193809715875,85.19269923496641,86.20718907084341,12763000
2019-02-06,85.56385803222656,86.28967849117349,85.34116712310538,85.5391152970641,8745000
2019-02-07,84.44214630126953,85.3659149897039,83.66684661805257,85.15971712740992,13177500
2019-02-08,83.60086059570312,84.40915268044104,82.52862921005242,84.19471143743833,12892600
2019-02-11,83.20494842529297,84.13696667028314,83.11422087414068,83.93076883451131,10978500
2019-02-12,84.62360382080078,84.887536840297,84.03800263043917,84.08748810513859,12852300
2019-02-13,85.02775573730469,85.65459906153403,84.87104962574234,84.87104962574234,10754100
2019-02-14,84.47514343261719,85.03600190108926,83.59261678441287,84.51638552444327,11518500
2019-02-15,87.05674743652344,87.180461130372,85.49789196743241,85.69584017025002,14716900
2019-02-19,86.7515869140625,86.90829934286754,85.62162007628177,86.52889593498358,12764900
2019-02-20,87.17221069335938,87.26293825661476,86.50412533732796,86.77630802709412,10030300
2019-02-21,86.99076080322266,87.41964961588903,86.57011537486888,86.97426144927792,8400100
2019-02-22,86.60311889648438,87.50213872931366,86.42166373578033,87.1804705053967,10647300
2019-02-25,87.51036834716797,88.47537279770893,87.17220713736829,87.22169260888552,11230700
2019-02-26,86.84229278564453,86.99075549879544,85.72882558334244,86.19070678307442,15465400
2019-02-27,86.73505401611328,86.91650281186132,86.1989384256383,86.75154707294199,9968800
2019-02-28,86.07523345947266,86.77630491091257,85.92677075153698,86.61134914327701,15156900
2019-03-01,86.13298797607422,87.35368232611525,85.94328313724128,86.68559684384321,13813300
2019-03-04,85.93502807617188,87.36191384192789,85.17621511659797,86.537122345023,12466300
2019-03-05,85.8690185546875,86.23192872262256,85.16794724244218,85.88551161111276,10856600
2019-03-06,85.54739379882812,86.24846546618485,85.407180723889,85.66286413026754,9070800
2019-03-07,84.92877197265625,85.34116767512216,84.26069294831235,85.15971255921171,12705700
2019-03-08,84.9617919921875,85.14324716706156,84.12050096189164,84.12050096189164,10582400
2019-03-11,86.0669937133789,86.23195579270636,85.49789184451396,85.76182487877797,9763200
2019-03-12,85.8113021850586,86.42989576514755,85.57211191230508,86.26493370152824,10219100
2019-03-13,86.09999084472656,86.58662113956917,85.7370805429904,85.9350350490248,13022200
2019-03-14,86.88352966308594,87.32067442416471,86.15771544124442,86.1907078548726,10926500
2019-03-15,87.88154602050781,88.08774391704334,86.79282137850662,86.94128411571862,24811700
2019-03-18,88.4094009399414,88.90427457044554,87.84029280389888,87.88153489504906,12935500
2019-03-19,88.08773803710938,89.40740322831589,87.88154015433774,89.24244114650257,12889300
2019-03-20,86.20721435546875,87.9640244722723,86.11649306967172,87.78256931535734,14920700
2019-03-21,84.8462905883789,85.35765721102648,84.35966040737372,85.35765721102648,19751000
2019-03-22,82.28119659423828,84.39266068694927,82.0832421160521,83.98026496305044,31115200
2019-03-25,81.59662628173828,82.94928388698062,80.90379812463416,82.14098541913582,21032300
2019-03-26,82.41316223144531,82.8090649061003,81.50589287232458,82.33068434291789,15987100
2019-03-27,82.1327133178711,82.85027767049219,81.72031769722622,82.38014691466336,12753200
2019-03-28,83.06475067138672,83.13898517808855,82.26470191474773,82.47914946530224,12454100
2019-03-29,83.49364471435547,84.12048171163268,82.96577237522048,83.74932806080645,14523400
2019-04-01,86.3061752319336,86.3391676444439,84.22770358505886,84.25244632127678,17499300
2019-04-02,86.71857452392578,86.96601448162305,86.0504954478665,86.27318637566643,10295400
2019-04-03,86.89176177978516,87.72480275073467,86.4298806676507,87.27116502084677,11499200
2019-04-04,87.73120880126953,87.87250109509799,86.80868419376151,86.89179954571158,11952100
2019-04-05,87.52340698242188,88.1882915547268,87.25745442166175,87.93065179484302,9933700
2019-04-08,87.8060073852539,87.8060073852539,87.19099312162133,87.3572111363942,8056300
2019-04-09,87.15774536132812,87.43200444253091,86.64245938731607,87.33227617329739,9092200
2019-04-10,87.54833221435547,87.86415521492624,86.82527711475129,87.37380145442313,10882300
2019-04-11,88.28803253173828,88.70358383429775,87.73118896729326,87.85585562622303,11183800
2019-04-12,92.42693328857422,92.95883852532216,90.49046241748312,90.95588425524552,25834100
2019-04-15,91.37141418457033,92.25238083738188,90.68991036354817,92.1858911131824,15163800
2019-04-16,92.3354949951172,92.5765155032362,91.30492957552616,91.33817443948836,11583200
2019-04-17,94.99503326416016,95.29423071859922,92.2607048471424,92.83416135080908,17791900
2019-04-18,94.2969207763672,95.53526214469584,94.18887969752342,95.18620049845195,12501900
2019-04-22,94.41326904296876,94.68753446619527,93.63203678700464,93.77332272958414,7975900
2019-04-23,94.52962493896484,95.05322372919264,93.7899439992822,93.91461067985124,9193100
2019-04-24,94.3717041015625,94.87036440045598,93.7566836034778,94.13068358325522,9245700
2019-04-25,94.42156982421876,94.87036600304704,93.49904540231776,93.92290951690168,9311800
2019-04-26,95.1363525390625,95.22777436778898,94.41329071390189,94.70417546857152,7889300
2019-04-29,96.50762939453124,97.3719767985244,95.11968333131396,95.24434998069157,14242200
2019-04-30,96.44947052001952,97.00630780519684,95.79289862851375,96.76528726217748,11389100
2019-05-01,95.70977783203124,97.23900356241568,95.66822016597987,96.17519325592048,10412900
2019-05-02,95.91756439208984,96.22506832893654,95.22774763834616,95.71809518132352,8613300
2019-05-03,96.50762939453124,96.97304478867788,96.1336294463984,96.40789480686732,8185400
2019-05-06,95.6515884399414,95.96741146377084,94.51298201641504,94.89528842453716,9387000
2019-05-07,94.08914184570312,94.77064584909226,93.3245288352296,94.77064584909226,15017700
2019-05-08,93.5904769897461,94.47144383619894,93.46581031467188,93.63203466170764,9575800
2019-05-09,93.51567840576172,93.69852202483337,91.90334338655238,92.36875889632694,12205900
2019-05-10,93.50737762451172,93.78163672897048,91.87010409711466,92.87573772229317,13189000
2019-05-13,90.96417236328124,91.79527492060976,90.57355948761666,91.48777103251616,13783700
2019-05-14,91.68726348876952,92.85080871305364,91.0057594252449,91.04731710285952,10503600
2019-05-15,91.33818817138672,92.16929087296292,90.26606492545618,90.7647252782398,10142000
2019-05-16,92.5100555419922,93.22480449513893,91.91166047974734,91.93659889135046,9672700
2019-05-17,92.0612335205078,92.87571687004028,91.28000137715472,91.42128729936852,9570100
2019-05-20,92.54328155517578,92.92558802462192,91.72880448486316,91.90333528564445,8518200
2019-05-21,92.8590850830078,93.01699024620346,92.43522103272716,92.61806459719368,7967900
2019-05-22,92.102783203125,92.90895368122652,92.04460627897382,92.5848241979829,7918900
2019-05-23,90.29098510742188,91.24675435659344,89.3435286595988,91.1220876996042,14558000
2019-05-24,91.18026733398438,91.38804298819748,90.7480967631774,91.02235580772329,8537300
2019-05-28,90.1912612915039,91.28001012911848,90.12477789519984,90.75641137535555,11665500
2019-05-29,89.94195556640625,90.09155433989956,88.97787317260241,89.30200279170256,9966400
2019-05-30,88.97783660888672,90.73977629034924,88.54566607461588,90.29929295518592,10367800
2019-05-31,88.06363677978516,88.58722917103303,87.13279952120108,87.7311944488044,10952800
2019-06-03,88.47919464111328,88.8116369966397,87.51511878497827,87.93067014418365,11680700
2019-06-04,91.20520782470705,91.33818729927852,89.0360292870399,89.63442424099087,12858600
2019-06-05,91.5293426513672,91.73711833677092,90.29100134178783,91.30494770108784,8340500
2019-06-06,91.72881317138672,92.14436454806832,90.53202317748428,91.5459695511171,8726700
2019-06-07,90.72317504882812,91.4379175473135,90.55695070200905,91.17196493321345,10618900
2019-06-10,91.703857421875,92.42691896326642,91.60412916844832,92.04461252990842,11380600
2019-06-11,91.9864501953125,92.72613111602104,91.72881037867327,92.10280406997605,9847700
2019-06-12,90.81459045410156,92.16929193134553,90.49877370656782,92.00306758463526,9670500
2019-06-13,91.03899383544922,91.55427981091285,90.63175527304044,90.9725040952325,8406900
2019-06-14,91.27169036865234,91.67062242011566,90.28267621210712,91.06391471161746,9077400
2019-06-17,90.77301788330078,91.7287870456128,90.64003843704808,91.17194354044088,8128600
2019-06-18,92.01136016845705,92.59313574288691,90.57355634501889,90.5984884063442,11057300
2019-06-19,91.3464813232422,92.74272747434972,91.1719442135447,92.10278132175875,13126500
2019-06-20,91.57920837402344,92.32719573000266,90.6151262002034,92.15266492422016,13638000
2019-06-21,90.95588684082033,92.8092424194457,90.66499580614578,91.57921390230442,27089500
2019-06-24,90.3076171875,91.23013529744588,90.20788258659314,90.82289677349372,13039600
2019-06-25,89.55963134765625,90.57357768585076,89.48482880524637,90.3242443322319,18660100
2019-06-26,90.15802764892578,90.84783810123106,89.89207502686803,90.00842890271763,10324600
2019-06-27,90.45720672607422,91.04729517015868,90.12477074848444,90.45720672607422,10906600
2019-06-28,92.91727447509766,93.44086683749944,92.16928085680247,92.285634715114,21634700
2019-07-01,94.4797592163086,95.17788247047324,93.98109884321804,94.10576552169334,12724500
2019-07-02,94.57950592041016,94.91194198443614,94.0974647504364,94.33848533542329,10174900
2019-07-03,94.42881774902344,95.30765613830332,93.96010734711432,94.86404792426757,6849400
2019-07-05,94.98959350585938,95.6424419363388,94.51251146930132,95.00633681139476,7929400
2019-07-08,94.47067260742188,94.98123490518522,94.16098529028166,94.54599833051786,6917200
2019-07-09,94.8724365234375,94.989614144845,93.86805508688708,93.97686105370792,8947300
2019-07-10,94.5962142944336,95.27417772230848,94.36185908902516,94.88916468689456,9242300
2019-07-11,95.50016784667967,95.71778614626396,94.67992457130194,94.88917121705964,11595200
2019-07-12,96.50457000732422,96.54641551131208,95.35789591826628,95.52529070562136,10783400
2019-07-15,95.332763671875,96.73052959496285,95.0230763678776,96.7054210216631,12946600
2019-07-16,96.35389709472656,96.6719496953047,94.51252279291931,94.98123961856705,16945000
2019-07-17,95.40808868408205,96.2032296849773,95.19047679329822,95.77636478494722,13120900
2019-07-18,95.9772491455078,96.31204505307645,95.03982826715666,95.3578808672114,9397200
2019-07-19,95.03145599365234,96.35389630778865,94.91427838462262,96.16138658683936,10402800
2019-07-22,95.64246368408205,95.79312153965785,94.38698368285084,94.50416769114447,9061100
2019-07-23,97.39177703857422,97.4671027796206,96.10281669981931,96.1530338605169,12752200
2019-07-24,97.78514099121094,97.8269864876424,96.6886842592159,96.73890779491455,10011000
2019-07-25,96.84771728515624,98.12830574247532,96.52129302684747,97.83536171395475,10138400
2019-07-26,97.27456665039062,97.51729348819688,96.6970439540344,96.89791891488444,12800400
2019-07-29,96.96489715576172,98.0780908757772,96.91468000275988,97.47545949695072,8500400
2019-07-30,96.74726104736328,97.15738900708055,96.05256714443172,96.4124715746878,7121100
2019-07-31,97.09046173095705,97.24111959941592,96.13629735928482,97.17415912772262,13648000
2019-08-01,94.52926635742188,97.76003506601153,94.24468759975136,96.52966377210552,15664500
2019-08-02,94.5208969116211,94.93939021125888,93.24030843644158,94.0772950357172,11025500
2019-08-05,91.70862579345705,92.88878001975937,90.6205406083145,92.72975051490128,15855300
2019-08-06,92.42842864990234,92.48701745530572,90.6791233702285,92.1103760470984,10203500
2019-08-07,90.41966247558594,90.62890912812988,88.6703635254549,90.39455389899284,17320900
2019-08-08,91.95135498046876,92.135493067385,90.99719069890398,91.27339782927838,10903300
2019-08-09,91.85091400146484,92.445173761976,90.63728590243105,91.52448971591228,9980800
2019-08-12,90.12672424316406,90.82142470691576,89.73333948933596,90.76283589585846,9393700
2019-08-13,91.51612091064452,92.34474232503185,89.5826837151441,90.35270993141162,12124700
2019-08-14,87.7162094116211,89.4822518735172,87.42325895573074,88.97168947160212,19491800
2019-08-15,88.05099487304688,89.03863939619592,87.33118582808903,87.73294223822657,13365600
2019-08-16,90.16019439697266,90.37781269330128,88.61177051867062,89.03026380392527,11830600
2019-08-19,90.97207641601562,91.8592801765746,90.74608645598956,91.75883948481844,8265400
2019-08-20,89.8170166015625,90.76281540529465,89.75842780373219,90.2689900644106,8374000
2019-08-21,90.06813049316406,90.7544592646433,89.93420956911878,90.5703211869316,8189300
2019-08-22,90.99718475341795,91.45752355493,90.33596456892148,90.70424071869192,9343400
2019-08-23,88.73731994628906,91.04740483942172,87.97566543146455,90.39455628794325,14762300
2019-08-26,89.44876861572266,89.54920293027745,88.7289595614726,89.2395219461314,8209500
2019-08-27,88.50296020507812,90.02627554287305,87.7496709972233,89.85050912532374,14331800
2019-08-28,89.39016723632812,89.73332840564802,87.91706910151166,87.95054933022348,10585500
2019-08-29,91.41566467285156,91.97644408375784,90.41127706207456,90.51171773886227,10002200
2019-08-30,91.95135498046876,92.537243088201,91.62493069391772,91.93461167127558,10170300
2019-09-03,90.8632583618164,91.22316283587242,89.82539682167608,91.2147975680274,9868800
2019-09-04,91.95972442626952,92.25266847309938,90.86326758570452,91.60818518437242,6929200
2019-09-05,94.05219268798828,95.18212339469898,93.07291344885104,93.11476533586682,13224700
2019-09-06,94.25305938720705,94.56274672099627,93.70901683247492,94.29491127053292,7836600
2019-09-09,96.5882797241211,97.14068770143274,95.08170090290274,95.17376996340512,13985100
2019-09-10,97.81863403320312,98.15342359131208,96.86446974404932,97.34155188862624,14333100
2019-09-11,98.08645629882812,98.094821566663,96.57150629393304,97.83535777836798,9919200
2019-09-12,98.6891098022461,99.15782033428393,97.023501588165,97.55080732240964,12283500
2019-09-13,100.6309051513672,100.7731913456398,99.39216213151433,99.6014087886333,16257200
2019-09-16,99.73532104492188,100.32958073320012,99.08246616747049,99.51770275243808,11993900
2019-09-17,99.2415008544922,99.27498108475874,98.12830714450811,99.11595158741788,10735400
2019-09-18,100.2375259399414,100.50536142039029,98.55518093596794,99.03226308507068,10665600
2019-09-19,99.91944122314452,100.72294745787508,99.6767143836374,100.1872766347214,9382600
2019-09-20,99.5177230834961,100.72297962768766,99.49261450340695,100.22078886879936,21862800
2019-09-23,99.5009765625,99.70185796813531,98.49659507713044,98.58029246996097,9135100
2019-09-24,98.20365142822266,99.81903602097805,97.9609245179877,99.39217101430955,11696500
2019-09-25,98.7644271850586,99.06574289749624,98.0278812133785,98.15342410547626,9389400
2019-09-26,97.9525375366211,98.80626741637752,97.8855770782675,98.66397484595092,9899200
2019-09-27,98.53005981445312,99.30008592450577,98.1617836810798,98.7309348027928,10207800
2019-09-30,98.50495910644533,99.4088998190194,98.11157436632357,99.06573861926934,9755000
2019-10-01,96.71379852294922,99.60139956963746,96.59662091666452,99.09920891617436,11250300
2019-10-02,94.78872680664062,96.16975589155962,94.52089136601457,96.09442378148007,12548700
2019-10-03,94.65373992919922,95.2611987651925,93.24477040360472,94.72123034897828,12735200
2019-10-04,96.70391082763672,96.9738918188392,94.72123088318388,94.78028902385772,9453100
2019-10-07,96.49297332763672,97.44634215001896,96.23986337068744,96.34110864083787,6771600
2019-10-08,94.34159088134766,95.38776662340416,94.20660357762546,95.38776662340416,10806300
2019-10-09,95.02496337890624,95.47212524345969,94.5524982382216,95.05871180850583,7273700
2019-10-10,96.35798645019533,97.36198119709933,95.33712070883296,95.45523698060352,10994100
2019-10-11,97.98631286621094,99.5471405762152,97.758519033945,97.89350630277002,15076500
2019-10-14,98.2478485107422,98.6022037458674,97.58133805359742,97.74163502223236,8779000
2019-10-15,101.2092056274414,102.58442010270308,99.44589393407252,100.27270778751938,23379000
2019-10-16,100.9729995727539,101.7660716472231,100.71988954651958,101.20923216424974,11087700
2019-10-17,101.53825378417967,102.56755827221755,101.1417178154909,101.87573161520338,10818500
2019-10-18,101.7154312133789,102.10352847766556,101.1248498192154,101.2429660980481,10417400
2019-10-21,104.2380828857422,104.42368960074609,102.92191982567662,102.9725456905459,12714600
2019-10-22,105.28425598144533,105.5457982690738,103.87529281598462,104.1537061002629,12549100
2019-10-23,105.56266784667967,105.58797755819828,104.76115717308254,104.78646688460114,8828300
2019-10-24,105.48673248291016,106.01826217326456,104.67678952844878,105.70609404459378,8020500
2019-10-25,106.33043670654295,106.8535277439298,105.25051263683936,105.46143550785509,9055700
2019-10-28,106.73540496826172,107.32598639649316,106.64259839570325,106.78602439443732,9522200
2019-10-29,106.66790771484376,107.50316042793052,106.25450071660852,106.35573956858586,9797300
2019-10-30,106.07733154296876,106.52448699296296,105.39393707399834,106.34731255637216,8513700
2019-10-31,105.39393615722656,106.07733062025244,104.49962526501731,105.87484003431992,11589100
2019-11-01,107.8237533569336,107.98405033080104,106.3219773991758,106.47384209437136,11682600
2019-11-04,108.68433380126952,109.19054092390884,108.4649657951208,108.90368893370896,9159900
2019-11-05,108.92056274414062,109.93298982945764,108.70119474528757,109.1652275808896,13747600
2019-11-06,109.08931732177734,109.54490508320217,108.48185839073687,108.5746649739156,11231100
2019-11-07,109.67990112304688,110.76825755437332,109.61240425443349,110.04268230891856,13528900
2019-11-08,110.00048828125,110.017352840092,109.0471128846062,109.57864258343722,9293400
2019-11-11,109.61237335205078,109.7642444820426,109.13147600011008,109.34239882742092,8679000
2019-11-12,108.97117614746094,110.20295828987489,108.8446147227199,109.36771210564152,9099000
2019-11-13,108.39747619628906,108.68434107940836,107.50316530006631,108.10219190673617,8023300
2019-11-14,108.49870300292967,108.7011806695489,107.6465665768832,107.75625056210671,8483400
2019-11-15,109.28334045410156,109.28334045410156,108.32996510100202,109.03023047223256,10163600
2019-11-18,110.20295715332033,110.22826686326586,108.8277490426826,109.30864640535611,8749300
2019-11-19,110.1692123413086,110.7344839717863,109.83172809450328,110.51512886664364,8824500
2019-11-20,109.36772918701172,110.20297550169629,108.78558001392238,109.93300092609132,11782800
2019-11-21,109.62081909179688,110.287342517223,109.16523139329172,109.67988367007662,7705500
2019-11-22,110.34639739990234,110.70919141220418,109.76426112218768,109.80643539507724,8167900
2019-11-25,110.93699645996094,111.42633905932549,110.41389899238628,110.73450587183105,10068500
2019-11-26,111.0888671875,111.21542864689714,109.98363329347468,111.21542864689714,10490700
2019-11-27,111.41787719726562,111.7300388759912,111.07196065539183,111.61192260238896,6607900
2019-11-29,111.16478729248048,111.71319449114948,110.90324498754,111.25759387233455,5712000
2019-12-02,110.9201202392578,111.99161202672084,110.8188813809405,111.62881799489982,8615600
2019-12-03,109.49427032470705,109.64614147306445,108.4902754855024,109.48583804512968,10361300
2019-12-04,111.65413665771484,111.76382067882254,109.67146923907934,110.00050842869102,10318200
2019-12-05,112.26156616210938,112.47248899433148,111.51911367310092,111.94095933754518,9587400
2019-12-06,113.9320831298828,114.55641941213584,113.60304399265569,113.6367988585663,10170600
2019-12-09,113.40057373046876,114.28645234994568,113.40057373046876,113.5861868840243,8498200
2019-12-10,113.47648620605467,113.70428647445236,112.10971034308515,112.42187202198356,7532900
2019-12-11,113.20651245117188,113.91522305237471,113.06308644968232,113.29931902551331,9011900
2019-12-12,116.4462890625,116.82594761263894,113.23182693163665,113.46805949055458,13717400
2019-12-13,115.42542266845705,117.12968296450036,114.92764781362816,116.38723038529146,10592100
2019-12-16,115.8725814819336,117.13811866598364,115.8557169218841,116.75002780548589,11372000
2019-12-17,116.5812759399414,116.99468937631843,115.77977165397007,116.20161737013494,11546800
2019-12-18,116.4631576538086,117.28998451235977,116.19318309442956,116.55596422471903,10381500
2019-12-19,115.88103485107422,116.61504235027364,115.67011197211248,116.22693858855123,9350400
2019-12-20,115.78821563720705,117.17186905729496,115.50135076909494,116.44629391787632,29992600
2019-12-23,115.75444793701172,116.35347444592828,115.4844734056565,116.09193219334078,9738400
2019-12-24,116.0750961303711,116.1172832866609,115.63637287763972,115.86417322263463,3324300
2019-12-26,117.3068389892578,117.35747128389214,116.243792528686,116.33659909161985,6770900
2019-12-27,117.3912124633789,117.92274212685189,116.99467650391624,117.52620616738922,7868200
2019-12-30,116.9609375,118.18428739876042,116.8259437925442,118.03241625944553,6963000
2019-12-31,117.61060333251952,117.67810020504476,116.6741051460142,116.85971832703056,7201600
2020-01-02,119.03643035888672,119.0448755130412,117.49247337275646,117.93962883678368,10803700
2020-01-03,117.46558380126952,118.22128931417473,116.3957125113327,116.75233627464496,10386800
2020-01-06,117.3721694946289,117.40614106274688,115.9032166042741,115.95416100009405,10259000
2020-01-07,115.37677764892578,117.05800754731382,115.32583325145303,116.56552344448149,10531300
2020-01-08,116.2768096923828,116.82023809830264,115.13900849191864,115.22391148750772,9695300
2020-01-09,116.70137786865234,117.37216732849674,116.36172697552618,117.21933414385757,9469000
2020-01-10,115.53809356689452,116.54003445646777,115.31731726784204,116.5060758484973,10190900
2020-01-13,116.49759674072266,116.49759674072266,115.27487933943956,115.6400024594917,12355200
2020-01-14,117.8561553955078,119.52039928905742,116.91364529791134,117.12592223019564,24906000
2020-01-15,116.09001922607422,117.68634603299476,115.60602156196698,117.0495151842369,16293400
2020-01-16,116.5400619506836,117.09197691581188,116.1919245941646,116.70988094331086,10783800
2020-01-17,117.3466796875,117.4230962697627,116.599473733673,116.78626550486344,14697700
2020-01-21,116.19188690185548,117.23629863260835,116.0645259377902,116.48907975981366,8474200
2020-01-22,116.0560531616211,116.66741184192604,115.8013311751252,116.5315644345807,7549100
2020-01-23,115.93718719482422,116.10701914024726,114.39181755106983,115.23243903802376,9345700
2020-01-24,113.05873107910156,115.84380443191452,112.35398280291317,115.79286002220071,15166400
2020-01-27,112.10769653320312,112.88038770444516,110.13777326701118,110.61327153966592,12860500
2020-01-28,114.14554595947266,114.60407138937096,112.48978847674158,112.79546777788852,13062800
2020-01-29,113.97570037841795,115.08802917218333,113.51718801199014,114.4681843016791,9326000
2020-01-30,115.38525390625,115.58904443455975,112.66811164390133,112.66811164390133,9048900
2020-01-31,112.38790893554688,114.48520623822884,111.63220351173868,114.1965126957306,12785200
2020-02-03,113.24549865722656,113.984231224307,112.64263939865012,112.64263939865012,10021100
2020-02-04,114.87580871582033,115.98815101231716,114.69750330209698,115.09658507462322,9157100
2020-02-05,116.82875061035156,116.94762519581688,115.48715859932427,115.96266989754358,10150700
2020-02-06,116.84571075439452,117.42309776956084,116.4211569057057,117.38065274977616,8992300
2020-02-07,116.47210693359376,116.8966608028376,115.73338734714336,116.09849745564225,6379800
2020-02-10,116.95612335205078,117.04952573654332,116.11550189161784,116.28532087532484,5960700
2020-02-11,117.1769027709961,117.87317754274598,116.9900979764466,117.39766618439108,6578600
2020-02-12,117.1769027709961,118.2722463787093,117.0070837640492,117.68637274819648,7958000
2020-02-13,117.07501220703124,117.46559462153128,115.81832307042892,116.96462402380496,7447500
2020-02-14,116.7183609008789,117.33820595123134,116.27682122840214,117.04101304629656,6627600
2020-02-18,115.17298889160156,116.930648369857,114.67201836686158,116.61646965329932,8996400
2020-02-19,116.74384307861328,117.50803496184152,115.76736127631322,116.25135897035334,7071200
2020-02-20,116.74384307861328,117.4825627628244,115.92869384099326,116.4721223472874,7422800
2020-02-21,115.31732940673828,116.2598395924878,114.56162397537926,115.94567384935696,9772800
2020-02-24,112.21807861328124,113.10114493521417,111.06329160376562,111.6067200225756,13618400
2020-02-25,107.20834350585938,112.27751119820756,106.63943640492464,111.23311232098855,20797200
2020-02-26,107.53101348876952,109.49245047415594,107.2762785522509,107.77725553322328,24825600
2020-02-27,103.05622863769533,106.66493722959274,102.99679134354416,104.36385558719964,23005500
2020-02-28,98.58990478515624,100.61077896799982,95.66048553747471,99.78714338546688,45931400
2020-03-02,103.18356323242188,103.23451409878216,97.18886503762508,99.03142716291283,27355400
2020-03-03,99.31163024902344,104.3977832730969,98.7002717027766,102.7165537490954,32547700
2020-03-04,101.76557159423828,102.05427162357164,97.39266499711862,100.47493054982996,25795900
2020-03-05,96.77281951904295,98.86162398398,95.59256016460512,98.21630022530869,25025600
2020-03-06,91.77156829833984,93.67356786773657,89.17329414636761,90.22619243354664,38159400
2020-03-09,79.34062194824219,84.25695608475827,78.96701250423764,81.99832659607968,40352000
2020-03-10,85.5051498413086,85.99763390263438,80.30861443533281,84.06166922368824,31102700
2020-03-11,81.4803695678711,84.95322323573214,80.28313114633147,82.9578150695373,38127000
2020-03-12,74.7639389038086,82.32948547887791,73.2949796670311,76.07155911921086,49725200
2020-03-13,88.23078918457031,88.2987128809799,78.11791279861542,81.50585089849162,38543300
2020-03-16,75.02717590332031,79.79916471876126,71.79207681951219,72.343991781834,38589700
2020-03-17,79.61235046386719,82.7370674788808,74.2969337337138,77.17540870525711,35239800
2020-03-18,71.23165130615234,77.09049629696509,68.23430187251955,74.44127768526258,41525600
2020-03-19,72.42890167236328,74.8148926405872,65.30488738064852,69.25323367204547,32175100
2020-03-20,70.90052032470703,75.9612033932566,70.03443298670868,73.27802539393333,30150800
2020-03-23,67.10498809814453,71.11277793277483,66.30682469668795,70.20423284995486,32536600
2020-03-24,75.08660888671875,76.50461746887855,70.39104342192034,72.08925915476195,34363200
2020-03-25,77.88865661621094,80.79260356116563,71.78356983179975,75.77437365826886,38111700
2020-03-26,83.314453125,83.69654901372054,79.42553815165516,79.88405710502654,29826300
2020-03-27,77.3791732788086,80.52936169836178,76.88669579407694,79.12833934048771,30041500
2020-03-30,79.39158630371094,79.89255684037957,75.82533582037733,76.97163015586464,21656900
2020-03-31,76.44515991210938,79.96046502894659,75.85927356657744,78.16036097536798,23379300
2020-04-01,71.6307373046875,73.49877194587398,70.68822709187488,72.2590752871697,28029600
2020-04-02,74.30542755126953,74.64507197677557,70.44198435772319,70.90899625256631,24018000
2020-04-03,72.10913848876953,75.05184352198809,71.01098077265377,73.78210214002466,21199400
2020-04-06,76.75054168701172,78.06317567195755,75.24058060151656,76.34731288473485,26820800
2020-04-07,77.76287841796875,81.07449315955418,77.53981448764826,81.03159398412883,22563800
2020-04-08,80.90292358398438,81.38336301371866,77.68568123380732,79.01547081124937,22903300
2020-04-09,88.16101837158203,89.55944397314734,83.12495950408035,83.15069639467724,42055900
2020-04-13,84.24027252197266,88.46129275065516,83.47671422413971,88.46129275065516,26911900
2020-04-14,81.93241882324219,87.50897088974558,80.33666647749548,86.66819554431662,46151300
2020-04-15,77.89157104492188,78.95540385390291,77.32533333571718,78.2004267871253,30118600
2020-04-16,74.92314147949219,77.70283703944504,74.68292176444021,77.41114354130944,32449600
2020-04-17,81.65788269042969,82.10400398421818,78.03741238649225,78.92966151956409,30191900
2020-04-20,78.68087768554688,81.25467155113427,77.60846357488546,79.33290729756797,23679400
2020-04-21,76.39877319335938,78.39774784191738,75.78106170459651,76.02986252898685,23035000
2020-04-22,76.64757537841797,78.8181469574075,76.51030978092031,77.80578781206513,16662400
2020-04-23,76.69044494628906,78.31193387267939,76.5789162822943,76.99071946126995,16638800
2020-04-24,77.82292938232422,78.15752198805775,75.91832129092113,77.76287446707704,15809200
2020-04-27,81.17745208740234,82.04395788223732,78.5350224339263,78.87819622127958,22870200
2020-04-28,81.75225830078125,84.38610661249527,81.52919437386711,83.9142418720029,20238900
2020-04-29,83.9571304321289,85.32123761682445,83.45094772491571,85.00380732743943,20462600
2020-04-30,82.1554946899414,83.0820554242805,81.1173987089304,82.01822255419002,19127600
2020-05-01,80.00208282470703,80.42246727169062,78.79239671468865,80.21656562048373,18547700
2020-05-04,79.04979705810547,79.50449964354057,77.90017214742026,78.9468429358289,15725900
2020-05-05,78.92967224121094,80.82569945198054,78.84388042830878,80.3452600633318,18064100
2020-05-06,77.44544219970703,79.58169548063148,77.15374874990736,79.06693809860575,20978000
2020-05-07,78.25192260742188,79.71040992215465,77.71142817904573,78.36345133361142,16771900
2020-05-08,79.53022766113281,80.71417702592979,79.02405134380375,79.61602602620223,20487800
2020-05-11,77.18807220458984,78.1661132628034,76.63899675245226,78.1661132628034,31907600
2020-05-12,74.66576385498047,77.89158754262587,74.55423513658859,77.34251200585602,27962900
2020-05-13,72.09194946289062,74.51989605277619,71.55145522494047,74.10808624374641,35451600
2020-05-14,75.08614349365234,75.59232635755339,70.69353948540714,70.96807723592246,35152500
2020-05-15,73.6962890625,74.88023172474439,73.18153166785007,74.51132105857111,26099000
2020-05-18,77.5998764038086,78.20043218644497,75.3949934253127,76.08992216599914,30504400
2020-05-19,76.0727767944336,78.24334222132053,76.00414071049714,77.25672633309718,19597300
2020-05-20,78.3548583984375,79.26426337972659,77.53124522841227,77.82293869580853,20552400
2020-05-21,77.35966491699219,78.72377910822692,76.93069926052158,77.44545673918702,14621400
2020-05-22,76.75910949707031,77.52266778107916,76.11566106365862,77.22239315458623,13557900
2020-05-26,82.20697021484375,83.6482949433803,79.45301175139812,79.69323144857157,41233900
2020-05-27,86.96849822998047,88.0065943174326,84.7636150509879,87.56904752173084,39402000
2020-05-28,85.67301940917969,88.32402396167672,85.27837180001329,88.3154493615074,24713900
2020-05-29,83.48527526855469,85.08960882079171,83.03057282182043,84.64348751800385,26526400
2020-06-01,84.59201049804688,85.37273099023453,83.54533344260619,83.86277032604984,15176800
2020-06-02,84.8751449584961,86.15346078064486,84.01721364649087,86.03335092060385,21195000
2020-06-03,89.45648956298828,90.01414619085564,86.70253100499284,87.14865892548514,25941100
2020-06-04,91.3182144165039,91.46406117417104,88.18676369952125,89.07043193720611,26784700
2020-06-05,95.42769622802734,99.32269835974633,93.96920916945568,98.60203924848427,42231000
2020-06-08,97.33230590820312,97.96717979953742,96.036834324135,97.29799441534404,24881800
2020-06-09,94.83570098876952,95.77084271052549,93.52306750274792,94.93007392983596,17031100
2020-06-10,90.99217987060548,94.80997759146284,90.81201510625648,94.76707841378644,24913300
2020-06-11,83.39948272705078,87.14864404803826,82.82467045213703,85.81884820440678,36259200
2020-06-12,85.68160247802734,86.7625912182916,83.50245616028593,86.40226163820351,24856800
2020-06-15,86.86553192138672,87.01995979551123,82.24986453221386,82.72172275362537,22153600
2020-06-16,87.56045532226562,90.66616859231152,85.20114454530828,90.4002120174676,22193600
2020-06-17,85.34699249267578,87.97225968053323,85.11534741992651,87.96367853641415,15639800
2020-06-18,84.88370513916016,86.23923130275338,84.18877649713687,84.65206007665411,16591900
2020-06-19,83.91425323486328,86.30788220117432,82.98769246201383,86.24782727566097,40371200
2020-06-22,83.00484466552734,84.03435950054491,82.82467989667406,83.43381027103393,16216900
2020-06-23,84.01719665527344,85.76737696327595,83.94856059327448,84.90944582477442,15381400
2020-06-24,81.2117691040039,83.08205280339946,80.91148795289425,83.00484213859674,22919800
2020-06-25,84.04293823242188,84.25742102901712,80.86859546101043,80.94580612594687,25743600
2020-06-26,79.43585205078125,81.82090644667028,78.9296757503076,81.59784248681095,41896300
2020-06-29,79.78760528564453,81.06592099995525,79.0841019309673,80.13077909059595,18499700
2020-06-30,80.697021484375,81.2117855358624,79.41870559297408,79.64176957891883,19137000
2020-07-01,80.01065063476562,82.11257906487332,79.81332361551942,81.40907587379087,18755700
2020-07-02,80.27055358886719,82.26301957751744,79.63815804314207,82.07243443745568,27845600
2020-07-06,82.29768371582031,82.47093935361573,80.98092368444992,81.80389787789655,18625300
2020-07-07,79.97602844238281,81.51802620528396,79.69881543567338,81.27546565057314,25757200
2020-07-08,80.82501220703125,80.85965805627191,79.52557475424477,79.95005580488977,18762200
2020-07-09,79.0750732421875,81.53534410901963,78.64192756789043,81.01556401244038,25600800
2020-07-10,83.39785766601562,83.89164342561081,79.58618136492613,79.69879685070121,28954200
2020-07-13,84.59335327148438,85.99674105545695,83.36322111712268,85.52894953365183,32079200
2020-07-14,85.07847595214844,86.58582110833947,83.71839874487657,85.21708574591617,42731700
2020-07-15,86.39524841308594,87.74666094754811,85.45965206956019,87.40014304891496,22508400
2020-07-16,86.63780975341797,87.68602161466315,85.37302502970199,85.57226836197876,16886900
2020-07-17,85.03516387939453,86.69844172019829,85.0178343508336,86.6291368245118,16137700
2020-07-20,84.29014587402344,85.23440021566081,84.25549342901682,84.40276136333637,14458100
2020-07-21,86.11802673339844,86.67245267160118,84.58468733455764,84.6453274650086,17798100
2020-07-22,85.49430084228516,86.74175597070662,84.48939964040898,86.3259397976591,14271200
2020-07-23,85.7455062866211,86.06602980218831,84.87055031991588,85.32968360058695,12870200
2020-07-24,85.13911437988281,86.45588095719603,84.8445784879419,86.28261871845555,12744200
2020-07-27,83.94363403320312,84.5760230242598,83.31123843286788,84.47207229108805,11959100
2020-07-28,84.30745697021484,84.80124267608332,83.59709847038165,83.59709847038165,11754300
2020-07-29,86.3519287109375,86.37791639596287,84.03026744900617,84.09090758382501,12743500
2020-07-30,84.0475845336914,84.67131536810936,83.20728746933901,84.49805974045039,14834800
2020-07-31,83.71839141845703,83.9696166907166,82.51424702991237,83.57978824609758,14535000
2020-08-03,83.25059509277344,84.52404439926426,83.03402226130979,84.04758152633289,12962800
2020-08-04,82.7741470336914,83.1206583109568,82.32367179840006,83.08601247065343,13366200
2020-08-05,84.21217346191406,85.30370231139402,82.92140132177026,83.05134633396895,15260900
2020-08-06,84.23817443847656,84.98318557611033,83.63177309820672,84.53271695323542,10482100
2020-08-07,86.0920181274414,86.18731068934667,83.64907717799561,83.96960730524762,14743700
2020-08-10,87.18356323242188,88.3963724762334,86.655124966256,86.72442986230892,14989900
2020-08-11,89.93836975097656,91.96549499319455,89.66982154129963,89.97302219888304,31518600
2020-08-12,89.176025390625,92.19938007035591,88.11048422113748,91.96548433569068,19240800
2020-08-13,88.68225860595703,89.53988529559865,88.04986293587912,88.36172838834503,13598600
2020-08-14,88.7169189453125,89.49657603651931,87.85928557013719,87.92859047890931,12134400
2020-08-17,86.3779067993164,88.36171471695758,86.22197409720947,87.92856905658033,14988000
2020-08-18,85.17378234863281,86.55118930818692,85.000526687599,86.55118930818692,13246500
2020-08-19,85.3730239868164,87.1402527068246,85.19109696839755,85.69354758941907,13533000
2020-08-20,84.35079193115234,84.9225407907658,83.85700612132679,84.25549935300369,13672600
2020-08-21,84.30745697021484,85.39032094003844,83.97826870272824,84.26413976771103,12228300
2020-08-24,86.68112182617188,86.81106686770765,84.39411288854792,85.28639203953189,17898300
2020-08-25,87.0622787475586,88.34439282525686,86.4558774596949,87.72932016420866,13648900
2020-08-26,85.84080505371094,86.86302909148881,85.80615921654008,86.57715797451984,12052400
2020-08-27,88.66490936279297,88.92479938515963,85.76283495632833,85.76283495632833,22163900
2020-08-28,89.02876281738281,89.44458559068121,88.19712388006474,89.34929300949364,13756700
2020-08-31,86.79374694824219,88.51766517168535,86.64647237112585,88.46568979698523,14219400
2020-09-01,86.75039672851562,87.38279218700495,85.79747776893521,86.23928811365305,11595600
2020-09-02,88.05851745605469,88.30974274182839,86.24796508936782,86.58581818868592,14475700
2020-09-03,87.78130340576172,90.95192628552134,87.18356026389556,89.50522132838861,23281200
2020-09-04,89.678466796875,91.14250111626212,87.81594590707866,90.13760670863374,26325500
2020-09-08,86.5598373413086,89.7218023549729,86.1786736097565,89.210693588203,22108600
2020-09-09,87.38279724121094,88.09315577317903,86.24795125518966,87.32215712052869,13434000
2020-09-10,86.48186492919922,88.72555629804883,86.31726746177934,87.84194205086902,15922800
2020-09-11,87.55606842041016,87.80729371059084,86.2739542859154,86.60314923614874,13784300
2020-09-14,88.76885223388672,89.626478593152,87.81593332256121,87.93721355076936,19017400
2020-09-15,86.00540161132812,89.09806137443142,85.88412135467924,88.99411064546283,23683000
2020-09-16,86.36924743652344,87.60804436704038,85.55493803840143,86.13535167337574,19270600
2020-09-17,85.38167572021484,86.05738193455902,84.64532937405204,85.50295598385208,18290100
2020-09-18,85.19972229003906,86.18729354490206,84.41140088205508,84.80122920555716,20121600
2020-09-21,82.56623077392578,83.20729116515068,81.27545844548227,82.47093819169719,28378800
2020-09-22,81.66527557373047,82.86942652633276,81.14550213066521,82.26301866835837,19257000
2020-09-23,80.33985137939453,82.6008721467639,80.27055310011238,82.10708638200956,19952700
2020-09-24,80.27055358886719,81.69127076661015,79.16169519298766,79.97601111533228,18366500
2020-09-25,80.97225952148438,81.18883237497747,79.58619458098434,79.74212729987053,13293100
2020-09-28,83.30258178710938,83.96962323773396,81.73458990415047,82.34965598724757,20894100
2020-09-29,82.60086059570312,83.18993884753031,81.71724652260086,83.18993884753031,12848200
2020-09-30,83.39785766601562,84.20350881159492,82.52290824187821,82.6008712837353,16400600
2020-10-01,84.00426483154297,84.6972938763841,83.18994892934487,84.13420984285,15778700
2020-10-02,84.80126953125,85.40767090267768,82.37565082698075,82.51426063146664,15149600
2020-10-05,86.5936279296875,86.77723639513884,85.27338800693852,85.96410937922157,13871900
2020-10-06,85.70181274414062,88.1849130964411,85.25590930379924,87.49419168398516,19220400
2020-10-07,87.19693756103516,87.73901791500906,86.27014318541899,86.5236996967266,16358500
2020-10-08,88.98931121826172,89.11171689133317,87.34557312943872,87.87891499236814,15659000
2020-10-09,88.48219299316406,89.27783649201149,87.52917649870304,89.18165965873084,13689100
2020-10-12,89.56637573242188,90.05599844373462,88.17618743336008,88.39476995385459,16058000
2020-10-13,88.11497497558594,90.24834227732326,87.66032631765603,90.05598861298847,21697300
2020-10-14,87.62535858154297,89.12046216491903,87.52043657423961,88.33356378666613,15204100
2020-10-15,88.93684387207031,88.98930153464721,86.59363933158504,86.64609699416194,17171200
2020-10-16,88.75325012207031,89.470200535657,88.06252854412803,88.66581844638594,13275000
2020-10-19,87.25812530517578,89.06798790266461,87.04828132966429,88.83191509786609,11725700
2020-10-20,87.75650024414062,88.98055684827187,87.53791775474458,87.704035910672,11257100
2020-10-21,86.88216400146484,88.29857416109823,86.84719000521852,87.74774872908611,10730500
2020-10-22,89.95106506347656,90.26582438685465,86.82970733215085,86.83845249963588,14837200
2020-10-23,90.7641830444336,91.32375363605786,89.99477514860213,90.49314291522398,15087600
2020-10-26,88.51715087890625,89.79367164115708,87.65156620756912,89.74995915164735,12410700
2020-10-27,86.8471908569336,88.23737220066776,86.69855637438486,87.87890040919096,10391700
2020-10-28,84.4078140258789,85.94663660295843,83.99687788280016,85.24716997593825,16389500
2020-10-29,84.95865631103516,85.66686824551316,83.27119890960006,84.04061368576286,14208800
2020-10-30,85.71931457519531,86.05155757600383,84.13677939917962,85.60565407585231,15194500
2020-11-02,87.65158081054688,88.20240629851085,85.5619326844728,86.89965649139127,15011600
2020-11-03,90.41446685791016,91.57732066710382,89.78494820205916,90.07347202715052,17482600
2020-11-04,87.65158081054688,89.24286111305118,86.49746549961638,88.30732829790757,18886500
2020-11-05,91.23633575439452,91.89208326581176,88.30733153751933,88.35978920383795,17837400
2020-11-06,90.02098846435547,91.89205355839472,89.52262078361804,91.83085074393948,12552800
2020-11-09,102.20917510986328,103.9578350547006,96.48231112227772,98.9391828807878,47792400
2020-11-10,101.8769302368164,102.69005741618668,100.2769113817918,102.60262574895938,20539300
2020-11-11,100.35559844970705,102.26163815673934,99.63864810140728,102.2004353222726,14443400
2020-11-12,99.12278747558594,99.63863893713024,97.97741072075657,98.38834685892674,22063000
2020-11-13,99.74359130859376,100.42556780065767,99.297681036625,100.2856717660753,11847900
2020-11-16,102.55890655517578,103.70427666347872,101.18620879043588,102.98732636604656,19858600
2020-11-17,101.51844787597656,101.80697835146356,100.18072416131052,100.88892926422596,14553200
2020-11-18,100.7665023803711,103.70425083591157,100.72278322519556,102.59384833227584,12571200
2020-11-19,101.03756713867188,101.26489479400747,99.2889072343232,99.83099420609022,10202500
2020-11-20,100.1719741821289,101.11625205439243,99.75229290425368,100.04956853245857,12718900
2020-11-23,103.0572738647461,103.31956884803488,101.04631230649136,101.46599361860484,13209200
2020-11-24,107.8223876953125,107.97976738018086,104.66605549978156,104.98081486951828,20121600
2020-11-25,106.6944808959961,107.00049503911085,105.33052833205149,106.117426607638,11715600
2020-11-27,105.98627471923828,106.97426513440656,105.86386906322126,106.668250994364,5983600
2020-11-30,103.0660171508789,105.54911779917222,102.96984031802126,104.91959913705254,14411800
2020-12-01,104.6922607421875,106.30103123280368,104.59608391918616,105.21685734998992,12668900
2020-12-02,106.70323181152344,106.93929797161294,104.28133402566635,104.65729618477808,10811300
2020-12-03,106.00374603271484,106.57206175264388,105.23433818873237,106.53708775919824,12904400
2020-12-04,106.9655303955078,107.79614790872414,106.39722122457025,107.08794273406686,13583700
2020-12-07,106.5633316040039,106.8168880892617,105.10320219256836,105.92507447784476,9724300
2020-12-08,106.66825103759766,106.956781514301,105.58408379646116,105.82889510859444,9592100
2020-12-09,105.83763885498048,107.80488116328414,105.30429707330283,107.69121400517088,13073900
2020-12-10,105.15565490722656,105.6015650272589,104.53488147415806,104.91084360073282,13668400
2020-12-11,104.53489685058594,104.93708786621512,103.49444864494411,103.99281649807256,9981600
2020-12-14,103.43324279785156,106.16114815845393,103.26711796144257,106.09120015674397,12112400
2020-12-15,105.19938659667967,105.70649960371644,103.7130282470711,104.29882775316084,12590200
2020-12-16,105.50540161132812,105.86388012039716,104.7971964317442,105.181903774041,11169400
2020-12-17,104.6310806274414,106.1873871256702,104.55239412096454,106.02126894401596,11618000
2020-12-18,104.11519622802734,104.81465607938884,103.40698454011716,104.16765388246247,28954800
2020-12-21,108.02346801757812,109.29124377714982,105.87261046990866,107.6912183673064,28323600
2020-12-22,106.37971496582033,107.99722391072004,106.32725730758162,107.88356342766704,11788200
2020-12-23,109.35243225097656,110.62020784411376,106.97425403129738,107.35021612735854,14973200
2020-12-24,108.87157440185548,109.7721399526214,108.04096352633032,109.36994226129232,4164900
2020-12-28,109.58850860595705,110.73388533335608,109.1076311539232,110.00818990122688,8072600
2020-12-29,109.29998779296876,110.41038388297922,109.19506579862907,110.34043588675276,8389200
2020-12-30,109.60601043701172,110.03443027355408,109.20381943343604,109.71967093673685,7398000
2020-12-31,111.1011199951172,111.32844767754186,109.1338773683023,109.36994354845214,8580200
2021-01-04,110.05192565917967,111.79184058876316,109.09890243713852,111.47708123750267,16819900
2021-01-05,110.65074157714844,111.22315025197018,108.99515915036255,110.069524754473,13731200
2021-01-06,115.846435546875,116.92080110751802,112.6145307174486,114.37579069127582,24909100
2021-01-07,119.65074157714844,121.69380190527878,118.81414892654028,119.49223522615382,21940400
2021-01-08,119.78282928466795,120.07343766395952,118.10963074668275,119.73879526890347,12035100
2021-01-11,121.57052612304688,121.7026147612776,118.10085456100956,118.51475021052964,15937900
2021-01-12,123.48143005371094,124.74953417008308,122.25735994307516,122.79454256355802,18033500
2021-01-13,123.595947265625,123.98341167784736,121.6145374383782,122.046035867554,14816800
2021-01-14,124.31803131103516,125.70942268067648,123.28770000206448,123.71921178949717,18565600
2021-01-15,122.09009552001952,124.74077727472364,120.65466957716905,121.02453121010696,27881000
2021-01-19,121.56167602539062,123.9041457379864,121.36795055789584,123.1644227036806,19843800
2021-01-20,119.73880004882812,121.67617588414949,119.27206902514192,121.36796463608444,16028800
2021-01-21,118.73490142822266,119.90613656999406,118.28578664163402,119.49224093954489,13411700
2021-01-22,117.81903076171876,118.3562135428104,116.41883764679488,116.85034953235896,12933200
2021-01-25,116.34838104248048,117.27304165159816,114.53429241281276,116.36599733676432,14212800
2021-01-26,115.87285614013672,117.27304928772688,115.66150090685476,116.9031877074557,11307800
2021-01-27,112.59690856933594,114.34936019999962,112.14778715818947,114.12038870252223,17603900
2021-01-28,114.57833099365234,116.39241969557716,113.59203347119907,114.3933934895444,13761800
2021-01-29,113.31023406982422,115.99614814945748,112.88753702300718,115.52941708088314,14808100
2021-02-01,114.14682006835938,114.54311280373652,113.14290624248248,113.95308113377824,11080700
2021-02-02,117.6605224609375,118.3474101450309,115.55582539048804,116.18987762769667,12253600
2021-02-03,119.00788879394533,119.55387303467552,117.57246300806806,117.6957502055651,10600800
2021-02-04,121.74664306640624,122.10770324367026,119.29850187936754,119.29850187936754,12419500
2021-02-05,121.50887298583984,122.8386279539514,120.98050500785769,122.75055990563892,10051300
2021-02-08,123.4110336303711,123.55193713694712,121.6849992680598,121.7026155657063,10136400
2021-02-09,122.91783905029295,123.2700842483456,122.00198003568738,122.7857370230535,8614800
2021-02-10,122.98834228515624,124.053893189761,122.44234453102872,123.28775217262384,10323200
2021-02-11,122.6448745727539,123.77207558463172,121.72021392341615,122.98831842110268,9201000
2021-02-12,124.38853454589844,124.70556072895867,122.40712426109651,122.45115828821848,8324600
2021-02-16,127.38260650634766,127.97263803362262,125.40119705779703,126.41392550498747,12130600
2021-02-17,127.7789077758789,128.02548211559056,126.03525766854015,126.76617926029036,10810100
2021-02-18,128.21041870117188,128.38654132716314,126.28184436892424,126.81022568419304,10587800
2021-02-19,130.350341796875,131.07244855889576,128.44818528078548,128.44818528078548,11969800
2021-02-22,131.57443237304688,132.26132009222363,129.2671813886335,129.33763313384347,11488400
2021-02-23,132.63116455078125,134.1282269906219,131.732921711959,133.4237230667867,16234400
2021-02-24,134.96484375,135.40515710177942,132.19087500870853,132.19087500870853,15061400
2021-02-25,133.13311767578125,136.40904957327805,132.61355122726894,135.85426397456783,18127700
2021-02-26,129.60182189941406,132.86013780265938,129.02060508801296,132.3581876017557,19829200
2021-03-01,132.53431701660156,133.30927280473998,130.7554473380552,131.6713066217273,14845500
2021-03-02,132.10279846191406,133.6615113893449,131.95309354441903,132.16444877709827,14221700
2021-03-03,134.6566162109375,136.47950627985796,132.81610984762924,133.17715654015848,14324100
2021-03-04,132.58712768554688,135.95112746682216,130.87871007409666,134.392414752408,20093900
2021-03-05,132.8953857421875,135.16740436410242,130.3063409535566,134.92963137974098,18465100
2021-03-08,134.6566162109375,136.90221672139225,132.75445953591966,134.26913835817882,17133300
2021-03-09,133.70550537109375,135.83661960592065,131.93545117832187,133.4148970521684,16238800
2021-03-10,136.61158752441406,137.51863170644867,133.42371059054437,133.77596923817018,14342200
2021-03-11,135.89833068847656,137.50986586570562,135.0529230700711,135.7133931528791,11771500
2021-03-12,137.5098419189453,138.81317899690382,136.5587769901482,138.13509273419663,12849500
2021-03-15,136.82293701171875,138.18791079419634,135.58126384085173,137.6859606692276,12101100
2021-03-16,135.1849822998047,136.1448754903237,134.02256219436296,135.69574733185925,12805600
2021-03-17,136.57640075683594,138.1527301795073,134.77992808182782,136.79655744647064,13952400
2021-03-18,138.83082580566406,142.38856601668954,138.35529319072114,138.78680521037873,21898500
2021-03-19,136.62039184570312,137.32489571858508,133.1419199301348,136.94621934402736,54418800
2021-03-22,132.9481964111328,135.59007616213268,132.63117030352103,134.55974467171816,19944800
2021-03-23,131.61846923828125,133.9609259899851,131.17815589917424,132.3846101483925,17076300
2021-03-24,132.6399688720703,134.89437072768226,131.9706975203402,132.0939847019035,13079800
2021-03-25,134.33961486816406,134.70947649473055,131.5039956271896,132.09401394366222,15608300
2021-03-26,136.57640075683594,136.89342692740183,134.3396147025584,135.88071153000138,16754400
2021-03-29,134.45407104492188,135.37873171882052,133.00984387026077,133.9609222687883,17570300
2021-03-30,136.03916931152344,137.2632395312353,135.51080150748052,136.0215664574939,13184300
2021-03-31,134.05783081054688,136.0480562279646,133.96096131290884,134.98249175394625,16736700
2021-04-01,135.36111450195312,135.4315528019606,133.4589579066724,133.76716914041373,16561500
2021-04-05,136.07861328125,137.2478931400585,135.17509359010108,136.76954646456912,13508000
2021-04-06,135.1219482421875,136.66326817490452,134.51960171546628,135.34340155638282,13071600
2021-04-07,137.23904418945312,137.50479087520506,135.21939100403904,135.6180177908859,16903500
2021-04-08,137.40736389160156,137.7528305608755,134.91823051600736,136.4152572550075,12335500
2021-04-09,138.4348907470703,139.10810393713942,137.2744775763551,138.01855744692156,12122400
2021-04-12,138.142578125,139.2941380907228,137.80597827023522,137.8148315371055,12273400
2021-04-13,136.4949493408203,137.47820250896228,135.02449622153836,137.07958928218827,16113600
2021-04-14,133.94381713867188,136.26464334923372,133.69577701269915,134.17412369997368,19939600
2021-04-15,134.79420471191406,134.82077802890367,132.26964498283633,133.9792581192111,17694100
2021-04-16,135.79519653320312,136.8670231749179,135.25484982009772,136.30010314120403,13773400
2021-04-19,135.21939086914062,136.3089509279928,134.8384976492119,135.9014708747213,11900200
2021-04-20,132.22532653808594,134.42213926335634,131.67611321944182,134.4132859981849,13716700
2021-04-21,133.35031127929688,133.41232469030226,130.0285118266631,130.91432501403213,12236700
2021-04-22,130.5423126220703,133.13775283685536,130.4448726102571,133.07573941277448,15256100
2021-04-23,133.04031372070312,133.8729804606328,129.9399668903332,130.37400679606372,14041900
2021-04-26,133.36805725097656,135.05111074398204,133.20861733414867,133.56293727139234,10799100
2021-04-27,133.979248046875,134.26271476203746,132.96942152787338,133.31488813920456,12821200
2021-04-28,134.84735107421875,135.431991079688,134.11212443396582,135.0245110259385,8943700
2021-04-29,137.46937561035156,137.54909556770974,135.70660218227766,136.0077754765901,12976900
2021-04-30,136.2469482421875,136.8493083444974,135.53829486388602,136.5038416810858,11705100
2021-05-03,135.84832763671875,137.72624749927576,135.64459436320922,137.1681943138854,11801100
2021-05-04,137.72621154785156,137.86794488218175,134.7675991549912,135.41423890777494,12977700
2021-05-05,139.53329467773438,140.2065078227288,136.9732951505836,138.18685487130918,10506700
2021-05-06,142.34130859375,142.45646862151747,139.21438944541856,140.02048260692052,13542400
2021-05-07,142.8285675048828,143.0588741391262,139.09043361324487,139.26759360238907,14257800
2021-05-10,142.81082153320312,145.03420805380213,142.72223479648767,143.05884817628035,14014300
2021-05-11,140.43679809570312,143.847183819959,139.99389156093923,142.68677086150717,15451700
2021-05-12,139.47129821777344,142.42105806183002,139.09925826218583,141.3846581463136,14381700
2021-05-13,143.05885314941406,143.9003731117111,139.6750397325404,140.11794639863766,15395000
2021-05-14,145.2822265625,145.6719865559239,143.49289352569042,143.8472134198371,10584000
2021-05-17,145.8668670654297,146.02632047986253,144.4141338680211,144.71530713074833,9886800
2021-05-18,143.811767578125,146.6020735410634,143.7143275928179,145.87570028396777,11098100
2021-05-19,142.71339416503906,142.7753940730786,140.5254340355443,142.6159541526002,13278900
2021-05-20,142.46534729003906,143.37773386051856,141.30493408970716,142.46534729003906,10426000
2021-05-21,144.0863800048828,144.5824332399298,142.56278020213165,142.9171000796118,10249000
2021-05-24,144.8658905029297,145.4771037977023,143.60803733121725,144.7064506085215,9440300
2021-05-25,143.3688507080078,146.77922291578994,143.1119573486442,145.14047684704315,12609100
2021-05-26,143.3511505126953,145.04305695370667,142.8905238681587,144.89247033300822,13058300
2021-05-27,145.58338928222656,145.93770911782013,144.00664303589514,145.22905593019766,15707500
2021-05-28,145.4859619140625,146.1060284383306,144.61785526365065,145.87570836043355,10291300
2021-06-01,147.08929443359375,147.85109437737117,146.58437438782184,146.92984101834662,9445400
2021-06-02,147.09815979003906,148.3205865137981,146.6286798052641,148.16113308544578,10498600
2021-06-03,147.19557189941406,148.15225173889317,145.85799888715036,146.52235876041894,13354400
2021-06-04,147.43478393554688,147.63851723222092,146.18578380203266,147.23105063887286,8510800
2021-06-07,146.7438201904297,148.01939338048288,146.2831935348134,147.93080665255926,7267200
2021-06-08,146.15919494628906,146.8324081904269,144.52930171325747,145.70743502782742,10370700
2021-06-09,144.33441162109375,145.46825148802247,143.7497716382106,145.39738480678477,12377400
2021-06-10,142.08445739746094,146.3718043281314,142.0047374390849,145.59228424683872,12119400
2021-06-11,141.98699951171875,142.79309281098625,140.89745300176443,142.11101282572625,13683800
2021-06-14,139.57757568359375,142.02241495666388,138.77148252425874,141.86296157122715,19917900
2021-06-15,137.4604949951172,139.00181493114965,136.53040188664625,138.80693493292355,24485500
2021-06-16,138.42604064941406,139.62188042953358,135.6268675296592,137.06188067237764,25321200
2021-06-17,134.4310302734375,139.48017722453247,133.97927032701327,139.16128387516267,29722400
2021-06-18,131.02951049804688,132.6062571964345,130.7106171480112,132.25193725925675,43595700
2021-06-21,133.2528533935547,133.93493324083482,132.00386723958206,132.05701386105733,18664800
2021-06-22,133.05799865722656,133.73121178251924,131.68498557713028,133.4034652436372,14251200
2021-06-23,133.8640594482422,134.6790058058335,132.9516731176544,133.04911309065088,12733300
2021-06-24,135.09535217285156,135.63569870913977,133.95265921129018,134.57272568331712,13733200
2021-06-25,136.4595184326172,136.8581316467477,134.35127881079288,135.16622528665232,15484900
2021-06-28,136.70753479003906,136.84040134598183,134.74988192839422,136.14946822220952,14125800
2021-06-29,136.53924560546875,138.4614586204309,136.06976569250935,137.3010454953261,14528700
2021-06-30,137.77938842773438,138.25773515704287,136.1583620574047,136.19378864055014,12531000
2021-07-01,139.14352416992188,139.19667079359778,137.67307117152365,138.41715093585697,10479400
2021-07-02,139.0099334716797,139.26830730268145,138.19919483476065,138.93865840086298,11424000
2021-07-06,136.67568969726562,138.78716032817837,135.73131909600215,138.78716032817837,15083400
2021-07-07,136.83604431152344,137.45077969077047,135.0185782111768,135.42839273445813,12271800
2021-07-08,134.47512817382812,135.89168414226174,133.67329403738046,135.07204143862106,17834600
2021-07-09,138.77828979492188,139.11682936425737,135.93625942246555,136.35499193720963,13694500
2021-07-12,140.76499938964844,141.79846720476752,137.14787563105716,137.51315515793425,19940400
2021-07-13,138.67132568359375,140.22152727624055,136.75585818903411,139.0277008973585,22671700
2021-07-14,138.1991729736328,140.12355879828436,136.26588286441137,138.93863642276264,14622800
2021-07-15,138.50209045410156,139.45536545365871,136.9340663885465,137.11224723390674,11539300
2021-07-16,135.33932495117188,139.23263134931787,134.54640866061675,138.94754472512614,14002700
2021-07-19,130.93820190429688,133.47732329989526,129.8156502695137,132.3458537859426,22172900
2021-07-20,133.37930297851562,134.63548668039795,130.36799661878015,130.53727316719028,15385200
2021-07-21,136.18569946289062,136.88951856411663,134.84932272352992,135.4640581987282,12356700
2021-07-22,134.46624755859375,136.70246044468354,133.61097388923127,136.20354853850046,9913300
2021-07-23,134.2078399658203,136.16785616039863,133.86038261130108,134.95620756104248,9666100
2021-07-26,135.10768127441406,135.38387721643653,133.7891267139679,133.80694887668835,8208000
2021-07-27,134.92947387695312,135.85603583549712,133.45946520848875,133.99400763596472,11218700
2021-07-28,135.15220642089844,136.10549484320492,134.4216610081107,135.67784457811854,9217300
2021-07-29,136.31040954589844,137.0855036029361,135.33931250523568,136.43513748144846,9063500
2021-07-30,135.2235107421875,136.907344941847,134.70677675574072,135.93624774398745,9805200
2021-08-02,134.68003845214844,137.602247667399,134.59095483122,135.4462282826304,10203200
2021-08-03,136.21241760253906,136.59551931350722,133.21002906140902,135.37495272185765,10394800
2021-08-04,134.7423858642578,136.64003115242863,134.4483814180738,134.7512901465092,10155000
2021-08-05,136.4440460205078,136.92514921143965,135.42840034382775,135.66895193929366,9151500
2021-08-06,140.3195343017578,140.60463448402783,138.1902415948565,138.26151664042402,13328800
2021-08-09,140.16810607910156,141.25502693672527,138.89408649266537,140.33738264461587,9516900
2021-08-10,141.88755798339844,142.5290198600422,139.25935330248848,139.64245500947143,8667000
2021-08-11,143.580322265625,143.88323106839357,141.72721152828555,142.54685430924442,9156500
2021-08-12,144.14158630371094,144.65832026413224,143.03685692117227,144.2217792381911,8844200
2021-08-13,142.52903747558594,144.47124550722398,142.16377147944905,144.1415966501648,8980900
2021-08-16,141.59356689453125,141.6826641169598,139.67809896126502,141.6024847733706,8755800
2021-08-17,139.8830108642578,141.53121437314817,138.3328224598618,140.38193629422256,9347200
2021-08-18,138.60902404785156,140.7739482622067,138.39519883392902,139.2593903813291,8065500
2021-08-19,137.45077514648438,138.5911486608282,136.31930591476095,136.45295172001468,9517700
2021-08-20,137.8427734375,138.00313208171133,136.45294414370656,137.51313827262751,6974100
2021-08-23,139.6068115234375,139.95426890917625,138.30607919501094,138.38625853149074,7934600
2021-08-24,140.4709930419922,141.2550049732793,139.758256158488,139.87407981042597,7670900
2021-08-25,143.36648559570312,144.13267541995864,140.58682650971858,141.21937051217787,11335000
2021-08-26,144.10594177246094,145.95905226861288,143.57138570064427,144.56030491747717,11027500
2021-08-27,145.26419067382812,145.36219220303553,143.6694397525738,144.10599449073968,8780200
2021-08-30,142.93887329101562,145.656175666473,142.43996143079957,145.40671973636498,7937600
2021-08-31,142.5023193359375,143.76742115768351,141.9677767377183,142.93887401299588,12340800
2021-09-01,142.29734802246094,143.22389626592965,141.62915987945323,142.74280678446607,8729900
2021-09-02,142.9566650390625,143.9812149915615,142.03900726972964,142.56465906249136,8813300
2021-09-03,142.09249877929688,143.33977838413554,141.78957636584053,142.89431944036056,7959700
2021-09-07,141.84304809570312,143.77633835175138,141.62031861559163,142.53796298610467,9285600
2021-09-08,141.21044921875,142.17264192360997,140.80062111333154,141.5579065626446,7852700
2021-09-09,141.8251953125,143.286299842823,140.8362760905278,141.00555263396032,7904300
2021-09-10,140.19482421875,143.18830854205993,140.07009627170902,143.04575843277692,8311600
2021-09-13,142.42213439941406,142.5914109735593,140.82739735826365,141.23721197472548,10052800
2021-09-14,139.9364776611328,143.74068721332046,139.2148227605193,142.947770845456,11685600
2021-09-15,140.9075927734375,141.37977822130287,139.4019391929752,139.62466869081092,11691500
2021-09-16,140.84519958496094,143.30414155030226,140.0701054059699,142.02121767174637,10880900
2021-09-17,140.4799346923828,141.6648571876006,139.87411701656984,140.21267018501177,25581600
2021-09-20,136.2748260498047,137.70028672237294,134.0742574572328,137.10337328147915,15819900
2021-09-21,136.2925567626953,137.69130377753402,135.9361951967137,136.78256411166183,8999900
2021-09-22,138.90298461914062,140.09681109813366,138.1813434429482,138.2704270581164,11236200
2021-09-23,143.59812927246094,144.070328229005,140.47101258402603,140.76501709916,12336100
2021-09-24,145.25523376464844,145.7452412790265,143.2774087331781,143.82977342520778,10102400
2021-09-27,148.7654571533203,149.13964101489293,146.65398622218655,147.0014436360988,13220900
2021-09-28,147.96360778808594,150.83236376378696,147.58942399921077,149.40689005865082,13387900
2021-09-29,147.84783935546875,148.69420873645586,147.03710071297033,148.07948673579963,7777100
2021-09-30,145.8343505859375,148.77438232157743,145.03251633385676,148.712011544429,13161200
2021-10-01,148.8990936279297,149.94146580415529,145.7541549371569,146.1105166131168,11285000
2021-10-04,148.73873901367188,151.84804734366807,147.65181810034727,148.7565611778834,14120000
2021-10-05,151.16766357421875,152.494163582366,149.3840487611648,149.86805106327247,12292900
2021-10-06,151.49032592773438,151.56203047840847,148.7835372638271,150.56715206170296,8692600
2021-10-07,152.44935607910156,153.7220811725819,151.95639580579157,153.44423456660147,10195400
2021-10-08,152.5658721923828,153.56970858457842,151.74129034504426,152.38661764752578,8190100
2021-10-11,149.35719299316406,153.52492005964288,149.19586797568638,153.0857483945663,12154700
2021-10-12,148.20994567871094,149.4020084412026,147.68113989214436,148.55949688904704,13032600
2021-10-13,144.30209350585938,148.25471934940526,143.9435844583298,147.05369899631333,22753500
2021-10-14,146.51589965820312,146.99988816702023,143.45956057053664,144.97428636902055,15176800
2021-10-15,149.3302764892578,149.83219468115365,147.11644800438182,148.20096055749215,14267400
2021-10-18,149.2764892578125,151.12283688790518,148.70286656034446,149.21374265084629,12672900
2021-10-19,151.08700561523438,151.1586964924246,149.30339074867186,150.03833848795588,8053900
2021-10-20,153.12158203125,153.14846953208942,150.09214296795207,150.84502034394944,8185600
2021-10-21,151.92050170898438,153.5607069969029,151.1855405048525,153.04981732921493,8415200
2021-10-22,153.96405029296875,154.2418968411187,152.09977325954404,152.39554936196765,8817900
2021-10-25,153.21119689941406,155.02169922716354,152.79889914460668,154.7976276308268,10159200
2021-10-26,153.6234588623047,154.60042127563528,152.85265213482202,153.2649498302749,8015100
2021-10-27,150.4237518310547,152.99608948555067,149.98456656086825,152.6555099450701,9847000
2021-10-28,152.69134521484375,152.82578269867892,150.54026341601363,150.84499749686972,7212900
2021-10-29,152.2700958251953,154.37637433398152,151.82195262555953,153.42629926270777,8140100
2021-11-01,152.189453125,154.45705691597723,151.4813791187876,154.19712616768516,7435500
2021-11-02,152.78994750976562,153.88341803911553,151.4007008198953,152.18943724794977,7173800
2021-11-03,152.84371948242188,153.38149679568025,151.60683986767475,152.48521039107976,8402700
2021-11-04,150.83604431152344,152.54795475484534,149.222739603389,152.36870019574664,9574200
2021-11-05,150.62095642089844,152.44937495270233,150.04733357991609,151.38279177738033,7975600
2021-11-08,151.52618408203125,153.19327741544467,151.23937953150897,151.5172261410369,6413700
2021-11-09,150.37892150878906,150.99736127355266,149.32131018882671,149.99352494596204,7990300
2021-11-10,150.23553466796875,151.4275973217004,149.76050392998687,150.08316760826196,6999200
2021-11-11,150.22654724121094,151.1855664702525,149.59017795087064,150.14588475653562,5815300
2021-11-12,149.5543670654297,150.3431035677796,148.53260099477038,150.26242738822344,8113400
2021-11-15,149.2854461669922,150.38787450309113,148.78352801970303,149.86804047643008,6492500
2021-11-16,148.20994567871094,149.7426017094138,147.99483198148585,149.7336300910414,9706100
2021-11-17,147.41217041015625,148.3891189400706,146.44417981745798,148.07542702262728,9909600
2021-11-18,146.1395263671875,147.75284491070127,145.70034102926644,147.3405470754848,8122500
2021-11-19,144.23040771484375,145.29699073285676,142.91286559568005,144.57100092765336,12193600
2021-11-22,147.3046875,148.7656251530463,146.08573734808175,147.1343908817087,14549900
2021-11-23,150.8270721435547,151.07803123787048,148.21887547451016,148.33539708124425,12354400
2021-11-24,149.6439666748047,151.866752869594,149.17789396942763,150.98839612488786,9629800
2021-11-26,145.13568115234375,145.78100859212506,142.34824298283445,145.32390735404996,13619300
2021-11-29,144.50823974609375,147.69005892178674,143.24448642707395,146.37251693544695,12104400
2021-11-30,142.35716247558594,143.97048063929282,141.8731601883517,142.65293861195255,18922600
2021-12-01,141.51466369628906,146.3366890596353,141.43400119999595,144.302115036909,12253400
2021-12-02,144.49034118652344,146.31875948350122,142.3302876110837,143.25346153853386,12969900
2021-12-03,141.87315368652344,145.04601487578034,140.88724695339496,144.75023875296867,12681800
2021-12-06,143.5492401123047,145.74513916422782,142.9218423369332,144.31107538373945,11186500
2021-12-07,145.7092742919922,146.44422196620042,144.44550729255255,145.0908345400858,9851600
2021-12-08,144.04220581054688,146.33669700465146,143.5582034540192,145.7899617063495,11705700
2021-12-09,143.81809997558594,144.23934193762955,142.19581034928893,143.09209661351704,11189600
2021-12-10,143.24449157714844,144.92950062183732,142.62605180505082,144.58892110736258,10405400
2021-12-13,141.54156494140625,143.2176163496411,140.96794211831406,142.95769927759412,12069000
2021-12-14,142.6260223388672,144.20348107163807,140.98581700971897,141.12025446446816,12563600
2021-12-15,141.5594482421875,143.27135821033548,141.03064265294046,143.27135821033548,14014200
2021-12-16,143.7733154296875,145.0370826302449,142.2406595538259,143.75538587100158,19542800
2021-12-17,140.50184631347656,142.85012590064585,139.0857122089798,142.79635090669257,28082000
2021-12-20,137.97433471679688,138.65550747765232,136.0921277501959,138.48521086837707,15148000
2021-12-21,139.9013214111328,140.87827016878472,139.00503513594907,139.2918533086046,11291300
2021-12-22,140.44808959960938,140.7707532815702,139.1395189889462,139.59662017328804,7273000
2021-12-23,140.94996643066406,142.61705935160825,140.90516306053178,141.2636720790444,8055200
2021-12-27,141.7566680908203,141.7925135312409,140.1254201886432,141.2547498674569,6188100
2021-12-28,142.18685913085938,143.54024653036703,141.6849409873663,141.79249096775948,6342300
2021-12-29,142.11517333984375,143.0742063790569,141.74769262334644,142.3751040617547,6398900
2021-12-30,142.04345703125,143.62092976129685,141.94486498562208,142.6081218085958,6948200
2021-12-31,141.9269256591797,142.76942320162172,141.5773745871982,142.01654607369883,5805900
2022-01-03,144.9295196533203,145.77203112442172,142.96665009325346,143.28035582866227,13120900
2022-01-04,150.4237518310547,151.09596664749054,147.19711524166442,147.26881979656702,20195800
2022-01-05,147.6737060546875,151.80330581760188,147.6286203542225,151.31641602396266,17539400
2022-01-06,149.24256896972656,150.91062950084512,147.75482368939643,150.49587415594445,14047500
2022-01-07,150.72129821777344,151.0549075930727,148.82780911001464,149.37782156449907,13913300
2022-01-10,150.86558532714844,152.6598778705533,149.25160806771075,152.44348852321346,12922500
2022-01-11,151.0188446044922,151.9475521123548,149.95488001521278,151.7131120078545,11854100
2022-01-12,151.87542724609375,152.9123294773183,150.7393282273638,151.8934642763877,12568000
2022-01-13,151.68606567382812,153.1106883189971,151.37950496439515,151.78524869843554,13623400
2022-01-14,142.36294555664062,145.1941543975073,141.47029815231534,144.9507026039231,40158400
2022-01-18,136.39395141601562,140.46042827380643,135.73573048529457,140.46042827380643,32324800
2022-01-19,134.28404235839844,137.2595192359794,133.94142136009356,136.66443486704068,22380000
2022-01-20,133.1389617919922,135.79885290155266,132.86846135954696,134.33816982786135,14860800
2022-01-21,130.8126678466797,133.00369225221422,130.08232637816818,132.99468061665783,20705400
2022-01-24,130.69546508789062,131.17334324183742,125.8445491797596,128.28803728643487,28471400
2022-01-25,132.12005615234375,132.40859355763388,126.94452995027332,129.52327453761563,18915900
2022-01-26,133.37335205078125,135.762755839175,131.6061087193144,134.09468175592315,20709100
2022-01-27,131.02001953125,135.59143560587256,129.95606890138882,134.72583722644728,17536800
2022-01-28,132.1921844482422,132.3274277518888,128.18881756166175,130.01017201401646,14117000
2022-01-31,133.9865264892578,134.1578301341488,130.44299963461228,131.317609923402,13985700
2022-02-01,136.28573608398438,136.5742735335015,133.716016495559,134.0676629132687,14584900
2022-02-02,135.19473266601562,136.09639153266028,133.5086349880213,135.69965943002106,12441100
2022-02-03,134.07664489746094,136.73653529016707,133.7069615313582,135.24880395000494,12474900
2022-02-04,137.5570831298828,138.40464471905466,134.13980186437914,134.43735096003883,16654400
2022-02-07,138.01693725585938,138.5128386544454,136.01525335617333,138.19726628791096,12572300
2022-02-08,140.61370849609375,142.89490450641233,139.5768062216666,139.75713525745087,20411400
2022-02-09,141.1997833251953,141.94814807359296,140.4964905133302,141.19075793131088,9131100
2022-02-10,140.61370849609375,143.3908196734867,139.95550132428062,141.25389239508493,16455600
2022-02-11,138.7833251953125,142.63341224429925,137.92675206010665,140.3071308163931,16830000
2022-02-14,137.4939727783203,138.56693532930305,135.5373745855073,137.7103621124639,17026500
2022-02-15,139.50465393066406,140.60467879329573,138.72021515877262,139.31529952457555,9500000
2022-02-16,139.75714111328125,140.7489714889877,138.62105575783718,138.62105575783718,9076500
2022-02-17,136.53817749023438,138.61199536052484,135.85292179529327,137.9537883273432,11367500
2022-02-18,137.1783905029297,138.9817083818998,136.26771992701023,137.16937886649532,11733300
2022-02-22,136.9349365234375,138.17021860615597,135.61852219767408,135.7898395947227,11333500
2022-02-23,134.0676727294922,138.22432107815925,133.41847717876846,138.0620153113664,11799000
2022-02-24,130.33477783203125,130.73150989177185,126.03386165089198,128.88310666337364,25655100
2022-02-25,133.41848754882812,135.36607435237707,130.6594131229129,130.9659738906313,18367700
2022-02-28,127.8552017211914,130.79460402239832,127.02567739860945,129.433104388305,31315300
2022-03-01,123.03134155273438,126.665025446922,120.4435851773985,126.26829337023882,36840400
2022-03-02,125.58304595947266,126.26830174578382,123.17561843433538,123.78873986026288,19405600
2022-03-03,124.69039154052734,127.11585595551156,123.58135504977642,126.08796545618156,16640800
2022-03-04,121.18294525146484,122.10264114074516,119.37962753190006,121.66984874035184,21016000
2022-03-07,116.50334167480467,119.64111050233956,116.26890157737108,119.17224406569404,27560100
2022-03-08,115.6828384399414,118.82961916353426,114.7541240039746,116.8910580516259,19207800
2022-03-09,120.31734466552734,121.94033315185058,119.41568592403895,119.83044124052012,17536200
2022-03-10,118.89273071289062,120.32636491249848,117.50418220522836,118.89273071289062,15604200
2022-03-11,116.21481323242188,120.89442505071692,115.79103245546727,119.4607907243672,20061800
2022-03-14,117.3689193725586,119.84848096750942,116.52135793515096,116.72874935628406,15786900
2022-03-15,119.4517593383789,120.41654090167052,118.23452815862449,118.83863793077911,15096600
2022-03-16,124.78955841064452,124.87071814978366,121.20997227575056,121.6067043045378,20354900
2022-03-17,126.36746978759766,126.40354384262326,122.55345708277892,123.40101851900994,17050500
2022-03-18,126.32239532470705,126.99863938156687,124.843675537369,126.40354130955728,23656500
2022-03-21,125.9166488647461,126.91749070650724,125.08712440031135,126.54782104610062,12676100
2022-03-22,128.59458923339844,129.77576020318918,127.78310171837028,128.27901687009776,13548600
2022-03-23,126.03386688232422,127.6658671209086,125.51090312352444,127.1158546985693,12093200
2022-03-24,126.85437774658205,126.87241477473805,125.42975520312606,126.50273136775704,10017600
2022-03-25,127.9634246826172,129.09950990144642,126.95357115476898,127.21504617243596,8383500
2022-03-28,127.01668548583984,127.10685687958726,124.33875743857335,126.23224664148483,10818100
2022-03-29,127.29618072509766,129.47820709310784,126.44863302368572,129.25279239674674,11316500
2022-03-30,126.7191390991211,128.1437618497331,126.15110333271048,127.94539578583628,8771000
2022-03-31,122.91415405273438,126.54783850238908,122.86004295909729,126.0789719984332,17353900
2022-04-01,122.00347900390624,123.89696843692022,120.64197884549412,123.88794304151487,15721300
2022-04-04,122.54443359375,123.47314092661853,119.8214205480031,120.930456863893,17416400
2022-04-05,121.11837768554688,122.98956089527792,120.81862301696778,121.78147764643658,12110300
2022-04-06,119.4379425048828,120.40986162764926,118.95652216048552,119.51968999124358,12914700
2022-04-07,119.07459259033205,119.82851838667824,116.93090413933676,118.94742521867148,12994200
2022-04-08,121.25460815429688,121.62701793140904,119.43792371104831,119.60141865804356,13126900
2022-04-11,120.80951690673828,122.5353616041821,120.41893639971144,120.80951690673828,10466400
2022-04-12,119.48333740234376,122.24470569501798,118.72033321365872,120.02834831437777,12989900
2022-04-13,115.63197326660156,117.4032379137628,114.4602109115174,115.3049694963408,30838000
2022-04-14,114.56014251708984,116.54032916638806,113.56096036323572,114.9053101238107,18835200
2022-04-18,116.68565368652344,117.39415954578024,114.03328900070606,114.15137100054837,11834400
2022-04-19,119.10182189941406,119.28350142310724,116.47671356038694,116.67654994828813,15015400
2022-04-20,119.51966857910156,121.27276237572308,119.3016614609913,120.37351246644756,13430200
2022-04-21,118.5931625366211,120.63693260936212,118.04816550001186,120.1010140056254,12174200
2022-04-22,115.1868896484375,118.5568458204477,115.0778930031577,118.33883866968397,14318800
2022-04-25,115.1505355834961,115.46846089188588,111.82600679465956,114.46020051352622,17149000
2022-04-26,111.74427032470705,114.82355719737453,111.60802451936502,113.21578739331876,17209500
2022-04-27,110.29092407226562,112.2347761045314,110.10925837826214,111.11751891921612,17215200
2022-04-28,112.03492736816406,112.31651817204956,110.0365772333767,111.55350709488084,13015600
2022-04-29,108.41973876953124,112.28019359036128,108.00190213818304,111.7715241139551,14874800
2022-05-02,109.40982818603516,109.6459991264562,107.38422872080244,108.892073347871,18545000
2022-05-03,111.75335693359376,112.78886664634275,109.70958666946774,110.3908434241764,15720900
2022-05-04,115.45030212402344,115.722807579408,111.48992923835024,111.54443448748812,17128500
2022-05-05,112.56177520751952,114.54196168209464,110.96309776261796,113.76987211959876,15055400
2022-05-06,112.38011932373048,112.89787419834096,110.07292886824266,112.4527883766834,14417900
2022-05-09,110.69058227539062,112.02584643303204,109.45523631526666,110.91766782791191,14312300
2022-05-10,107.9928207397461,112.43461424815578,106.78472375882266,111.82602654081016,16382400
2022-05-11,107.31155395507812,111.62617968658364,107.12988827526584,108.36523430227344,14630300
2022-05-12,107.2207260131836,107.47506074857978,104.79545373338196,106.2760491887822,16318800
2022-05-13,108.17449188232422,109.22817238101436,107.14806747661602,108.46516809997873,10443200
2022-05-16,107.42057800292967,108.51058614983836,106.48498640631423,107.67491277520152,10269000
2022-05-17,110.98126983642578,111.6988611325313,109.73683830822728,109.9457601002994,11160200
2022-05-18,109.08281707763672,110.79050493666443,108.57414763712704,110.1819172946116,12664900
2022-05-19,107.4659652709961,108.68314744311088,106.84829228740826,107.3569686404284,12765800
2022-05-20,106.58486938476562,108.70130835340258,104.4775157784686,108.5105573248702,13150100
2022-05-23,113.179443359375,114.96887870694266,109.40982162268544,109.41890698564558,24376700
2022-05-24,114.77813720703124,115.80456154360846,111.82602463880536,112.96145254966146,19324900
2022-05-25,115.57746887207033,116.14064357614728,113.6972006442298,114.70546112163284,12780400
2022-05-26,117.57583618164062,118.25709294518364,116.45857897028732,116.60390321275452,15990900
2022-05-27,119.23809051513672,119.23809051513672,117.30331709586166,118.22983006765288,11177800
2022-05-31,120.11012268066406,120.94579610203888,117.82110960219644,118.248017817939,17015000
2022-06-01,118.0027313232422,120.69141630935886,116.87638207434397,120.69141630935886,10768000
2022-06-02,119.90119934082033,119.91027777533886,116.87641742149768,117.99367471631602,8374800
2022-06-03,118.2298583984375,119.69229031936312,118.0754418428374,119.18362075733786,8596000
2022-06-06,117.83922576904295,120.25541926637496,117.59398336262171,119.074571673978,11323500
2022-06-07,118.1480941772461,118.37517976101704,116.83098670321134,117.02174469206874,6722200
2022-06-08,116.26781463623048,117.5849082018658,115.26863949022072,117.17615693807602,8422100
2022-06-09,113.8243637084961,116.35864631606304,113.78802918733766,115.69555343259871,13560100
2022-06-10,108.59232330322266,112.0894397260275,108.3834015277364,111.35367776027306,12945200
2022-06-13,105.3586196899414,107.13896973681464,104.5138610877417,106.14887997267716,16805600
2022-06-14,103.60552978515624,106.566727888386,102.84252551137445,104.9589649228587,13357900
2022-06-15,104.83177947998048,106.23062040754148,102.79708790696203,105.02253051555697,14083500
2022-06-16,103.03327178955078,103.7871975941422,101.61625995834926,103.42385927252326,16724900
2022-06-17,102.66992950439452,104.1232758046622,101.87967613524056,103.13318601982736,30919900
2022-06-21,105.21328735351562,106.30329531123714,104.49569612481002,105.24962187611987,11680500
2022-06-22,104.62287139892578,105.54937754002776,103.90528011596642,104.35036592384174,9842700
2022-06-23,103.47834014892578,104.62285324352634,101.26198992791788,104.46843673515588,11851500
2022-06-24,106.5666961669922,107.0208672224141,102.48824202973157,102.85158026008916,14841100
2022-06-27,105.71288299560548,107.63857132340104,105.04071157924665,107.23889846119197,11280500
2022-06-28,105.2042007446289,108.35614950968552,105.00436433772248,106.88463254709411,11590900
2022-06-29,104.73187255859376,106.11254983957924,104.21411771196144,105.36770941231696,9338400
2022-06-30,102.2884292602539,103.62369358013136,100.76241388469424,102.79709874207316,15172600
2022-07-01,103.59644317626952,103.932525395538,100.97133445607687,102.32476255687853,10573600
2022-07-05,103.20240020751952,103.28487079758956,100.1600282590382,101.50709683666992,12514200
2022-07-06,102.53343963623048,103.54145311162132,101.5254261608396,102.38682292649868,10656200
2022-07-07,105.12680053710938,105.2917487238029,103.9171828318248,104.00881915967594,10347400
2022-07-08,104.79689025878906,105.97901760800858,104.10960740399186,105.52999476713384,8807800
2022-07-11,103.42233276367188,104.6777720617216,102.83585190697502,104.05463527755578,7939500
2022-07-12,103.52312469482422,105.54831729750768,102.8724977765198,103.16573817619788,11250900
2022-07-13,102.55177307128906,103.07410778169448,101.1497101199243,102.40514936732816,12979900
2022-07-14,98.96875,99.1795198586252,97.19097577200996,98.95958426925873,26204800
2022-07-15,103.50480651855467,104.35703763188113,98.66633580730928,100.03174292947328,18863900
2022-07-18,102.44180297851562,106.15312626077532,101.98361440109568,105.1726029847528,13977900
2022-07-19,104.98016357421876,105.3283913640828,103.24821132815671,103.6697439762107,11862300
2022-07-20,104.96183776855467,105.14511039879577,103.9904802437522,104.55862959234112,11667500
2022-07-21,105.6766128540039,105.86905121689188,103.88968020475652,104.87020347741586,11595900
2022-07-22,105.16344451904295,106.52884452569346,104.1645897821543,105.60330163931827,7645500
2022-07-25,105.5849838256836,106.72128961463426,105.17260988411208,106.15313322445726,9394000
2022-07-26,103.9355010986328,105.9148792208385,103.57811454735732,104.99850201420324,10675100
2022-07-27,105.60330963134766,106.06149824462838,103.82554256597275,104.476169557863,9337400
2022-07-28,105.2092514038086,106.28141791194416,104.03628984792245,105.61245956042036,10384800
2022-07-29,105.71327209472656,106.7579415211145,105.1909373815326,105.92403493104176,12944500
2022-08-01,104.65943908691406,105.48417996451607,103.6147696390859,104.92518931366378,14740400
2022-08-02,103.0282745361328,104.83353848749984,102.88165084866642,104.39367441650292,14942900
2022-08-03,104.10960388183594,104.55862670751968,102.3684859769733,103.96298018856636,14394500
2022-08-04,102.9641342163086,103.8438554164175,101.73618523456727,103.41315704949486,18033900
2022-08-05,106.07982635498048,106.47386882961652,102.68006779074992,103.11992493042546,14174600
2022-08-08,104.78772735595705,106.9412122941212,104.63194491593816,106.52884536668232,10332500
2022-08-09,105.73158264160156,106.2905732073853,104.80604684502374,105.15426761083896,10233800
2022-08-10,108.48989868164062,109.3879514348252,107.67432351391136,108.09585619678464,12847300
2022-08-11,110.09357452392578,111.06493227991956,109.3329796437323,109.87364591701112,11684900
2022-08-12,111.91714477539062,112.02711255615458,109.45209486471,110.57923490407693,9906700
2022-08-15,112.21954345703124,112.45780347045417,110.51508142139566,111.00992591478044,8456200
2022-08-16,113.2917022705078,113.85069288013403,111.67888355259204,112.0637602699536,9555000
2022-08-17,112.33867645263672,112.86101816308548,111.51394257412484,112.07293321976704,8149300
2022-08-18,111.4681167602539,112.22871147810542,110.46926901551625,112.01794165588768,9531800
2022-08-19,108.70983123779295,110.87248211878683,108.23331814143664,110.53342700895374,13464500
2022-08-22,106.91372680664062,107.36275667080533,105.84156715495575,106.9870386609618,8967600
2022-08-23,105.85987091064452,107.48186216098144,105.73157868638532,106.9320373439561,7607000
2022-08-24,106.11648559570312,106.67547626302468,104.87937074715,105.64913125272534,9771300
2022-08-25,108.63651275634766,108.81061965881428,106.00650784733313,106.4463719508021,10758900
2022-08-26,105.08097839355467,109.95610512166286,105.01683226521394,109.4704262940252,11276200
2022-08-29,104.82437133789062,105.2550696747306,103.97214039240365,104.46698484378985,8117300
2022-08-30,104.84271240234376,105.91487198290172,103.88051360456951,105.3833715614378,10745400
2022-08-31,104.2195816040039,105.41086776426728,103.86218806538142,104.90686450118002,10738300
2022-09-01,104.9343490600586,105.04430984320028,102.5517698761506,103.81636782209952,9979800
2022-09-02,104.20123291015624,107.62848109961958,103.72471992314613,106.18061068251068,10666600
2022-09-06,104.22872924804688,105.15427207532213,102.69838117116176,104.76939537180655,9751900
2022-09-07,106.2081069946289,106.40054534612854,103.3306834678968,103.6697385194618,10647900
2022-09-08,108.68231964111328,108.85643352252292,105.04430153660029,105.63994803332598,11435000
2022-09-09,109.20467376708984,110.0110902109732,108.74648514812104,109.17718356857628,9299700
2022-09-12,110.49675750732422,111.38564445406696,109.77281872586778,110.53341343198817,8614600
2022-09-13,106.65713500976562,108.97556806065546,106.09814439377207,108.19664888815058,12904600
2022-09-14,106.40973663330078,107.9858997467442,105.27342372570124,106.9412301640251,9345700
2022-09-15,108.01338958740234,109.39711420894469,106.07983301961674,106.40972939080126,10821400
2022-09-16,107.28943634033205,107.58267674304666,105.7224322828817,107.57351101412983,14844100
2022-09-19,108.27912902832033,108.80146373201976,105.8507281460182,106.29975099867842,8201300
2022-09-20,106.14397430419922,107.8484364804056,105.05348318302326,107.59185197928264,9619000
2022-09-21,103.0832748413086,106.84958589616258,103.01912871349808,106.7946054984403,12606300
2022-09-22,101.91028594970705,104.10042643369076,101.78199372824034,103.8988223738426,11684500
2022-09-23,100.0134048461914,101.11305466541364,98.19898194533444,100.84731143570065,18138600
2022-09-26,97.85991668701172,100.44409997034356,97.1909582912976,98.9687321995382,15753600
2022-09-27,96.99851989746094,99.12451460510876,95.8988701143821,98.73963788017144,12793600
2022-09-28,98.9595718383789,99.63769599996974,96.80608681735652,97.09016151201556,12762600
2022-09-29,97.2826156616211,98.30895374347568,95.66978968690184,98.00654756232758,12713900
2022-09-30,95.76139831542967,98.62049712653663,95.6697620119728,97.19094422528224,15973400
2022-10-03,98.72132110595705,99.29863623834856,95.72476367775484,96.7877646101113,12248100
2022-10-04,103.33983612060548,103.54144018880238,100.67318255951524,101.36046534214908,16013600
2022-10-05,102.06392669677734,102.58168691135025,100.62159063963632,101.47219872185006,10943500
2022-10-06,99.98365020751952,101.87903386951464,99.79873782515888,101.20409027138336,11521400
2022-10-07,97.98655700683594,99.58606936396588,97.3301019102148,99.41039768566267,11681100
2022-10-10,97.07123565673828,99.21625176953084,96.63668379292145,98.6800030317992,8931700
2022-10-11,94.26976013183594,96.65516770281602,94.16805621613064,96.49799148907312,12739700
2022-10-12,95.7953109741211,96.83083853679516,93.6410474024456,94.12183082774064,13181000
2022-10-13,101.1208724975586,101.61089661421993,94.08484907156712,94.2882569057936,22398700
2022-10-14,102.80360412597656,106.54813256352251,102.36905229243962,103.51552451750496,33387100
2022-10-17,107.12137603759766,108.18463984951308,105.69752814961733,106.7053196587397,22276300
2022-10-18,109.87660217285156,111.07855372572234,108.13840193164204,110.6347612213072,21539700
2022-10-19,107.72235870361328,109.86737488021512,106.9457111453157,109.09072732191753,17072000
2022-10-20,107.37100219726562,109.756409833732,106.92720969287238,108.32332134810024,12207400
2022-10-21,113.01092529296876,113.15885378191356,107.55592559275252,107.67611793089236,20593300
2022-10-24,113.14960479736328,113.81530062515024,112.17880426013636,112.86298850360411,12624200
2022-10-25,113.44546508789062,113.97247309186449,111.7719848927018,112.65957694918644,11289100
2022-10-26,114.7491226196289,115.75690702714203,113.61189108846123,113.72284274275594,11667000
2022-10-27,115.20216369628906,116.6814838278041,114.84157963466836,115.75690786386284,10727600
2022-10-28,116.57054138183594,116.75545375646097,114.69365326896778,115.84012551034374,11859500
2022-10-31,116.3856201171875,117.81871568676551,116.11749224044269,116.21919616106848,13295200
2022-11-01,118.48441314697266,118.6046125459576,116.801692100737,117.30096400571088,13386900
2022-11-02,117.39340209960938,120.52771380820484,117.0882903623946,118.02211398813331,16546100
2022-11-03,117.6060562133789,118.51213668025758,116.41335946366476,116.78318419482488,12474400
2022-11-04,120.82357025146484,120.9622650993863,118.77102475973022,119.72333679557534,14953200
2022-11-07,121.46153259277344,122.31214073569802,120.6386605984729,121.11944402113768,12011200
2022-11-08,121.53550720214844,122.09949910244408,120.32431495099944,121.3413541508472,9884100
2022-11-09,119.95449829101562,121.5170199190864,119.4737148088882,121.41533010016056,9494000
2022-11-10,124.8917465209961,125.04892277164129,122.5340745454936,122.62653780253773,16351600
2022-11-11,125.09513854980467,125.89951517410223,123.68977904669325,124.9934346231076,10704700
2022-11-14,123.8099594116211,125.4926801762243,123.8099594116211,124.63283138007225,11085600
2022-11-15,122.9131088256836,125.47418773598874,121.67418064243972,124.52186168491136,14038300
2022-11-16,123.07955169677734,123.48636739103948,122.0717672501162,122.96860709212768,7893400
2022-11-17,122.54328155517578,122.86688875799608,121.37832101925788,122.04401678489909,8820200
2022-11-18,123.74522399902344,124.51262362031576,122.30288798132987,124.42017450333203,9468500
2022-11-21,123.0148468017578,124.41095156439852,122.73747116398582,123.6528065362601,7800500
2022-11-22,124.854736328125,125.0673989649612,123.60656719791352,123.89318349949,9185700
2022-11-23,126.18612670898438,126.20462217893234,124.68831812512823,124.76228589701012,7316200
2022-11-25,126.42650604248048,126.79633073707846,125.79778713217456,126.18610729387476,3220500
2022-11-28,124.21681213378906,126.3988124250715,124.06887656301102,125.80708424987182,9906900
2022-11-29,126.26007843017578,126.3340461926546,124.27224595472453,124.50338992200528,7925300
2022-11-30,127.75790405273438,127.75790405273436,123.14427887268975,125.82554361157192,14761200
2022-12-01,125.96422576904295,128.20169775541186,125.2153074389586,127.75789116545624,8858500
2022-12-02,124.9656982421875,125.14136994324346,123.28296311408354,124.34623400177102,8931900
2022-12-05,121.46153259277344,124.42018678648702,120.74961930087784,124.11507504371372,10154500
2022-12-06,121.6649398803711,124.91945101424132,120.0746681960884,123.32917932995863,13966700
2022-12-07,121.5817413330078,123.04257307391252,120.49998912968611,121.40606963959569,11739400
2022-12-08,122.857666015625,122.95011515285124,121.517019500695,122.349146383194,8907300
2022-12-09,122.19198608398438,123.671299443669,122.0440505156422,122.22896292211377,7957800
2022-12-12,124.08733367919922,124.49413521122202,121.67419009497983,122.41383950440904,8841600
2022-12-13,123.96712493896484,126.75009301771456,123.04254913909897,126.5651806793228,10025400
2022-12-14,123.34767150878906,125.47419885388958,122.74668872218004,123.689760069781,9966100
2022-12-15,120.287353515625,122.11801020174704,119.31654581113662,121.258147112202,12087800
2022-12-16,119.5384292602539,120.10242120546071,118.74329330648548,119.40898917977584,21133700
2022-12-19,120.25035095214844,121.42456640917514,119.35351111358844,119.87127141050762,9017200
2022-12-20,120.83283233642578,122.09025618414302,120.37978504517666,121.09171247202262,8549900
2022-12-21,122.19198608398438,122.95013118289138,121.83140195359556,122.21046744909292,8051700
2022-12-22,120.80508422851562,121.39681220957873,118.7247885611661,121.21189986072925,8648200
2022-12-23,121.37833404541016,121.52626958874188,119.86202999603498,120.73113367822135,5091900
2022-12-27,121.80363464355467,122.24742712715732,120.70338706078452,121.6464584328602,5411000
2022-12-28,122.46932220458984,123.34766643266296,121.12867594773812,121.90533037681108,8827700
2022-12-29,123.17201232910156,123.21824394936256,122.33064480724448,122.9038773963336,6585200
2022-12-30,123.9856414794922,124.19828999939205,122.45084200494136,122.79293059450758,9292500
2023-01-03,124.9287109375,126.4265337267963,123.79148635007444,125.03966965650288,11054800
2023-01-04,126.09369659423828,127.29563427185948,125.34479218935022,125.7331124693695,11687600
2023-01-05,126.06573486328124,126.40104139781135,124.52890732496844,126.3544682823256,8381300
2023-01-06,128.47804260253906,128.8878631869357,125.26469732887074,126.7922013720934,10029100
2023-01-09,127.9471664428711,129.3535978156608,127.49078685270312,129.09280541781632,8482300
2023-01-10,129.09280395507812,129.20456806371087,127.89128293879766,128.33835358544826,9048700
2023-01-11,130.05215454101562,130.16391865316135,128.6271052626769,129.37221829314208,8703700
2023-01-12,129.92172241210938,131.19774304664796,129.67023901720427,130.39673396949357,11001700
2023-01-13,133.20025634765625,133.64734108917438,125.55342739559865,126.2985544193463,20200000
2023-01-17,131.14187622070312,131.83110708446426,129.67956299829072,131.4864916525837,14292900
2023-01-18,127.20203399658205,131.0766694064514,127.05300573140156,129.39082801643528,13392600
2023-01-19,125.5068588256836,126.57796919018423,124.42642531282544,126.03776664587156,13303400
2023-01-20,125.81426239013672,126.19614207348218,124.38921304703854,125.88877653899344,13092500
2023-01-23,127.8540496826172,128.49672181548593,125.57210882304616,125.85151913114431,10487100
2023-01-24,128.9530792236328,130.66686180767942,125.73973332551569,127.0623273335594,6945000
2023-01-25,129.57711791992188,129.57711791992188,127.83539432652056,128.58052150745957,8967000
2023-01-26,130.37814331054688,130.45265745908748,128.86927088593154,129.85655848288334,7487600
2023-01-27,130.69480895996094,131.57031807373335,130.16390107472674,130.96491026520977,7489900
2023-01-30,129.58642578125,130.48056692319057,129.38151547536418,129.67955778530532,6729300
2023-01-31,130.35951232910156,130.4619674965313,128.76680276489768,130.2849981880509,9188700
2023-02-01,130.0148468017578,131.21636745324486,128.64568003822066,128.729517306361,8841800
2023-02-02,129.40948486328125,130.8252252291425,128.53396140297392,130.39677243779963,11822100
2023-02-03,131.4119873046875,132.5669351419188,128.65503522011048,128.70159412141817,11501200
2023-02-06,132.18508911132812,132.4831457433313,130.4247329884114,130.61101127735216,8406200
2023-02-07,133.79638671875,134.4390587508407,131.49581412868693,131.68210658770164,10447900
2023-02-08,132.85568237304688,134.1596444119659,132.52037581845053,132.86499131185334,6958000
2023-02-09,130.78793334960938,133.507635178985,130.27565758110498,133.30272487158322,6443100
2023-02-10,131.3654327392578,131.58897518799668,129.08349198035012,130.19186686065063,6582900
2023-02-13,132.7904510498047,132.93946508605518,131.0859777659176,131.60756242308426,7134600
2023-02-14,133.37725830078125,133.94541619676153,131.88701810019583,132.72527732476766,9249400
2023-02-15,133.9361114501953,134.01993453285192,131.60759774004632,131.89633116616562,6728300
2023-02-16,132.09190368652344,133.5542025864328,131.96149330363698,133.10713203123896,8165300
2023-02-17,132.4831085205078,133.03263429272965,130.4619605185169,131.30952862688065,7948800
2023-02-21,130.05215454101562,131.64484998757297,129.23251315295988,131.03944209729002,9996300
2023-02-22,129.05552673339844,129.86584486332362,128.012357259277,129.39083323752578,11107500
2023-02-23,130.0894012451172,130.55510398353837,128.47807374957344,129.21387782294622,8068000
2023-02-24,131.26292419433594,131.6634358089808,129.4001138485451,129.5677741699661,9126900
2023-02-27,132.40859985351562,133.47971041732444,131.9987791887863,132.3620267394111,10014700
2023-02-28,133.5169677734375,133.8988331805033,132.16641859398732,133.1350881542534,11019800
2023-03-01,132.7718505859375,133.61943296174687,132.07329649398636,132.35272097319069,7139200
2023-03-02,131.39340209960938,132.66010014221132,129.96833837743745,132.48314500658125,11106800
2023-03-03,133.8057098388672,133.88022398003244,131.40268208173438,131.80317960186355,9513100
2023-03-06,133.02333068847656,134.1596322409515,132.87430240837136,133.6007975087355,9261300
2023-03-07,129.11141967773438,132.54830808204795,128.35698353281077,132.26888360300828,11747600
2023-03-08,128.34767150878906,129.08347554752075,127.50008915385732,128.53394975296376,10002500
2023-03-09,121.3993911743164,127.92855291732234,120.35622154745612,127.37901286334676,25888100
2023-03-10,124.48233032226562,125.98189363651508,119.05224205342476,120.11405078365276,37599700
2023-03-13,122.24696350097656,124.6965643460552,120.533180909281,122.20971353686105,42901100
2023-03-14,125.3857879638672,126.23337027230704,122.28420633667692,126.00051892683136,29648100
2023-03-15,119.4620590209961,122.0048061560688,118.03701691216072,121.99548300572502,34280600
2023-03-16,121.78125762939452,122.89894128146618,117.37570690359236,119.22920168393397,24558500
2023-03-17,117.18011474609376,119.66696553601732,116.84480822317602,119.57383352039066,38396000
2023-03-20,118.41888427734376,120.589060606762,117.36639871317352,118.27917204343034,22875500
2023-03-21,121.59498596191406,122.69403758575736,121.25967942695654,121.63223592707844,17807800
2023-03-22,118.45614624023438,121.69744035547473,118.36300711579764,121.60429412497828,17250200
2023-03-23,118.13946533203124,120.64494829753856,117.37571313780305,119.12675995339434,16677600
2023-03-24,116.3418426513672,117.05902162553518,114.66531022257892,117.0124485168238,22311100
2023-03-27,119.67627716064452,120.5052273441204,117.6271811505899,118.09288382023068,18853900
2023-03-28,120.03953552246094,120.4679740584626,118.9777268021502,119.88119830592824,10820500
2023-03-29,120.2816925048828,121.28761203997335,119.00566455169982,121.17584794011393,14595300
2023-03-30,119.91844940185548,121.19447029615635,118.8939048475952,121.03613307812856,12134700
2023-03-31,121.37144470214844,121.3993857293204,120.01160067271437,120.76603683059648,13105200
2023-04-03,121.23174285888672,122.4239407576686,120.53318873637608,120.99889148471652,11775400
2023-04-04,119.61109161376952,121.63223982657333,118.67037718292498,121.54841674317646,11579900
2023-04-05,119.78944396972656,120.29634386145798,118.7099200868766,119.029086970301,9614700
2023-04-06,119.65801239013672,120.23062916186689,119.08539561840657,119.21681515665666,8760200
2023-04-10,120.05227661132812,120.37143631574664,118.48462407340136,118.78501262654795,9477300
2023-04-11,120.64366912841795,121.03792775310148,119.72372517566188,120.43715065972816,10516300
2023-04-12,120.6249008178711,122.43661424273748,120.21186384624268,121.26322026590994,11821000
2023-04-13,121.0848617553711,121.1317860498382,119.05723377119004,120.5873439153158,12450200
2023-04-14,130.2279510498047,130.5940493918268,126.6326702429428,126.86734903458922,43931300
2023-04-17,131.26051330566406,131.47641373375217,129.22350358101102,131.3731545162051,16050500
2023-04-18,132.7343292236328,133.09104559844928,130.5095786881168,131.67359074238354,13760100
2023-04-19,132.5653533935547,132.82819248721285,131.7956001023727,132.57473538845093,9158100
2023-04-20,132.18048095703125,132.7624797795705,131.26992609512882,131.33564303246416,10586200
2023-04-21,131.927001953125,132.4620763872215,130.27486868264657,131.1760413997785,11842500
2023-04-24,132.10537719726562,132.45271153798373,131.45766146105908,131.85193442335057,7567500
2023-04-25,129.23291015625,131.38257582399962,129.19536785347964,131.04463780444166,10629300
2023-04-26,126.94244384765624,129.36433061769935,125.7878282408454,129.18597245005046,14416100
2023-04-27,128.65090942382812,129.45820499597775,127.34609598643402,127.66525568797654,9041100
2023-04-28,129.7679901123047,129.8430890446596,127.35548525274534,128.19094118016548,9887300
2023-05-01,132.5465850830078,134.58359537441393,132.19926503810322,133.54162091604277,20415800
2023-05-02,130.40628051757812,133.682400884323,129.94630503068677,132.73428960763405,14113400
2023-05-03,127.646484375,130.17163046555936,127.43996589240471,129.95572998781222,12930900
2023-05-04,125.90047454833984,127.40242455614327,123.73204478827054,126.68900618044792,17089200
2023-05-05,128.3599395751953,129.4300744800703,127.58080413127574,128.07832211103678,11261400
2023-05-08,128.66969299316406,129.51453090203245,128.11584016650147,129.06395163887973,7484900
2023-05-09,128.05014038085938,128.55704027263934,126.92368503628192,127.59954678410293,7343600
2023-05-10,128.11581420898438,129.5989855701659,126.60448254478992,129.4957263512338,8133400
2023-05-11,127.7121810913086,128.4255993486276,126.63265022618197,126.72652745746409,7057300
2023-05-12,125.8817138671875,128.594600218313,124.9711589786134,128.43502035338292,9988600
2023-05-15,126.94244384765624,127.35548079933656,125.7502859378091,126.04128533822308,7639500
2023-05-16,126.08822631835938,127.6089402837594,125.75028829008642,127.15836102061432,6477200
2023-05-17,129.96511840820312,130.0965379651103,127.15836908775938,127.57139174971228,12711500
2023-05-18,130.95077514648438,131.16667563968596,129.31740548276412,129.79615941925783,10999600
2023-05-19,130.650390625,131.8801197191344,129.66475100348907,131.22300753991516,13492200
2023-05-22,129.5708465576172,132.9596087056534,129.22352654761832,132.35883160323743,11402500
2023-05-23,128.21908569335938,130.50955271521028,128.09706247651502,129.11086212926887,9514900
2023-05-24,127.0456771850586,127.99378844639624,126.80161645593827,127.1019977899592,8578000
2023-05-25,127.3554916381836,127.91872649725676,126.33229549040288,126.55759229876364,8472500
2023-05-26,128.5476531982422,129.16720862655984,127.31793866012023,127.76851791541658,8579900
2023-05-30,129.0358123779297,129.27987320118578,127.68406004432302,128.41625683775015,7399900
2023-05-31,127.39301300048828,128.45375116084475,126.16328437607284,128.35049194272298,14219900
2023-06-01,129.14840698242188,129.75856598200045,127.14893951753686,128.15337140838733,12248100
2023-06-02,131.86131286621094,132.80940997236672,130.80056020658242,131.00707867701726,12922500
2023-06-05,130.5658721923828,131.52336554906023,129.66471377028452,131.52336554906023,8511900
2023-06-06,130.8005828857422,131.51401566136494,129.73984436585093,130.18102736701454,9329500
2023-06-07,132.06784057617188,132.6122970978037,130.32182977357914,130.9977058470768,9281400
2023-06-08,132.10537719726562,132.25557505683798,130.9319832762121,132.04905658084004,7368100
2023-06-09,132.36822509765625,133.10981812635623,131.61726439713703,131.7486839520936,7249100
2023-06-12,132.35885620117188,132.65925197003423,131.1948440823182,132.4245731469825,7596600
2023-06-13,133.3163299560547,134.11422924141024,131.55154088595165,131.87070060009387,7701600
2023-06-14,132.81881713867188,134.80888875414163,132.07722411872507,134.23627191637723,9068700
2023-06-15,134.3207550048828,134.61175442612577,131.44828877451943,131.9739669965915,9343100
2023-06-16,134.48033142089844,135.14682550056537,133.7669130411952,134.28320925450666,13813500
2023-06-20,133.79505920410156,134.23625643758606,132.39636857841077,133.87015812933888,8428600
2023-06-21,133.59796142578125,135.19377448808535,133.00656623395628,134.14240366665675,9926500
2023-06-22,131.02587890625,133.8608030279646,130.4344837034784,133.5885675788298,10075200
2023-06-23,130.34059143066406,130.65035479474497,129.1859615971969,130.04957773104178,9919500
2023-06-26,130.65975952148438,131.42949846967983,129.25168684496631,130.35936380847232,8429700
2023-06-27,130.6691436767578,131.2699207890598,130.04958825116807,130.48140351484898,8154000
2023-06-28,130.09652709960938,130.67854022329556,129.50514630474729,130.63160160182238,7558600
2023-06-29,134.63992309570312,134.7619606632815,131.279335064,131.48585356744434,15423200
2023-06-30,136.52671813964844,137.05239627192034,134.85580650907494,135.73820094124056,14212800
2023-07-03,137.625,138.44167742653616,137.052383305026,137.23074143809794,8021600
2023-07-05,136.70822143554688,137.45489301705248,136.44357724802387,136.99177289990052,8934900
2023-07-06,135.3566436767578,135.52676589823656,133.683703055419,135.17706060606832,9709500
2023-07-07,136.42465209960938,137.8423948136273,135.15813873637265,136.01823944416276,8981500
2023-07-10,137.19024658203125,137.9841935536201,136.5758971043516,136.5758971043516,9100100
2023-07-11,139.3357696533203,139.7138430776228,137.71955083325997,138.31499304074333,11260900
2023-07-12,140.02574157714844,141.65142133661465,138.9388110688898,139.36413107551158,11323200
2023-07-13,140.70623779296875,141.17881871057477,139.64766115257927,140.54556201162572,11234900
2023-07-14,141.55690002441406,144.50580050035256,140.27147927966698,143.23928703153547,27028400
2023-07-17,144.9689483642578,145.3186536800163,142.10510873330162,142.10510873330162,17262400
2023-07-18,145.2335968017578,145.93300745368506,144.4396641807459,144.96895259475386,13491700
2023-07-19,145.79119873046875,146.698560348647,143.87252154761572,144.3734561172065,12510000
2023-07-20,147.58705139160156,148.00292500972867,145.9424786206809,146.05589345397786,9935900
2023-07-21,146.4528350830078,147.57758006353117,146.2070981783156,147.25622847538915,10636400
2023-07-24,149.33558654785156,150.0822581348991,146.2449029653077,146.47174702287958,14381400
2023-07-25,148.22032165527344,149.07096174323686,147.4074817041408,148.67399540738535,9944700
2023-07-26,149.10873413085938,149.57186864751085,147.7098985759883,148.1163256869326,8728600
2023-07-27,147.46417236328125,150.07281416902694,147.01994509034975,149.11820578572036,10778400
2023-07-28,148.30532836914062,148.9574922609255,147.8611012087081,148.6550335891318,9103800
2023-07-31,149.2977752685547,150.63990339275125,148.53218203967285,148.56053574199896,8892700
2023-08-01,148.56053161621094,149.3355712503354,147.5870160713157,148.79682207705008,6853900
2023-08-02,146.87815856933594,147.1522636061474,145.49823022396106,147.02938793985078,8299400
2023-08-03,147.77606201171875,148.31479677039448,145.88573829898567,146.50008773681375,6084000
2023-08-04,147.46417236328125,149.1465594906286,147.1617136148909,147.82332409946116,6209400
2023-08-07,148.16360473632812,149.0520594126494,148.01238976195586,148.01238976195586,7251800
2023-08-08,147.3318634033203,147.42637095409896,144.22227221553078,145.85741292851418,8623400
2023-08-09,145.35643005371094,146.99157038731175,145.05398577055246,146.8025409075846,6277800
2023-08-10,145.13905334472656,146.91596226184708,144.69482611544643,145.91409299479844,5995100
2023-08-11,145.98023986816406,146.04640811797896,144.26005285929924,144.6381118175921,5180700
2023-08-14,146.28274536132812,146.4245139105268,144.53418967038775,145.18635384076043,5044300
2023-08-15,142.55877685546875,144.86497429197647,141.99167392379331,144.4680080086143,10300300
2023-08-16,141.953857421875,142.68163606845835,141.47181565893183,142.34137723309698,6978200
2023-08-17,140.4794158935547,142.96518184962946,140.26201827566487,142.60603013951203,9953900
2023-08-18,140.80078125,141.30171594540883,139.3546845750232,139.5531605143972,8517500
2023-08-21,141.2827911376953,141.86880129929557,139.90286289507884,141.44346692364243,8327000
2023-08-22,138.352783203125,141.4340053523436,137.85184862351022,141.07483926808246,9673300
2023-08-23,139.28851318359375,139.49644996818782,137.48326480392976,138.32445836995967,7858000
2023-08-24,139.1561737060547,141.21663401731516,138.92934409448392,139.41137144109695,6534000
2023-08-25,138.98605346679688,140.4699500776079,137.85186212679616,139.2034366549742,6695500
2023-08-28,139.46807861328125,140.46050142833718,139.06166594520582,139.47753946176448,5094100
2023-08-29,140.60227966308594,140.6873551951955,139.10892212395314,139.6098712013941,6337000
2023-08-30,140.0352020263672,140.9709031538523,139.11839375456958,140.46996845961573,6277300
2023-08-31,138.30551147460938,140.21474212169267,137.9558062652511,140.1296666090729,10933900
2023-09-01,138.76869201660156,139.95959094685168,137.71010076768496,138.07871337147864,7903500
2023-09-05,137.2375030517578,140.08244956055856,137.05791998577726,139.09002669521007,7854700
2023-09-06,137.01068115234375,137.55886238609727,136.20728773462542,136.76492981787493,8629200
2023-09-07,135.8386688232422,137.30367264619244,135.52676366697335,136.226188661821,8373700
2023-09-08,135.94265747070312,136.21674811565677,134.8273587679302,135.50787658812396,7107900
2023-09-11,136.53810119628906,137.09574328367944,135.810322459001,136.81219181520115,6854200
2023-09-12,138.31500244140625,139.24127157738192,136.1505878255214,136.57590783749566,8363200
2023-09-13,138.3811492919922,139.60040172726968,137.82350726430812,139.2601428859323,8325900
2023-09-14,141.06541442871094,141.6797638986185,139.43028836998263,139.73273268035945,10034900
2023-09-15,140.64956665039062,141.51911403231543,140.17698561095136,140.75353505594842,19863400
2023-09-18,140.94256591796875,140.9614731978929,139.64769847272942,140.03521839001513,6512400
2023-09-19,140.76295471191406,141.50964068854574,139.13728951370842,141.3017039169794,7943400
2023-09-20,140.16751098632812,142.01057378498936,140.0162816228416,141.4434708829278,7332000
2023-09-21,139.07113647460938,140.68736984461884,138.5891090452517,139.48701006324467,8052400
2023-09-22,137.7384490966797,139.42083624031702,137.22806798136276,139.212899454292,7071700
2023-09-25,138.41896057128906,138.4851288283916,135.81976528618725,137.37929111046418,7044700
2023-09-26,136.98231506347656,137.842415902858,136.32070458011657,136.67042431005655,7468400
2023-09-27,137.78567504882812,138.07867287590997,136.5853156205032,137.22803309263858,6717800
2023-09-28,139.49642944335938,140.7062354182507,138.00307203828493,138.2582697676522,8868100
2023-09-29,137.0673828125,140.60227908934033,136.91615344717366,140.45106414604004,11917800
2023-10-02,135.8859100341797,137.63445063388755,134.80842620655724,136.88777919049235,9170600
2023-10-03,134.88406372070312,135.7157964019181,134.5438048531977,135.34718383062278,9431100
2023-10-04,135.4889373779297,135.6023521684846,134.1467950535883,135.33770804250767,8128700
2023-10-05,136.0602264404297,136.25066526017685,134.0893125063376,135.24138891222026,8576200
2023-10-06,138.15493774414062,138.89760265290286,135.33660882563723,136.06975760475353,10270600
2023-10-09,137.84072875976562,138.44056454289546,136.6315120071394,136.7838572495135,6964900
2023-10-10,138.67860412597656,139.74500633713924,138.3263184511728,138.4596169115128,11288800
2023-10-11,139.15467834472656,140.18298702545476,138.07877448409943,139.4974479049693,8698200
2023-10-12,138.83096313476562,139.92592837249737,138.1835175570688,139.2975150564194,10484400
2023-10-13,140.91612243652344,145.7815377855708,140.76377719571198,141.3921904177279,29427000
2023-10-16,140.77333068847656,142.36339626021208,139.69741222732762,142.296739758379,12663500
2023-10-17,140.46861267089844,142.16341346499166,139.7640268520569,140.50670624404734,11482700
2023-10-18,138.9261932373047,140.4210394821723,138.41203156518696,139.57363886477725,9620300
2023-10-19,138.33584594726562,139.98305184134563,137.94548119248043,138.51675412868605,11143600
2023-10-20,136.10784912109375,138.19302945151148,135.31757443481777,137.6503194431313,13332900
2023-10-23,134.25119018554688,136.8029079615198,133.99410937041876,136.09833654527492,10133400
2023-10-24,134.4130401611328,134.94623400762785,133.64181230970658,134.43208694949126,8881400
2023-10-25,133.67990112304688,134.42256611040705,132.8325005847285,133.84177704325438,8242600
2023-10-26,134.02267456054688,134.88912191359694,132.7563317818839,133.07053844381778,9109400
2023-10-27,129.1953582763672,132.44214607888188,128.71929019488803,132.2993169373712,17434700
2023-10-30,130.84254455566406,131.432864304069,129.52859205404604,129.9094552211172,9855500
2023-10-31,132.40403747558594,132.57542952026586,130.89014463505566,131.11866251848113,9672500
2023-11-01,132.289794921875,133.80368786681566,131.84228978291355,132.5849547947125,9432000
2023-11-02,134.6510772705078,134.70820310845752,132.56589701468494,133.38473459166462,10186200
2023-11-03,136.15545654296875,136.88860537693347,135.06050588564386,135.38422865912943,9538700
2023-11-06,137.1837615966797,137.2884971416143,135.95549797622422,136.31731431844256,7625100
2023-11-07,137.11709594726562,137.35512994000484,135.98406634571813,136.6410279617872,6297900
2023-11-08,137.79312133789062,137.9073730073427,136.7457659397726,137.21231780410557,7618200
2023-11-09,137.3837127685547,138.6786184578708,136.821955951098,138.478678010919,7992500
2023-11-10,139.42124938964844,139.4688590891504,137.18373879746085,138.00257623219704,7983300
2023-11-13,138.80238342285156,139.2498885003074,138.21206375831073,138.72621080025883,6676300
2023-11-14,141.33506774902344,142.10629557129178,139.5069684036802,139.6592991194605,9927700
2023-11-15,142.57284545898438,142.9727408231984,141.3541125789678,141.3541125789678,8365300
2023-11-16,144.2010040283203,144.27717665687527,142.90609839977253,142.90609839977253,8126200
2023-11-17,145.50543212890625,145.54351117681955,144.28668466904244,144.91509792293098,7812400
2023-11-20,145.95294189453125,146.39093090960563,144.64852003731698,144.80086530590324,7019000
2023-11-21,145.64825439453125,146.27666768153605,145.26740578155804,145.86724162056868,7083500
2023-11-22,145.99102783203125,146.51470558509976,145.58160176019817,146.0672004623361,5174500
2023-11-24,146.19097900390625,147.04791026139762,145.94342883357928,146.23858871739657,3496900
2023-11-27,145.8577117919922,146.18143453546136,145.40069059365675,146.08621512693892,6259100
2023-11-28,146.19097900390625,146.50518567880863,145.4102349107552,145.88630298876882,6582700
2023-11-29,146.93365478515625,148.18095079285675,146.62896424942622,146.79082564836614,9126100
2023-11-30,148.60940551757812,148.65701522867897,146.99077703925823,147.49540801435012,9869800
2023-12-01,149.3330078125,150.30419060735318,148.36183954608933,148.36183954608933,8916000
2023-12-04,150.427978515625,150.48510435359785,148.41897088573631,148.5522693504873,9607500
2023-12-05,150.408935546875,150.91356649970896,149.4567994806308,149.73291254732652,9135600
2023-12-06,148.82838439941406,151.5991038056745,148.5332245469806,151.23728745575312,9366000
2023-12-07,149.28541564941406,149.78053049907243,148.67604911462075,149.19021075461634,8130900
2023-12-08,150.93264770507812,151.1801979085091,149.46634969278438,149.7329466898475,7369400
2023-12-11,151.48484802246094,151.67527232256882,150.5803071721735,150.93260738223807,8093900
2023-12-12,152.8368682861328,152.9606360815268,151.27536589369836,151.60860476245662,10223000
2023-12-13,153.35104370117188,154.27461691513594,152.12279447855528,152.8368965803763,12379100
2023-12-14,156.14080810546875,156.95011509328629,153.9699389064081,154.08419059211312,13643000
2023-12-15,157.3214569091797,157.36906662385533,154.6173936455672,155.2743699341336,20309300
2023-12-18,158.27357482910156,159.1305060090646,157.70230190423635,157.978414971988,8469600
2023-12-19,160.38731384277344,160.4063606316337,157.6261251241979,158.05458343867437,10345700
2023-12-20,158.57826232910156,161.3013720183207,158.4830429125466,159.94934056821094,10734700
2023-12-21,159.4827880859375,160.04454486759295,157.74989350442564,158.85437480725014,7601700
2023-12-22,159.3875732421875,160.17784792833942,159.22571185275063,159.4827926611238,6576300
2023-12-26,160.33016967773438,160.69198598250622,159.17807880269012,159.44469023092927,4683600
2023-12-27,161.29183959960938,161.35849609615912,159.5589595590751,159.80650969959626,6428600
2023-12-28,162.14877319335938,162.49154275455325,160.91099341524577,161.24424684612208,6320100
2023-12-29,161.95835876464844,162.5201155849496,161.51085362889827,161.8631393418932,6435100
