Date,Close,High,Low,Open,Volume
2010-01-04,38.14618682861328,38.26477106870551,37.840369577572346,38.13994668057919,9190800
2010-01-05,38.158668518066406,38.246044873245616,37.8216433930948,38.1524283701938,8649400
2010-01-06,37.9776725769043,38.04632610636934,37.75923169299466,38.03384343002779,9908400
2010-01-07,37.77172470092773,37.88406643790322,37.59697194600041,37.80917274019547,8972800
2010-01-08,37.7217903137207,37.77796117674622,37.48462656390407,37.67186198037996,8464600
2010-01-11,37.571998596191406,37.61568677563224,36.82929478404287,37.49710491441101,14774600
2010-01-12,38.00263595581055,38.29597288253424,37.7592297318598,37.88405410796522,13460700
2010-01-13,38.39583587646485,38.564348444503295,38.01512256135878,38.09625877133889,16968100
2010-01-14,38.43328475952149,38.533143796777445,38.30846036774472,38.33342334143827,9139500
2010-01-15,37.95895385742188,38.608038812408125,37.72178774294087,38.4457663832479,15768300
2010-01-19,38.52067184448242,38.5893253981156,37.94648043477323,37.94648043477323,11577700
2010-01-20,37.99892807006836,38.369802728076,37.7789162978713,38.325800853221054,11557800
2010-01-21,37.615478515625,38.300653602809966,37.37032454461865,38.06807193774268,14298400
2010-01-22,37.91091537475586,38.14978195391246,37.2257404020766,37.55889806105729,17703200
2010-01-25,38.112064361572266,38.33207366616009,37.81033628759971,38.23778499187456,11630800
2010-01-26,38.14979553222656,38.31323314236962,37.716061686088686,37.82292270986308,13079000
2010-01-27,38.22522735595703,38.3320883740672,37.68463011677675,38.005215569029765,15228400
2010-01-28,38.77208709716797,39.7967067967262,38.70922799326031,38.76579974802453,26930000
2010-01-29,38.69038391113281,39.12412005554453,38.64009708735762,38.91668061292639,17067100
2010-02-01,38.96697998046875,39.12413024230688,38.66524936756757,38.87897381958433,12908100
2010-02-02,39.53900146484375,39.62700521584699,38.75953521695924,38.92925776443221,17680700
2010-02-03,39.38185119628906,39.51385682269983,39.19955634195665,39.43842537873973,11083500
2010-02-04,38.59609222412109,39.18697614570724,38.53951805306015,39.09897241248397,14306600
2010-02-05,38.53323745727539,38.621241205926914,37.98635530642499,38.40123183429811,14844400
2010-02-08,38.35094451904297,38.665245007275466,38.22522624208791,38.38237648620416,11431800
2010-02-09,38.82238006591797,38.97324529634411,38.35092951797832,38.58351351479869,11427100
2010-02-10,38.76581573486328,38.878964086895785,38.48294725270413,38.80982000325112,9854600
2010-02-11,38.94810485839844,39.073825497549926,38.51437117114364,38.60865985206594,10383400
2010-02-12,38.82238006591797,39.054964062738335,38.52693935312907,38.82238006591797,16188300
2010-02-16,39.4949951171875,39.520137330396935,39.193264579453285,39.35041480214223,13273100
2010-02-17,39.50756454467773,39.58299837715556,39.29384014850138,39.476134980106345,14384400
2010-02-18,39.84700775146485,39.91615422907248,39.19326228780238,39.432131283740965,17709000
2010-02-19,39.88473510742188,40.06702997830664,39.61443647760588,39.77158673224669,10897800
2010-02-22,39.86586380004883,40.15502200653574,39.79043237127575,40.03558631322966,9675300
2010-02-23,39.733863830566406,40.11731077787423,39.55156898710494,39.74643613679708,11948500
2010-02-24,40.16130828857422,40.20531015664118,39.68357269330922,39.74014686624131,12808800
2010-02-25,40.0418815612793,40.14245761878581,39.60814536497053,39.74643834326288,10085600
2010-02-26,39.77788162231445,40.15504376640639,39.689877841403295,40.07332494216465,10640900
2010-03-01,39.92243194580078,40.104726735917865,39.6961376936351,39.89100238838234,7748600
2010-03-02,40.04816436767578,40.14874041978759,39.81558269677764,40.054451719764025,8004000
2010-03-03,39.94758605957031,40.16759780971152,39.87215462422692,40.01673254110264,8608300
2010-03-04,40.02302169799805,40.32475226690256,39.859586504603584,40.01045178905584,8600300
2010-03-05,40.03558349609375,40.09215766317314,39.63327937371662,40.03558349609375,10101100
2010-03-08,39.72129440307617,40.02302258071301,39.6207183438639,39.9475911357844,11293300
2010-03-09,39.79043197631836,39.91615262164019,39.63328176914655,39.65214142459404,7100900
2010-03-10,39.60814666748047,39.7841565723467,39.51385795929876,39.74643965032056,9813200
2010-03-11,39.70871353149414,39.7150008826702,39.29383707698442,39.45098728547935,10047900
2010-03-12,39.8029899597168,39.94756781054581,39.6395548581469,39.80927730857775,8099000
2010-03-15,40.0418815612793,40.0418815612793,39.72129372940566,39.72129372940566,7674900
2010-03-16,39.93501281738281,40.1675968676132,39.86586633747227,40.05444851829086,8939300
2010-03-17,40.23674011230469,40.249310018621344,39.834433570438094,40.092159812522816,10135400
2010-03-18,40.06071853637695,40.31215735385605,40.0104317320496,40.167581892194455,8867400
2010-03-19,40.12986755371094,40.23044356671086,39.92871552771109,40.12986755371094,17458100
2010-03-22,40.1550178527832,40.29330839157501,39.92872119195088,39.92872119195088,9648000
2010-03-23,40.5635986328125,40.59503058322764,40.01671674606944,40.18643920704236,11807900
2010-03-24,39.98530197143555,40.48189723730528,39.90358318641244,40.43789536796715,11732100
2010-03-25,39.9915771484375,40.305879906464696,39.96643494204934,40.19272918707146,8203200
2010-03-26,40.03558349609375,40.186448740946034,39.8532910892128,40.02929854327236,10630300
2010-03-29,40.06071853637695,40.25558559820819,39.972714830363216,40.06071853637695,8176700
2010-03-30,40.01673889160156,40.21160606157892,39.92244778401712,40.06074076902831,6113600
2010-03-31,39.77158737182617,40.023026344541385,39.71501318332879,39.935022584194925,8193800
2010-04-01,39.82814407348633,40.04186842531447,39.72756804897436,39.89729053994861,10554900
2010-04-05,40.07960510253906,40.16132391700156,39.79044917188454,39.84702336683198,8579800
2010-04-06,39.67100143432617,39.97272956527805,39.60813990834326,39.966444611640775,11052300
2010-04-07,39.287559509277344,39.60185998535156,39.10526465765294,39.54528580374131,14043500
2010-04-08,39.32527542114258,39.50756787016967,39.04868947462016,39.25612893451197,8458800
2010-04-09,39.43212890625,39.60185141434783,39.293835959372856,39.33155287159075,9146700
2010-04-12,39.41326904296875,39.5892764925038,39.23097424285222,39.25611884933484,9164400
2010-04-13,39.60185241699219,39.81557679579442,39.33784121854807,39.35041112501714,11229400
2010-04-14,39.72129440307617,39.74643901735985,39.41956622543934,39.551571853545006,7685600
2010-04-15,39.60185241699219,39.68985614980689,39.42584495136278,39.62070967461766,11314800
2010-04-16,39.50756454467773,39.909871124126575,39.3692739809792,39.476134980106345,12568700
2010-04-19,39.740142822265625,39.75900007868341,39.41327012280094,39.4887015463938,9548900
2010-04-20,39.72129440307617,39.909876612281295,39.6207183438639,39.89730430513946,11230400
2010-04-21,39.99788284301758,40.016740105937714,39.67729498583999,39.733869172522944,9858500
2010-04-22,39.97273254394531,40.067023640985,39.74643582938784,39.92244331941156,8372900
2010-04-23,39.9412956237793,40.00415474495097,39.72757125470513,39.90357871232323,8452600
2010-04-26,40.19273376464844,40.230450675408456,39.85329115949519,39.88472071950101,9262400
2010-04-27,39.67100143432617,40.16759669894203,39.62699956509915,39.75272021914294,12849900
2010-04-28,40.01431655883789,40.198014338996586,39.53290426972111,39.68493060208127,13090000
2010-04-29,39.39988327026367,39.887631305341095,38.53207302372735,39.45055710414911,27302400
2010-04-30,39.37456130981445,39.90665007412455,39.3428898485867,39.60893302255295,15768900
2010-05-03,39.70393371582031,39.80528380046074,39.1718451673639,39.53923831804423,9756600
2010-05-04,39.0894889831543,39.60890835623101,38.99447465864091,39.463217792209605,11402600
2010-05-05,39.37456130981445,39.63427115808619,38.95649173902635,39.03250372924848,11611000
2010-05-06,38.48139572143555,39.69759669795598,24.9384775053556,39.21618441551077,28560400
2010-05-07,38.20268249511719,38.76644245746806,38.0063156609733,38.39271359014676,23976600
2010-05-10,39.53924179077149,39.716606266752606,38.74111010617536,39.00081987190028,16011300
2010-05-11,39.507572174072266,39.887636854784986,39.26053146061631,39.298538653600666,12397400
2010-05-12,39.9193115234375,39.98899017466721,39.33654659927946,39.34288234014242,11004800
2010-05-13,39.74828720092773,40.17269006376971,39.735618134165335,39.84963731864951,11157600
2010-05-14,39.61524963378906,40.0333190026848,39.36820897258382,39.75460447917002,14651600
2010-05-17,40.14735794067383,40.21070086377896,39.69128116190848,39.91298380915406,14659000
2010-05-18,40.03965759277344,40.508403269929545,39.98898375588931,40.16001248607965,15873100
2010-05-19,40.04600524902344,40.28671027450843,39.78629541472203,39.96999084651268,15928300
2010-05-20,39.02615737915039,39.61525554361867,39.00715499203103,39.570915029422295,23365800
2010-05-21,39.17817687988281,39.19718168123054,38.240688031404645,38.25969283275237,23162500
2010-05-24,38.89313125610352,39.26052438994507,38.63975484792716,38.91213364098496,12718900
2010-05-25,38.67144012451172,38.71578064934314,38.03800129391734,38.1013466268032,18250900
2010-05-26,38.285037994384766,38.77278613222388,38.21536176015957,38.55741685598813,17432200
2010-05-27,38.60809326171875,38.747448147068894,38.3927239846753,38.56375274141955,14963400
2010-05-28,38.696773529052734,39.070502490090114,38.544747165081134,38.60809249022642,13952100
2010-06-01,38.74111175537109,39.10850737033626,38.33571136394535,38.570083012167686,15341700
2010-06-02,39.108489990234375,39.16549954596671,38.66508260302463,38.741094538542455,12985200
2010-06-03,39.14651870727539,39.361888003360704,39.083175791640976,39.25420456350672,10739800
2010-06-04,38.5130729675293,38.71577316080233,38.36738235463787,38.71577316080233,17909700
2010-06-07,38.39906692504883,38.68411492433783,38.38006453055547,38.4624122673229,13182300
2010-06-08,39.36187744140625,39.4252227564206,38.31670511562486,38.43705758958708,15336800
2010-06-09,38.93748474121094,39.65326886255163,38.8107964949032,39.55825449010381,14211600
2010-06-10,39.21619415283203,39.45690156201019,39.06416778483079,39.25420134892663,14756000
2010-06-11,38.64609909057617,38.89314224572188,38.24703439704727,38.86146837346771,19772400
2010-06-14,38.798126220703125,39.09584322780066,38.77278808895498,38.886807265444375,10972800
2010-06-15,39.21619415283203,39.2288632181969,38.85513424725337,39.02616300511334,11944100
2010-06-16,38.76010894775391,39.10850212778619,38.53207307042816,38.96914485577327,14628800
2010-06-17,39.12117004394531,39.15917723292171,38.53207432125976,38.75377688268031,12060100
2010-06-18,38.82979965209961,39.23520011517972,38.76645673588485,39.14651906592812,17518700
2010-06-21,38.70309448242188,39.14016862889929,38.50039433950168,39.09582812365902,9688200
2010-06-22,38.46240997314453,39.05150833107777,38.44340516340703,38.67777929127472,13228700
2010-06-23,38.88047409057617,39.00082659227792,38.45606883947914,38.57008801640806,13424400
2010-06-24,38.55741500854492,38.88047011560821,38.48140303715585,38.6841032384447,12932700
2010-06-25,37.87331008911133,38.63343720578735,37.87331008911133,38.57009186984414,44195600
2010-06-28,38.39906692504883,38.6017671875704,37.73395653762631,38.0063354684605,14115500
2010-06-29,38.20902633666992,38.34838363903189,37.84796643180223,38.21536207752845,17814300
2010-06-30,37.99365615844727,38.348382730428895,37.82262740497632,38.08867293805682,17273600
2010-07-01,37.71495056152344,38.19002970976318,37.60093137263569,37.90498173754384,19338700
2010-07-02,37.61359405517578,37.9366467579362,37.50590821000425,37.77195374437497,12101900
2010-07-06,37.58826446533203,37.96199351341146,37.3222188705136,37.93032205165103,13959000
2010-07-07,38.52573776245117,38.58274733651529,37.45522733433235,37.68959895376188,15470000
2010-07-08,39.24153518676758,39.25420425306974,38.500410514543766,38.53841771345025,14770600
2010-07-09,39.11483001708984,39.23518247032389,38.86778937202317,39.23518247032389,9626800
2010-07-12,39.330204010009766,39.37454452009688,38.8551250450393,38.98181325230674,8324500
2010-07-13,39.52024841308594,39.81162969640052,39.380891096554016,39.463238821448094,10497300
2010-07-14,39.69125747680664,39.77360516080579,39.2731881512069,39.40620966017587,13797100
2010-07-15,39.73561096191406,39.83696106134221,39.49490356963085,39.66593231548653,10267200
2010-07-16,39.26686477661133,39.69760085528876,39.03882646553829,39.55824598903719,14142400
2010-07-19,39.18452072143555,39.45689957210055,39.08950394417956,39.2668684339656,9643600
2010-07-20,39.31754302978516,39.34921448401828,38.77278531801802,39.03883084960579,10930100
2010-07-21,39.01238632202149,39.46564697158915,38.8527872959522,39.40180833527659,14913600
2010-07-22,39.17837524414063,39.52949267722818,38.948552215854,38.98047397500693,13007300
2010-07-23,39.52310180664063,39.55502112406057,39.076224056897935,39.19752087249667,8461600
2010-07-26,39.91251754760742,39.95082218367306,39.36349660710378,39.36349660710378,7807300
2010-07-27,40.27002716064453,40.44877728936887,39.80399586454832,40.04020417497732,12532500
2010-07-28,40.027435302734375,40.30194581607002,39.93806023984144,40.14234679367896,7844500
2010-07-29,39.36989974975586,39.82316298621289,39.08262335497704,39.70825145418589,15776400
2010-07-30,39.04430389404297,39.28050976018133,38.827249130884326,39.04430389404297,11931700
2010-08-02,39.61886978149414,39.63802088855613,39.26774991676924,39.54864580854916,11167800
2010-08-03,38.26546478271485,38.4314491473345,38.01649067107343,38.214394356492846,24449800
2010-08-04,38.01648712158203,38.66765143330964,38.01648712158203,38.34845338453853,19654100
2010-08-05,38.2143783569336,38.431433056899,37.92071683206483,38.01647475437226,12620400
2010-08-06,38.316532135009766,38.32930034855145,37.773894018283,37.98456588878918,12649700
2010-08-09,38.54636001586914,38.833638768913744,38.21439372738294,38.55274290580879,11104800
2010-08-10,38.80172348022461,39.15922625862851,38.35484805133029,38.36761383333718,13450200
2010-08-11,38.47613906860352,38.712344979509545,38.303771803254286,38.41868331348711,12946800
2010-08-12,38.29738235473633,38.61019507380184,37.90796035177543,38.29738235473633,11580500
2010-08-13,38.18886184692383,38.68681012133538,38.10586965609246,38.13779141545798,8805300
2010-08-16,38.15692901611328,38.43143948952534,37.86965033053236,38.067553966218654,13138100
2010-08-17,38.48889923095703,38.89108699732575,38.25907625858193,38.50166744445429,10878200
2010-08-18,38.78255844116211,38.98046208521971,38.32929784878792,38.40590468975414,10739300
2010-08-19,38.42506790161133,38.70596379916344,38.20801308772485,38.65489093223093,9822700
2010-08-20,38.29099655151367,38.4122909299003,38.09309289018916,38.26546012386771,12107000
2010-08-23,38.32291412353516,38.55273709130908,38.21438796391284,38.310145910293535,8468500
2010-08-24,38.08671569824219,38.31653871085904,38.03564527059852,38.11225212970809,13728400
2010-08-25,38.09309768676758,38.23993094657679,37.92073286667311,38.169706979351886,10394900
2010-08-26,38.01011657714844,38.24632252807399,37.920741484111126,38.24632252807399,10264400
2010-08-27,38.17610168457031,38.252708565575645,37.82498417506629,38.1186459149941,10317400
2010-08-30,37.90159225463867,38.24632688299752,37.88244114260393,38.11864712042511,7462000
2010-08-31,38.09309768676758,38.14417054849045,37.824972468586765,37.86327711487892,12590100
2010-09-01,38.17610168457031,38.335700773916585,38.00373437584168,38.23994278148212,14748800
2010-09-02,38.34845352172852,38.49528433245397,38.11863053614508,38.137784075135606,10257800
2010-09-03,38.48889923095703,38.6229618197466,38.19523762638338,38.469745693067296,8970100
2010-09-07,38.39314651489258,38.59105021069189,38.25269857366157,38.31015432822987,7420600
2010-09-08,38.53997802734375,38.62297021547258,38.399532518919855,38.399532518919855,7719500
2010-09-09,38.48889923095703,38.74425619503892,38.43782637696802,38.73148798154167,7937500
2010-09-10,38.559120178222656,38.70595096905016,38.48251090321808,38.62934169404557,7379100
2010-09-13,38.61020278930664,38.77618716896096,38.444220844940624,38.71873141220189,9808100
2010-09-14,38.71233367919922,38.90385199525275,38.508047150703774,38.55273467660668,11011300
2010-09-15,39.01238632202149,39.20390466624705,38.64211541260256,38.66126895172663,9189700
2010-09-16,39.01238632202149,39.01238632202149,38.7251075880392,38.85917018546831,7647900
2010-09-17,38.92301177978516,39.24220983621039,38.8208684991406,39.14006655556583,17798000
2010-09-20,39.21667098999024,39.31881426433889,38.88470473953518,38.948543372770175,9053600
2010-09-21,39.27413177490234,39.49118656516346,39.08899630535561,39.229444238844586,11303600
2010-09-22,39.44650650024414,39.58056913380876,39.21029812458625,39.28052210463111,9646300
2010-09-23,39.082611083984375,39.31243407587954,39.03792355059231,39.21028835922576,10107400
2010-09-24,39.35073852539063,39.45926713787209,39.17198838164241,39.26136345351652,10602800
2010-09-27,38.96771240234375,39.3890538809446,38.95494418356327,39.22945479912172,10284100
2010-09-28,38.69958114624024,39.025164607203074,38.52721386136964,38.9485553015127,11367300
2010-09-29,38.4633674621582,38.69957335224434,38.32291953196688,38.59743006718374,9709400
2010-09-30,38.28461456298828,38.71872410203197,38.2016223888302,38.5080522219279,13101700
2010-10-01,38.40591430664063,38.53997692072284,38.27185169255841,38.36122676861322,10253300
2010-10-04,38.27823257446289,38.527206683348886,38.09948243173204,38.3101518949094,11620700
2010-10-05,38.82725524902344,38.88471100230386,38.2973876890268,38.46975251357991,11412700
2010-10-06,38.85918045043945,38.93578975659696,38.49529476970113,38.78257357957047,7229800
2010-10-07,38.81447982788086,39.03153458494827,38.78256051204782,38.935776637449166,23255800
2010-10-08,39.491188049316406,39.58056312479079,38.878328301530736,38.942166945358686,30692500
2010-10-11,39.6699333190918,39.71462085133043,39.491183190137264,39.52948539760589,7425200
2010-10-12,39.59331893920898,39.69546219851332,39.29965737311994,39.5869336156533,24975000
2010-10-13,39.98273849487305,40.1742567902505,39.63162121413318,39.72737914417828,9906000
2010-10-14,40.09128189086914,40.1168183239867,39.91253172962287,40.00828970088125,8771400
2010-10-15,40.06574249267578,40.218958644754,39.93167988166241,40.19980753897726,9943500
2010-10-18,40.4423942565918,40.55092286610209,39.9891335843316,40.14234972855555,11449200
2010-10-19,40.3338737487793,40.57646499651162,40.1551235848125,40.206194016536585,12109100
2010-10-20,40.76615524291992,40.92698116973877,40.38017400015824,40.45093780059995,10344900
2010-10-21,40.85623550415039,41.15858916605837,40.27082896884578,40.90770100150068,9612900
2010-10-22,40.785457611083984,40.97844823998004,40.61176530887484,40.86908532939992,5933400
2010-10-25,40.87554168701172,41.04923408247617,40.83694255890508,40.997768578333975,8928400
2010-10-26,40.438106536865234,40.81122173490692,40.21938298835423,40.60536456619199,12935900
2010-10-27,40.57961654663086,40.7533064630303,40.354458679503146,40.74044254286067,13348100
2010-10-28,40.65037155151367,40.88839575550982,40.56674381347028,40.61177488903505,9231200
2010-10-29,40.89482498168945,41.07494927191129,40.65036883495311,40.67610157755891,11368300
2010-11-01,40.92698669433594,41.26150496175572,40.78546152835739,41.09424705505044,11926700
2010-11-02,41.18431854248047,41.35157895112969,41.07495804406437,41.08782441811508,8129000
2010-11-03,41.37086486816406,41.40303202064115,41.06208179966493,41.1714422652576,8621300
2010-11-04,41.81476211547852,41.81476211547852,41.42234626298394,41.51240843489874,11807500
2010-11-05,41.81476211547852,41.81476211547852,41.5703083499984,41.75686710839912,9747000
2010-11-08,41.6539306640625,41.76329115737934,41.53813575701536,41.73112890476713,7203100
2010-11-09,41.69253540039063,41.77616807101345,41.56387654899939,41.673237063484,8461200
2010-11-10,41.53812789916992,41.68608993885864,41.40303468450737,41.60245730024465,8151400
2010-11-11,41.40303039550781,41.5445580080224,41.21003730425734,41.377297656139866,7003900
2010-11-12,41.383750915527344,41.50597534816741,41.18432332160436,41.33871982812933,9280400
2010-11-15,41.358001708984375,41.75685183011607,41.26150515780527,41.5252620704936,10861200
2010-11-16,40.81763458251953,41.409475470336346,40.59247673608531,41.40304105683295,14384500
2010-11-17,40.701847076416016,40.84980671175691,40.61821686374154,40.77904287441775,7938500
2010-11-18,41.18431854248047,41.34514453709937,40.85623459322227,40.90770008942509,11296700
2010-11-19,41.20360565185547,41.32583002245703,40.92055044158629,41.31940051896396,9495800
2010-11-22,40.88838958740234,41.03634916393934,40.54743691154742,40.90125595762415,9139700
2010-11-23,40.277252197265625,40.6117704751105,40.090693502196686,40.57317136281748,10488100
2010-11-24,40.270809173583984,40.50883330081246,40.142150401470914,40.50239888980155,8766300
2010-11-26,39.96845626831055,40.2064779305369,39.904124431216495,40.06495034293864,3916500
2010-11-29,39.96845626831055,40.03922006210968,39.672534725695215,39.9169907986353,8433700
2010-11-30,39.286563873291016,39.66611322314732,39.25439917327118,39.56961666907853,17675200
2010-12-01,39.98134231567383,40.10356918530306,39.56319375776827,39.60822483889535,11598600
2010-12-02,40.116432189941406,40.20006238530095,39.85910964453189,39.98133895790576,7866500
2010-12-03,40.09713363647461,40.20649412256335,39.8655438376871,40.17432941806723,8971900
2010-12-06,39.92344665527344,40.0971390277178,39.917012241103286,40.04567353039652,5849500
2010-12-07,39.98134231567383,40.2901279236923,39.891277699409805,40.00707260916797,9882400
2010-12-08,40.29012298583984,40.3222876892729,40.06496515378935,40.06496515378935,8344500
2010-12-09,40.444522857666016,40.5088547317657,40.22579939374725,40.3094296030718,8541200
2010-12-10,40.65680694580078,41.03635634472777,40.5667447924977,40.72113635415737,11510100
2010-12-13,40.65037155151367,40.86266301118436,40.62464126119778,40.72756978449005,8783600
2010-12-14,40.8819580078125,40.97845456415728,40.65680264835385,40.740432833585366,8626100
2010-12-15,40.93984603881836,41.11353832790178,40.88838302020594,40.920547713589805,11074500
2010-12-16,41.49309921264648,41.653925178586974,40.62463997817164,41.08138513248035,14337400
2010-12-17,41.69253540039063,41.84049749670907,41.35801944196107,41.5188454602104,23534700
2010-12-20,41.79545593261719,42.01417690676781,41.60246279588013,41.72469210968156,10616100
2010-12-21,41.73112106323242,42.05920248153444,41.58315902335642,41.95627642128832,8193900
2010-12-22,41.78258514404297,41.79545397016485,41.34513830826215,41.351572721323095,7083400
2010-12-23,41.96915054321289,42.00131770562184,41.66036737937448,41.66036737937448,5950800
2010-12-27,41.60245132446289,41.88550653815607,41.40946314895954,41.84047547307016,7195800
2010-12-28,41.66036605834961,41.7053971394823,41.42877623880442,41.68609880585682,4648400
2010-12-29,41.42876815795898,41.68609067481961,41.39660100284436,41.634625189843725,4916400
2010-12-30,41.3515739440918,41.48666717425159,41.2100463006808,41.48023766901965,3819900
2010-12-31,41.383750915527344,41.4609442607694,41.177893814847806,41.222924902245815,5245600
2011-01-03,41.66679000854492,41.74398824077329,41.171448182132046,41.42233630185039,10004000
2011-01-04,41.78258514404297,41.78901955710391,41.39660379671145,41.43520536705799,11333200
2011-01-05,41.68608856201172,41.872642346561165,41.58315759727688,41.60245592616003,7459600
2011-01-06,41.61532211303711,41.67321709601696,41.37086354129578,41.61532211303711,11585100
2011-01-07,41.49309921264648,41.731123409125246,41.280807759680485,41.57672694804871,11940000
2011-01-10,41.40303039550781,41.51239085680792,41.26793719483976,41.42876313487575,12253700
2011-01-11,41.19718933105469,41.55743800557838,41.004198619129845,41.49310858627345,9624200
2011-01-12,41.79545593261719,41.81475426468703,40.78546898746783,41.43520731259531,10150600
2011-01-13,42.12353897094727,42.13640288863683,41.75685596655775,41.76328547139305,9899100
2011-01-14,42.15570068359375,42.23933332557972,41.98844030764072,42.03990579378303,10947000
2011-01-18,42.13640594482422,42.41946123471441,42.09780928093713,42.23290251256127,12395900
2011-01-19,42.351558685302734,42.55894179427088,42.15713980187197,42.196022589677455,11763500
2011-01-20,42.64320755004883,42.70801386446921,42.35157171854985,42.40990086261159,12492800
2011-01-21,42.7144889831543,42.74040754915344,42.46173599282423,42.70800686945249,9554100
2011-01-24,43.148704528808594,43.22647012980033,42.6367262298582,42.708014660370594,10568200
2011-01-25,43.22646331787109,43.38848155361185,43.07740930985593,43.14221561527141,11064100
2011-01-26,42.84408187866211,43.36901912569752,42.81815838018605,43.34957773794091,9499500
2011-01-27,41.59333038330078,41.80071357068144,40.91933378821233,41.70998373522772,23967100
2011-01-28,41.60628128051758,41.697011097678,41.372977095905966,41.411862362775615,14927400
2011-01-31,40.912845611572266,41.70997503533899,40.83507507837399,41.70349292147143,12568400
2011-02-01,40.77676010131836,41.223932142662015,40.647147453244685,41.10727878163348,14623900
2011-02-02,40.6924934387207,40.79618499224963,40.37493666542495,40.6730495727954,11626100
2011-02-03,40.763797760009766,40.91285427188853,40.601779489854245,40.60825913289132,8546700
2011-02-04,41.223915100097656,41.28872139734263,40.67953379775387,40.71841905942191,9827300
2011-02-07,41.8331184387207,41.9951367054169,41.34706116642955,41.444273115328286,12847100
2011-02-08,41.89142227172852,41.9627106699633,41.671079909477534,41.7294040838136,8193700
2011-02-09,41.72940826416016,42.046962559852425,41.528507273228776,41.891426468305646,11019900
2011-02-10,41.852535247802734,41.98862991853208,41.528498904808416,41.88493591546085,10977000
2011-02-11,41.94976425170898,42.10530037535986,41.52851584510048,41.52851584510048,8951600
2011-02-14,41.826622009277344,42.040487234782375,41.70348658651928,42.00159950188837,7093800
2011-02-15,41.42481231689453,41.93030831134652,41.26279411639566,41.93030831134652,11785000
2011-02-16,41.32111358642578,41.54794051102575,41.282230807272335,41.54145839969943,9851200
2011-02-17,41.47666931152344,41.61276403937336,41.12022967906796,41.20447985582359,7364600
2011-02-18,41.671085357666016,41.7229274268307,41.43129662821634,41.56739133052994,9093700
2011-02-22,41.52201843261719,41.71644222384963,41.23038521796972,41.30167361179479,9437500
2011-02-23,41.57388687133789,41.735905132766014,41.41186860990976,41.48315704049053,11711100
2011-02-24,40.86099624633789,41.72941403963743,40.71842188805423,41.684049133974185,15218000
2011-02-25,40.72490310668945,40.89988309482579,40.5239996079695,40.802671166238255,11370400
2011-02-28,40.86099624633789,40.98413168073981,40.582324698862536,40.69897801976859,11558200
2011-03-01,40.66009521484375,41.2498414604829,40.60176855440903,41.107264630042025,12134200
2011-03-02,40.44623565673828,40.72490724331305,40.38790898810165,40.5693686362146,10020700
2011-03-03,40.53696060180664,40.79619075836928,40.25180940734934,40.63417252856813,14193800
2011-03-04,40.19997024536133,40.65362187192381,39.8953775948914,40.51104501072353,11875900
2011-03-07,39.99256134033203,40.26475313004336,39.83702529381203,40.18050299606118,11300700
2011-03-08,40.21291732788086,40.34253238419812,40.00553422665388,40.01849597950576,10944000
2011-03-09,40.18052291870117,40.37494430935124,40.01850468112576,40.238849583116405,8781500
2011-03-10,39.85001373291016,40.12868287558271,39.66855159416664,39.99907024074061,12106800
2011-03-11,39.85001373291016,39.98610848281589,39.61022491960668,39.66207195130556,9586700
2011-03-14,39.759273529052734,39.78519703975233,39.39635426806657,39.55837250163598,9135600
2011-03-15,39.31209945678711,39.4417145227925,39.085274945429006,39.28617594914568,13092400
2011-03-16,38.70940017700195,39.21489632829567,38.68995877801444,39.19545492930816,16378600
2011-03-17,39.16303634643555,39.33801628500171,38.884364867111806,39.33801628500171,10646900
2011-03-18,39.273223876953125,39.577818986324246,38.96214912517516,39.4806070448051,17016800
2011-03-21,39.72687530517578,39.86945215950917,39.402838797837966,39.50653038129797,9602500
2011-03-22,39.48707580566406,39.80463009245827,39.45467266018324,39.56484384925834,7772900
2011-03-23,39.47412872314453,39.590782067989615,39.234342390830726,39.42876380817172,7998200
2011-03-24,39.62318420410156,39.71391403170835,39.370436120853405,39.68151087502056,8197900
2011-03-25,39.45468521118164,39.77872171347274,39.34451151485746,39.64910661811584,7757900
2011-03-28,39.31209945678711,39.752789197884375,39.279696308336206,39.5842913426186,8381500
2011-03-29,39.71390914916992,39.80463896562213,39.27970146409089,39.27970146409089,7684300
2011-03-30,40.161075592041016,40.161075592041016,39.77871250892586,39.83055705175072,7552100
2011-03-31,39.92129135131836,40.18052151123942,39.91481170981124,40.02498292084638,11569500
2011-04-01,40.23235702514648,40.37493134734321,40.012012193895565,40.10274198225748,8243700
2011-04-04,40.3490104675293,40.39437783686103,40.13514773422973,40.29068381804733,6438000
2011-04-05,39.96665573120117,40.34901885232917,39.921290824643776,40.19348273619012,9105800
2011-04-06,40.02498245239258,40.14163577577154,39.88240809108651,40.10275298277988,8249600
2011-04-07,40.26478576660156,40.27774752635118,39.83705758367584,39.934267073493615,7692800
2011-04-08,40.11572265625,40.32958547652429,39.94074263664241,40.31014407619094,7271400
2011-04-11,40.30366134643555,40.50456487822442,40.11572204427445,40.19349011662396,7649500
2011-04-12,40.75732421875,40.822133023767385,40.18053945121252,40.199980856616165,11415700
2011-04-13,40.82210540771485,40.87394994445293,40.647125460846105,40.72489350205395,10414900
2011-04-14,41.02301025390625,41.146145675644334,40.67305032717963,40.67305032717963,10027100
2011-04-15,41.59333038330078,41.6127717845544,40.88693062872209,41.12671697559299,12378300
2011-04-18,41.47666931152344,41.57388124410318,41.191518099999485,41.26280404872887,11323800
2011-04-19,41.38593673706055,41.684049684557216,41.19151535704976,41.61924338195428,9284200
2011-04-20,41.29521179199219,41.69701388213308,41.1915202122842,41.64517180058249,8844700
2011-04-21,41.00357437133789,41.31464907950759,40.82859438445456,41.22391926531668,10600800
2011-04-25,41.068389892578125,41.081351650686265,40.56937333032612,40.88045058051646,7369600
2011-04-26,41.36650466918945,41.47667590289932,41.010062507886886,41.12023621379928,9500000
2011-04-27,41.83370590209961,41.92519313680736,41.5331231491915,41.58539765191768,9896600
2011-04-28,42.147369384765625,42.20617727463156,41.121456872025696,41.324026521481215,13366000
2011-04-29,42.40874862670898,42.53943614758261,42.08856071078205,42.199645602065566,13357700
2011-05-02,42.59171676635742,42.76814543305749,42.47409599342079,42.63092202886637,8909000
2011-05-03,42.93802261352539,42.99029959539742,42.57862958032186,42.6439733149582,9924100
2011-05-04,43.43464660644531,43.45424922948512,42.853078857695344,42.931489349854544,14236900
2011-05-05,43.04912567138672,43.38238534003557,42.88576377298761,43.179818181351706,10812500
2011-05-06,42.6505241394043,43.34971289626635,42.50023397801501,43.26476650006413,11125800
2011-05-09,42.565555572509766,42.72891739309368,42.38259113112093,42.42833224146814,8698800
2011-05-10,42.95111083984375,43.05565985831487,42.6374538136118,42.66359231458191,8076200
2011-05-11,43.07526397705078,43.20595648642009,42.89883532116404,42.99031758501783,9176300
2011-05-12,43.67643356323242,43.77445169666131,43.00991922965285,43.14714262228955,11100000
2011-05-13,43.68949890136719,43.983548273134645,43.48693177794554,43.5653422848656,12601200
2011-05-16,43.74178314208984,43.97702467263508,43.46080047979468,43.5588186150901,9880600
2011-05-17,44.0554313659668,44.25146761953028,43.54574308919257,43.54574308919257,12185600
2011-05-18,44.029293060302734,44.10770855915516,43.76138216368946,44.042364802816,8870300
2011-05-19,44.0815658569336,44.0815658569336,43.71563686799362,43.97048098320661,7425400
2011-05-20,44.016212463378906,44.17303842636462,43.898591744787744,44.055417707773465,9361500
2011-05-23,43.81365966796875,43.93128042489868,43.59148491136372,43.70256979696168,9406300
2011-05-24,43.78750991821289,43.94433589202489,43.65028656795142,43.76790729466237,7105200
2011-05-25,43.37583923339844,43.66989357237868,43.06218725430951,43.51959846773433,11639200
2011-05-26,43.2516975402832,43.32357717395422,42.97071487740815,43.2516975402832,8946700
2011-05-27,43.25822448730469,43.59801999469813,43.13407284669582,43.15367547492833,7973400
2011-05-31,43.78099060058594,43.780990600585945,43.34318189107841,43.34318189107841,10603900
2011-06-01,43.38891220092773,43.77444380808633,43.349701963376624,43.75484118201501,9579500
2011-06-02,43.13406753540039,43.45425538972612,42.90536192516772,43.428116893498334,8540400
2011-06-03,42.75507354736328,43.00991769393325,42.63745278853028,42.84001993441688,8579100
2011-06-06,42.80080795288086,42.89229019700091,42.61130759422978,42.70932570876081,7668800
2011-06-07,42.513309478759766,42.82696659572758,42.48064008215339,42.774689578664486,8892500
2011-06-08,42.37606048583984,42.50675294966096,42.27151150019069,42.50021708011796,11292100
2011-06-09,42.48063278198242,42.76814635559959,42.382614638185935,42.49369954129734,10219500
2011-06-10,42.27806091308594,42.50677157865557,42.2453915218688,42.42182019358916,10509000
2011-06-13,42.32379531860352,42.59171120519253,42.153902546307634,42.245384803823605,8873100
2011-06-14,42.3172607421875,42.61784598858463,42.25191699043312,42.49368937046521,7240100
2011-06-15,41.663818359375,42.16043744430831,41.38283818142517,42.15390655772792,11790300
2011-06-16,41.99053955078125,42.036280678330975,41.49391803352066,41.735692920955564,8894300
2011-06-17,42.271522521972656,42.55250516069117,42.16696852365459,42.24538402239314,10057200
2011-06-20,42.53290557861328,42.66359810119008,42.15390972666553,42.15390972666553,5911700
2011-06-21,41.96438980102539,42.63090390740596,41.92518455518172,42.63090390740596,11024200
2011-06-22,41.85983657836914,42.10161389800305,41.73568247647618,41.87290831748868,9107100
2011-06-23,41.46776580810547,41.64419688141389,41.03649068203054,41.64419688141389,11693900
2011-06-24,40.89927673339844,41.49391382392287,40.80125861704763,41.46124194937401,15278300
2011-06-27,41.0495719909668,41.33055461702856,40.92541786261334,41.01036424336362,6705500
2011-06-28,40.984222412109375,41.38935910893788,40.86006580869931,41.23906650354512,8551500
2011-06-29,40.873146057128906,41.10185420813918,40.74899191300656,41.08224908549533,11386200
2011-06-30,41.53964614868164,41.59192313105087,40.89273469443658,40.99075029732331,11807400
2011-07-01,41.9970703125,42.10816018085744,41.38936640646256,41.47431528282017,9700500
2011-07-05,41.99053955078125,42.1473655616076,41.78796991970068,41.88598555329102,9224100
2011-07-06,42.27806091308594,42.43489193840396,42.042819360518834,42.16697600920978,9334700
2011-07-07,42.4414176940918,42.56557432777179,42.29112754476168,42.46102530894336,8973600
2011-07-08,42.4283447265625,42.54596547141063,42.16696473963235,42.50022434760351,9227800
2011-07-11,42.29113006591797,42.304196824522,41.99054476392924,42.01014739454008,9206700
2011-07-12,42.16697311401367,42.51329954667806,42.07549084823098,42.134303725039615,11583700
2011-07-13,42.23885345458984,42.487161753658896,42.14083531521191,42.36954098348731,9154200
2011-07-14,42.21269607543945,42.34338853130472,42.05587011380857,42.18002670052871,13269400
2011-07-15,42.36299896240234,42.37606571769384,42.03627524062304,42.26498084878688,20588800
2011-07-18,42.18003463745117,42.33686062859166,42.0036010351858,42.27151688106715,13343700
2011-07-19,42.21924209594727,42.33686284180349,42.029741728433976,42.21270622523063,8393800
2011-07-20,42.29500961303711,42.4531254249232,42.18960409803097,42.33454107913426,13089600
2011-07-21,42.48604965209961,42.72321827223962,42.32134950068291,42.39381796940624,8564400
2011-07-22,42.327938079833984,42.65074896289838,42.25546961253897,42.4662856011473,6047200
2011-07-25,41.70867538452149,42.150070670109855,41.64938321792189,42.13689435385157,8801200
2011-07-26,41.56372833251953,41.96559708493677,41.55714143255152,41.8140732544249,8715200
2011-07-27,40.9774055480957,41.58350100806296,40.94446601451058,41.52420884235961,11165200
2011-07-28,40.79294204711914,41.12893184366907,40.74682619474961,40.95105533604713,7535600
2011-07-29,40.5096549987793,40.96422656414975,40.5096549987793,40.63482622350083,10380300
2011-08-01,40.47013092041016,41.04987629335172,40.1868463923322,40.95105517402202,10103800
2011-08-02,40.10120391845703,40.41742800029946,40.022148526277824,40.272493533491854,9609000
2011-08-03,40.00896835327149,40.180257951800016,39.85085758414938,40.02873157113041,13107900
2011-08-04,39.25133895874024,40.1868345568792,39.19863370711988,39.77178949630536,17790100
2011-08-05,39.9167366027832,40.45036610243867,39.08005936841615,40.22637375218981,23699300
2011-08-08,39.06029891967773,40.41742692052089,39.027359383243535,39.60710226123697,30994600
2011-08-09,39.672977447509766,40.12096210750117,37.92056775276404,39.870617147358885,31875700
2011-08-10,38.54641342163086,39.58731934427474,38.4146553414538,39.50826399354365,23417700
2011-08-11,39.82450485229492,40.24613691973644,38.61231140183786,38.68477988464037,18713900
2011-08-12,40.279075622558594,40.66118124649535,39.91673572914895,40.041906961235824,13520700
2011-08-15,40.76659393310547,40.81929668992519,40.22637748179397,40.76000451779951,12111500
2011-08-16,40.59529113769531,40.75999128310821,40.29883037332714,40.49647255832244,9420600
2011-08-17,40.62824249267578,40.92470334335568,40.35154737412488,40.70071097985592,7973100
2011-08-18,40.09460067749024,40.36470879439722,39.56097134320465,40.068248053127455,17846200
2011-08-19,40.16048431396485,40.52282414441751,39.67956017345495,39.8640235388218,16297700
2011-08-22,40.65459442138672,40.786355076416726,40.48330732903553,40.67436015317277,12676600
2011-08-23,41.51760482788086,41.64936542103668,40.68751485018621,40.81268854459016,15222400
2011-08-24,41.70867538452149,41.75479123486279,41.09599050070079,41.31998285084089,8417200
2011-08-25,41.1948127746582,41.81408712836686,40.97740981983272,41.669150149732815,15063000
2011-08-26,41.22115707397461,41.27386233304757,40.298835145198375,41.00375416311133,10374200
2011-08-29,41.56372833251953,41.695488950002606,41.35949924976453,41.35949924976453,9147700
2011-08-30,41.83383941650391,42.09077125648953,41.43197063575719,41.56373126252864,9181100
2011-08-31,41.95241928100586,42.13029573131807,41.76136651810112,41.807482355612656,8972600
2011-09-01,41.67572021484375,42.32793384207624,41.62960437902297,41.91288880656466,8871400
2011-09-02,41.207984924316406,41.55056160354148,41.11575322474145,41.37268510587892,8817300
2011-09-06,41.09600067138672,41.20799561761127,40.25273381403735,40.3054390921143,11458200
2011-09-07,41.31997299194336,41.53737587551956,41.25409142637121,41.33973620505263,8874900
2011-09-08,41.44514846801758,42.05124636811964,41.10257183111207,41.23433246271034,11124300
2011-09-09,40.740230560302734,41.181625770691824,40.56235409080827,41.1157467137494,12286400
2011-09-12,40.73365020751953,40.79293986042317,40.18684439712731,40.35154457908275,9865500
2011-09-13,40.80610275268555,40.91151073393625,40.29882605756514,40.694107872098655,8329200
2011-09-14,41.06962966918945,41.47149843890068,40.53600027632498,40.92469273240839,11547700
2011-09-15,41.359493255615234,41.359493255615234,40.911508728973146,41.14209040443197,9161300
2011-09-16,42.380645751953125,42.624398768355285,41.51102660791389,41.64937665024681,24690100
2011-09-19,42.0380859375,42.22913628672352,41.84703307515051,41.92608847873011,11022700
2011-09-20,42.215946197509766,42.61122557607259,41.82066430582194,42.06441983883152,8215800
2011-09-21,41.51760482788086,42.46627657497904,41.47807589599683,42.40698694683942,9649100
2011-09-22,40.29884338378906,40.78635707737969,39.725687396384,40.56895412207111,17381200
2011-09-23,40.35154724121094,40.3647235582117,39.79156759086882,40.14731809738738,9122500
2011-09-26,41.20139694213867,41.3660971193812,40.60188839750092,40.62823851588452,13364100
2011-09-27,41.67572021484375,42.15005739828556,41.34631995148129,41.55713843210787,10732400
2011-09-28,41.32656478881836,42.08418654735951,41.22115678453764,41.7416099051659,9031800
2011-09-29,41.965599060058594,42.19618077978755,41.49785123344753,41.86019106373603,9798600
2011-09-30,41.623023986816406,42.42676155927589,41.616434573169215,41.76796092955499,11358100
2011-10-03,41.3990364074707,42.30818208414999,41.339744243488894,41.95901600153479,12323800
2011-10-04,41.74819564819336,41.82725353405528,40.70070253521025,41.04327916790362,12800000
2011-10-05,41.72843170166016,41.92607138659975,41.366091860416745,41.66913954486578,12023100
2011-10-06,41.90631484985352,41.93925438373824,41.26069043583669,41.5439749508709,8691600
2011-10-07,42.10393905639648,42.42675240105233,41.93265203541799,42.14346799037202,8902000
2011-10-10,42.69029235839844,42.70346616238745,42.24889201787524,42.407007823249685,6663600
2011-10-11,42.53874969482422,42.71662362501048,42.32134431529168,42.32134431529168,5705600
2011-10-12,42.74959182739258,43.04605023457196,42.5190125077806,42.6375968759028,10206200
2011-10-13,42.59146499633789,42.690286103655446,42.14348033258193,42.499233303174925,7305200
2011-10-14,42.74959182739258,42.93405528308217,42.40701755629081,42.822060331592375,7485100
2011-10-17,42.33452987670898,43.11849920829161,42.202766735003976,42.7166304220287,7165000
2011-10-18,42.769344329833984,43.21073963476619,42.22912790519656,42.268659368829205,11796600
2011-10-19,43.0051155090332,43.3836931571572,42.69295401427298,42.72616462456871,9099100
2011-10-20,43.23093032836914,43.35712456356335,42.819147147802894,43.1047411604025,7728400
2011-10-21,44.00801467895508,44.03458215286007,43.483318470593424,43.57630209564713,13026800
2011-10-24,43.41690444946289,43.76227149271632,43.17780223981522,43.66928786310087,9819000
2011-10-25,42.84571838378906,43.41690645913894,42.7527347498696,43.230934124072,8919200
2011-10-26,43.1379508972168,43.17780464586408,42.62654090583389,43.1047453517768,9401200
2011-10-27,43.34383392333984,43.61614160598631,42.71286795196978,43.41689319441665,16764300
2011-10-28,42.99185180664063,43.191100347843296,42.7195388795983,43.05826798704152,10656200
2011-10-31,42.50035095214844,43.0582553176496,42.46714033810496,42.87228804035393,9438800
2011-11-01,41.650203704833984,42.24131606996259,41.51736886766026,42.08855689397763,13462600
2011-11-02,41.74984359741211,42.20812126950595,41.44432514934955,42.10849701050186,8783200
2011-11-03,41.98229217529297,42.18818631256156,41.76975743587363,42.04871086487022,8532600
2011-11-04,41.862754821777344,41.96902222640142,41.42440146100116,41.76977115943312,7758200
2011-11-07,42.14833068847656,42.22138997255976,41.63691823350786,41.86273668721334,6559500
2011-11-08,42.64646911621094,42.732809622863,42.16162402390883,42.16162402390883,7422000
2011-11-09,41.6568489074707,42.394079883438096,41.55058153918078,42.37415301002417,9701300
2011-11-10,42.00221252441406,42.2745227753457,41.70997540289768,42.18153662438186,6143700
2011-11-11,42.43395614624024,42.5999991754765,42.22806441150123,42.340972455246416,5731100
2011-11-14,41.87602615356445,42.201471408934175,41.79632625712016,42.13505271721891,6832800
2011-11-15,42.21474456787109,42.44056299588275,41.90922372977529,42.095193486358255,7673800
2011-11-16,42.02879333496094,42.43393856380462,41.856109770897234,41.915885337999,9228000
2011-11-17,41.80297088623047,42.27453477518398,41.53730369462063,41.942448885460976,8525500
2011-11-18,42.00221252441406,42.174896023262654,41.88266143535982,41.915869508182986,7624000
2011-11-21,40.95282745361328,41.8228933040373,40.81335200286551,41.53729926663148,13254400
2011-11-22,40.97274398803711,41.34468098611751,40.83991169850666,40.859836035213526,8321500
2011-11-23,40.5543327331543,40.85320802888759,40.51448151136977,40.720375690168105,7488200
2011-11-25,40.51448059082031,41.03917693112954,40.51448059082031,40.64731546013605,4734800
2011-11-28,41.33804321289063,41.48415924809216,40.89304690495959,40.946181851297375,7673200
2011-11-29,41.5306510925293,41.80960449379828,41.41774313189178,41.49744301784848,6442700
2011-11-30,42.88556671142578,42.8988479159214,41.969009050775234,41.995576526994434,15034500
2011-12-01,42.56012344360352,43.03168473911767,42.420645462068016,42.89220929119613,9387600
2011-12-02,42.94535446166992,43.07818680542289,42.68632277706217,42.95863566915358,9952600
2011-12-05,43.06489562988281,43.1313168614296,42.80586904198165,43.09810624565621,9820200
2011-12-06,43.06489562988281,43.17116554657485,42.832436521154655,42.93870643784668,8315400
2011-12-07,43.32392501831055,43.50324915931048,42.93870419129943,43.0316878299258,11144700
2011-12-08,42.81914138793945,43.17115150483798,42.70623343859971,43.08481102602998,8352600
2011-12-09,43.1512336730957,43.28406597854985,42.90548833405512,42.94534207947349,7647800
2011-12-12,42.712886810302734,43.11803201343267,42.4671439538654,42.89221603384088,8793500
2011-12-13,42.99185180664063,43.39035395627572,42.77267385081092,42.86565751681811,11126100
2011-12-14,42.80586624145508,43.13795210854853,42.71952574021293,42.819152513786605,10326700
2011-12-15,43.16453552246094,43.31065416868602,42.93871948173496,43.05827064071638,9654800
2011-12-16,43.264137268066406,43.58957993060584,43.05160256047759,43.456747638573006,18291900
2011-12-19,43.1379508972168,43.56302038978204,42.99847544502146,43.40362059687708,8172300
2011-12-20,43.69586181640625,43.77556425384763,43.31064096961574,43.33056531216895,9797100
2011-12-21,43.8353385925293,43.8353385925293,43.50325269410104,43.50325269410104,9479000
2011-12-22,43.961524963378906,43.9947305069234,43.69585527888416,43.72906082242865,7666300
2011-12-23,44.28032302856445,44.29360929931367,43.8419723711649,43.97480467529141,5209800
2011-12-27,44.36002731323242,44.4662921475482,43.88182289074189,43.92167157020684,5604700
2011-12-28,44.19398498535156,44.46629274406133,44.134206898124425,44.43973033554691,4152000
2011-12-29,44.479591369628906,44.48623450721656,44.26705657188744,44.32019153813013,4425900
2011-12-30,44.3068962097168,44.47293914487563,44.22719377663839,44.41980418949002,4062300
2012-01-03,44.38658142089844,44.499489356863634,44.01464194473914,44.034571345697366,11565900
2012-01-04,44.36665725708008,44.41978712482664,44.06113391459928,44.253744253456176,10595400
2012-01-05,44.18070602416992,44.26705160142642,44.00138186727261,44.12757613112213,10085300
2012-01-06,44.07442855834961,44.25375266393089,43.78883456262589,44.17405531355133,8421200
2012-01-09,44.260398864746094,44.33345815247295,43.98144798464045,44.00137232361548,7836100
2012-01-10,44.05450820922852,44.41316152008901,43.88182215572657,44.3998752490047,10318900
2012-01-11,43.62279510498047,44.04122142920183,43.48331966357336,43.90174598779471,14676800
2012-01-12,43.70914459228516,43.83533885595944,43.54310164207319,43.83533885595944,29758100
2012-01-13,43.70914459228516,43.722430865950194,43.41691244562762,43.54310164207319,33539100
2012-01-17,44.00801467895508,44.17405759044063,43.80211802299827,43.808761158281406,35728800
2012-01-18,44.20550537109375,44.27245195850225,44.06491600522674,44.11847531823243,10386800
2012-01-19,44.23898315429688,44.35279286864072,43.797126464212624,44.15864418127316,9346600
2012-01-20,44.33940505981445,44.35279233464183,43.817209402993626,43.9377153072296,12190100
2012-01-23,43.51594161987305,44.145250717761854,43.36865607715893,44.125167254245696,14828100
2012-01-24,43.18121337890625,43.34858242301054,42.87325495067811,43.27493963498882,9742400
2012-01-25,43.50257110595703,43.61638084819117,42.96698803661016,43.10088125009753,10913100
2012-01-26,43.38206481933594,43.77035717838356,43.33520168422509,43.58290463794016,11932100
2012-01-27,43.047325134277344,43.49587299818248,42.6188581868921,43.05401621926807,10979900
2012-01-30,42.31759262084961,42.71258370556846,42.1970866930473,42.71258370556846,12492000
2012-01-31,42.20378875732422,42.54522056436716,41.97616670134575,42.45818792576816,11358600
2012-02-01,42.31759262084961,42.6456371029446,42.304202789555,42.45818201866924,12900500
2012-02-02,42.3912239074707,42.59876240541983,42.34436078758679,42.41130737203567,12613100
2012-02-03,42.02301406860352,42.75274310178716,41.88242470398934,42.41800506003042,17440500
2012-02-06,42.5184440612793,42.58539323204761,42.02972660699445,42.08328594360909,9851200
2012-02-07,42.6456413269043,42.786230738649,42.42471291943452,42.55191505240782,8901600
2012-02-08,42.60546112060547,42.69918737154483,42.47156538189976,42.65902043762728,8174800
2012-02-09,42.87324905395508,42.91341598455228,42.53181482078728,42.73935332631768,9152000
2012-02-10,42.76613998413086,42.83308658198551,42.54521161428228,42.57868491320961,8295500
2012-02-13,43.00046920776367,43.10088657643928,42.88665434376578,42.94690987267046,6899400
2012-02-14,43.16781997680664,43.16781997680664,42.906719605974736,42.91341579694406,6997700
2012-02-15,43.21468353271485,43.47577879847486,43.10086871588064,43.3954398291267,11651700
2012-02-16,43.649845123291016,43.78374342461643,43.28163628696647,43.36866635205454,10823300
2012-02-17,43.45570373535156,43.87747191366084,43.44900754302019,43.84399605970215,10281600
2012-02-21,43.127662658691406,43.56282328167407,43.08079952130552,43.50926395103337,10037700
2012-02-22,43.14104461669922,43.32180092929368,42.96028319640709,43.00714632246474,7029500
2012-02-23,44.46659851074219,44.5670209409008,43.01383669189811,43.08078327610486,20163300
2012-02-24,44.660762786865234,44.82143566664737,44.53356065703422,44.68084625837566,17777100
2012-02-27,44.6540641784668,44.88168876123651,44.27246291731325,44.56703410406283,17903200
2012-02-28,45.11599349975586,45.18294008751805,44.54693984223142,44.58041058226389,13468100
2012-02-29,45.269981384277344,45.37039872568223,45.062440294078726,45.12939199861257,14742500
2012-03-01,44.627288818359375,45.31684853154564,44.493390505115485,45.14947947076457,11967000
2012-03-02,44.633975982666016,44.774565368449146,44.45321966028712,44.66745183496111,7022200
2012-03-05,44.82142639160156,44.83481877496968,44.49338450685037,44.59380695132049,6933400
2012-03-06,44.74779510498047,44.915164186206816,44.31933066565694,44.52017560620816,9827000
2012-03-07,44.57373428344727,44.90177624767762,44.46661562134,44.73440716890923,7470800
2012-03-08,44.78796005249024,44.895073591478976,44.700924875132536,44.821430798806254,5811500
2012-03-09,44.80803680419922,44.89506686081117,44.58710845930262,44.89506686081117,5710200
2012-03-12,45.330223083496094,45.377086203051,44.67413940972735,44.70091395716134,8825500
2012-03-13,45.45744323730469,45.45744323730469,45.23651482543038,45.42396737816046,9056700
2012-03-14,45.42396926879883,45.49091588217474,45.3168557089372,45.34363537582741,8056200
2012-03-15,45.31013488769531,45.38377765469124,45.189629006038025,45.31683107770306,8611500
2012-03-16,45.02229309082031,45.42397795559243,44.94195407478582,45.410590673436765,15713500
2012-03-19,44.99550628662109,45.17626776712135,44.82813719385385,44.8750003355207,7038900
2012-03-20,44.99550628662109,45.15617918552182,44.78797024605351,44.82813719385385,6139000
2012-03-21,44.98879623413086,45.09591487220011,44.76117678978039,44.99549242593464,6120400
2012-03-22,45.20304107666016,45.36371907881514,44.82143976001571,44.85491562072281,7321000
2012-03-23,45.14278411865234,45.216426915382975,45.03566546606289,45.19634344494708,6006400
2012-03-26,45.162879943847656,45.41058806494996,45.0222905046382,45.21643928479408,7818800
2012-03-27,44.95532989501953,45.34362733451744,44.82812777677408,45.19634174659076,7936900
2012-03-28,44.98210906982422,45.06244294767876,44.821431098718655,44.93524593850965,7534600
2012-03-29,44.861602783203125,44.95532904507565,44.69423372875958,44.84151931390161,6917400
2012-03-30,44.99550628662109,45.17626776712135,44.86161305548705,44.95533933882075,8670300
2012-04-02,45.22979736328125,45.47080913422954,45.12268385824678,45.14276732120971,8595200
2012-04-03,44.915157318115234,45.25659162176312,44.81473997089371,45.1427818897799,6954100
2012-04-04,45.02897644042969,45.22981626167252,44.66076243993643,44.66076243993643,8372200
2012-04-05,45.06245040893555,45.17626526757154,44.74110462891377,44.80135504728069,7696300
2012-04-09,44.72769927978516,44.94193144028132,44.6607526873234,44.66744887887886,6890400
2012-04-10,44.41975021362305,44.78796421117636,44.37958327123493,44.68084555454315,9436700
2012-04-11,44.48001480102539,44.80136062102585,44.399675792175415,44.68085466160075,7593800
2012-04-12,44.24569320678711,44.43315089087525,44.151966918592855,44.29925254509801,27847200
2012-04-13,44.058231353759766,44.5201716109535,44.051540268654456,44.2122131420572,29792000
2012-04-16,44.70762634277344,44.92185855372756,44.10509665330908,44.19213184093653,32810100
2012-04-17,44.868289947509766,44.98879586048795,44.741092950481175,44.79465226907097,8894700
2012-04-18,44.68754196166992,44.98880424642193,44.67415468337595,44.80804789711046,6081800
2012-04-19,44.56703567504883,44.794660265842296,44.33941619195402,44.77457168701159,7721200
2012-04-20,45.19633865356445,45.26328525048643,44.580416681867526,44.660755662792674,11092600
2012-04-23,44.62059020996094,44.85490586082863,44.439828773792925,44.794655453904696,8420500
2012-04-24,44.85491561889648,44.85491561889648,44.56034438932356,44.74110586481575,6962300
2012-04-25,45.16006851196289,45.22758141349685,44.89676459034747,45.01153703804563,6994200
2012-04-26,45.146575927734375,45.32886130900803,44.98453875448544,44.991291591097095,8415000
2012-04-27,43.50597381591797,44.05958778085414,43.17515445860159,43.951563031157534,30719500
2012-04-30,42.96586227416992,43.316937575345534,42.7295645623616,42.92535556668958,19195000
2012-05-01,42.91861343383789,43.03338847637317,42.72957521725335,42.76333167372165,11899600
2012-05-02,43.19541931152344,43.28318815629307,42.8038397914287,42.979374905515485,9689200
2012-05-03,43.5532341003418,43.72201891144895,43.31693639497252,43.404702642422926,12079900
2012-05-04,43.39795684814453,43.71527316864856,43.37095065587776,43.56674168663353,12006500
2012-05-07,43.37770462036133,43.54648946324211,42.77683099177811,42.8443438987495,11124300
2012-05-08,43.31693649291992,43.5059746576428,43.283177470260696,43.296677988782186,11481800
2012-05-09,42.986122131347656,43.40471039195397,42.91860922503169,43.16165980849283,13842600
2012-05-10,43.30343246459961,43.43845825854636,43.09414093871098,43.208913378656106,8109500
2012-05-11,42.99286651611328,43.31018277941829,42.95235723501527,43.24941757004537,11318000
2012-05-14,42.92536926269531,43.046891999361954,42.736328457480354,42.87135686821883,9902700
2012-05-15,43.01988220214844,43.35745189281074,42.87135071411228,43.01988220214844,12824700
2012-05-16,43.40469741821289,43.75576751666319,43.20890644278565,43.43845128582949,12375000
2012-05-17,43.18190002441406,43.47896290288924,43.14814358152866,43.289924762369765,10261800
2012-05-18,42.884857177734375,43.377708655741415,42.80384116674142,43.33720193797121,11583100
2012-05-21,42.79706954956055,43.073876493147154,42.50000925597659,42.97935742589096,9553100
2012-05-22,42.635047912597656,42.90510208788013,42.52027289212726,42.8240860928406,7535500
2012-05-23,42.12194061279297,42.56753244881016,41.88564288742477,42.53377599882214,13765400
2012-05-24,42.24346923828125,42.52027627082605,42.01392175455246,42.1894594291139,9178100
2012-05-25,42.189449310302734,42.66879751929858,42.12868667990526,42.25021194070021,7377700
2012-05-29,42.50002670288086,42.55403651686278,42.27722945964269,42.29073255700128,7401000
2012-05-30,42.07467651367188,42.45950566787697,42.020666714627325,42.29072086075362,7493400
2012-05-31,42.05442810058594,42.27722273292282,41.8451339880071,42.2637196377127,9268400
2012-06-01,41.55482482910156,41.81812875308503,41.31852709615541,41.69660346886925,12728000
2012-06-04,41.453556060791016,41.65609734552441,41.25101220060545,41.64934450994374,7768200
2012-06-05,41.29826736450195,41.40629211870976,41.196998020609975,41.325273553053904,7855500
2012-06-06,41.72361373901367,41.78437638706201,41.29152494198206,41.36579068686919,9622000
2012-06-07,42.37176132202149,42.4257737277167,41.66961807615643,41.91266875087841,13904700
2012-06-08,42.36498641967773,42.66204675187221,42.24346115299551,42.56077741327152,7697800
2012-06-11,42.22320556640625,42.57427825430782,42.19619938069422,42.52701871703757,6345500
2012-06-12,42.37176132202149,42.378514160460014,42.00043504695326,42.19622615441854,7814500
2012-06-13,42.24346923828125,42.37849762437799,42.04092794686226,42.27047543059105,6838500
2012-06-14,42.65530776977539,42.82409262085065,42.33124116476519,42.37174788073369,8389100
2012-06-15,42.4527587890625,42.9861168646972,42.20970823537986,42.89159777725439,14126800
2012-06-18,42.05442810058594,42.3649915640626,41.716858446689024,42.23671602274452,10289300
2012-06-19,42.00041580200195,42.36499164703313,41.926150065926855,42.135444178915584,12844900
2012-06-20,40.77165985107422,41.10922948398651,40.332820873559385,41.10922948398651,39133900
2012-06-21,40.33956527709961,40.83241656055225,40.33956527709961,40.75140058154057,18876100
2012-06-22,40.39358901977539,40.71090276668401,40.34632689530584,40.35307973113817,14395600
2012-06-25,40.0425033569336,40.4610889029874,40.00199408133429,40.19778505022047,11745100
2012-06-26,40.0155029296875,40.22479702054842,39.88047456704987,40.13702819851619,8794100
2012-06-27,40.4948616027832,40.50836470007086,39.93449723033417,39.99525988040238,11454100
2012-06-28,40.70414733886719,40.70414733886719,40.0560142556665,40.30581506525287,9207600
2012-06-29,41.352294921875,41.36579802110791,40.8729464886444,40.947212246699,13301800
2012-07-02,41.3117790222168,41.35903857425311,41.03497197081022,41.210509657332885,8914300
2012-07-03,41.42654800415039,41.453554194352805,41.061972162773934,41.27126627366458,4817400
2012-07-05,41.41979598999024,41.58858081892329,41.31177380249117,41.480558631424216,35413700
2012-07-06,41.372535705566406,41.446801441043895,41.08897843423642,41.33202899563473,36773400
2012-07-09,41.55482482910156,41.723609659906565,41.26451471408078,41.26451471408078,33492400
2012-07-10,41.67634963989258,41.791124662771296,41.51431764641358,41.66284654452731,8651900
2012-07-11,41.453556060791016,41.70335689278046,41.169996201802526,41.70335689278046,9975600
2012-07-12,43.00638198852539,43.39120868018985,42.33124256194085,42.42576166959029,37140900
2012-07-13,43.94481658935547,44.390411020320514,43.05363545378185,43.16165764374097,29170000
2012-07-16,43.75577926635742,43.88405739009481,43.37095004604969,43.62750629352446,10675900
2012-07-17,44.120361328125,44.1541203604521,43.573500030581016,43.64101294433007,12565600
2012-07-18,44.14214324951172,44.36006167646688,43.822074423387065,44.14895466161238,13387400
2012-07-19,44.210243225097656,44.31239362759743,43.94465529594943,44.23067226648055,8077600
2012-07-20,44.08085632324219,44.210241980219024,43.85612648318772,43.937842646418325,10121500
2012-07-23,43.849308013916016,44.07403781780229,43.74035141528238,43.85611942495072,10711100
2012-07-24,43.59733200073242,43.97188162438502,43.39303645694488,43.91059451992385,8271700
2012-07-25,43.59733200073242,43.79482132996892,43.50880445131618,43.66543571091189,9424700
2012-07-26,43.96508026123047,44.33281855878462,43.88336410327498,43.98550930071934,10472200
2012-07-27,44.32601547241211,44.448594927953046,43.96508851875983,44.046809887649054,11141800
2012-07-30,44.332820892333984,44.46221174335402,43.92422449429477,44.18981241279951,8388600
2012-07-31,43.95146560668945,44.257911610922825,43.92422515366657,44.12171454139359,9327200
2012-08-01,43.59053802490234,44.24429330062496,43.51562807913969,44.17619476690939,7782900
2012-08-02,43.25005340576172,43.57012234661211,43.06618677781947,43.35220384154608,9462400
2012-08-03,44.605228424072266,44.87762780471053,44.06042966279575,44.067241076097865,15279100
2012-08-06,44.81632995605469,45.10915834494505,44.400922120754736,44.421356358144166,10034400
2012-08-07,45.09554290771485,45.25216903288299,44.884435871364005,44.89124208857261,10463300
2012-08-08,45.43603897094727,45.49051987992573,44.91848072682278,44.95253259383068,9673200
2012-08-09,45.44284439086914,45.5790414497694,45.21811456765744,45.347500214937256,9677800
2012-08-10,45.47007751464844,45.47007751464844,45.08872161113701,45.40879039969175,7293600
2012-08-13,45.27260208129883,45.456468657225486,45.1840693040576,45.32707779546399,6633900
2012-08-14,45.44284439086914,45.61989952832252,45.07510609713675,45.30664213638413,8887400
2012-08-15,45.38155364990234,45.5722316172035,45.3270727462206,45.53137353723466,9873600
2012-08-16,45.62671661376953,45.62671661376953,45.25216686184024,45.34069963716102,10165100
2012-08-17,45.62671661376953,45.831017423110126,45.37474630832752,45.53818903403416,9394300
2012-08-20,45.45646667480469,45.660767479667136,45.32026960195325,45.5790461186051,8938700
2012-08-21,45.47007751464844,45.72204777694536,45.40879039969175,45.463271298931815,9145400
2012-08-22,45.52456665039063,45.53137806292411,45.29303058010661,45.33388866413662,7749600
2012-08-23,45.40878677368164,45.51093715270366,45.34749446803479,45.49050811601608,8006500
2012-08-24,45.64032745361328,45.74928925454176,45.17044397496696,45.354310519552975,8580200
2012-08-27,45.70161819458008,45.878678517210254,45.53136928316995,45.57903877054141,6419600
2012-08-28,45.61989974975586,45.77653104427771,45.52456076894597,45.53818359225297,7605400
2012-08-29,45.53818893432617,45.74929596008659,45.49051943832913,45.60628747209546,6752200
2012-08-30,45.54498291015625,45.5858461783034,45.367927798659935,45.38154542431965,7285600
2012-08-31,45.756107330322266,45.93316248924199,45.5518065216175,45.72205546367634,10088600
2012-09-04,45.89912033081055,45.94678983145029,45.63353237073397,45.77654087265321,7628600
2012-09-05,45.82419967651367,45.99444859556941,45.76971877547551,45.76971877547551,7741100
2012-09-06,46.47115707397461,46.47796848749149,46.03532012944576,46.08980104640842,13200500
2012-09-07,46.66182708740234,46.71630799502403,46.29409394991923,46.41667339427537,12656300
2012-09-10,46.6550178527832,46.702687344972375,46.38942993978853,46.58691932045367,8920600
2012-09-11,46.48476409912109,46.75035198454817,46.36218467541749,46.60053211162327,8840900
2012-09-12,46.37580108642578,46.70948748836578,46.34175442248007,46.546049992907214,6896000
2012-09-13,46.92742919921875,46.97509870361956,46.23281048299409,46.23281048299409,10495400
2012-09-14,47.0976791381836,47.13853722976972,46.83208595611457,46.85932641570079,12269800
2012-09-17,47.15895462036133,47.15895462036133,46.89336669951801,46.90698432815236,11274600
2012-09-18,47.13853073120117,47.45859959273118,47.06362077656284,47.118101688224485,12833500
2012-09-19,47.16576385498047,47.383682272165295,47.00232114540318,47.05680204859561,8682900
2012-09-20,47.37007141113281,47.42455232808353,47.06362534556088,47.06362534556088,8652700
2012-09-21,47.27471923828125,47.553929963204006,47.24747878739234,47.46539719891886,20290300
2012-09-24,47.50627899169922,47.567566133401336,47.15215818768658,47.22025674366231,8361000
2012-09-25,47.3904914855957,47.64927319433399,47.35644481563582,47.46540143332677,10026700
2012-09-26,47.1929931640625,47.56753759501253,47.1929931640625,47.32237878411478,7698400
2012-09-27,47.1929931640625,47.37004826425692,47.029550493074886,47.26790308936924,6773100
2012-09-28,47.23386764526367,47.27472572941474,46.74354985310893,47.15895769392972,8955100
2012-10-01,47.29513931274414,47.51305768296417,47.05679190712595,47.21342317115149,8588600
2012-10-02,46.845699310302734,47.4790255797449,46.661827544175935,47.34963472177311,11241400
2012-10-03,47.104469299316406,47.35643956790694,46.80483473718091,47.00231890958594,8869500
2012-10-04,47.24747848510742,47.51987779666898,47.19980899525301,47.23386085754248,7792700
2012-10-05,47.41773986816406,47.56755978867925,47.267925143234976,47.51989028629588,6907800
2012-10-08,47.05679321289063,47.31557485667161,46.91378476555141,47.31557485667161,6577000
2012-10-09,46.78442001342773,47.179398914126416,46.661840533748375,46.934239954767705,8200100
2012-10-10,46.40305709838867,46.94785586008697,46.27366622347847,46.84570544282028,8937500
2012-10-11,46.307708740234375,46.57329665412716,46.18512930339271,46.53243857370827,6600700
2012-10-12,46.2668571472168,46.62097268353186,46.21918764818235,46.46434655624114,6537400
2012-10-15,46.79121017456055,46.91378959856273,46.28727485170023,46.491570427980896,8359300
2012-10-16,46.98870086669922,47.16576119429394,46.84569240057507,46.96146041663968,7702700
2012-10-17,47.697265625,47.81398431907613,47.03814182296668,47.06560596949936,11061000
2012-10-18,47.697265625,47.717862425336925,47.40203259758661,47.68353093260849,7358100
2012-10-19,47.07933044433594,47.710990033029645,46.99693801345206,47.62173549492612,10125600
2012-10-22,47.03128433227539,47.06561583219806,46.598735719807465,46.92829507075881,7516800
2012-10-23,46.303489685058594,46.77723177438439,46.179903653441,46.674247779911376,8030800
2012-10-24,46.7429084777832,46.94201961010378,46.255431666205375,46.255431666205375,10209600
2012-10-25,48.10920715332031,48.63101535038212,47.77278059651366,47.88949926585996,24479700
2012-10-26,47.67667007446289,48.30832974652191,47.64233858083449,47.882643321481886,11945200
2012-10-31,47.53933334350586,48.02681000716404,47.381421097746205,47.7247149655265,9095400
2012-11-01,47.54621887207031,47.7247332183002,47.47069377321347,47.48442846659693,7703800
2012-11-02,47.505001068115234,47.90321792311101,47.41574132134622,47.882621131779096,6963100
2012-11-05,47.14799118041992,47.5256166314893,46.928283255684136,47.5256166314893,6525700
2012-11-06,47.32650375366211,47.37456469672299,46.93514886352352,47.09992849141084,6639800
2012-11-07,46.72918319702149,47.285323105599296,46.54380671966312,47.250991606189686,8849600
2012-11-08,45.93960189819336,46.74977064428883,45.93273455203568,46.674250789555614,7917700
2012-11-09,46.00825119018555,46.3172136132497,45.83660423553894,45.88466517331002,8147700
2012-11-12,46.05633544921875,46.276043452888615,45.93961671813676,46.10439641132616,4371300
2012-11-13,45.898399353027344,46.41334027001325,45.84347106470221,45.84347106470221,6769100
2012-11-14,45.6786994934082,46.04259030079702,45.51391983762382,45.92587159621019,9680100
2012-11-15,45.53450012207031,46.001380009306665,45.19807358572687,45.83660041329646,9290000
2012-11-16,45.87780380249024,45.98079303633903,45.41092381552573,45.56197399340396,11354200
2012-11-19,46.63304138183594,46.63304138183594,45.905260001577474,45.99451452839719,8741400
2012-11-20,46.89396667480469,47.024414844420605,46.52320849317015,46.55753475327909,7611600
2012-11-21,47.01068115234375,47.03127795420358,46.66738715267803,46.79784054879124,6201400
2012-11-23,47.7796630859375,47.79339778127822,47.17546744723235,47.20293159966233,4598200
2012-11-26,47.70413589477539,47.76592629957303,47.40890284926844,47.47069325406608,7493600
2012-11-27,47.3676872253418,47.70411899309931,47.312764186620136,47.51187002370267,8154300
2012-11-28,47.67667007446289,47.882643321481886,47.30591194392813,47.37456969293447,11255800
2012-11-29,47.71788024902344,47.92385880583093,47.4638407273945,47.656089824932565,8783800
2012-11-30,47.94444274902344,47.98563635403062,47.62861288804963,47.62861288804963,8886800
2012-12-03,47.772796630859375,48.01310139494801,47.71786833099598,47.95130574803894,7404600
2012-12-04,47.58742141723633,47.95817963449306,47.42264173342834,47.71787483763732,6634900
2012-12-05,47.65608215332031,47.97877415760216,47.42950682495632,47.70414311040497,7623400
2012-12-06,48.02683639526367,48.22594757656671,47.67668022927533,47.70414438237764,10686900
2012-12-07,48.26028060913086,48.51432010470089,47.95818015366938,47.95818015366938,11590900
2012-12-10,48.21221923828125,48.349534768728674,48.08176581758,48.14356147305754,8124100
2012-12-11,48.51432037353516,48.72716102019784,48.1572916081474,48.2602808765574,9298000
2012-12-12,48.58296585083008,48.740878149297146,48.47997660847086,48.58296585083008,8405900
2012-12-13,48.15040969848633,48.5005710098844,47.99249740783146,48.43878061047603,8478200
2012-12-14,48.01310348510742,48.38386166794913,47.910114227942856,48.00623613776279,8997600
2012-12-17,48.01310348510742,48.16415369718195,47.80026286168488,48.02683294154546,8791500
2012-12-18,48.04056167602539,48.253402273041615,47.66980353918223,47.98563338058554,13568900
2012-12-19,47.60800552368164,48.05428873494184,47.21665060512276,47.89637644123842,10304800
2012-12-20,47.93756484985352,48.2327978433356,47.58054146246227,47.58054146246227,10218200
2012-12-21,47.18232727050781,47.93757300800941,46.94888463120695,47.66980411233385,17746900
2012-12-24,47.04501724243164,47.16174120778549,46.85277340055728,47.14800651150771,3578800
2012-12-26,46.68798065185547,47.09306502844522,46.48200217132655,47.07933557426012,6937000
2012-12-27,46.66738510131836,46.79783849169722,46.28289751483392,46.605589460204506,7648800
2012-12-28,46.10438919067383,46.62619758201108,46.04259354149844,46.5026115219115,6463300
2012-12-31,46.61244583129883,46.66737411307769,45.88466443160134,46.00138310169447,9061900
2013-01-02,47.64232635498047,47.64232635498047,46.928274424401785,47.13425285681359,9987000
2013-01-03,47.34023284912109,47.71785828335407,47.33337074177132,47.67666468625588,7741900
2013-01-04,47.43634033203125,47.49126860365159,47.15484210691154,47.38141729865921,5853700
2013-01-07,47.11367034912109,47.31964360574812,46.94888545791861,47.31964360574812,5269800
2013-01-08,47.038124084472656,47.18917421431489,46.96259901955154,47.04498618983031,7362000
2013-01-09,47.29216766357422,47.45008516869939,47.10679125501368,47.21664258350341,5762900
2013-01-10,47.55995178222656,47.57368647660778,47.154867348249226,47.36084585795875,12855000
2013-01-11,47.52560806274414,47.58053634358719,47.38142525421802,47.58053634358719,12193500
2013-01-14,47.80712127685547,48.04056392427444,47.53249026330489,47.58741332306452,11570700
2013-01-15,47.9787712097168,48.03369951108194,47.47756486495046,47.48443221218389,7563400
2013-01-16,47.99398422241211,48.24316023230224,47.83479166542173,48.04935784254749,7061000
2013-01-17,48.222415924072266,48.4231414176055,47.99400360928743,48.14627848581065,6263300
2013-01-18,48.4092903137207,48.45081789637288,48.22240563034573,48.23625167837651,10610800
2013-01-22,48.41621398925781,48.43698306384872,48.27778517630937,48.35392260764723,8313600
2013-01-23,48.928409576416016,48.93532732018591,48.31239241478735,48.3400739513078,10588600
2013-01-24,48.74152755737305,49.0391542581594,48.58925269454458,48.921489238963126,8877200
2013-01-25,50.7003288269043,50.7003288269043,49.66209683727485,49.66209683727485,28760300
2013-01-28,51.06025314331055,51.37864897259772,50.65880740512366,51.03257160058452,14010000
2013-01-29,51.911598205566406,52.12616445498541,50.88720701079273,50.90797608588046,17576700
2013-01-30,51.96696853637695,52.24383143199364,51.68318261617171,51.73855625143915,12677800
2013-01-31,52.02233505249024,52.09154944674243,51.68317554343086,51.7939227988102,11661500
2013-02-01,52.5483512878418,52.58296111387718,52.02923558161932,52.11921901702409,12204000
2013-02-04,52.08462905883789,52.46531616756924,51.87698058485351,52.389178745822974,11086000
2013-02-05,52.396095275878906,53.0813320557289,52.13307845821281,52.21613890202733,14851700
2013-02-06,52.70756530761719,52.73525212081844,51.9392734036214,52.13307581531048,17015800
2013-02-07,52.70756530761719,52.89444469582605,52.4583892695256,52.589900312051626,9897000
2013-02-08,52.43071365356445,52.93598886113576,52.29920258295258,52.70757656398486,9130700
2013-02-11,52.47223663330078,52.54837405899736,51.99465356750994,52.19537902791724,6928200
2013-02-12,52.58990097045898,52.81830794096946,52.47223069270056,52.57605492332517,6281000
2013-02-13,52.99136352539063,53.00520957695596,52.589917802259954,52.61068159888654,7113300
2013-02-14,53.14361190795898,53.27512292864398,52.77677093522586,52.811380766159424,10049400
2013-02-15,52.97751235961914,53.26821601679409,52.74910008010152,53.102100395654176,11165600
2013-02-19,53.55891799926758,53.8288578554495,52.94290086277856,52.99135147079274,11783500
2013-02-20,53.35127258300781,53.65581698613585,53.24052532316489,53.48277835317128,9275400
2013-02-21,53.32358551025391,53.43432748884144,52.534529770207776,52.79754658998316,10305200
2013-02-22,53.288970947265625,53.4274050091273,53.12285535375112,53.33050380618388,8433200
2013-02-25,52.5483512878418,53.75962126902758,52.5483512878418,53.3443297601932,9970400
2013-02-26,52.659122467041016,52.86676567557905,52.444550953281805,52.5968258079753,8378900
2013-02-27,53.12284851074219,53.26127727405268,52.39608430156503,52.56912289606256,7567800
2013-02-28,52.72833251953125,53.23360765198821,52.721409495601705,53.06056901878952,10466900
2013-03-01,52.942901611328125,53.10209948603716,52.299197649626905,52.396098867025344,9599700
2013-03-04,53.07440948486328,53.07440948486328,52.58298040305306,52.77678282622104,7631000
2013-03-05,53.33050155639648,53.5658315305545,53.10208932450009,53.143616900946974,9716200
2013-03-06,53.4343147277832,53.60735331858654,53.16437494858749,53.30280898966139,7194700
2013-03-07,53.2266731262207,53.63504167757897,53.1436126991748,53.44816231762426,7111400
2013-03-08,53.42047882080078,53.43431958580715,52.922126789064095,53.3028138357294,7252800
2013-03-11,53.53815078735352,53.56583760169588,53.22668336726172,53.309738529568925,6621000
2013-03-12,53.41356658935547,53.60736902291482,53.29590158051162,53.42741263787843,7016700
2013-03-13,53.1574592590332,53.36510240758133,52.96365159404847,53.34433862079841,6340300
2013-03-14,53.56584548950195,53.62121912634069,53.1782405930721,53.20592741149147,8079100
2013-03-15,52.83907699584961,53.55891837766047,52.8390769958496,53.35127517644134,15237000
2013-03-18,52.714481353759766,52.984421145842894,52.46530534864934,52.53451973213135,7081800
2013-03-19,53.37204360961914,53.42049422218879,52.67988898392648,52.70065277778193,9326400
2013-03-20,53.69732666015625,53.863442197464906,53.48275525705161,53.496601298912665,8615800
2013-03-21,53.44126129150391,53.75965180515047,53.39281067596467,53.58661313812162,6319500
2013-03-22,53.48277282714844,53.60736084123887,53.29589344637253,53.42048146046295,5868400
2013-03-25,53.07440948486328,53.725036431830034,52.90829387653644,53.48277812215009,6843600
2013-03-26,53.57275772094727,53.641972112690695,53.219757458120334,53.30973563931482,5386000
2013-03-27,53.33742141723633,53.37203125279629,52.99826720777053,53.28205307334767,5274600
2013-03-28,53.33742141723633,53.40664108835626,53.06056385563457,53.26128400358,8016700
2013-04-01,53.780399322509766,53.8842235474467,53.1090139334524,53.1920690888264,7266000
2013-04-02,54.652530670166016,54.78404174383324,53.745809766176464,53.87731555912276,13373600
2013-04-03,54.07111740112305,54.73558516067855,53.87730968395573,54.597151076987615,8426700
2013-04-04,54.361812591552734,54.66636224753349,54.16108716199447,54.20953776356236,8770600
2013-04-05,54.14723587036133,54.25797781782367,53.87037308062772,53.90497762889537,6562600
2013-04-08,54.53485870361328,54.597150079596005,53.90499551594672,54.07111641334112,6284500
2013-04-09,54.16801071166992,54.60406613001841,54.03649967154215,54.55561552797969,6760600
2013-04-10,54.8463249206543,55.01936355770394,54.28568142644388,54.32720900950535,7947600
2013-04-11,55.14393997192383,55.462330363342055,54.90861000985258,54.9362968196349,11831600
2013-04-12,55.42774963378906,55.82920062709275,55.005534844404366,55.03322166608613,9383400
2013-04-15,55.1301155090332,55.95377590055298,55.09550566639162,55.22701673156495,10877200
2013-04-16,55.44157028198242,55.517707693793206,54.93630049165927,55.25469090435919,9365600
2013-04-17,54.72174072265625,55.469268954429445,54.57638889104266,55.3585269649374,10964600
2013-04-18,55.28237915039063,55.49694534521411,54.72173044153519,54.74249423061881,10896200
2013-04-19,56.36214447021485,56.54902387271945,55.510792061489205,55.62846234677589,13147600
2013-04-22,56.34136199951172,56.47286772777854,56.14755963725044,56.27906536551727,7530300
2013-04-23,57.13042449951172,57.13042449951172,55.725351920055225,56.38289648419767,12684800
2013-04-24,53.77113342285156,55.507258975068304,53.63865616320862,55.42358828694898,25708200
2013-04-25,53.39461135864258,54.15459999082373,53.234243905508464,54.15459999082373,14702300
2013-04-26,53.75718688964844,53.8408575796997,53.39462453846119,53.49223768376227,8769100
2013-04-29,54.16159439086914,54.37076848383379,53.847838570940304,54.07792368977964,6638100
2013-04-30,53.52709579467773,54.30800626658164,53.40856630826441,54.28708992421663,9653800
2013-05-01,53.68050003051758,54.22434631779685,53.492247592428,53.56894440930261,8388800
2013-05-02,54.21736907958984,54.57993143996488,53.78507848264636,53.95938843503231,7288200
2013-05-03,54.51716613769531,54.70541848949313,54.14763000006242,54.45441180741871,7884000
2013-05-06,54.210391998291016,54.66359891169787,54.05002451095606,54.40561828233895,7204200
2013-05-07,54.34288024902344,54.52415879544138,53.8757254668215,54.370770483745815,9574200
2013-05-08,54.691497802734375,54.74030438147627,53.847838187614144,54.31498762978914,12067300
2013-05-09,54.53112411499024,55.00524739173035,54.398646850755966,54.78213086853015,7189400
2013-05-10,54.91460418701172,54.93552052838423,54.54506797071826,54.67057133847049,6162500
2013-05-13,54.79607772827149,55.0610322780362,54.67754822943882,54.74030258262655,5420200
2013-05-14,55.40963745117188,55.40963745117188,54.90065015125359,55.033127390859,6867400
2013-05-15,56.25330352783203,56.47642003618194,55.40964406439903,55.40964406439903,11154400
2013-05-16,55.91862487792969,56.29513497491384,55.70248226132504,56.12082504035731,8065600
2013-05-17,55.79312133789063,55.90468224902632,55.29808176363933,55.71642986088113,8549900
2013-05-20,55.14468765258789,55.76523590579627,54.9285450386891,55.76523590579627,7307300
2013-05-21,54.94249725341797,55.23533668679416,54.53809690093615,55.20047256969429,7377700
2013-05-22,54.95642852783203,55.55605504723915,54.81698272683721,54.970370980124976,8873300
2013-05-23,54.87277603149414,55.15864693359617,54.54507775865845,54.5729626724809,7141200
2013-05-24,57.08995819091797,57.41766154875488,56.78317648275272,57.08995819091797,25580900
2013-05-28,56.37882614135742,57.26431859002285,56.31607177596909,57.2085434335342,14372700
2013-05-29,55.0122299194336,55.953502733286136,54.99131357327306,55.89075369480453,9992500
2013-05-30,55.14468765258789,55.69550767723294,55.01221572125491,55.01221572125491,14761500
2013-05-31,53.52011489868164,54.949452932726174,53.51314101299392,54.9355104808669,16461900
2013-06-03,54.14765167236328,54.175536586407006,53.07390161806371,53.596831528432574,11720600
2013-06-04,53.945438385009766,54.71240100363169,53.51314784892399,54.18249733351313,11379300
2013-06-05,53.45040512084961,53.83388381554813,53.42948345865081,53.7432445574232,8826900
2013-06-06,53.561973571777344,53.66656062979309,52.871707500103405,53.38068969251796,11099900
2013-06-07,54.210391998291016,54.57992822445564,53.87571456883937,53.99424937231185,7839500
2013-06-10,54.43352508544922,54.53811214646756,53.86876240327658,54.16857580778577,8966400
2013-06-11,54.46839141845703,54.907650709102974,54.00123656958951,54.16160411224895,6781200
2013-06-12,54.10580062866211,55.00524049617178,54.02213526764893,54.83093056803851,7834200
2013-06-13,54.68451690673828,54.86580074148468,53.78507693988407,54.06397391960528,6927700
2013-06-14,54.405643463134766,54.93554742189205,54.15463660475078,54.72637326673215,6825900
2013-06-17,55.05406188964844,55.40965572826851,54.55902219877491,54.56599608724307,7359900
2013-06-18,55.10982131958008,55.24229855230903,54.87275707782914,55.04706698636039,6051400
2013-06-19,54.11279296875,55.40965970187921,54.09884519081344,55.11682019943549,7424500
2013-06-20,52.4672966003418,53.91755670664346,52.362709563148535,53.83388601298532,15555700
2013-06-21,53.987281799316406,54.05700472041416,52.77408594975815,53.16453856351991,20055700
2013-06-24,53.39461135864258,53.98726397154354,52.73223052815175,53.652586613467015,12563300
2013-06-25,53.47132110595703,53.85479979809116,53.192424126530206,53.757186653219385,7909400
2013-06-26,53.96635055541992,54.09882247307625,53.70139608107442,53.84782109032663,7326500
2013-06-27,54.15461730957031,54.64965695957941,54.08489438919906,54.35681750230944,14731500
2013-06-28,53.68050003051758,54.3428811472057,53.61775099099387,54.11976458525732,9865300
2013-07-01,54.39864730834961,54.69846063762663,53.68746504701583,53.70140750254421,6699200
2013-07-02,54.691497802734375,54.8100273054621,54.18251035055338,54.349846432023,10228500
2013-07-03,54.78213119506836,54.9076345725864,53.98727824395994,54.57993101353832,5339900
2013-07-05,54.62177658081055,55.0958999721877,54.23132390068306,55.00526069130634,7264700
2013-07-08,54.91460418701172,55.13772069418044,54.73332036258803,54.76121059092376,11141400
2013-07-09,55.47938537597656,55.70947584763773,55.13076538358774,55.13076538358774,11456200
2013-07-10,55.63972091674805,55.848889600184926,55.29110112483738,55.53513391527167,6862800
2013-07-11,56.31605911254883,56.4694527273177,55.98138697079653,56.16267081729773,9185400
2013-07-12,56.85992431640625,56.922673363245245,56.2463497098789,56.2463497098789,12586300
2013-07-15,56.832008361816406,56.88778349392901,56.37182761515002,56.73439523122354,10024700
2013-07-16,56.45549392700195,56.73439084406503,56.413661251273176,56.69952673461356,11208600
2013-07-17,56.260231018066406,56.79410413223362,56.20403807923146,56.541217149699925,7644300
2013-07-18,56.40774154663086,56.72384753154417,56.21807366819198,56.21807366819198,5526000
2013-07-19,57.15939712524414,57.18749627897186,56.23214648969186,56.44990823187469,7862600
2013-07-22,57.053985595703125,57.21554891420677,56.82919788695243,57.06101171892207,4813600
2013-07-23,56.86433792114258,57.18044926559583,56.74492058094104,57.05400579968725,4311700
2013-07-24,56.386661529541016,56.89946150368178,56.28831721001213,56.864336235551406,5606600
2013-07-25,56.48504257202149,56.59743384559024,56.0846335867147,56.20405634904995,6239900
2013-07-26,56.47095489501953,56.49202791063642,55.76849245785361,56.21104186389744,6543500
2013-07-29,56.260231018066406,56.5131180006001,56.23213722833128,56.26725714518254,4389400
2013-07-30,56.50608444213867,56.82921654459543,56.30939580232704,56.54120435104019,6434100
2013-07-31,56.40774154663086,57.18747535940489,56.309397224241664,56.50608586902005,11857000
2013-08-01,57.3490104675293,57.76346592990906,57.04695152354438,57.33496358241043,10724800
2013-08-02,57.10317993164063,57.25069642039775,56.59037992460165,57.19449813152919,6626300
2013-08-05,57.18043518066406,57.35605076453627,56.87135003805304,56.93457443511543,4662800
2013-08-06,57.41928863525391,57.58085738352887,57.11020875062972,57.11020875062972,6212500
2013-08-07,57.57383346557617,57.74944911378475,57.16640387548485,57.18748225513586,5828500
2013-08-08,57.72133255004883,57.88290125576907,57.25771016554153,57.67918652219252,6207900
2013-08-09,57.3490104675293,57.64404328927429,57.03290463842552,57.5456990153593,6127200
2013-08-12,57.33498001098633,57.4122512996836,56.92755055410299,57.06102011810056,4922200
2013-08-13,57.36308670043945,57.59489523768615,57.13127280382953,57.44737876512436,4936400
2013-08-14,57.07506942749024,57.44737363825767,57.03292339890909,57.37010234628374,5167500
2013-08-15,56.53419876098633,56.955675296490575,56.31643168613994,56.87137784564376,7415300
2013-08-16,56.12676239013672,56.53419198132273,55.53669102370106,56.38667012019061,9451600
2013-08-19,55.908973693847656,56.2602048552143,55.78955638522993,55.9440989537292,5959400
2013-08-20,55.86684036254883,56.26724376310485,55.69122474196525,56.00030994918864,5172500
2013-08-21,55.76145553588867,56.28128149748008,55.52964704962444,55.84575294139697,7390900
2013-08-22,56.0354118347168,56.23210576837195,55.403200091448326,55.70525907607376,6274400
2013-08-23,56.20403289794922,56.246178938031285,55.90899453928215,56.105688564848265,5219600
2013-08-26,55.17140579223633,56.18295351455025,55.1643796665637,56.1408021198781,6385400
2013-08-27,54.7710075378418,55.04496751188008,54.32143192099108,54.70076235258964,7052200
2013-08-28,53.9842414855957,54.6937301037587,53.9842414855957,54.6937301037587,9008500
2013-08-29,54.30736923217773,54.67967346589685,53.68217809265637,53.92101810785319,5961000
2013-08-30,54.71480178833008,54.8412452482955,51.70826325066711,54.461914868399234,9039100
2013-09-03,54.616455078125,55.08710362985012,54.39869343525344,54.98173319126728,6743800
2013-09-04,54.433815002441406,54.61645674426582,54.173907319953166,54.45488801892821,6031300
2013-09-05,54.18795776367188,54.5321628940364,53.97019609988097,54.49704298404374,7163200
2013-09-06,54.19497299194336,54.51810503946447,53.66812621371843,54.17389997831237,6977400
2013-09-09,54.90446090698242,54.93255468528511,54.34951499666028,54.34951499666028,6089300
2013-09-10,54.756961822509766,55.241662769536205,54.63754445738767,55.14331842656921,6650200
2013-09-11,54.981746673583984,54.981746673583984,54.26523716237589,54.27226328916782,7049800
2013-09-12,54.97471237182617,55.35404273473572,54.911487964993015,55.073056685243856,6944900
2013-09-13,55.5296630859375,55.62098128208824,55.08008751211855,55.10116052974076,4894100
2013-09-16,56.30941390991211,56.344533830107245,55.99330247196468,56.000328599749785,7512800
2013-09-17,56.077579498291016,56.37261244540295,55.94410991582279,56.16889768876949,5457700
2013-09-18,56.40774154663086,56.53418501246891,55.16437990599611,55.53668417780714,10372100
2013-09-19,56.28130340576172,56.5693102744755,56.04246334353076,56.54823725473597,8157300
2013-09-20,55.768516540527344,56.32346274865596,55.76851654052735,56.26023831513984,11146100
2013-09-23,55.69122695922852,55.90196785606452,55.26272439919533,55.63502867215711,6304900
2013-09-24,55.22762298583984,55.8317413757766,55.20654460160588,55.47348387491517,7692100
2013-09-25,54.59538650512695,55.49453765006014,54.58836037948616,55.38214107726171,7589300
2013-09-26,54.82720947265625,54.89042853577441,54.52515033257468,54.72886513489616,4632600
2013-09-27,54.23714065551758,54.616471130285774,53.92805537399578,54.616471130285774,6551300
2013-09-30,53.09912109375,54.20199201669748,52.930531647422015,53.94910516752456,15028300
2013-10-01,53.499542236328125,53.73837689447594,52.9937684198232,53.04996134215243,8076100
2013-10-02,53.33797454833984,53.48549102111422,52.979717194823074,53.32392765732652,8522900
2013-10-03,53.274749755859375,53.48549063508073,52.82517421559279,53.309875022184,9251600
2013-10-04,53.40120315551758,53.47145370124839,53.04295109723854,53.37310936846228,4984700
2013-10-07,53.14128875732422,53.457394735964186,53.02187141955921,53.1483148828879,6373300
2013-10-08,53.61898040771485,54.08962914126784,53.422291704699575,53.6611264556852,9656600
2013-10-09,54.054473876953125,54.201995681747405,53.45738197133898,53.79456624615668,8470700
2013-10-10,54.71480178833008,54.73587480509708,54.194981057078174,54.3776228013312,10121900
2013-10-11,55.1292610168457,55.13628178331518,54.65860705456839,54.79207664858056,6082200
2013-10-14,55.31189727783203,55.354048673364034,54.74290435210518,54.79910263990538,6326100
2013-10-15,54.511077880859375,55.22056636269554,54.39868669050573,55.05899766231925,11192500
2013-10-16,55.4611701965332,55.567364484832986,54.696583203559705,54.76029653578005,6562600
2013-10-17,56.22575759887695,56.261157492255926,55.206306565000325,55.3549763949143,8671300
2013-10-18,56.218692779541016,56.33196273791319,55.77267780254704,56.204530658952976,7958500
2013-10-21,55.90719985961914,56.1549829967697,55.53198462318153,56.11958309091936,6478700
2013-10-22,56.9053955078125,57.06822746155301,56.126646436317735,56.147884212617456,9572300
2013-10-23,57.28061294555664,57.52131493235855,56.81336028703721,56.87707361250879,8960700
2013-10-24,57.06821441650391,57.308916361233535,56.81335035663468,57.18148433129892,7521100
2013-10-25,56.63636016845703,57.14608827417542,56.28946397477921,57.025737305120856,9606500
2013-10-28,57.55670166015625,57.95315444245045,56.60095878656777,56.71423409651701,9820900
2013-10-29,58.3779182434082,58.491193538205366,57.41509984268573,57.669963854716,9482900
2013-10-30,57.71245574951172,58.44872917061629,57.50715367170528,58.42749139713734,6490000
2013-10-31,57.16733551025391,57.769095856424606,57.14609773587666,57.48591292844277,7786800
2013-11-01,57.45051574707031,57.57794778862956,57.08945739577498,57.11777622737313,6802300
2013-11-04,57.57795715332031,57.86114011409487,57.2806174750766,57.66998932003411,5460100
2013-11-05,57.64874267578125,57.86820687102277,57.23812771588141,57.43635413755309,4949300
2013-11-06,58.62571716308594,58.83102463986388,57.57794740721935,57.79741159907016,9526400
2013-11-07,58.27881622314453,58.83101988788504,58.13014642119627,58.69651220113055,10087700
2013-11-08,58.41332244873047,58.45579798679296,57.81863790953695,58.250490550718034,9768400
2013-11-11,58.23635482788086,58.53369450401231,58.06644181186372,58.300068157938014,6173600
2013-11-12,58.61863708496094,58.78854465934445,58.13722778982063,58.21510322000982,8201700
2013-11-13,59.114219665527344,59.114219665527344,58.37794610178084,58.45582155380077,7581600
2013-11-14,59.69473648071289,59.79384970062242,59.064657267888606,59.064657267888606,7580500
2013-11-15,60.062870025634766,60.11950769404429,59.58146604794987,59.588541705552046,9664700
2013-11-18,59.871700286865234,60.13364534573499,59.59559851728558,60.02745111098978,8507300
2013-11-19,59.70890808105469,59.88589678947792,59.61687589713063,59.68767030024657,7924200
2013-11-20,59.9566764831543,60.161983964212894,59.63809367409168,59.68765027977721,7680900
2013-11-21,59.94252014160156,60.09827103198024,59.829250203949634,60.0628711382522,7287700
2013-11-22,60.1407470703125,60.17614696432712,59.63102424485415,59.84340740514543,7436200
2013-11-25,60.46641540527344,60.756674032667085,60.069957088049065,60.14783253957889,9670500
2013-11-26,59.92126083374024,60.71417171744064,59.92126083374024,60.31771357495868,7111600
2013-11-27,59.66642379760742,60.0982766151347,59.48235405539924,60.09119555547817,4905000
2013-11-29,59.62394332885742,60.324816941651605,59.57438671787734,60.01331515762508,4954500
2013-12-02,59.00093460083008,59.57438150775178,58.83102700679569,59.49650606855581,7497500
2013-12-03,59.34781265258789,59.46816359212601,58.923041135753856,58.972597722696776,7533200
2013-12-04,59.00802612304688,59.10713935391454,58.469979011718095,59.029263900909086,6807200
2013-12-05,58.540771484375,59.078813127142986,58.26466960416726,59.03633757673112,8186600
2013-12-06,59.83634567260742,59.84342673395056,58.88060763943952,58.92308860623108,7189400
2013-12-09,60.02039337158203,60.13366870631869,59.708891602321465,59.80801022084866,7395300
2013-12-10,59.22037124633789,59.77257467059439,59.06462045462206,59.75841796283023,7373300
2013-12-11,59.48236083984375,59.82218152565922,59.19210217601099,59.28413435697912,9787900
2013-12-12,58.26467514038086,59.3761638256474,58.0027299516657,59.34076392943032,10176300
2013-12-13,58.31421661376953,58.377929928898894,57.74076977128311,58.2788167267436,7441600
2013-12-16,57.83280563354492,58.80978091260667,57.76908691900597,58.56199791443132,8849700
2013-12-17,57.28061294555664,57.94608663929829,57.124862059383496,57.90361108898391,11416400
2013-12-18,58.3212890625,58.34960789031033,56.97617984972622,57.49298360378837,12036100
2013-12-19,57.981475830078125,58.25757765869044,57.70537400146581,58.038113487553545,6442600
2013-12-20,57.93900680541992,58.43457830838126,57.92485008877093,58.03812542702452,13206100
2013-12-23,57.56378173828125,58.15138530094003,57.3513986177067,58.15138530094003,8653600
2013-12-24,57.56378173828125,57.77617026012028,57.52130619441924,57.57794385374491,2899100
2013-12-26,57.88236618041992,57.97439832851418,57.54962667392317,57.69121542503196,5347000
2013-12-27,58.05935287475586,58.39209237010473,57.95315861434982,58.11598513254323,4006000
2013-12-30,58.05228042602539,58.08768031849858,57.74785971505782,58.05228042602539,4145600
2013-12-31,57.63458633422852,58.052276953850274,57.40803567797477,57.93192596866417,5765300
2014-01-02,57.01865005493164,57.59917246755703,56.86289921718226,57.577934699002775,6981700
2014-01-03,56.9549446105957,57.23812752687653,56.77088030608831,57.174414206377406,6925600
2014-01-06,57.0894660949707,57.33017349960113,56.84876409160594,57.068228318352126,7208200
2014-01-07,57.64168167114258,57.7549570379436,57.0753210409378,57.139034383813296,7158200
2014-01-08,56.806270599365234,57.45051182135485,56.67176291004628,57.3230797885033,13458800
2014-01-09,56.933712005615234,57.20273823107378,56.65761012252437,57.01866850859141,10833900
2014-01-10,56.848758697509766,57.26644933475096,56.77795891381145,57.05406078618635,8448300
2014-01-13,56.64345550537109,56.99035178649978,56.41691022363688,56.64345550537109,9360800
2014-01-14,57.25227355957031,57.287668038371535,56.65050800605253,56.67882682985153,8737100
2014-01-15,57.19561767578125,57.47171936821028,56.813321778280674,57.13189899223367,8221900
2014-01-16,57.03281784057617,57.22396859720624,56.82043471253291,57.096536559874416,11673300
2014-01-17,56.55143737792969,57.0894846324605,56.49480508897968,56.933733684996255,13629800
2014-01-21,56.76377487182617,57.14607083444661,56.31068456085289,57.05403332045161,13216400
2014-01-22,56.51557540893555,56.97922273337929,56.38717934191831,56.7580982898984,8455600
2014-01-23,55.80939102172852,56.33010988556615,55.72379727685807,56.14464770147156,12667700
2014-01-24,56.47990798950195,58.27744749424657,56.19458279008005,56.58690561955086,20163200
2014-01-27,55.97345352172852,56.56550230713407,55.93778583407756,56.5226999935279,10395400
2014-01-28,56.429969787597656,56.72242413673978,55.94491863881021,56.11611156128669,10060800
2014-01-29,55.38138961791992,56.20883185484063,55.1959274885888,56.20883185484063,13443100
2014-01-30,54.8321533203125,55.673859517003,54.76081795144288,55.673859517003,9450500
2014-01-31,54.65385055541992,55.060437308497896,53.68374787401862,54.23299454525036,12988800
2014-02-03,53.99757385253906,54.7536862796189,53.92624392903607,54.70375478895438,14292700
2014-02-04,54.27577972412109,54.48977499731659,53.78359930317284,54.21158440743796,12055400
2014-02-05,54.53255462646485,54.78221751359988,53.97617362269085,54.168770396073626,9734100
2014-02-06,54.85354232788086,54.91773761828246,54.55395342175943,54.58961565794133,7819700
2014-02-07,55.1460189819336,55.20308511352398,54.74656694505257,54.91775989769789,7259200
2014-02-10,55.65959167480469,55.70238854350974,55.06041374443506,55.23160666138,8959700
2014-02-11,56.23734664916992,56.429943358612505,55.38137699555632,55.70949887751228,10500800
2014-02-12,55.2744026184082,56.01624583576682,54.96767903278997,55.73092068414818,11019700
2014-02-13,55.49552154541016,55.58111526456197,54.92487135448813,54.989066643852,7420600
2014-02-14,56.63682174682617,56.886479187752,55.1032039781046,55.41706215648224,10791900
2014-02-18,55.61678695678711,56.8008788415529,55.32432721624545,56.69388668489028,15750700
2014-02-19,55.73806381225586,56.32297801334552,55.31721336706503,55.381408678856666,8740000
2014-02-20,55.58111953735352,55.95204382260466,55.28153061304419,55.60965259330545,8275200
2014-02-21,55.61678695678711,56.27303091422954,55.57399009412207,55.673853068423135,8089200
2014-02-24,55.53833770751953,56.18744721922304,55.36001014114351,55.659599146545126,7838700
2014-02-25,55.72380065917969,55.85932591082572,55.21021639028279,55.44561008721478,8177500
2014-02-26,55.53833770751953,56.18744721922304,55.50980464384431,55.80226446492121,7764700
2014-02-27,55.77370834350586,55.80224139538506,55.32431957906248,55.47411401983587,6549800
2014-02-28,56.10896301269531,56.28729049934824,55.64531045897311,55.80936869910492,8489600
2014-03-03,55.26728439331055,55.93066318945274,55.17455057142598,55.82366555611515,8598600
2014-03-04,55.95918273925781,56.15177953990512,55.56686539645297,55.70239063314468,8306900
2014-03-05,55.509803771972656,55.93065965191508,55.3172123978467,55.86645889912286,8542300
2014-03-06,55.68096923828125,55.952030484144046,55.52404018901809,55.66670543476763,6475600
2014-03-07,55.90924072265625,56.06616980709856,55.71664940037408,55.93064459590884,5865400
2014-03-10,56.016239166259766,56.04477222223684,55.7808455360419,55.8450462725213,5229900
2014-03-11,56.31583404541016,56.6296922522199,56.04477814815373,56.05904195658847,6595800
2014-03-12,56.52269744873047,56.67249193429526,56.080448617670086,56.108981678081214,7469300
2014-03-13,56.48703002929688,56.89361657918427,56.48703002929688,56.57975838554336,9676600
2014-03-14,56.33721160888672,56.51553906271792,56.116081865493065,56.42280530376761,14850700
2014-03-17,56.95066833496094,57.0291328710847,56.36575434702604,56.36575434702604,8452100
2014-03-18,56.9007453918457,57.12187522780146,56.71528868055931,56.95067688213424,7703200
2014-03-19,56.194583892822266,57.000628005166085,56.00199250865531,56.83656424358816,8607200
2014-03-20,55.86646270751953,56.30158242767476,55.7452012621322,56.137518663466345,8659500
2014-03-21,55.55259704589844,56.88648909416807,55.55259704589844,56.38003949948816,21244400
2014-03-24,56.56550598144531,56.94355954975235,55.9734571575822,55.994855594712725,11221600
2014-03-25,56.92927932739258,57.05767536756092,56.66535806413638,56.72241873811446,8892500
2014-03-26,56.70816040039063,57.19321154980223,56.58689897356894,57.08621393231992,8269800
2014-03-27,56.81516647338867,57.37154763655028,56.6225696448323,56.74383653182641,8134100
2014-03-28,56.89361953735352,57.29307148303002,56.722421181671066,57.02201558305305,6413500
2014-03-31,57.492794036865234,57.65685775743983,56.74382168326196,57.064809057359895,8492800
2014-04-01,57.30734252929688,57.66399765215919,57.214614156517776,57.49280471698036,8222300
2014-04-02,57.15753555297852,57.300200836254085,56.92214735929101,57.20033785902324,6741800
2014-04-03,57.13614654541016,57.47853783962357,57.014885116217386,57.26454260047456,5646000
2014-04-04,56.9007453918457,57.464261034887336,56.88648158410225,57.40006573685535,8649600
2014-04-07,57.4143180847168,57.82803917431421,57.01486624213899,57.07906152735763,13229000
2014-04-08,58.02778625488281,58.04918469109176,57.07908234070148,57.42860827253156,11880700
2014-04-09,58.12764739990234,58.66263005658136,58.00638597049844,58.34877726530801,11550700
2014-04-10,57.8423080444336,58.58415113284322,57.69964821448407,58.19183387942018,12194300
2014-04-11,57.6069564819336,58.24893700897125,57.42149423142779,57.76388565989026,11831400
2014-04-14,57.64259338378906,57.92078391610693,57.42860359699633,57.77812405824511,7105600
2014-04-15,57.66399002075195,57.84231755858277,57.4357309900135,57.62832777846054,9000800
2014-04-16,58.241790771484375,58.40584910328269,57.79953639831415,57.97786398460642,8300700
2014-04-17,58.32023620605469,58.41296456133093,58.0206418233848,58.1133756207853,8374700
2014-04-21,58.17755889892578,58.35588638985394,57.98496760325754,58.35588638985394,6391000
2014-04-22,57.95644378662109,58.25603271300832,57.88511386730851,58.16330436211437,9259100
2014-04-23,57.77958679199219,58.03843057438384,57.07495527645816,58.03843057438384,9577500
2014-04-24,58.34761047363281,58.51297955396203,57.52794024471515,57.70769258413755,9523200
2014-04-25,58.5345344543457,58.65676468686855,58.21816868960029,58.38353771345962,7497400
2014-04-28,59.63465118408203,59.663412223077685,58.606467353818296,58.62803676166322,11595100
2014-04-29,59.27512741088867,59.64181819784054,59.21760535134917,59.49801853459732,7214300
2014-04-30,59.35422134399414,59.49802101322792,59.13132472539431,59.23917722012252,6243300
2014-05-01,59.20322036743164,59.2966950828592,58.78619916194347,59.23917302499692,5305000
2014-05-02,58.901248931884766,59.39017554497276,58.77901865001437,59.11695394686133,6629200
2014-05-05,58.74306106567383,58.87248296669886,58.57769198890104,58.69992226053414,4563600
2014-05-06,58.33320236206055,58.78618157520405,58.32601622118162,58.78618157520405,4591300
2014-05-07,59.02347183227539,59.05942449214404,58.54173690942747,58.56330631110637,6639500
2014-05-08,59.07379531860352,59.18883393188372,58.82932935127568,59.00189001399826,4631200
2014-05-09,59.23917770385742,59.5339741594814,59.059425373044505,59.10256417704575,7303500
2014-05-12,58.764625549316406,59.46925150800208,58.75024229307916,59.39735168363078,7859000
2014-05-13,58.67835998535156,58.94439544910765,58.5417464383408,58.915634413652405,6540200
2014-05-14,58.36197280883789,58.89404354241781,58.32602564182602,58.77180781488455,6867200
2014-05-15,57.90178680419922,58.50575714277733,57.83707863521013,58.41947409852256,9402100
2014-05-16,57.75802230834961,58.0671965477723,57.520747906689074,57.9737218216361,11558900
2014-05-19,57.47041320800781,57.55669629828473,57.19000002161483,57.52793526819242,6068100
2014-05-20,57.68610763549805,57.93775974575145,57.49916371690784,57.53511088374143,7057200
2014-05-21,57.873023986816406,58.002445806366005,57.53508893101454,57.765171556258,6339800
2014-05-22,57.98808670043945,58.00246446919226,57.55668232499997,57.78676502427465,5561100
2014-05-23,57.89461135864258,58.13188568245115,57.80833377587888,57.8874252171484,4472600
2014-05-27,57.5782585144043,57.93776311728803,57.55668911592806,57.91619371881179,7003800
2014-05-28,57.59262847900391,57.72205033792498,57.535106433793615,57.54229806084594,4201400
2014-05-29,57.8083381652832,57.8083381652832,57.57825545110276,57.59263322078702,3886800
2014-05-30,58.0887451171875,58.131883907252,57.64295750597288,57.7004795497949,7433000
2014-06-02,57.77958679199219,58.00247791576062,57.72925636128301,57.9952917725204,4331700
2014-06-03,57.47041320800781,57.73644862215744,57.23313882395049,57.54950466936025,6970600
2014-06-04,57.42007446289063,57.678918210637775,57.261891563089065,57.52073531083621,5427700
2014-06-05,57.59984588623047,57.74364557801299,57.499185004861374,57.59984588623047,5787700
2014-06-06,57.54230117797852,57.69329244063179,57.39130991532525,57.58543997142103,5520500
2014-06-09,57.58545303344727,57.69330552712204,57.41289233493104,57.456036623764376,6352500
2014-06-10,57.62857055664063,57.73642300022324,57.52071811305801,57.54228750465391,5658400
2014-06-11,57.56388092041016,57.73644709640372,57.434459031217706,57.55669477728117,7453700
2014-06-12,57.34817123413086,57.542301290606616,57.29784081314793,57.39131002765781,6526800
2014-06-13,57.26189041137695,57.47759535869602,57.16122956545597,57.32660408981455,5214000
2014-06-16,57.29783630371094,57.4775885767324,56.88080971375621,57.17560058899728,5334600
2014-06-17,57.2187614440918,57.36975273890764,57.053386891328365,57.24033084540754,5337300
2014-06-18,57.36973571777344,57.47758817795885,56.89518708719924,57.11808363441015,9614200
2014-06-19,57.69328308105469,57.930557377704446,57.3769228377919,57.4128699979608,12485100
2014-06-20,57.47041320800781,57.88024828701337,57.398513375579846,57.83710948467771,11659900
2014-06-23,57.17561721801758,57.56388289894002,57.06057858233999,57.56388289894002,6938900
2014-06-24,56.80892181396485,57.11809600781682,56.744208129593176,57.10371275102081,8157300
2014-06-25,57.03179550170898,57.06055652090986,56.55006077270215,56.83047385290633,12569300
2014-06-26,56.52851867675781,57.01025363838964,56.50694378773623,56.97430097562648,7258800
2014-06-27,56.81611633300781,56.93835209137405,56.45661165857935,56.51413372303335,8974900
2014-06-30,56.50691604614258,57.13245586611738,56.39187745586879,56.80890400251865,10297700
2014-07-01,57.0030403137207,57.09651500708658,56.44940572287853,56.70824943656175,8421200
2014-07-02,57.20436096191406,57.42006588133403,57.11808338262925,57.20436096191406,6276600
2014-07-03,57.50636291503906,57.62140154389739,57.26189691460649,57.47041025786785,5501100
2014-07-07,57.6573486328125,57.664534775068496,57.2762746402632,57.34098283419582,6673600
2014-07-08,57.923377990722656,58.13189131193432,57.45602641054984,57.54230400166865,9150200
2014-07-09,58.72148895263672,58.81496367359938,57.88024937760693,57.99529350014384,12113100
2014-07-10,58.67835998535156,58.89406500846262,58.37637734148138,58.43389392678527,8786500
2014-07-11,58.35480117797852,58.64959215744227,58.23975704948127,58.28289585486475,7519300
2014-07-14,58.46981048583984,58.771792943227815,58.455432719794175,58.49857150353439,6802000
2014-07-15,58.42668151855469,58.613619936572576,58.304445801414815,58.60643379514399,9637600
2014-07-16,58.661502838134766,58.84993461526125,58.52379801456655,58.63251205794009,8940500
2014-07-17,58.270137786865234,58.86443497959869,58.26288870918798,58.69773936957873,5844700
2014-07-18,58.378868103027344,58.523816520408985,58.09621481853376,58.378868103027344,6502400
2014-07-21,58.18317031860352,58.27014266974016,57.94400050004769,58.219410180600434,4434300
2014-07-22,58.05271911621094,58.40060301865454,57.81354927887015,58.190423967302976,6073200
2014-07-23,57.97297668457031,58.34260217203593,57.84977003189017,58.2193955193558,5891200
2014-07-24,58.168678283691406,58.21216169498914,57.87152689468578,58.06721330437891,6273100
2014-07-25,57.66132736206055,58.09618343817554,57.52362809875385,57.99471296550393,6293400
2014-07-28,57.443939208984375,57.70485079892716,57.14678774788309,57.55265329303187,6757300
2014-07-29,57.00180816650391,57.61784693349273,57.0018081665039,57.320695634806064,6419600
2014-07-30,56.64667892456055,57.26271767064426,56.632180772742224,57.03804055285859,8296500
2014-07-31,56.03790283203125,56.53798418120353,56.01616112631535,56.35679592766884,11235600
2014-08-01,57.72658157348633,58.46582725198797,57.13228429330204,57.43667924742466,18110700
2014-08-04,57.41494369506836,57.588882897579545,57.00908371273307,57.588882897579545,12075300
2014-08-05,57.552642822265625,57.79180712834445,57.2409987870563,57.24824233642775,7995900
2014-08-06,58.77021408081055,58.92241706625593,57.45116393255139,57.54538535491531,12839000
2014-08-07,58.08169174194336,58.83543535371086,57.98747586400692,58.71947224601186,7904000
2014-08-08,58.66876220703125,58.72674378305621,58.00923975038651,58.016488829746486,6215600
2014-08-11,59.05287551879883,59.335528739963145,58.726733358621686,58.87168727295368,8188000
2014-08-12,59.0093879699707,59.32828105958734,58.85719050340638,59.067369537069474,6591200
2014-08-13,59.05287551879883,59.28479625230356,58.78471492435448,59.16883312083797,5472200
2014-08-14,59.393516540527344,59.458747197253786,59.02389642697848,59.13260497247665,5930700
2014-08-15,59.27030944824219,59.59645167088558,58.83545868081184,59.59645167088558,7418400
2014-08-18,59.74864959716797,60.04579550412399,59.29205158803493,59.42250737215472,8450500
2014-08-19,59.92982864379883,60.06028440781529,59.51671964598451,59.68340974313367,6867700
2014-08-20,60.01679992675781,60.11102136464324,59.76313745827225,59.76313745827225,4581800
2014-08-21,60.35744094848633,60.49514581526518,59.92983924764542,60.00956253584079,7099800
2014-08-22,60.43714904785156,60.63283544403475,60.25596080738446,60.27045896310055,6978500
2014-08-25,60.54586410522461,60.74879405321538,60.37916848827426,60.69081248823906,5586800
2014-08-26,60.42990112304688,60.756043279766494,60.393666791917845,60.59659674040486,5188400
2014-08-27,60.37916946411133,60.58934849347761,60.27046093980675,60.46614181298145,4248300
2014-08-28,60.176231384277344,60.313936202364026,59.98055053753508,60.16898230716075,4278700
2014-08-29,60.23423004150391,60.2487226704255,59.8646044155893,60.21973188315501,4901300
2014-09-02,60.14000701904297,60.50962707182673,59.94432061046179,60.30669711435487,5528900
2014-09-03,60.0820198059082,60.502377837988725,59.98779838491623,60.34293130654949,5851800
2014-09-04,60.66182327270508,60.69806313410799,59.99505184653306,60.096516823149386,7444200
2014-09-05,60.71255874633789,60.734305981904896,60.20523383831035,60.47339444936879,5888900
2014-09-08,60.38642883300781,60.58935881886078,60.248723972852986,60.567617110294734,4899600
2014-09-09,60.14723587036133,60.36466393133713,60.03127829275277,60.190724800211655,5202900
2014-09-10,60.61833953857422,60.850260273804345,60.26321212231513,60.29944645409786,6715300
2014-09-11,60.5096321105957,60.69806945655115,60.42266528125249,60.59660446936601,6341600
2014-09-12,60.342918395996094,60.42988519131897,60.053016176261686,60.30667854499495,6358500
2014-09-15,60.785037994384766,61.06044215237157,60.25596585495354,60.28495663938795,7004700
2014-09-16,60.93722152709961,61.205376545284594,60.56034694508352,60.57484509869786,7143800
2014-09-17,60.995216369628906,61.24162974049544,60.82852074330467,60.8937458605011,8273800
2014-09-18,61.01695251464844,61.19814075180615,60.92998017021931,61.0097034369228,5309200
2014-09-19,61.21990203857422,61.4373246750569,61.00972295270805,61.256136379940685,11377700
2014-09-22,61.46629333496094,61.567758301339474,61.23437262189201,61.343086665705,8397100
2014-09-23,61.19815444946289,61.546032846190805,61.19815444946289,61.35035193920978,7723500
2014-09-24,61.77793884277344,61.89390196689517,61.11841654496588,61.11841654496588,11694700
2014-09-25,61.11842346191406,61.698222559861975,61.118423461914055,61.6184992853623,8212300
2014-09-26,61.29963302612305,61.41559067425181,60.777809785972,61.270642231733696,5478000
2014-09-29,61.19815444946289,61.21989615807996,60.632847907709454,60.958984595820304,6360000
2014-09-30,60.69078826904297,61.1401369241534,60.64730487737634,61.12563877398175,8074700
2014-10-01,60.25597381591797,60.908252728303886,60.17625053054705,60.89375456945782,9024700
2014-10-02,60.19072723388672,60.85749853801481,60.118247524347375,60.22696155923088,8858400
2014-10-03,60.72705841064453,60.84301602274601,60.06753048441227,60.47339595033479,6701500
2014-10-06,60.5676155090332,60.83577614292219,60.29221132543197,60.5676155090332,5656500
2014-10-07,60.27046203613281,60.82127033405014,60.241471252648765,60.429903051155264,7378200
2014-10-08,61.00971603393555,61.08219023787755,60.30670464390078,60.400920556082646,8107100
2014-10-09,60.632843017578125,61.51703709678264,60.53862158193337,61.03145387873976,7765700
2014-10-10,61.37934494018555,61.80694663687802,60.814038378050185,60.84302363763305,13732400
2014-10-13,60.422664642333984,61.21989190297028,60.37917569869514,61.10392875916942,10066100
2014-10-14,60.55310821533203,60.814019706893546,60.176233603331646,60.814019706893546,8210300
2014-10-15,60.1182746887207,60.574872735659625,59.25582215564452,59.85736309887788,13283200
2014-10-16,59.60368347167969,60.00954890011323,59.1181003025924,59.17608186800096,11310200
2014-10-17,60.35019302368164,60.50239605273279,59.45150065615079,60.1182722343373,11786600
2014-10-20,61.00971603393555,61.11843010456221,60.03130045715026,60.33569543136305,8558100
2014-10-21,61.32137680053711,61.34311851470269,60.63286338129252,61.21991178147852,12389600
2014-10-22,61.51417541503906,61.7770825798997,61.287774931203465,61.39001815415976,9747600
2014-10-23,60.78385162353516,61.58719346350063,60.10466144836213,61.53607186200746,14292100
2014-10-24,62.19335174560547,62.78490248431354,62.01077380681048,62.14952925144584,13465600
2014-10-27,62.770286560058594,63.1573564301397,61.952341045830586,62.04727955820751,10316600
2014-10-28,63.15005111694336,63.28150744066774,62.93095538679078,62.95286384543886,9437700
2014-10-29,63.2011833190918,63.29612184644711,62.74108889474971,63.29612184644711,6880600
2014-10-30,63.49332046508789,63.53713739754637,62.565821201239366,62.92367805577635,5560300
2014-10-31,63.734283447265625,63.80001438095401,63.32531078195012,63.59552804829625,9359800
2014-11-03,63.81463241577149,63.82193709266532,62.95286441288516,63.2888126879702,7789500
2014-11-04,64.73482513427734,64.90279926778271,63.85845337050231,63.894965610422055,10594800
2014-11-05,64.99774169921875,65.35559287430257,64.53034265409485,64.80785909593837,8462000
2014-11-06,64.92471313476562,65.14380330804318,64.68370892950769,65.05616946746665,6628900
2014-11-07,65.0926513671875,65.14377294097199,64.44997935792047,64.80783037441194,5975700
2014-11-10,65.32637023925781,65.36288804790696,64.45730322612806,64.93930598365212,5927100
2014-11-11,65.487060546875,65.57469997245414,65.12190463138423,65.2752694472699,6343900
2014-11-12,65.3482666015625,65.64038670444394,65.30444412866323,65.43590040369341,6298700
2014-11-13,64.70561981201172,65.61120482016737,64.60337661295398,64.95392870389229,10191600
2014-11-14,64.34777069091797,64.91741298171027,64.2163143490554,64.7786519620118,7559400
2014-11-17,64.15056610107422,64.39887493403515,63.80732434101829,64.26741862760527,9475800
2014-11-18,64.23091125488281,64.39888539610104,63.8949685442824,64.28203285058645,6419400
2014-11-19,64.80055236816406,64.90279554901835,64.21630084456629,64.44269566333858,6570400
2014-11-20,64.61070251464844,64.85170680809672,64.50845928200462,64.50845928200462,5527600
2014-11-21,64.70561981201172,65.3117799005944,64.60337661295398,65.18762824057234,8984100
2014-11-24,64.34777069091797,64.91741298171027,64.16519274787754,64.9101083038744,5569200
2014-11-25,64.85169219970703,64.86629598457868,64.32586679493495,64.53035321416031,6439700
2014-11-26,64.91008758544922,64.91008758544922,64.59605340078168,64.87357535159734,4420000
2014-11-28,66.04206848144531,66.13700696959809,64.97581437114789,65.06344818426292,7661800
2014-12-01,65.78648376464844,66.21736502258446,65.37750539587792,65.85220914765435,6745100
2014-12-02,66.50948333740234,66.58251338978633,65.81568948200072,66.04938899273097,7432900
2014-12-03,65.7280502319336,66.43645344259373,65.46513758525899,66.34150935961709,6465600
2014-12-04,66.15165710449219,66.41456984960124,65.80110492040082,66.0932308118373,6406700
2014-12-05,66.00559997558594,66.03481312572082,65.1511362285354,65.96178303630293,6383400
2014-12-08,66.2831039428711,66.45837722378646,65.96176495132865,65.97636873647278,4721900
2014-12-09,66.2465591430664,66.29768072800712,65.63310012377781,66.07128593353178,5704000
2014-12-10,65.7280502319336,66.5313919537345,65.69883709654354,66.42184408898078,6293300
2014-12-11,66.02748107910156,66.66284866910513,65.71344683660655,65.72805061846952,6468700
2014-12-12,65.39939880371094,66.4364398242201,65.38478945309267,65.73534143408004,6574600
2014-12-15,65.143798828125,66.16623628194961,65.01964718128863,65.50895466364551,6511900
2014-12-16,65.26062774658203,66.42912488290166,64.54492011642972,65.09995834561924,8773800
2014-12-17,66.23925018310547,66.5751983730833,65.28984858535291,65.40669552687321,7412700
2014-12-18,67.18867492675781,67.18867492675781,66.12972521371178,66.46566791972525,8724500
2014-12-19,67.22520446777344,67.72181672239647,67.01341337384805,67.29823453454568,14037800
2014-12-22,67.62686920166016,67.72181329831686,67.1886832513448,67.26171331442458,7157100
2014-12-23,68.13080596923828,68.26956702982453,67.69991899934122,67.72913214745613,5610600
2014-12-24,68.021240234375,68.56897408138049,68.021240234375,68.28415292668458,2403000
2014-12-26,68.25492095947266,68.51052890320354,67.9627952072794,68.02852614814465,3148700
2014-12-29,67.65606689453125,68.23301373325965,67.55382371519562,68.0066189178501,4657700
2014-12-30,67.48078155517578,67.78751103812102,67.26168588345239,67.37123371931409,4730000
2014-12-31,66.52410125732422,67.59036142171587,66.4802843309487,67.21790083201294,5712100
2015-01-02,66.04936981201172,66.45834244406517,65.66960473496133,66.34148993671606,7251400
2015-01-05,65.73535919189453,66.45836623144112,65.6185066427205,65.89602866109071,8626100
2015-01-06,65.43592071533203,66.13701920917283,65.18761743644146,65.95444130228192,7791200
2015-01-07,65.77918243408203,65.99827819892295,65.40672186258718,65.68424390763056,5986600
2015-01-08,66.5313720703125,66.62631612491435,65.82296907136416,66.07858253667605,6823300
2015-01-09,65.91060638427734,66.5897962352657,65.81566790448711,66.5897962352657,4872800
2015-01-12,65.66961669921875,66.18083815425852,65.37019184529474,66.07859497761761,5250900
2015-01-13,65.94715118408203,66.82352302784382,65.560081288387,66.29769769285222,6727100
2015-01-14,65.72074890136719,65.84490612605546,65.31177612875491,65.53087186941785,6418200
2015-01-15,65.62579345703125,66.09319238283156,65.2460283474218,66.08588770753742,6768200
2015-01-16,66.64090728759766,66.70663263126441,65.63307968187529,65.69150035230136,8815700
2015-01-20,66.59711456298828,67.035300395304,66.09319779131586,66.6409314746693,9869900
2015-01-21,66.73245239257812,67.07078443125819,65.9233914180555,66.48973410022134,6974500
2015-01-22,67.38705444335938,67.43853963332587,66.09991908273227,66.96045966279998,7211200
2015-01-23,66.25440216064453,67.07081452012386,66.15878275996045,67.0561012531876,6745700
2015-01-26,65.8866195678711,66.15875315829095,65.26879169673086,66.15875315829095,9371700
2015-01-27,63.61390686035156,64.14347203233007,63.26821817245087,64.06256593041864,14417400
2015-01-28,62.62831878662109,63.92281054091045,62.52534842552051,63.716864207245465,14033400
2015-01-29,63.01080322265625,63.33442768682704,62.628342538017456,63.09170933869895,12054500
2015-01-30,61.99579620361328,62.67981695059082,61.96637529270979,62.584197587288216,14685300
2015-02-02,62.60627746582031,62.62098511788568,61.5471469502053,62.20910352246468,10278700
2015-02-03,63.21673583984375,63.253513382908274,62.606270149815295,63.21673583984375,10747900
2015-02-04,63.09906005859375,63.60656099140921,62.92254019079658,63.17260953588712,9212800
2015-02-05,63.76837158203125,63.8272134121294,63.3270690792267,63.430039476165575,6531300
2015-02-06,62.96667098999024,63.70217701196282,62.62833889325872,63.66539946627794,8429800
2015-02-09,62.55479431152344,62.83428460163006,62.21645657683376,62.74602185195457,8811500
2015-02-10,62.80485153198242,62.93724282514417,62.38561337221438,62.760722971416826,7059300
2015-02-11,62.98870468139648,63.4005860579957,62.62830847687217,63.216709641804925,7184600
2015-02-12,63.27556610107422,63.36382882142066,62.81955607461143,63.29763037829478,6074600
2015-02-13,63.179954528808594,63.36383099390322,62.8857510623643,63.27556827053062,6272000
2015-02-17,62.87839889526367,63.297637040975744,62.51800256930956,63.297637040975744,10310400
2015-02-18,63.444732666015625,63.54034640107436,62.900454327011765,63.076979761454965,8132300
2015-02-19,62.6724739074707,63.474178471872776,62.55479584980896,63.33443051764989,7271600
2015-02-20,62.42238998413086,62.55478127532117,61.92224572979689,62.48122619352052,9581300
2015-02-23,62.80485153198242,62.88575763399599,62.26057870963522,62.48858375451074,7919200
2015-02-24,62.88575744628906,63.06227729948951,62.525361109327534,62.89311407684969,6502200
2015-02-25,62.8563346862793,63.10640961479894,62.69452248749567,63.032854534286535,5975800
2015-02-26,62.6430549621582,63.07700649139532,62.4371141461676,62.82693149235931,7964500
2015-02-27,62.613616943359375,62.79749342334143,62.20173542386834,62.53271084325009,7685000
2015-03-02,62.81957244873047,62.81957244873047,62.4003286264058,62.61362604757486,7235200
2015-03-03,62.635704040527344,62.84164485684451,62.17968822477762,62.77544638790463,6095600
2015-03-04,62.03993988037109,62.69453987593951,61.93696947285245,62.54744089704612,7370000
2015-03-05,62.24586486816406,62.34148423045136,61.848690992381584,62.23851384911497,5914200
2015-03-06,60.79692840576172,62.05464298726079,60.58363099325503,62.03257309371975,11338700
2015-03-09,61.11320114135742,61.20146389635335,60.811646548520905,60.89255267106723,7326700
2015-03-10,59.97318649291992,60.95876227621429,59.97318649291993,60.65720760053017,9681400
2015-03-11,59.86284255981445,60.14968949722722,59.43624766416138,59.96581296752845,10066600
2015-03-12,60.37766647338867,60.39973636030373,59.95107738791478,60.009913585297,6951100
2015-03-13,60.186466217041016,60.51744172134403,59.686321838704856,60.29679325563078,7492500
2015-03-16,61.45887756347656,61.74572444522074,60.304133405529015,60.3703318613359,15618300
2015-03-17,60.9366455078125,61.31911161037251,60.6277344636808,61.311754982237055,7509300
2015-03-18,61.59864044189453,61.81929453284021,60.32621232551217,60.944040413280085,12607900
2015-03-19,61.32648468017578,61.59862390441827,61.13525717159308,61.38532650349283,9257500
2015-03-20,62.32676696777344,62.36354450651727,61.61332536327385,61.7751375554034,22580300
2015-03-23,62.4150276184082,62.55477552723028,62.04727468905698,62.05463131885402,9891100
2015-03-24,61.72363662719727,62.59889020061807,61.68686470929563,62.43707804975408,7478800
2015-03-25,61.05434799194336,62.05463649208567,60.944020981647625,62.05463649208567,8482200
2015-03-26,60.42181396484375,60.7601460231487,60.274709410277474,60.738081742830005,7311600
2015-03-27,60.53950881958008,60.70867770147321,60.304147078337365,60.37034554915348,6440600
2015-03-30,60.841064453125,61.01022771082144,60.42182620772732,60.77486598729057,6416800
2015-03-31,60.267364501953125,60.99551388362563,60.267364501953125,60.87047920816515,8649700
2015-04-01,60.54684829711914,60.64246204846655,59.90695611404505,60.6351110293771,7395300
2015-04-02,60.62776184082031,60.74543988681084,60.252652197010825,60.43652870318686,6169800
2015-04-06,61.076419830322266,61.216167768089264,59.95109653126215,60.25265107782738,6856300
2015-04-07,60.598331451416016,61.26028789244061,60.55420289250263,60.995505316030766,6329900
2015-04-08,60.87783050537109,61.17939066558365,60.510077497189286,60.53214739131128,6523400
2015-04-09,60.96609115600586,61.01021971980485,60.318847903937325,60.77485802710125,6185000
2015-04-10,61.30441665649414,61.51035741406542,60.84104995195876,60.89989177168335,7001700
2015-04-13,61.36325454711914,61.74571512791039,61.00285824444564,61.04698680068113,8290500
2015-04-14,61.48828887939453,61.69422962271421,61.08376402257786,61.33383332190478,6792600
2015-04-15,61.42209243774414,61.92958763641282,61.40002816103647,61.67216172238319,7006400
2015-04-16,61.41474533081055,61.83398348765209,61.30441831870173,61.458873891068095,7615900
2015-04-17,60.701290130615234,61.20879090616523,60.33353724664304,61.04697873938328,9533800
2015-04-20,60.95136642456055,61.76777829484752,60.89988124406785,61.11317298363488,7416000
2015-04-21,61.10586166381836,61.63542707090072,60.97347031204777,61.333866809630365,7696400
2015-04-22,61.11320114135742,61.297077672332456,60.75280471185696,61.20882052880294,6753100
2015-04-23,60.01811981201172,60.87075640208258,59.98105209907072,60.36658912194866,14569500
2015-04-24,60.05517959594727,60.44813233516093,59.98103853023538,60.084837153552165,8785500
2015-04-27,59.758602142333984,60.20345413712059,59.66221933472022,59.98844677064373,9192300
2015-04-28,59.62516021728516,59.921730170166576,59.454636312584256,59.855004900483976,8395500
2015-04-29,59.20254135131836,59.54359476823092,59.10615853456065,59.313755774716064,11858500
2015-04-30,58.950443267822266,59.42495272194439,58.62421589688873,59.27666498215692,9409300
2015-05-01,59.52877807617188,59.55101983299036,59.03943679975932,59.13582528810802,8193000
2015-05-04,59.57324981689453,60.03293344117223,59.5361821150562,59.66963828619487,7203800
2015-05-05,59.36566162109375,59.79568775539175,59.15064855394475,59.684473319749,6589400
2015-05-06,59.61033248901367,59.74378868100391,58.95787748079426,59.56584332061614,7335700
2015-05-07,59.46204376220703,59.7215459945789,59.31376162079548,59.58808980466806,7224300
2015-05-08,60.02552795410156,60.21088346494919,59.921729320555,59.97362863732828,6929400
2015-05-11,59.513938903808594,60.04776362601624,59.50652875687845,60.01810606849352,5237800
2015-05-12,59.27667236328125,59.52875872401027,58.83923620378622,59.33598746658215,6305800
2015-05-13,59.091339111328125,59.75120432784431,58.98013032160203,59.43239825516054,6459900
2015-05-14,59.7363510131836,59.82532366081327,59.38046607926403,59.39529768216854,5634200
2015-05-15,60.092262268066406,60.14416158776631,59.85500742706661,59.92914850426624,7454800
2015-05-18,59.86239242553711,60.15154646475626,59.684452783694375,60.03292192239418,5590800
2015-05-19,59.92913818359375,60.01810519827125,59.5584272048358,59.869823069408326,5729500
2015-05-20,59.66964721679688,60.05518418189963,59.64739980444379,60.00328486627808,5487000
2015-05-21,59.61775207519531,59.74379247101481,59.19513605991546,59.439806703519096,6054700
2015-05-22,59.27667236328125,59.6103155768991,59.25443061369332,59.49168537029731,6003600
2015-05-26,58.6761360168457,59.36565869593407,58.527853881029216,59.29151762802583,6698300
2015-05-27,58.86148834228516,59.26927267870228,58.63905949394843,58.73544796797462,8094600
2015-05-28,58.817020416259766,58.90598745388191,58.58717570366434,58.89116149981225,5803400
2015-05-29,58.12007522583008,58.750282849792406,57.97179307546298,58.70579933600257,12551700
2015-06-01,58.46110916137695,58.62422286623496,58.03108314976942,58.31282706056035,7588000
2015-06-02,58.23127365112305,58.36472981238857,57.95694552613285,58.17195854464951,7380800
2015-06-03,58.24610137939453,58.52042951276798,58.03108835430725,58.50560356399647,5985800
2015-06-04,57.942115783691406,58.45369298787726,57.87538487912832,58.13488703880756,7714600
2015-06-05,57.40829849243164,57.91988141843751,57.36381498811817,57.86056630828605,9439700
2015-06-08,57.61588668823242,57.816073739457806,57.16361894328541,57.44536284403235,10916200
2015-06-09,58.498191833496094,58.817003491977296,57.69745478569208,57.8086692073205,11528900
2015-06-10,58.97271347045898,59.158068992182855,58.57976066946064,58.7428744336339,9483500
2015-06-11,58.87633514404297,59.261872169846725,58.75028908060143,59.261872169846725,7633300
2015-06-12,58.47594451904297,58.80958209559662,58.2535156969406,58.698367684545424,6508600
2015-06-15,57.919883728027344,58.171964471322525,57.77901174995035,58.07558165593328,7527900
2015-06-16,58.64648818969727,59.01719924735224,58.23129361523628,59.01719924735224,8285700
2015-06-17,59.373077392578125,59.45463426823121,58.69097048402612,58.72062238735344,9305800
2015-06-18,59.92171478271485,60.21828465943933,59.53617790259296,59.55841965344232,10712500
2015-06-19,59.714111328125,60.20344676549345,59.66962783107314,59.84015167417149,15598800
2015-06-22,59.64738464355469,60.18862507455331,59.5584176431602,59.99585381269904,6907900
2015-06-23,59.158050537109375,59.6473860203734,59.03201017924136,59.55841901792532,7190600
2015-06-24,58.950443267822266,59.20252394056263,58.94302746668317,59.16545624806493,8843700
2015-06-25,58.86148834228516,59.239615121817344,58.86148834228516,59.09874314076405,5855700
2015-06-26,58.82441711425781,59.12098703725645,58.77993360561829,58.97270490405753,7703200
2015-06-29,58.06816864013672,58.84666397363657,58.02368513191412,58.535262446276185,7966200
2015-06-30,58.00886535644531,58.579763559214285,57.92730847033546,58.513032626669,8451400
2015-07-01,59.10616302490234,59.14323073111727,57.91988895060596,58.120070402649326,8868000
2015-07-02,59.26187133789063,59.57326727627617,59.14324108139977,59.321186466136055,6602500
2015-07-06,59.350833892822266,59.47687427636396,58.94304952653914,59.024606399795765,6601200
2015-07-07,60.58899688720703,60.67055374646578,59.35823385228411,59.35823385228411,11690400
2015-07-08,60.04777145385742,60.56677029326087,59.97363037868591,60.2108852131956,6724700
2015-07-09,59.8030891418457,60.79659170577212,59.699284878764026,60.61123624325453,10419800
2015-07-10,60.01811981201172,60.322105603778674,59.87725345227274,60.22572276220969,6892500
2015-07-13,60.7298698425293,60.82625265203968,60.30725393407578,60.44071010079791,7332900
2015-07-14,60.82623672485352,61.13763248013364,60.7817532331274,60.82623672485352,6119500
2015-07-15,60.907806396484375,61.0338467539957,60.67796177541096,60.72986673549192,6673700
2015-07-16,61.01903533935547,61.20439084687891,60.87074753937602,61.13024411858859,6623400
2015-07-17,60.97453689575195,61.078335511647374,60.50002732120138,60.71504035601341,5827300
2015-07-20,60.93745422363281,61.05607875982837,60.79658228383909,60.86330752483679,5012900
2015-07-21,60.52225112915039,60.892961977891815,60.32948556055587,60.80399499441701,7512400
2015-07-22,60.419883728027344,60.77120648521678,60.30028206476234,60.5693801041874,6106400
2015-07-23,60.32268524169922,60.464710742337765,59.904090969820416,60.41986298547053,5380900
2015-07-24,60.016231536865234,60.34513037979844,59.97138376843641,60.18068095833184,5660800
2015-07-27,59.77701950073242,59.85176766437297,59.37337257357025,59.67237093105178,8613600
2015-07-28,59.97138595581055,60.29280828142216,59.73218834393127,59.90410859779277,8649900
2015-07-29,60.26288986206055,60.53945863205499,59.91904375414908,59.99379191623084,8921500
2015-07-30,57.84848785400391,59.41075132563908,57.66909111519071,59.35095051172817,22067800
2015-07-31,57.33271408081055,58.11010752939108,57.3028193776784,58.02788283847934,11877200
2015-08-03,57.10847854614258,57.62424494839027,56.81695667007033,57.19070324994964,9511300
2015-08-04,56.7422103881836,57.06362698280216,56.62260874122936,56.83190592047885,13369100
2015-08-05,56.63753128051758,57.213103974193146,56.62258393265753,56.84683407098373,10895400
2015-08-06,56.615116119384766,56.81694241551961,56.24884615981255,56.81694241551961,9353300
2015-08-07,56.42079162597656,56.60018840472851,56.31613732687376,56.50301063475893,10045400
2015-08-10,57.09352111816406,57.18322234351875,56.65997945291591,56.77209885595952,9165900
2015-08-11,56.973934173583984,57.145854420647126,56.66745921580607,56.8393851657899,7491900
2015-08-12,57.10100173950195,57.13090215009704,56.316131644411605,56.72725516144373,10397700
2015-08-13,56.64503479003906,57.190707345019966,56.53290966746264,57.17575428711877,5948000
2015-08-14,56.52544403076172,56.66746387633742,56.34604153700112,56.61513957472087,5586900
2015-08-17,56.458152770996094,56.66744992593751,55.8751090671108,56.66744992593751,8683900
2015-08-18,56.15916442871094,56.6599892280283,56.06199236166886,56.49553980463342,7445900
2015-08-19,55.40418243408203,56.009649930635234,55.32942857279785,56.009649930635234,9865300
2015-08-20,55.24721908569336,55.85268668630515,54.91084376086022,55.127617449418494,10696500
2015-08-21,53.69989776611328,55.23973732112017,53.692426941744245,54.978115895219766,15763900
2015-08-24,51.681671142578125,53.124333016423954,48.60199759708991,51.25560031470239,23696300
2015-08-25,51.14347457885742,53.99142705900869,51.05377906015377,53.954050124269145,21476900
2015-08-26,52.99726486206055,53.0720130356112,51.53964981468256,52.24977172071392,17464700
2015-08-27,53.43080520629883,53.63262581856153,52.3394603452894,53.3710043941768,13434000
2015-08-28,53.22898483276367,53.27383259540163,52.765537041464896,53.19908442336504,10020000
2015-08-31,52.82533264160156,53.07200671758112,52.54876386209667,53.07200671758112,9520900
2015-09-01,51.50228118896485,52.23482131096678,51.21823013099153,51.85360389566634,15437700
2015-09-02,52.18250274658203,52.21240316138465,51.74148445981573,52.06290679029258,8903700
2015-09-03,52.27219009399414,52.66836050469183,52.10026418031729,52.45906335963792,8468300
2015-09-04,51.39762878417969,51.786322699232144,51.20327897519349,51.786322699232144,11497500
2015-09-08,52.3095703125,52.65341645852228,51.99561887228848,52.55623870441783,9182300
2015-09-09,51.18833160400391,52.72816561340249,51.106106904189424,52.653417441640215,11070600
2015-09-10,51.06873321533203,51.53965186001744,50.64266233597276,50.91923686229802,12591100
2015-09-11,51.14347457885742,51.210751920804704,50.62770823755281,50.87437661690738,11291400
2015-09-14,50.87437438964844,51.05377682504067,50.32870766502516,51.00145254044776,9712800
2015-09-15,51.91339492797852,52.13016861723391,50.75478401316924,50.84447953774394,11043700
2015-09-16,52.39925003051758,52.59359977718467,52.10025173631854,52.4142030818325,8704200
2015-09-17,52.50392532348633,53.273842473774,52.21987993590983,52.324528536749646,11029600
2015-09-18,52.2796630859375,52.90755447863703,51.853592297200215,51.905916579925176,18210200
2015-09-21,52.81039810180664,52.98231835192304,52.33200288846943,52.43665148495439,7742800
2015-09-22,52.46653366088867,52.81037974451874,52.30956082072617,52.3693559244175,10207800
2015-09-23,52.51885986328125,52.69078005992965,52.29460968174445,52.45905905448223,6294200
2015-09-24,53.341121673583984,53.5055711099838,52.1301804897573,52.18998132170654,13423500
2015-09-25,54.32032775878906,54.851047229667984,53.78213175932865,54.11103058187009,15080700
2015-09-28,53.647579193115234,54.32032414771845,53.63263183986626,54.05122616587717,9207300
2015-09-29,54.02879333496094,54.12597107520219,53.33362461417528,53.64757030668002,9033300
2015-09-30,53.77465057373047,54.61183912011808,53.48312874733918,54.46234279481151,11041900
2015-10-01,53.78212738037109,53.95405330622504,53.37100958858798,53.64010756640815,8547600
2015-10-02,54.13344955444336,54.13344955444336,53.288784394802526,53.34110868428612,9085600
2015-10-05,54.731441497802734,54.88841435241609,54.19324559460303,54.544568237131685,9187700
2015-10-06,54.86600112915039,55.15004648748398,54.26052776900184,54.82114765989319,8851500
2015-10-07,55.10520553588867,55.2173306685173,54.80620708318604,55.10520553588867,8013200
2015-10-08,55.61348342895508,55.64338383496581,54.93326202377937,55.075287526600526,6856600
2015-10-09,55.67329788208008,55.99472019680139,55.55369622873228,55.7555168901058,6880100
2015-10-12,55.561161041259766,55.88258328820071,55.24721532180661,55.83025900162519,6255900
2015-10-13,55.3967170715332,55.52378953665509,55.06034743964113,55.493889126699344,8390200
2015-10-14,55.47146987915039,55.77046830076672,55.23974881128501,55.47146987915039,8479200
2015-10-15,55.51630783081055,55.94237865283319,55.33691109072722,55.79288231991699,8607400
2015-10-16,55.98722457885742,56.0918731383964,55.56862463778276,55.852675616176064,9578900
2015-10-19,56.18159103393555,56.20401491722261,55.71066667322536,55.80036790929408,7292200
2015-10-20,55.63591384887695,56.09936164215214,55.4340932132255,55.964812650744506,8531900
2015-10-21,55.50242233276367,56.21892672072358,55.43454605877838,55.62309893652933,8302100
2015-10-22,56.45271301269531,57.025915195197534,55.51749263905777,55.70604545857525,14080900
2015-10-23,58.09691619873047,59.167895244958096,57.5538829487622,57.89328160708118,16451200
2015-10-26,58.44384002685547,58.75306946419358,58.07427805043119,58.07427805043119,11464700
2015-10-27,58.29301071166992,58.34580528938847,57.93098664004455,58.16479613066449,9423400
2015-10-28,57.70470428466797,58.48154095063834,57.08625129052091,58.36840811242878,10178400
2015-10-29,58.08935928344727,58.21757959415176,57.5010753142697,57.88572473803053,8230700
2015-10-30,57.60667037963867,58.17987271171509,57.606670379638665,58.05920186790668,9547700
2015-11-02,57.772579193115234,57.90079372149275,57.35776646821592,57.74995377683391,7152900
2015-11-03,58.111961364746094,58.391015759341016,57.28986836117094,57.5463031000179,8013200
2015-11-04,58.11952209472656,58.17986038093097,57.70470932396653,58.09689667594383,6375400
2015-11-05,57.61420440673828,58.27037035092591,57.28989329696866,58.14215004860699,6860900
2015-11-06,56.995750427246094,57.32006153186976,56.33204652311722,57.22955410005297,9483500
2015-11-09,56.86754608154297,57.04101149758672,56.51306576939678,56.70916236308599,8607200
2015-11-10,57.1465950012207,57.50107527836954,56.73932591064151,56.85245301681556,6551000
2015-11-11,57.28989410400391,57.64437436318467,57.25972495916128,57.335144944179824,5295900
2015-11-12,56.30941390991211,57.32759793252573,56.30941390991211,57.07116311889354,7678600
2015-11-13,55.78149032592773,56.55078939516785,55.773946598611815,56.294354454028486,8468800
2015-11-16,56.79212188720703,56.81474730900316,55.8191884707385,56.00019759928395,7410600
2015-11-17,56.61865234375,57.327612935845565,56.4678123580251,56.81474892853365,8761800
2015-11-18,57.244659423828125,57.28991027677823,56.42256581877615,56.55078615909751,6447100
2015-11-19,57.485984802246094,58.04409953944181,57.33513909342602,57.42564651871807,7899500
2015-11-20,57.184303283691406,57.96868376388405,57.07871415695161,57.73488009098534,9533200
2015-11-23,57.29743576049805,57.36531201831181,56.86753553181681,57.18430290996597,9421300
2015-11-24,57.65947723388672,57.84049216941994,57.02594222205482,57.03348594957991,7086800
2015-11-25,57.244659423828125,57.87819438184017,57.22957197005967,57.71981064233716,4266500
2015-11-27,57.09379959106445,57.599125592615295,56.94295961560751,57.23710159567191,2390100
2015-11-30,56.44517135620117,57.17675724339331,56.44517135620117,57.00329186542183,8935700
2015-12-01,57.27482223510742,57.48600053106085,56.46781617318424,56.46781617318424,8391700
2015-12-02,57.16168212890625,57.66700238088628,57.05609299428882,57.116431286692,8104200
2015-12-03,57.12396240234375,57.47089891076288,56.69406219037052,57.19184441169509,11177800
2015-12-04,58.70026016235352,58.75305471716268,57.25971398171431,57.30497056738996,11961000
2015-12-07,59.10755157470703,59.20559698866241,58.48155470962072,58.48155470962072,9460000
2015-12-08,58.63995361328125,59.20561232980808,58.33826781363134,58.58715902990587,8312700
2015-12-09,58.60221862792969,59.57515194390291,58.40612782316673,58.526798645007325,10081900
2015-12-10,58.67009735107422,59.23575582254137,58.50416994544244,58.76060477801215,8984200
2015-12-11,58.662559509277344,59.077378064952285,58.15723927176504,58.45892497096717,12280500
2015-12-14,59.047210693359375,59.22821981664762,58.40613215965728,58.549428411596345,12179000
2015-12-15,60.09557342529297,60.33692087864044,59.19052191378423,59.36398733897111,14113400
2015-12-16,61.08358383178711,61.264598723112776,60.1860761175484,60.32183440895429,14102600
2015-12-17,60.55563354492188,61.113748365590496,60.4877515272564,61.076041248377486,9864200
2015-12-18,58.92652893066406,60.42741361500318,58.92652893066406,60.29919331618812,21342100
2015-12-21,59.54499053955078,59.56762171612736,58.94162484357064,59.30364311032341,9105800
2015-12-22,60.03522109985352,60.14835395090983,59.49218801812388,59.70337202537772,9872200
2015-12-23,60.27656555175781,60.66121492488527,59.95979818761781,60.29919097002845,8254600
2015-12-24,60.17851638793945,60.4500328985439,60.03521440896067,60.08047099684487,2498000
2015-12-28,60.27656555175781,60.31427841832591,59.93717276934718,60.14080728795845,4150000
2015-12-29,60.6084213256836,60.79697415316415,60.22377194645408,60.50283220262853,4406100
2015-12-30,60.38971710205078,60.71402829078979,60.33692252500849,60.683859139026005,3793200
2015-12-31,59.89194107055664,60.3670922685955,59.81651531331906,60.269046840035,5077700
2016-01-04,59.10755157470703,59.20559698866241,58.48155470962072,59.10000784927153,11529800
2016-01-05,59.29609298706055,59.55252206061078,58.98686359982894,59.16033472630589,8133700
2016-01-06,58.722900390625,59.04721152459408,58.16478556269323,58.57959838249232,9551000
2016-01-07,58.21004486083984,58.526812315609305,57.37286962025111,57.961153680302175,11973900
2016-01-08,57.29743576049805,58.43629648194953,57.071170059433896,58.34578905068872,9676400
2016-01-11,57.82538604736328,58.10444633392471,57.018380088038334,57.44828035133898,10209200
2016-01-12,57.70470428466797,58.089347878735225,57.13150212413466,58.07426618558903,8774700
2016-01-13,57.20692443847656,58.06672483736224,57.16167360301166,58.05164314359908,9310100
2016-01-14,57.43318176269531,58.03654724636244,57.22954152439954,57.395468902514736,12835100
2016-01-15,56.55076599121094,57.07871160127132,56.1661166157809,56.18874203418697,17023900
2016-01-19,57.870635986328125,58.00639425144639,57.108880956821466,57.16921924224639,13457300
2016-01-20,57.69034194946289,57.88814191836919,56.64806415685373,57.27951725320082,17795000
2016-01-21,58.3674430847168,58.71740358986254,57.370816302577154,57.83488994741019,12712900
2016-01-22,58.85434341430664,59.31842284969076,58.2381092609702,58.88477551876319,9465800
2016-01-25,58.46634292602539,58.85434501297269,58.24571451597028,58.73261659183997,9870400
2016-01-26,59.95746612548828,60.54327384675148,58.99127169502246,59.34123211095217,16374800
2016-01-27,59.94987106323242,60.74869197376358,59.45535956376269,59.74445582600301,10816100
2016-01-28,60.725868225097656,60.86280977927422,59.80531892370572,60.40633986679563,9895100
2016-01-29,62.14852523803711,62.38436671824532,60.733464748130615,60.84758365299313,19895000
2016-02-01,61.71490097045898,61.92791990969816,61.266034659064346,61.78336885621554,9657200
2016-02-02,61.030181884765625,61.27363288552616,60.71825720649103,60.931276106615286,9116400
2016-02-03,61.69965744018555,61.8061668673824,60.87800831238549,61.22797449240765,10149600
2016-02-04,61.39535903930664,61.69967425896342,61.1138722496964,61.50947797221919,8295100
2016-02-05,61.77576446533203,61.77576446533202,61.29647181257784,61.30408129084319,9957600
2016-02-08,62.856082916259766,62.93216028459555,61.08345179281346,61.08345179281346,16530200
2016-02-09,62.87126922607422,63.145152278616926,61.63879548963205,62.25503526001747,14308900
2016-02-10,62.09528350830078,63.14516488306285,61.97355510317077,63.07669700842459,10585400
2016-02-11,60.78673553466797,61.615988574214576,60.581320290739626,61.159518638406254,12343900
2016-02-12,61.61600112915039,61.63882375994165,60.70306107151219,61.13670846954003,9306100
2016-02-16,61.98115921020508,62.376764883947,61.501860911939126,62.376764883947,9352600
2016-02-17,62.72671890258789,63.01582090802221,62.011584972625904,62.11809440484,10892900
2016-02-18,62.369171142578125,62.627835315759775,61.78336330794632,62.559367436151774,7702600
2016-02-19,62.22461318969727,62.58218311058701,61.92790746902909,62.353945261920906,7709600
2016-02-22,62.48326110839844,62.89408564671613,62.163732846705145,62.22459703112142,6916500
2016-02-23,62.239845275878906,62.734356895572006,62.087690533357055,62.38439634430664,5840600
2016-02-24,62.04962921142578,62.11049341080994,61.36492728350722,61.82139717022944,6759800
2016-02-25,62.64307022094727,62.64307022094726,61.981190604215016,62.15616800464656,6789700
2016-02-26,61.69965744018555,62.878876418287206,61.5855385383808,62.77997066136981,9281100
2016-02-29,61.08344650268555,61.88987698500003,61.02258229155561,61.69968067846694,11065300
2016-03-01,61.7985725402832,61.8974725078246,61.26601951945509,61.27362899521346,9483900
2016-03-02,62.80281448364258,62.88650131186311,61.50947628662614,62.06485198260512,12096600
2016-03-03,63.023433685302734,63.091907361236686,62.52131854721525,62.79520164229191,8747100
2016-03-04,63.5179443359375,63.70814060483542,62.58218194338424,62.85606503494361,9406700
2016-03-07,63.22125625610352,63.677726267923,63.14517888818879,63.28212047216775,6792400
2016-03-08,63.19082260131836,63.71576629444357,62.89411681068176,63.12235471317036,7788400
2016-03-09,63.11474609375,63.67012190171661,62.90172714417301,63.37341610704424,8954800
2016-03-10,62.597412109375,63.320161610278994,62.19419683838182,63.24407843857147,10385600
2016-03-11,62.19417190551758,62.99299845355848,61.958330419897145,62.9549568829551,11109500
2016-03-14,61.75291061401367,62.27024459221114,61.38012762811982,62.05722574312895,12389300
2016-03-15,61.85945129394531,61.97357025056485,61.44102285878201,61.62360970677452,9297800
2016-03-16,61.88226318359375,62.23222947097221,61.22799327482028,61.85944055709738,9490300
2016-03-17,62.95495223999024,63.3201315561327,61.836597476943794,61.84420695136902,12061500
2016-03-18,63.2592887878418,63.5255624395968,62.71913200733013,63.03866038943614,33635200
2016-03-21,63.388633728027344,63.807067983006576,63.076714759677664,63.23647898312479,8625600
2016-03-22,62.947357177734375,63.38861392617244,62.75716090385552,63.35818182583226,7205900
2016-03-23,63.00822448730469,63.51794913341124,62.825637680584265,62.93214713486534,5594600
2016-03-24,63.06149673461914,63.2364799177416,62.71153617270577,62.73435880434532,6645700
2016-03-28,62.856082916259766,63.487530297344776,62.77999974359284,63.13756975953527,4988500
2016-03-29,62.99300765991211,63.21363022780343,62.50610566753825,62.88649821185093,6731400
2016-03-30,62.90171051025391,63.41904459570593,62.87888788659609,63.21362937412657,6925400
2016-03-31,62.62021255493164,63.14515607122227,62.49848997111773,62.9549598179957,6819200
2016-04-01,63.548370361328125,63.61684402983779,62.331115517596366,62.38437023562435,8028600
2016-04-04,63.30491638183594,63.63966362456514,63.16797485565842,63.63966362456514,5593400
2016-04-05,63.266868591308594,63.57117787668364,63.137530760263886,63.266868591308594,5259100
2016-04-06,63.76139450073242,63.78421712401136,63.20602465318021,63.25166989973808,6292100
2016-04-07,63.3277587890625,63.66250613638435,63.04627197820592,63.3277587890625,6655900
2016-04-08,63.29731750488281,63.487513778400285,62.97017968225958,63.47991010657693,5453000
2016-04-11,62.939735412597656,63.4038088474715,62.88648070339391,63.1679673930446,7081500
2016-04-12,63.01582336425781,63.30491957663182,62.72672134755485,62.92452707408915,7081600
2016-04-13,62.73432922363281,63.47229158844655,62.26264044294548,63.183195383442005,11738600
2016-04-14,62.903076171875,63.17920280551719,62.54257718618235,62.85705116501712,6904400
2016-04-15,63.12553405761719,63.225244212462165,62.78037271814768,62.93377970853801,7299300
2016-04-18,63.53204727172852,63.65476700236985,62.91075925101133,63.125529020419926,5628000
2016-04-19,63.87719345092773,64.19933928041861,63.54737581067461,63.59340082337117,6606100
2016-04-20,62.55024719238281,63.92320265934033,62.49655622916032,63.88485531525346,9124200
2016-04-21,61.975006103515625,62.36618075054714,61.78325176019024,62.15908863458211,8802100
2016-04-22,62.09003829956055,62.09003829956055,61.29234558304866,61.66818236223477,8027700
2016-04-25,62.44288635253906,62.49657733389269,61.68353494955165,62.067043631185584,7672800
2016-04-26,61.016204833984375,62.51188564674533,60.75541601039702,62.51188564674533,13742300
2016-04-27,61.27699661254883,61.476422700203976,60.67105239181383,60.95485082994323,7689700
2016-04-28,61.17728805541992,61.56846257918804,60.89348961005023,60.96252419487045,7615900
2016-04-29,61.45341491699219,61.4764244947248,60.8781520661717,61.108253695374096,9391000
2016-05-02,62.105411529541016,62.35852872373852,61.37674135096146,61.37674135096146,7862600
2016-05-03,62.20509338378906,62.66530253070715,61.89061937661448,61.974991736268414,7617500
2016-05-04,62.5886116027832,62.71900314160997,62.02869224105523,62.02869224105523,7365900
2016-05-05,62.35850524902344,62.96444373156746,62.06703494656316,62.588606914680376,6399500
2016-05-06,62.9951286315918,63.08717281410594,62.25879272711144,62.45054705177437,6297200
2016-05-09,62.98746109008789,63.45534209866528,62.87240732780408,63.05648983633172,6718800
2016-05-10,63.26358413696289,63.41698524325894,62.987457464128326,63.01046704488502,6222400
2016-05-11,63.01044845581055,63.57803940391018,62.99510483858129,63.2789032385688,5975000
2016-05-12,63.20988464355469,63.46299584963477,62.97977716325319,63.2635756087082,4925000
2016-05-13,62.3048095703125,63.21755605668479,62.12839303994119,63.21755605668479,6579000
2016-05-16,62.61161422729492,62.811040345139766,61.93664117319773,62.13606729104257,6497200
2016-05-17,61.8369255065918,62.94142623701409,61.61448982810792,62.61928043446911,10188200
2016-05-18,61.246341705322266,61.95199634903221,60.908858009392425,61.81393297509951,8344100
2016-05-19,61.50710678100586,61.53011635907466,60.93950987988555,61.08524501015649,6242500
2016-05-20,61.37670516967773,61.744875948919095,61.20029451544567,61.69885679596742,6526800
2016-05-23,61.5147705078125,61.6144864783289,61.246315686953366,61.39972262164159,5620600
2016-05-24,62.105411529541016,62.41988567988503,61.59151117905234,61.59151117905234,6293300
2016-05-25,62.49657440185547,62.719004277115104,62.13607532173194,62.18976630056665,6049800
2016-05-26,62.297142028808594,62.58860647735507,62.197426041031136,62.4965681524863,4622300
2016-05-27,62.45821762084961,62.63463417085632,62.25112552915932,62.33549204660539,4322200
2016-05-31,62.15907287597656,62.75734533917687,61.92896538157184,62.57326285477908,6705000
2016-06-01,62.73432922363281,62.7420010331474,62.021003087553744,62.09003181755685,6184100
2016-06-02,62.857059478759766,62.857059478759766,62.38151254271524,62.53491364752759,5186300
2016-06-03,63.25591659545898,63.27125436637295,62.72667279482594,62.84172655825193,6306700
2016-06-06,63.48603820800781,63.53206323895871,63.07185389260507,63.20224546789406,5292300
2016-06-07,63.14086532592773,63.5780649627127,63.08717434779195,63.47835481813989,6327500
2016-06-08,63.393985748291016,63.47068631364186,62.910761068012405,63.17922182455742,4712600
2016-06-09,63.79281234741211,63.86184693105947,63.225221318192126,63.34027505635358,6144900
2016-06-10,63.81583786010742,63.923219815372114,63.36330045604589,63.48602018268653,6840800
2016-06-13,63.33260726928711,63.969232922590464,63.301925880370206,63.63174349638115,6167400
2016-06-14,63.930885314941406,63.946228936680114,63.10250529736382,63.31727503856612,6868600
2016-06-15,63.62407302856445,64.0459348202268,63.524362901388216,63.969234272254575,7082200
2016-06-16,63.97690582275391,64.13030691807529,63.40164293748368,63.40930889593607,6630100
2016-06-17,63.76213073730469,63.99991002250657,63.16385832321026,63.90019405224003,11741700
2016-06-20,63.6931037902832,64.19933205797848,63.68543198038402,64.06126873917498,6164300
2016-06-21,63.97690582275391,64.26069843428614,63.731454707237,63.731454707237,6594700
2016-06-22,64.09963989257812,64.24537506210459,63.88487597025156,64.04594891199649,4940100
2016-06-23,64.59051513671875,64.59051513671875,64.09962461642424,64.28370709856553,7361300
2016-06-24,63.0948486328125,64.29139382210175,62.88775067197216,63.36330353401484,12401100
2016-06-27,62.3048095703125,62.81103787803237,62.12839303994119,62.76501871875151,9601800
2016-06-28,63.24823760986328,63.27124718956301,62.09003999933614,62.46588264068799,9257100
2016-06-29,64.36043548583984,64.36043548583984,63.59341805434254,63.63176541479025,7927500
2016-06-30,64.9433364868164,65.0430524550697,64.29137312184761,64.3604077038596,10969300
2016-07-01,65.0277328491211,65.18880579746114,64.82064073036337,64.82830669084748,9531100
2016-07-05,65.53395080566406,65.92512536052278,64.77459957166984,64.7976150030234,11403100
2016-07-06,65.21946716308594,65.5799661589735,64.99703148792389,65.48025603640146,8356500
2016-07-07,65.06605529785156,65.38052923349585,64.8359478507944,65.37286327663595,7905700
2016-07-08,65.78704833984375,65.8867642993254,65.02003130691068,65.18111003347711,6827300
2016-07-11,65.7717056274414,65.92510668174079,65.12741417713387,65.66432371905681,6156800
2016-07-12,65.7717056274414,65.9174407253384,65.34217799390305,65.57227957535211,6649800
2016-07-13,65.87910461425781,66.07853071804611,65.51093964774654,65.81774183588038,7572100
2016-07-14,65.86376190185547,66.64611678587569,65.8484182824745,66.30096142419423,11342600
2016-07-15,65.97115325927734,66.33165229186592,65.80240853322506,66.15523575502662,8491300
2016-07-18,65.90977478027344,66.00181893216622,65.73335828544786,65.9788035052863,4781300
2016-07-19,66.0938720703125,66.1015438809948,65.62599110060026,65.71036346247472,6078200
2016-07-20,65.95470428466797,66.27164838202825,65.80782717635647,66.0010840461425,6289000
2016-07-21,65.90834045410156,65.99337396917966,65.6145861664743,65.72280956789496,5407000
2016-07-22,66.2639389038086,66.46492776783901,66.05521811100256,66.09387185714698,6165600
2016-07-25,66.3257827758789,66.3257827758789,65.82331356287168,66.11706198232602,5605300
2016-07-26,65.91608428955078,66.54224087860173,65.83878268161729,66.23302854913312,5379300
2016-07-27,65.28990936279297,65.9392556034149,65.18168597231139,65.89286993768533,7744700
2016-07-28,65.56049346923828,65.69191269282796,65.24355510113323,65.25901306393125,5911600
2016-07-29,66.16343688964844,66.31804596566553,65.55275020701383,65.62231986792162,7520900
2016-08-01,66.79733276367188,66.92874606975919,66.03203102125636,66.04749487946303,10420600
2016-08-02,67.0678939819336,67.36937435392447,66.66591622078968,67.26887696477145,13083200
2016-08-03,66.45719909667969,67.03696993086349,66.0629532780692,66.8746348050201,8192100
2016-08-04,66.51903533935547,66.89008532925152,66.3257784161124,66.57314704195419,5564100
2016-08-05,66.3103256225586,66.82052681595283,66.11706866707306,66.54223632823492,6729700
2016-08-08,66.29485321044922,66.4030766101123,65.80784201423242,66.1788978828865,5388200
2016-08-09,66.47265625,66.74321478978662,66.2330195287224,66.37216476314606,4158800
2016-08-10,66.72002410888672,67.11426991803276,66.48038739045175,66.68137625950928,5981400
2016-08-11,67.04470825195312,67.25342317715491,66.78960764513522,67.02151246227784,7387100
2016-08-12,67.28433990478516,67.60127823353783,67.08335102695783,67.19157444631084,8063400
2016-08-15,67.26885986328125,67.69402740683827,67.24566997867498,67.65537366733942,6871200
2016-08-16,66.92875671386719,67.56263935327192,66.8437231734087,67.23796905210396,8071100
2016-08-17,67.22250366210938,67.33845902352701,66.4572077131285,66.8282577923833,6762100
2016-08-18,67.59356689453125,67.60902485877,67.2070529134742,67.2070529134742,7082800
2016-08-19,67.49305725097656,67.5703647513633,67.29207426362692,67.40802371873855,6199900
2016-08-22,67.13746643066406,67.41575692366503,66.92875150978051,67.3616452110112,5921100
2016-08-23,67.5626220703125,67.63992366066374,67.2843316268614,67.35390128885753,5420100
2016-08-24,67.49305725097656,67.60128067423692,66.91328638448145,67.50078918056208,5713300
2016-08-25,67.94915008544922,67.98007190758278,67.28434565391402,67.48533454891488,10595500
2016-08-26,67.7017822265625,68.4129664510493,67.38483796915351,67.92596101644664,16408200
2016-08-29,68.25833892822266,68.3356405080976,67.50076929089028,67.55488098657598,8934500
2016-08-30,67.67085266113281,68.2583554260988,67.6090090231924,67.80999789763176,11619400
2016-08-31,67.49305725097656,67.91049298258116,67.27661040445587,67.83319137992865,11407800
2016-09-01,68.26605987548828,68.26605987548828,67.23793773400206,67.53168607475068,29793300
2016-09-02,68.1810302734375,68.69896323489547,68.05734892731952,68.39748295017567,17470400
2016-09-06,68.52117156982422,68.52117156982422,67.93366889463623,68.21969125310224,14472100
2016-09-07,67.98779296875,68.3433909484184,67.80226794724821,68.26608344986974,17556400
2016-09-08,67.85639190673828,68.16560426354836,67.7404365357176,67.98780524161863,23465700
2016-09-09,66.66590881347656,67.3848248278217,66.66590881347656,67.33071312341866,21955000
2016-09-12,68.2197036743164,68.32019516560987,66.44946929617262,66.51131293592282,16105700
2016-09-13,67.29206848144531,67.95687282305404,67.26114666349447,67.67858235923022,19682700
2016-09-14,67.26114654541016,67.71723008948345,67.15292313163908,67.34618007019225,25397900
2016-09-15,68.07280731201172,68.2351423972869,67.06014306198125,67.06014306198125,13833600
2016-09-16,68.06510162353516,68.11148140526494,67.48533076097603,67.73269942642521,23518300
2016-09-19,68.31246185302734,68.76081344909447,67.44666868200552,67.96459583980959,19173900
2016-09-20,68.47479248046875,68.76080894405521,68.1655802326674,68.41294885136186,33986500
2016-09-21,67.87183380126953,68.63712956593787,66.8205156670208,68.44387264269704,55409800
2016-09-22,68.7917251586914,69.03136772753948,67.84863053364876,67.84863053364876,52692700
2016-09-23,67.84091186523438,68.75308477721897,67.63219108577466,68.51344218236771,48281400
2016-09-26,67.91046905517578,68.35882644941509,66.95191654500344,67.57806697292693,60276600
2016-09-27,68.30474853515625,68.65260874542055,67.7636313419151,68.07283779649,65150800
2016-09-28,69.1550521850586,69.36377295124811,68.38975647040705,68.78400221941725,89806000
2016-09-29,68.2042465209961,69.00819025633325,67.67085544286844,68.92316262283738,74587500
2016-09-30,69.37922668457031,69.74255059803201,68.25060710305618,68.258339030375,123735700
2016-10-03,68.53665161132812,69.14733841925245,68.34339464995767,69.07003681425115,26789500
2016-10-04,68.29698944091797,68.55208997244347,67.98777721159003,68.25060967072523,23317600
2016-10-05,68.68350982666016,68.79946516097249,68.18877257147857,68.39749335278744,64580300
2016-10-06,68.96952819824219,69.36377395294578,68.38975745803872,68.49798085772473,61462800
2016-10-07,69.57249450683594,69.61114825176644,68.25834974746685,68.8071987186261,20518800
2016-10-10,68.8458480834961,69.82759660813211,68.62940126167405,69.71937319722109,15492400
2016-10-11,68.44386291503906,68.89222032869047,68.1810304699656,68.66804162186477,11723100
2016-10-12,68.46707153320312,68.80720565010891,68.28154651386089,68.59848484283162,17118000
2016-10-13,68.21196746826172,68.46706804293673,67.71723017674677,68.06509620523097,11158100
2016-10-14,68.3588638305664,68.76856771227273,68.19652866410176,68.41297555272129,7369000
2016-10-17,67.89503479003906,68.52891736600671,67.80226932853128,68.35885030210954,7610600
2016-10-18,67.60126495361328,68.23514738432968,67.59353892355868,68.18876761307061,10749500
2016-10-19,66.63533782958984,67.6324520471141,66.5574393957088,67.50002411518938,12788800
2016-10-20,66.16014099121094,66.61974585120012,66.05108200940778,66.51068686939696,10175100
2016-10-21,65.69275665283203,66.10562372360951,65.62264389826932,65.75507778060557,13974100
2016-10-24,65.51356506347656,65.9809614937442,65.48240450902297,65.739474625814,10573200
2016-10-25,67.74929809570312,68.61398432292626,67.74929809570312,68.15437349049897,20761200
2016-10-26,68.08425903320312,68.34911484939475,67.60127932081616,67.70255261558111,8464100
2016-10-27,67.44548797607422,68.24006143265385,67.34421467305822,68.16995463204488,6598300
2016-10-28,67.64801788330078,67.95183182746743,67.34420988240268,67.67139275844325,7021100
2016-10-31,67.61685943603516,68.13878536252346,67.5311693951767,67.78044789314634,8207100
2016-11-01,67.65580749511719,67.7648664694626,67.36758275289074,67.445481171242,8564500
2016-11-02,67.57012939453125,68.09206137059623,67.42990983940877,67.59349832984009,7773200
2016-11-03,67.46105194091797,67.75707422254511,67.35978460120056,67.6168547057922,6899900
2016-11-04,66.27698516845703,67.56232983588852,66.2691935438645,67.53116928078657,9378100
2016-11-07,67.4299087524414,67.43770037850855,66.6820731182664,67.00925009385497,8878500
2016-11-08,68.13101196289062,68.31018371714154,67.45328307933693,67.59350264340769,7674600
2016-11-09,66.93912506103516,67.41431308615579,65.67714942892123,66.41719917877732,11972500
2016-11-10,64.6255111694336,66.75995866826926,64.01789520535593,66.61195346116584,22095000
2016-11-11,65.1084976196289,65.48241243177597,64.38403098491662,64.39960829239409,8905700
2016-11-14,64.65666961669922,65.26428556096943,64.46971223613946,65.09290548576132,12862500
2016-11-15,65.13966369628906,65.88749932720634,64.56320223521737,65.88749932720634,9464000
2016-11-16,64.80470275878906,65.5914847263652,64.78911950488003,65.42011053625583,8542900
2016-11-17,64.711181640625,65.04615007635364,64.60212270278464,64.86697842517799,9083700
2016-11-18,63.87767791748047,64.73457240820763,63.86988629264368,64.5943528774873,14565500
2016-11-21,64.37622833251953,64.46191836713969,63.65176182190133,63.87767137287558,11482100
2016-11-22,64.46971893310547,64.79689586888844,64.39182051171933,64.66446795820514,7426500
2016-11-23,64.40739440917969,64.60214342396999,64.28275218694512,64.33728167335568,7693300
2016-11-25,65.01502227783203,65.01502227783203,64.61773255086707,64.64889311212603,3882900
2016-11-28,64.711181640625,64.93709113851328,64.46969484158797,64.75791948733762,6990100
2016-11-29,64.57099151611328,65.03060234307151,64.41519466072317,64.98385853183922,6183100
2016-11-30,64.23600769042969,64.52423834212513,64.0802108719967,64.28274554730605,12115500
2016-12-01,63.76861953735352,64.12695702069772,63.23890196561244,64.04126697649927,12516900
2016-12-02,64.18926239013672,64.40738028795691,63.93219232059137,64.15031021841156,9079400
2016-12-05,64.64888763427734,64.71900037698651,64.2516038842445,64.31391905821295,8597500
2016-12-06,64.5865707397461,64.85142656604565,64.35286952796638,64.84363494078134,7327200
2016-12-07,65.57589721679688,65.6537956444166,64.43077190665278,64.45414084061179,8567700
2016-12-08,65.04617309570312,65.57589067121923,65.04617309570312,65.2720826735391,7522800
2016-12-09,65.72389221191406,65.74726114012091,65.02279464937048,65.06174088195937,8004500
2016-12-12,66.31593322753906,66.35488540830413,65.5992582703014,65.5992582703014,7494100
2016-12-13,66.3548812866211,66.49510080808979,65.84853268446928,65.95759165191514,11795900
2016-12-14,65.72389221191406,66.79111288847766,65.56808945175571,66.44056707883966,12292200
2016-12-15,65.96538543701172,66.05886710214227,65.13185990521917,65.55251848340441,8768100
2016-12-16,65.96538543701172,66.30814559922224,65.55251848340441,66.13676551811699,21172400
2016-12-19,65.98875427246094,66.19908653288478,65.6849462903093,66.01991482745959,6431200
2016-12-20,65.87969207763672,65.98875104316087,65.58367573453798,65.87969207763672,7485400
2016-12-21,65.65377807617188,66.00432982156038,65.52914181398545,65.58367129305466,6099300
2016-12-22,65.80178833007812,65.91084728675929,65.33439195240636,65.4356592855339,7864800
2016-12-23,66.18350982666016,66.3548899244613,65.86412450706882,65.9653918633746,5284200
2016-12-27,65.90304565429688,66.16790732548816,65.76282616796419,66.13674677927351,3782600
2016-12-28,65.4902114868164,65.92644746490056,65.39672980154003,65.74728166387433,4298800
2016-12-29,65.70831298828125,65.81737195543714,65.51356398360747,65.62262295076334,3718300
2016-12-30,65.49799346923828,65.78621822234773,65.37335124055528,65.56810026542104,6209800
2017-01-03,65.59146881103516,65.73947997090704,65.04617392193117,65.34219029840641,8792700
2017-01-04,65.82516479492188,65.90306320957586,65.62262416220706,65.78621261596085,8096700
2017-01-05,66.26139831542969,66.54962897699521,65.73168079404334,65.75505566654964,6852400
2017-01-06,66.23802947998047,66.4094095523287,65.9186442078234,66.16792269216594,4799900
2017-01-09,65.74725341796875,65.94979401075199,65.24090490764411,65.48239172844191,11000600
2017-01-10,65.03839874267578,65.77065715886384,64.84364966971258,65.70054440209667,10918200
2017-01-11,65.24092864990234,65.24092864990234,64.87479950237686,64.96048955576661,9572300
2017-01-12,65.31102752685547,65.34218808278604,64.94490436702502,65.20976017753236,6545400
2017-01-13,65.44346618652344,65.4512518686272,64.99943863258925,65.31882395363795,6762800
2017-01-17,66.37826538085938,66.66649611396761,65.34219901015965,65.35778226236513,13145100
2017-01-18,66.6844711303711,66.97498611193178,66.41751028427232,66.58240121324606,10520400
2017-01-19,66.50386810302734,66.73942139822758,66.17409828204235,66.44890646619652,14074500
2017-01-20,68.66309356689453,69.07923857433885,67.85436966724127,68.22340041532458,22944400
2017-01-23,68.27835845947266,68.58457417251014,68.19198931062931,68.38042836702863,9408900
2017-01-24,68.98499298095703,69.05565536081781,68.48248497849849,68.48248497849849,8704700
2017-01-25,68.43539428710938,69.01641819086011,68.3568725244011,68.96930393516125,8082900
2017-01-26,67.99569702148438,68.49035778232232,67.98784364692689,68.40398863329887,6542300
2017-01-27,68.08991241455078,68.19198231163062,67.54029007010725,67.87791325628704,9332300
2017-01-30,68.11348724365234,68.19985640987684,67.91719477320954,68.13704138164616,7350000
2017-01-31,68.78086853027344,68.82798278847032,67.94073714192783,68.0192529184296,9712400
2017-02-01,68.5688705444336,68.77301035100301,68.11347068601998,68.33331724101431,8291000
2017-02-02,68.90653228759766,69.3697797889288,68.50609384398463,68.78875557002057,8997200
2017-02-03,68.63169860839844,69.22842337389359,68.61599185698671,69.18916847610522,7161900
2017-02-06,68.62384033203125,68.93005606861679,68.41184113570584,68.70235611237138,7483000
2017-02-07,69.10279083251953,69.3147840275932,68.68665182674435,68.81227587076621,6646100
2017-02-08,69.35404968261719,69.36189706752927,68.94575803312297,69.14990385787009,6815800
2017-02-09,69.62100982666016,69.70737899021458,69.11850159709107,69.35405495048873,9914100
2017-02-10,69.07140350341797,69.66813436037606,69.07140350341797,69.53465091224477,11057600
2017-02-13,69.33832550048828,69.37758637665918,68.81226330586261,69.1263323441239,6905100
2017-02-14,68.98499298095703,69.26765448113595,68.49033835082787,69.09491623209684,20123400
2017-02-15,71.54466247558594,71.56821660722314,70.51608613459803,70.51608613459803,25847700
2017-02-16,71.28553771972656,71.5446450854938,71.08924534996976,71.38760759546771,12408500
2017-02-17,71.5211181640625,71.73311737640023,71.01860994348709,71.1442399938162,12152400
2017-02-21,71.97651672363281,72.07859263515037,71.12068448615099,71.12068448615099,9018700
2017-02-22,71.79593658447266,72.0785982238108,71.64675238860784,71.80378397029754,6749900
2017-02-23,71.55252075195312,72.07858906353582,71.37978843019489,71.92940488663042,7611600
2017-02-24,71.48973083496094,71.71742486323896,71.19136240137843,71.42691579732549,6643400
2017-02-27,71.36408996582031,71.37979671803937,70.71239752725783,71.08142832958528,11840300
2017-02-28,71.50540161132812,72.07072473221915,71.17563178759808,71.37192420510918,10535600
2017-03-01,71.96868133544922,72.14926707145673,71.22276627998846,71.48972718110885,8792200
2017-03-02,71.3797836303711,71.91369330050932,71.35622350636233,71.76451512400529,7031200
2017-03-03,71.057861328125,71.3797837962597,70.5789073084517,71.3797837962597,8334900
2017-03-06,70.9557876586914,71.06571093701749,70.34335026325691,70.57890356845243,9533800
2017-03-07,70.89297485351562,71.05000640162446,70.71238318185785,70.77519819724921,5363000
2017-03-08,70.77521514892578,70.94010011104324,70.4768527399091,70.6809926032711,5503700
2017-03-09,70.93221282958984,71.04998945776913,70.74377381872388,70.77518131892957,5587400
2017-03-10,71.50540161132812,71.5760699966241,71.17563178759808,71.29340843617858,6797800
2017-03-13,71.69387817382812,71.83520902801244,71.33270065543982,71.49758565359281,7397500
2017-03-14,71.45043182373047,71.91367900083712,71.30910105962923,71.6545775919586,6686400
2017-03-15,71.76451110839844,72.06287343508126,71.23844885199608,71.45044203325531,7855300
2017-03-16,71.79593658447266,72.01578319498658,71.52897570715514,71.79593658447266,6601200
2017-03-17,71.45043182373047,72.23560140421102,71.38761681960358,71.80375573879932,37010100
2017-03-20,71.62318420410156,71.77236837070932,71.40333763670256,71.41903839564405,7772900
2017-03-21,71.59961700439453,72.03931005895357,71.4739869943099,71.68598613873557,8211000
2017-03-22,71.4426040649414,72.07859572660334,71.25416497536818,71.69385818116258,7798000
2017-03-23,71.26986694335938,71.81163607422089,71.13638950225084,71.3797962370396,6831400
2017-03-24,71.1128158569336,71.38762403982247,70.83015430014242,71.26984739276463,9252000
2017-03-27,71.05001831054688,71.23061001247422,70.80661757307013,71.01861079758689,10072000
2017-03-28,71.26200866699219,71.49755599935587,70.7673478873258,70.79875539638158,11855800
2017-03-29,71.13639068603516,71.34838991049614,70.97150572832709,71.10498317165683,4252800
2017-03-30,70.82231903076172,71.1128340357204,70.74380324277497,71.05787238509261,3691900
2017-03-31,70.54752349853516,70.93225512230329,70.5396701212092,70.6888543385439,6942400
2017-04-03,70.41403198242188,70.71239436717156,70.23344028219803,70.55536279422341,6967400
2017-04-04,70.59461975097656,70.63387464684209,70.20988223505113,70.46898970731841,5680800
2017-04-05,70.64173889160156,71.05787799210145,70.47685392670752,70.66529303081911,6320100
2017-04-06,70.1941909790039,70.51610752631727,70.12352257228522,70.48470001115018,7231500
2017-04-07,70.0606918334961,70.3590541496197,70.02143095410416,70.24127750181304,4739100
2017-04-10,70.26484680175781,70.4140309872094,69.68382280161707,69.98218518214979,5956000
2017-04-11,70.50824737548828,70.52394813504385,70.10780911756707,70.3983240874895,5186000
2017-04-12,70.90866088867188,70.99503001930889,70.31978371998412,70.42970697890969,6286300
2017-04-13,70.68885040283203,71.08928875895707,70.50041129010259,70.70455715660945,5040100
2017-04-17,70.97148895263672,71.12852049703959,70.76734315261743,70.8458649151883,6931700
2017-04-18,71.29342651367188,71.55252801780493,70.93224310234322,70.97935736794345,7087800
2017-04-19,70.88990020751953,71.56240364538947,70.81078322122409,71.28549117523586,6919000
2017-04-20,70.67626953125,70.96900292531224,70.6604425154295,70.96900292531224,6983500
2017-04-21,70.11456298828125,70.63674005862201,70.10664947678256,70.54970954085844,9061200
2017-04-24,70.8503646850586,70.93739520536447,70.42312559525907,70.51015611556494,8338500
2017-04-25,71.20638275146484,71.4041782591078,70.78705724106015,70.87408774732224,9088400
2017-04-26,69.41830444335938,71.20637738791403,69.31545296017858,71.08769888501962,11951300
2017-04-27,69.37873840332031,69.81388479936088,69.0147954764317,69.29170791686451,8517500
2017-04-28,69.09393310546875,69.29963610199295,68.95152008836108,69.2442535973533,8295400
2017-05-01,68.904052734375,69.307557333837,68.89614525871723,69.1334962895106,4546600
2017-05-02,68.21572875976562,69.0622934538245,68.05748870147737,69.0622934538245,13197500
2017-05-03,68.38186645507812,68.54010045435882,67.96254092436813,68.27901495916969,6122000
2017-05-04,68.39768981933594,69.02272439984125,68.27901733386814,68.71416386514424,5986200
2017-05-05,68.437255859375,68.52428637862722,68.14451629132292,68.46890386967043,4506200
2017-05-08,68.47682189941406,68.53220441202501,68.23155131250174,68.30276084942504,4634600
2017-05-09,68.3581314086914,68.6904264262508,68.2157183959888,68.67460544094611,9577600
2017-05-10,68.42935180664062,68.66670889854548,68.35023478808621,68.4214443301543,6178500
2017-05-11,68.1761474609375,68.54009043507355,67.94670397015274,68.52426945195428,6064700
2017-05-12,68.19197845458984,68.2948299414576,67.97835593447424,68.23153393281301,5892400
2017-05-15,68.30274200439453,68.6033889847268,68.23944599709105,68.55591999736895,5820700
2017-05-16,68.23152923583984,68.83282920409152,68.19197376033964,68.73788519766046,6554500
2017-05-17,68.24737548828125,68.54010902718898,67.98628392419526,68.23154846462948,7805800
2017-05-18,67.93881225585938,68.2157247964741,67.66189367900398,68.1840767866552,6985600
2017-05-19,68.23152923583984,68.34229422522316,67.78055576871088,68.04164725921692,7320700
2017-05-22,68.20781707763672,68.3581436279832,68.0654040394772,68.23946509014341,4260000
2017-05-23,68.1049575805664,68.46890062736834,68.02584057669476,68.2631915883097,4394200
2017-05-24,68.437255859375,68.55593438892265,68.20781231191376,68.39769433744553,4878800
2017-05-25,68.72208404541016,68.81702807923863,68.47681950332112,68.500554002718,4368000
2017-05-26,69.0306396484375,69.1334911505118,68.69043109697266,68.77746161266649,4337000
2017-05-30,69.14932250976562,69.31547004026258,68.91196544548946,69.03064397762753,4594500
2017-05-31,69.69522857666016,69.90093761364882,69.18887251348838,69.36293354199876,10146600
2017-06-01,69.72686767578125,69.73478118594977,69.12557370024541,69.6398371726464,6251300
2017-06-02,70.0908203125,70.16202984133139,69.63193927568629,69.94049981606123,6136400
2017-06-05,70.20951843261719,70.22534545954854,69.62404519724272,69.86140231127564,4115300
2017-06-06,70.25694274902344,70.39144219961544,69.98002430384982,70.22529475425395,6503000
2017-06-07,70.23323822021484,70.32818225318202,69.94050468198759,70.16203472267013,4781600
2017-06-08,69.50533294677734,70.25695941936122,69.11765548228036,70.23321889047267,7712100
2017-06-09,69.75059509277344,69.79015056370014,69.26797367930288,69.50532461357854,9696900
2017-06-12,69.81392669677734,70.14622786095903,69.69524814072976,69.75063669829512,7867700
2017-06-13,69.67147827148438,69.94048326439463,69.4420347892559,69.908835263097,6419300
2017-06-14,69.97216796875,70.21743256215834,69.67151481683814,70.01172346394111,6183900
2017-06-15,70.71583557128906,70.90572357209841,69.80598122142595,69.80598122142595,7047500
2017-06-16,70.93739318847656,71.02441767006734,70.26488354409904,70.98486218502438,13855000
2017-06-19,71.09562683105469,71.09562683105469,70.57344372678425,70.88991778668385,5246200
2017-06-20,70.91365814208984,71.37254526503494,70.89783715409638,71.02442316676748,5674200
2017-06-21,70.73168182373047,71.16682836237842,70.64465130875278,70.90574285368584,4164500
2017-06-22,70.43892669677734,70.73957969522567,70.33607521828873,70.62880867100215,4536700
2017-06-23,70.74749755859375,71.04815060119655,70.3360855479794,70.43893704157298,8782100
2017-06-26,70.70003509521484,70.95321313348704,70.62882556519799,70.91365161278428,4373300
2017-06-27,70.10662841796875,70.7000148410734,70.10662841796875,70.7000148410734,5180400
2017-06-28,69.91674041748047,70.58133025659535,69.82970993337184,70.47847879184805,4875000
2017-06-29,68.82493591308594,69.79809264710964,68.77746691404512,69.63985258990527,8123500
2017-06-30,68.9515151977539,69.20469320618339,68.83283668587512,68.87239820191466,6070300
2017-07-03,69.41830444335938,69.62401344596039,68.97524447120897,69.14930547062217,3607400
2017-07-05,69.3629379272461,69.62402948651834,69.2205248982104,69.51326446796178,4974300
2017-07-06,69.12557983398438,69.58446084840297,69.11766632311365,69.34710984844304,6038900
2017-07-07,69.34709930419922,69.48159878734984,69.05435980889555,69.37874730662982,5142200
2017-07-10,68.904052734375,69.5211799014161,68.74581871384608,69.33129183329224,5356400
2017-07-11,68.65084838867188,69.18885230316901,68.28690545184126,69.01479736174113,5838600
2017-07-12,68.80119323730469,69.20469778992256,68.69834173952533,69.02272325482343,4374200
2017-07-13,68.59547424316406,68.872392761085,68.43724026398586,68.65085673950037,5448900
2017-07-14,68.91195678710938,69.06228331134604,68.61922328568868,68.80119178069504,4577700
2017-07-17,69.26799011230469,69.55281612999785,68.62712855437512,68.88822007663384,5227800
2017-07-18,70.13036346435547,70.22530746584992,69.19676857649617,69.3154470693045,7492300
2017-07-19,70.44932556152344,70.49717304422832,69.85128373827858,70.0665822014605,6008500
2017-07-20,70.648681640625,71.21482724048859,70.4174380434531,70.42541363883055,7285000
2017-07-21,70.65665435791016,70.71247135608515,70.01874059282751,70.297831667299,5714800
2017-07-24,70.31377410888672,70.64867608524374,70.1463231207082,70.60881027868484,6202000
2017-07-25,71.07927703857422,71.12711844667521,70.6008447067727,70.70450311885726,6766700
2017-07-26,71.20685577392578,71.3025385814414,70.86397818526937,70.9676365879435,6987000
2017-07-27,72.3072738647461,72.3630908815863,70.96765937698271,71.99629247326519,11089200
2017-07-28,71.93248748779297,72.56242576013796,71.73314016427611,72.21157252399708,6137500
2017-07-31,72.41889190673828,72.61823922051852,71.93248397442675,71.93248397442675,7835700
2017-08-01,72.64214324951172,73.14450225842167,72.33913759221689,72.58632625781016,8662100
2017-08-02,72.59430694580078,72.8016298224953,72.187636787099,72.5384899501826,7167700
2017-08-03,72.45079803466797,73.16047408130285,72.41890173010485,72.45079803466797,6413200
2017-08-04,72.29928588867188,72.62621841961794,72.18765187410433,72.31523708138012,5824400
2017-08-07,72.91327667236328,73.00895949109933,72.17967392166874,72.29928352868612,5011300
2017-08-08,73.02490234375,73.3119629343701,72.74581734831284,72.88137204843994,5623400
2017-08-09,73.2959976196289,73.31194880692098,72.97704079333762,72.97704079333762,5572800
2017-08-10,73.15249633789062,73.35981926966883,73.11263052105495,73.24818524877237,6338200
2017-08-11,72.83351135253906,73.42358361713525,72.79364555104723,73.31194963920527,7094200
2017-08-14,73.08073425292969,73.3199474048535,72.76177730010009,72.9930209388116,5398400
2017-08-15,73.519287109375,73.64687231070396,73.26412279031433,73.28804957826144,5293400
2017-08-16,73.71065521240234,74.11731930003508,73.51130792425421,73.59104562279417,7965500
2017-08-17,73.41558837890625,73.8940204539584,73.41558837890625,73.67872814944279,5711400
2017-08-18,73.73455810546875,73.98174673632136,73.24017476016857,73.3438392184706,6815000
2017-08-21,74.04557037353516,74.12530808626519,73.64687572628743,73.66282083539443,4334300
2017-08-22,73.98973846435547,74.12529315705488,73.83025698741824,74.0854273505178,4731500
2017-08-23,73.71065521240234,73.88608179934812,73.58307002786124,73.75849661480703,3631900
2017-08-24,73.5750961303711,73.81431531510643,73.39170002785772,73.71065691297262,5173700
2017-08-25,73.76647186279297,74.04555684816843,73.68673416462804,73.87810585694317,4933000
2017-08-28,73.73455810546875,73.92592975246448,73.3438392184706,73.77442390331225,5386500
2017-08-29,73.61495208740234,73.90998820689846,73.55115950746882,73.7425372472694,3676300
2017-08-30,73.2561264038086,73.42357735642528,73.0886754511919,73.42357735642528,4709600
2017-08-31,73.5750961303711,73.67078502098454,73.23221854350197,73.27209043549006,5864400
2017-09-01,73.78240203857422,73.88606650044814,73.56710968873526,73.6946887632633,4960700
2017-09-05,73.93392944335938,73.9498745509749,73.39170453047723,73.50333853457676,6532100
2017-09-06,73.93392944335938,74.08543534189316,73.6468688375043,73.98974644540914,6747200
2017-09-07,74.13328552246094,74.44426686834431,73.6229568480063,73.94988330339238,7735400
2017-09-08,74.02960205078125,74.27679681172162,73.76646826801961,73.96581554551558,6070100
2017-09-11,74.94660949707031,75.10609098785076,74.07745818580493,74.22895799755032,10177300
2017-09-12,74.5638656616211,74.93863955832414,74.32464646861159,74.73131666328902,5804000
2017-09-13,74.59575653076172,74.77117703145913,74.51601274983085,74.55588464029628,5369300
2017-09-14,74.59575653076172,74.67549422809624,74.300720358668,74.34059224913344,5492300
2017-09-15,74.37248229980469,74.81104875958742,74.01365962077979,74.81104875958742,12428800
2017-09-18,74.27678680419922,74.55587173837246,74.04554326342844,74.29273190746828,6177700
2017-09-19,75.09012603759766,75.31339400018226,74.42829166022494,74.42829166022494,6587200
2017-09-20,75.27354431152344,75.48883672621953,74.81903269507877,75.09014211236993,5941500
2017-09-21,73.87012481689453,75.35326901110231,73.71861894303156,75.07418404629891,9376700
2017-09-22,73.55117797851562,74.15719547288393,73.42359887020464,73.79837276693772,6837700
2017-09-25,73.93392944335938,74.22895956122375,73.62294813428254,73.70268583955406,6436200
2017-09-26,73.87808227539062,74.03755762081667,73.51925362279032,74.01363692736221,4885200
2017-09-27,72.45874786376953,73.7744349784221,72.0361265413002,73.7744349784221,9631200
2017-09-28,72.47470092773438,72.65810311299214,72.26737804083356,72.45078022609131,4999800
2017-09-29,72.54650115966797,72.9053240099972,72.32322698398838,72.53852556106531,6634500
2017-10-02,73.17640686035156,73.6787659680674,72.75379154240441,72.76974273379696,7302400
2017-10-03,73.45549774169922,73.63091826132307,73.0089556379742,73.3279125453215,5909900
2017-10-04,73.69468688964844,73.99769859068972,73.37573008604473,73.45547384964192,6140700
2017-10-05,73.38374328613281,73.87812688925537,73.31198116243338,73.7505416689922,6912800
2017-10-06,73.62295532226562,73.6389004314379,73.264126488115,73.35981539394133,5241900
2017-10-09,73.45549774169922,73.85419235498408,73.30399184189993,73.67876575176322,5149000
2017-10-10,73.05679321289062,74.18908430087787,71.65338666119598,73.6548350516496,17125600
2017-10-11,72.9292221069336,73.1445206172467,72.61824077745675,72.63418588611826,7115400
2017-10-12,73.47942352294922,73.60700264454634,72.87340596546994,72.88935715791797,5984900
2017-10-13,74.1890869140625,74.56386078626095,73.83025814801027,73.9179714408055,6956700
2017-10-16,74.26883697509766,74.45223918608936,73.92595934171116,74.13328225770233,4159100
2017-10-17,73.9977035522461,74.22894101467838,73.67874672725628,74.18907521380181,5316100
2017-10-18,73.97378540039062,74.11731568419897,73.3677740541742,73.98176099493446,7399700
2017-10-19,73.58014678955078,73.90149379432228,73.21863523992303,73.66851736909256,8585000
2017-10-20,70.89691925048828,72.27067185117119,70.36669572258353,72.0778660815626,19997800
2017-10-23,70.13370513916016,71.38695147326806,69.78825824845309,71.20217498927832,13358200
2017-10-24,69.87665557861328,70.23013183463448,69.71597898116231,70.18996728216084,11519000
2017-10-25,69.78022003173828,69.9810610965017,69.31426729048324,69.81235533760237,9024300
2017-10-26,70.29438018798828,70.51128586429904,69.97303322414935,70.04533920237529,6233800
2017-10-27,69.9248275756836,70.31847435619994,69.45083946392538,70.31847435619994,7433800
2017-10-30,69.3062515258789,69.95698092752997,69.21788707124898,69.82041043588374,5387100
2017-10-31,69.36248779296875,69.491029054616,68.86440572704741,69.48299369346688,7119000
2017-11-01,69.80432891845703,70.00517000894153,69.1777056968148,69.35444683711053,4884100
2017-11-02,69.4990463256836,69.924828417989,69.27410530553607,69.71595198677353,5021200
2017-11-03,69.55529022216797,70.02124303846749,69.45888428904894,69.71596064818249,5106500
2017-11-06,69.1294937133789,69.60347566206744,69.11342299660627,69.53117582413839,5186700
2017-11-07,69.87665557861328,69.89272017376564,68.62340263523757,69.12149089355738,6875100
2017-11-08,70.35865783691406,70.37472242857861,69.73203456586613,69.88466963882387,6910000
2017-11-09,70.51932525634766,70.8326368784809,70.13371378103777,70.1738783230746,5280000
2017-11-10,70.82462310791016,71.00939352581776,70.51934065003375,70.68804647345665,7227300
2017-11-13,71.49942779541016,71.82881012389154,71.20218077672088,71.23431608651299,6873500
2017-11-14,71.39498901367188,71.53959483580883,71.07364206123607,71.29054772984983,5035500
2017-11-15,70.8808364868164,71.45122441719771,70.69605999680228,71.28251864588916,6688100
2017-11-16,71.70028686523438,72.22247505423557,71.31466918021012,72.17426901286682,7205100
2017-11-17,71.04151916503906,71.57173651938885,70.76034283097596,71.45926598576361,5941800
2017-11-20,70.91297912597656,71.14595555796241,70.46309698376085,71.04152038328648,4926200
2017-11-21,71.27450561523438,71.66815253827505,70.71214673884816,70.84068801202852,6196400
2017-11-22,70.961181640625,71.42713448147389,70.74426981197485,71.09775212285113,6006900
2017-11-24,71.05760192871094,71.46731962265572,71.0335019695117,71.17007249109798,2196700
2017-11-27,71.46730041503906,71.57977094719843,70.81657717480499,70.96118302032193,6199700
2017-11-28,71.8207778930664,71.91717769745881,71.42713105703496,71.8850485154506,4841300
2017-11-29,71.8046875,72.15013433919053,71.52351126558497,71.82075821578499,5158900
2017-11-30,72.2947769165039,72.6000593799139,71.66815352409336,71.78062407508062,9789900
2017-12-01,72.59200286865234,72.72857333660706,71.59583279477157,72.44739704105807,7953200
2017-12-04,73.43553924560547,73.83722142645875,72.16622208310501,73.71671554636603,9003700
2017-12-05,73.42750549316406,73.78098165220774,73.16239377699345,73.52390529600152,8683000
2017-12-06,73.30701446533203,73.73279669196792,73.16240860258918,73.41948501088925,6737400
2017-12-07,72.38311004638672,73.16237426716748,72.21440430722524,73.14630968070637,7273600
2017-12-08,72.60003662109375,72.60003662109375,71.96537806565676,72.31885420258595,5883400
2017-12-11,72.4875717163086,72.56790692959348,72.10195411168375,72.4875717163086,4856000
2017-12-12,72.1822738647461,72.7124971913924,72.15817391884082,72.66429117039928,6558900
2017-12-13,73.0097427368164,73.43553094893002,72.2786844374332,72.31884897347058,7141000
2017-12-14,73.10616302490234,73.4516099744731,73.02582780785468,73.05796312051058,5853500
2017-12-15,73.8211669921875,74.12644331047531,73.49179071840132,73.56409058489645,15924000
2017-12-18,73.81312561035156,74.8253665630191,73.75689034238027,73.89346696104012,7405700
2017-12-19,73.6524429321289,74.01395443343469,73.57210772397022,73.90951927574677,5644400
2017-12-20,73.53194427490234,73.88542658052675,73.38733843434547,73.74885610032973,6938500
2017-12-21,73.64440155029297,73.97378384474688,73.53193104223139,73.63637232056215,4860400
2017-12-22,74.01396179199219,74.2549735696134,73.68458556703958,73.81312068703588,4919400
2017-12-26,74.29515838623047,74.52812871864953,74.03004660621326,74.19071706909233,3431900
2017-12-27,73.98985290527344,74.51204094093879,73.85328244139917,74.30316450083598,4276700
2017-12-28,73.96575927734375,74.3433415220034,73.83722416188441,74.15053578422243,3005400
2017-12-29,73.81312561035156,74.2790784759333,73.81312561035156,74.10233731111371,4346700
2018-01-02,72.82498931884766,73.85329484406954,72.74465409891177,73.84525948332063,7558900
2018-01-03,72.73661804199219,73.17846481200279,72.7205473206482,72.8892592488385,5863600
2018-01-04,73.25077819824219,73.72476032963014,72.79286066063646,72.96960183816586,6322500
2018-01-05,73.2989501953125,73.34715621667148,72.76069763540123,73.32305014140067,5949700
2018-01-08,73.68458557128906,73.72475011477218,73.04992694408844,73.04992694408844,4860700
2018-01-09,73.14633178710938,73.62834920598713,73.11419647529299,73.48374336740541,6630100
2018-01-10,72.68040466308594,73.03388708889179,72.31085764028265,73.03388708889179,6564700
2018-01-11,72.42332458496094,72.72056558344532,72.2385480182068,72.62416574790915,5469700
2018-01-12,71.98949432373047,72.57594698443886,71.78061783469093,72.3429766699228,8111000
2018-01-16,72.47952270507812,72.92136935951733,72.01356997492822,72.41525209488171,9465300
2018-01-17,73.26681518554688,73.6926033751538,72.64822742645896,72.75266256965539,8345500
2018-01-18,72.99971008300781,73.38017085849995,72.58686901003654,73.04827744127141,7699800
2018-01-19,73.72016143798828,73.87396632105646,73.04828409985039,73.0806644002811,9364000
2018-01-22,74.38394927978516,74.4082329634558,73.47731930864204,73.56636359937536,8658000
2018-01-23,72.08499145507812,73.02399539938538,71.72071773220318,72.70829521177333,18756300
2018-01-24,71.48594665527344,72.17401700577093,70.99215804360075,72.09306319330621,15141900
2018-01-25,71.51023864746094,72.08498113845836,71.24311203334227,71.78546805485924,11264400
2018-01-26,71.01647186279297,71.37264281903785,70.61172736749266,71.37264281903785,11503100
2018-01-29,70.31218719482422,71.0245350094509,70.17457560152847,70.98406428102136,11685800
2018-01-30,70.38504791259766,70.78170186687345,70.12601174649375,70.27981659308678,9662900
2018-01-31,69.89127349853516,70.75743261035329,69.68081081662498,70.27173429601137,11798100
2018-02-01,69.49462127685547,70.02079030042219,69.25986875323616,69.73747041878173,8606300
2018-02-02,68.1994400024414,69.30034540337856,68.16705970524794,69.25986848790917,12846300
2018-02-05,65.61717224121094,68.29658486249225,64.84006359114328,67.9889751092353,17462200
2018-02-06,66.68567657470703,66.742340536409,64.85623656780993,65.18812372180471,19955500
2018-02-07,66.24857330322266,67.5032836574441,66.23238624147679,66.62094365839452,11851800
2018-02-08,64.93717956542969,66.55615684235026,64.8805156077738,66.40235202475219,14596100
2018-02-09,64.69435119628906,65.59288436645227,63.617729480556925,65.55241362712943,18838800
2018-02-12,65.83573913574219,66.11096241994882,65.22862241079268,65.25290609164496,10769000
2018-02-13,65.97334289550781,66.24047570478777,65.49574742671331,65.69002302623056,9278700
2018-02-14,65.30956268310547,65.77906771283155,64.97766927991324,65.61716623228291,9412000
2018-02-15,66.70995330810547,66.70995330810547,65.16382723777973,65.5442878383691,8910700
2018-02-16,66.86376953125,67.38993845406111,66.48330883051105,66.54806941274514,10371700
2018-02-20,65.84382629394531,66.55618050159775,65.62526700126766,66.53189682195695,7087700
2018-02-21,64.95339965820312,66.22429721996913,64.9129289112403,65.81955269487281,9134500
2018-02-22,65.43907165527344,65.79524870371527,64.89671564126203,65.13956475172864,10277700
2018-02-23,65.60907745361328,65.66574142926444,65.14766903019377,65.5766971566826,10321800
2018-02-26,66.07858276367188,66.12715630176012,65.60908385216425,65.93287450122861,9422200
2018-02-27,65.19623565673828,66.37808868986322,65.17195197829004,66.28904441827962,8919600
2018-02-28,63.56106185913086,65.39860500929504,63.544874799512186,65.30956074161784,16862000
2018-03-01,63.70676803588867,64.17627303645038,63.059180681650425,63.46392509401543,13504200
2018-03-02,64.35435485839844,64.4838760212919,63.4801055365945,63.528679060634026,9317700
2018-03-05,64.99385833740234,65.07480598451747,64.07104157328887,64.17627289694755,8177000
2018-03-06,64.77529907226562,65.09909586750598,64.24913622789902,65.09100542515985,9085300
2018-03-07,64.0791244506836,64.4676755438854,63.86865567258612,64.37863129837909,9089500
2018-03-08,64.73483276367188,64.75101982538226,63.96581455035072,64.0872391288657,7951700
2018-03-09,64.99385833740234,65.36622245485958,64.67815819051665,64.90481407280284,7662200
2018-03-12,64.64575958251953,65.26097264294353,64.56481195833666,64.9452725854948,7182000
2018-03-13,64.53245544433594,64.91291621163873,64.24103894920657,64.75911134590098,9620200
2018-03-14,63.94962692260742,64.62959467481579,63.836298963906025,64.50817627328613,8898100
2018-03-15,63.68246841430664,64.06292905481455,63.57723711676729,64.02245215334891,6996900
2018-03-16,63.92531967163086,64.26530342237557,63.8200821945611,63.89293938452541,17715400
2018-03-19,63.67439270019531,64.41102430514165,63.35868638275032,63.92533225477238,8368200
2018-03-20,63.39107131958008,64.03056826684096,63.10775145077082,63.73915178009145,8465500
2018-03-21,62.36302947998047,63.33441375009711,62.23350828347928,63.18061504914016,9822800
2018-03-22,61.85302734375,62.75155401449994,61.82064705840374,62.19301107602381,10481600
2018-03-23,61.44831085205078,62.47635912947642,61.367357014091766,62.16065892435064,11728300
2018-03-26,61.85302734375,62.22539136137007,61.53732110560096,61.98254230922709,12937000
2018-03-27,62.97014617919922,63.49631523202832,61.76400937261726,61.95018837265935,11288200
2018-03-28,63.820106506347656,64.06295566419587,63.09966182755142,63.09966182755142,12857800
2018-03-29,64.17626190185547,65.15574246872956,64.09531426860882,64.29768643967971,10036400
2018-04-02,62.6544303894043,64.24912421261199,62.37920100335233,64.1600799561754,12017200
2018-04-03,63.51247787475586,63.78770722348779,62.4763334049824,62.78393686447508,11933100
2018-04-04,63.99008560180664,64.37054011134595,62.80822663921554,62.99441176167843,9030800
2018-04-05,63.78770446777344,64.20863582446853,63.552952031496346,64.02245072814259,7864700
2018-04-06,63.48819732666016,64.24102204499638,63.05916931503246,63.43962998222185,8300800
2018-04-09,63.2696647644043,63.82820798855621,62.79206303115493,63.787737243104935,9031200
2018-04-10,63.43965148925781,63.82010610951878,63.09157099232539,63.71487476892455,6779000
2018-04-11,63.358673095703125,63.69866301798034,63.17249416712837,63.29391869823394,7143500
2018-04-12,62.97014617919922,63.70677791243149,62.97014617919922,63.65821055170931,8282300
2018-04-13,63.43965148925781,63.49631546894864,62.91348243446546,63.18870571413219,6198500
2018-04-16,63.6339225769043,63.836294800803394,63.17251415345077,63.59344566176042,5962200
2018-04-17,63.48819732666016,63.90103828211125,63.22106458043248,63.8929416660687,6492400
2018-04-18,63.30202865600586,63.69058604016663,63.156320408934334,63.60963838644025,7349400
2018-04-19,61.23262786865234,61.86170574714022,60.619893075171255,61.592100942073984,16955600
2018-04-20,60.2930793762207,61.20809227200889,60.24405637604786,60.48915267773848,14085000
2018-04-23,59.63951873779297,60.44016159490175,59.44344535295306,60.121533774078685,13653400
2018-04-24,59.23103332519531,59.90912803023218,58.945091652306566,59.6885400018173,16551700
2018-04-25,59.067630767822266,59.43526911448165,58.781682905909385,59.157499027327454,14208800
2018-04-26,59.43525314331055,59.64766953897597,59.12480320584444,59.28819659755116,11204300
2018-04-27,59.48427200317383,59.70485994608868,58.99408557778099,59.25551875352775,8144800
2018-04-30,59.10028839111328,59.57413795177121,58.95323807890048,59.56597264535384,13076500
2018-05-01,58.78984832763672,59.09213300841933,58.54475819973081,58.86337972915006,8103800
2018-05-02,57.956539154052734,58.83070714212301,57.78497417318588,58.77351881516739,10830900
2018-05-03,58.29967498779297,58.59378819406246,57.79314530298201,57.8503336356977,9386500
2018-05-04,59.173824310302734,59.329052406933,58.28331343102754,58.315993358373845,8107400
2018-05-07,58.80618667602539,59.81923950255988,58.73265528043059,59.36989828797743,6633600
2018-05-08,58.36503601074219,58.92058249650066,58.0954311941842,58.86339416266057,8084100
2018-05-09,59.12482070922852,59.27187729852272,58.6101195301687,58.63462792287437,7528400
2018-05-10,59.7620735168457,59.91729544010495,59.38626355744043,59.59050850709946,7618500
2018-05-11,59.94179534912109,60.53818696514728,59.68036212708366,60.15420555679798,7586200
2018-05-14,59.8682746887207,60.27676456103245,59.71304654266278,60.27676456103245,8646900
2018-05-15,59.5986442565918,59.97446026265504,59.31270271550726,59.89275733686679,11502800
2018-05-16,60.07251739501953,60.39931052735072,59.606839207192266,59.62318229199214,8325000
2018-05-17,60.42381286621094,60.45649279947514,59.966306266631925,60.064339833364606,8053600
2018-05-18,60.00716400146485,60.51369372292587,59.72939386047931,60.44016853256896,7042700
2018-05-21,60.50550842285156,60.66073654461558,59.98264196676835,60.25224673623433,6428400
2018-05-22,60.480995178222656,61.2244495616853,60.31760176120591,60.832296634562056,7744200
2018-05-23,60.603546142578125,60.70158593712923,60.22773627972164,60.47282641650999,6592500
2018-05-24,60.26858901977539,60.74243873615378,60.12153242617728,60.52185696228681,6508900
2018-05-25,60.709747314453125,60.96301520904696,60.25224076895593,60.374788945945305,7546500
2018-05-29,60.49732971191406,61.02836135871713,60.26857023412967,60.50549501846968,8905600
2018-05-30,61.183570861816406,61.28977591230595,60.49731133608724,60.72606451133029,8128600
2018-05-31,59.77839279174805,61.02020521102004,59.4761143443003,61.00386212933891,15526000
2018-06-01,60.00716400146485,60.24408889216139,59.525148909850685,59.9091304143223,7209300
2018-06-04,60.603546142578125,60.9630191562059,60.00714830024656,60.08067970442479,8743800
2018-06-05,60.43197250366211,60.76693084578391,60.12968785530839,60.68523414524631,6910100
2018-06-06,60.74243927001953,60.79962759952918,60.22774430443268,60.51368595198093,7002900
2018-06-07,61.89438629150391,62.40908127917724,60.53819694342081,60.6035568179681,13476100
2018-06-08,63.054481506347656,63.07898989539803,61.87802896745518,61.96789721601276,13625300
2018-06-11,63.34040832519531,63.47112801371723,62.8093704984262,62.88290188148423,9049400
2018-06-12,63.103511810302734,63.63454987476977,62.997306690633565,63.577361543707816,8786000
2018-06-13,62.47444152832031,63.23423293357133,62.25385350866575,63.23423293357133,8022400
2018-06-14,62.0822868347168,62.54796502322284,61.84536196925785,62.54796502322284,8895200
2018-06-15,63.217872619628906,63.324083945724645,62.02508327583127,62.22116284721154,14943500
2018-06-18,61.959720611572266,62.98911649897449,61.59208233974371,62.79304316953651,7384900
2018-06-19,62.36006164550781,62.64600329228431,61.73915533174996,61.7554921831113,8514000
2018-06-20,61.967899322509766,62.376389108726784,61.71463764963425,62.376389108726784,6603500
2018-06-21,62.44989776611328,62.94825562243233,61.706443634108496,61.706443634108496,8691200
2018-06-22,63.25870513916016,63.422098499972776,62.71949582897562,62.73583890489118,11446400
2018-06-25,63.55283737182617,63.67538554598109,63.05447936783945,63.13617607292304,11300500
2018-06-26,63.72441101074219,63.9776727009493,63.20154454724756,63.55284603675738,9558500
2018-06-27,63.47114562988281,64.30446205979136,63.36493429521576,63.81427555790048,7873300
2018-06-28,63.765262603759766,63.98584436127547,63.44664104675935,63.61003447950728,5714400
2018-06-29,63.7734260559082,64.16557900937217,63.144354501774046,63.6672209510195,7679900
2018-07-02,63.83060836791992,63.97766493248775,63.25055365019659,63.31591350846211,6092800
2018-07-03,63.642723083496094,64.3453261595443,63.54468327065422,64.1655896191979,5897200
2018-07-05,64.71295928955078,64.74563922450831,63.82245443593436,63.83879128688299,7956100
2018-07-06,64.79463958740234,65.04790746086414,64.4596812468426,64.85182790081784,7244000
2018-07-09,63.61001586914063,64.4024868755409,63.544656021939794,64.10020225703065,9095900
2018-07-10,65.21131134033203,65.30935113610973,63.71623717828561,63.7815970421374,12773500
2018-07-11,64.6720962524414,65.22763629469294,64.56588493478628,65.05607135816375,7851600
2018-07-12,64.45152282714844,64.96621775266313,64.19008959359273,64.8191611692218,8556800
2018-07-13,64.79463958740234,64.92535929409988,64.4596812468426,64.60673780034799,6021300
2018-07-16,64.97439575195312,65.05609247686024,64.40251244454275,64.71296249241402,6931200
2018-07-17,65.38285827636719,65.76683957927459,64.99071166752496,65.08057989727172,8983400
2018-07-18,65.12960815429688,65.52992637274998,64.81098664100942,65.12960815429688,9105100
2018-07-19,64.9045639038086,65.28378451476794,64.21206944363516,64.64899740213987,8010600
2018-07-20,64.86333465576172,65.17660218144955,64.56655224631916,64.56655224631916,8234700
2018-07-23,64.72319030761719,65.07768006467938,64.50060035175353,64.7066989014495,5881600
2018-07-24,65.1188735961914,65.1353649966851,63.92350493508203,63.92350493508203,8297100
2018-07-25,65.51460266113281,65.62177163400176,64.89630706227672,64.89630706227672,6208400
2018-07-26,66.02574920654297,66.58633769028432,65.5146286672936,65.5888211495857,9771100
2018-07-27,66.4296875,66.63578605420231,65.5063637129073,65.6794857436818,7492900
2018-07-30,66.11640167236328,66.36372240836974,65.81961930500658,66.00923270789521,7090700
2018-07-31,66.677001953125,66.75944640646175,65.48163285528686,66.27305054821558,9878200
2018-08-01,66.48736572265625,66.62751116862034,66.04219228580622,66.29775236840261,7556700
2018-08-02,67.60032653808594,67.78169427416287,66.43792766029947,66.6110559826484,9261700
2018-08-03,67.87237548828125,68.50715625010076,67.53437084978552,67.71573857877068,7102800
2018-08-06,68.02899169921875,68.3669962661231,67.723969937466,67.76518586465103,5669200
2018-08-07,68.1279296875,68.16090620711047,67.37773430765266,67.93832256177475,6418000
2018-08-08,67.88887786865234,68.25985912399643,67.68277926778235,67.68277926778235,4891300
2018-08-09,67.1056900024414,67.96306073624226,67.02325183930508,67.96306073624226,5167400
2018-08-10,67.13041687011719,67.40246845311583,66.77592712883578,67.02324789331242,5566000
2018-08-13,67.20457458496094,67.66623935402254,66.89955292802968,67.35296570901197,5068100
2018-08-14,67.03147888183594,67.36948346483148,66.96553213727493,67.09743191602446,6226900
2018-08-15,67.84764099121094,67.90534833006657,66.61928918043942,67.02324684205712,8753500
2018-08-16,68.9935531616211,69.24911335298069,67.85588513117408,67.97954552008727,12368000
2018-08-17,68.9935531616211,69.41398967844586,68.91935441242173,69.02652968463985,8409300
2018-08-20,68.95230865478516,69.20786876356526,68.68025714501023,69.15840713983404,6795800
2018-08-21,69.16667938232422,69.24911755005324,68.49891575757239,68.89462776815233,8534500
2018-08-22,68.74622344970703,69.12544398069727,68.47417188737887,69.09246746196405,5132600
2018-08-23,68.62256622314453,68.91934861572284,68.29280731032107,68.43295909377002,4323200
2018-08-24,68.72150421142578,68.87814112939216,68.44945260326172,68.6060895212281,5356000
2018-08-27,68.78742980957031,69.10069723086112,68.4411795875236,68.83689143145139,3941500
2018-08-28,68.82042694091797,69.1336944560711,68.68852085687774,69.01827977735003,5405200
2018-08-29,68.82864379882812,69.05123367029631,68.66376753743602,68.84513519874307,4520400
2018-08-30,68.76271057128906,69.03475582704618,68.58134287436602,68.74621916813562,4549700
2018-08-31,68.38349914550781,68.86164931039654,67.92184038747945,68.71325809679759,6674900
2018-09-04,68.1773910522461,68.39173528405179,67.65802502209982,67.99602962954833,5800700
2018-09-05,68.66378784179688,68.81217903678058,67.69100251682107,67.69100251682107,7651900
2018-09-06,68.13618469238281,68.68028161617075,68.00427859593188,68.35052895430114,7541100
2018-09-07,67.52613830566406,67.7652071113242,66.98203506335815,67.68276894147976,11110900
2018-09-10,67.91358184814453,68.50714659035454,67.88060533028535,68.07846443744046,6783000
2018-09-11,67.60857391357422,67.94657228401722,67.29530007455553,67.70749719778732,5210300
2018-09-12,68.51539611816406,68.57310345523314,67.35299738482254,67.5178799833256,5925200
2018-09-13,68.79570007324219,68.82867659916083,68.13618842375698,68.6473088514229,5328400
2018-09-14,68.92759704589844,68.97705868340948,68.3999852803527,68.81218236528707,5004100
2018-09-17,69.4552001953125,69.47168530922836,68.70499857477512,68.83690464461239,7098800
2018-09-18,69.24911499023438,69.48819007055135,68.90287092479412,69.48819007055135,6022800
2018-09-19,69.24911499023438,69.48819007055135,69.05950155080063,69.18316194263753,6157600
2018-09-20,70.37030792236328,70.6011373527302,69.43874449563103,69.48820614795814,10053000
2018-09-21,70.74949645996094,71.12871696467094,70.50217573141524,70.7412507584421,17402500
2018-09-24,69.47168731689453,70.6588168212265,69.43871708811,70.59286378440189,6389400
2018-09-25,68.52365112304688,69.58712044165974,68.49067459886948,69.47994516567597,5657200
2018-09-26,68.6390609741211,69.24086520145485,68.44944754587512,68.63081527125081,6581000
2018-09-27,68.30927276611328,68.94405324321653,68.26805055905919,68.45766390603201,6277600
2018-09-28,68.61430358886719,68.66376520768135,68.25156827856065,68.44942104344331,5125800
2018-10-01,68.97705078125,69.01827300087228,68.5648537435378,68.680268410927,4899900
2018-10-02,69.54588317871094,69.61183621280716,68.72973482305954,68.82041867253497,7390900
2018-10-03,68.44943237304688,69.67777766404436,68.301041202417,69.61183092458545,7958700
2018-10-04,67.53437805175781,68.01252824468601,66.85837499230489,68.01252824468601,7029900
2018-10-05,67.7239990234375,67.97131356164559,67.58385348948993,67.58385348948993,5454600
2018-10-08,67.93008422851562,68.21037524116862,67.39422673356461,67.58384016948709,7192300
2018-10-09,67.76519012451172,68.19387856364952,67.64977545773483,67.92182701069217,6268100
2018-10-10,67.13865661621094,68.16090352540468,67.13865661621094,67.44367840375814,9295800
2018-10-11,65.01995086669922,67.57557076596353,64.85506830858853,67.30351926230074,12560300
2018-10-12,65.17659759521484,65.44040346397536,64.70669319493429,65.43216405124674,9878700
2018-10-15,66.05870056152344,66.39670517992815,65.06118440102604,65.13538314466803,9691500
2018-10-16,66.78419494628906,66.85014172097574,65.86911662018858,65.87736232563581,9462600
2018-10-17,67.48490905761719,67.7487149474616,66.26480288606896,66.57807670437882,10375300
2018-10-18,66.7339096069336,67.64875507919285,66.53430845821666,67.12479968435859,9869500
2018-10-19,72.60555267333984,72.98812411194066,70.57625462534817,70.57625462534817,30276400
2018-10-22,72.02338409423828,72.55565802810564,70.88398817886869,72.13150640109639,14124100
2018-10-23,72.48912048339844,72.60555499690729,71.5326886836856,71.5326886836856,16269500
2018-10-24,74.4019775390625,75.4332573753338,72.53901898268738,72.58891767542798,26703500
2018-10-25,74.01940155029297,74.29385703394655,72.613862569041,73.27920804240641,14647000
2018-10-26,73.07127380371094,74.16077061251154,72.68038389194795,73.76156848426245,14335900
2018-10-29,73.3873062133789,74.36868705907554,72.72196724633909,73.42889267484527,12878900
2018-10-30,74.17744445800781,74.37704562094645,73.36239632943129,73.89467032740538,13844000
2018-10-31,73.75326538085938,74.28553922688883,72.58059539978511,73.82811341614254,13362400
2018-11-01,74.51009368896484,74.70970115087471,73.33742998996858,73.86138530077052,9732400
2018-11-02,74.69305419921875,74.80948869741641,74.00276577281953,74.75127144831758,11336000
2018-11-05,75.84908294677734,76.04869037186327,74.70136880595092,74.75958605196666,12270100
2018-11-06,76.10693359375,76.12356437891474,75.20871890990765,75.5663410704075,8857800
2018-11-07,75.92394256591797,76.1983980354806,75.36671940907581,76.1734423467168,9019800
2018-11-08,75.982177734375,76.12356161135646,75.40831731636027,75.64118637143702,6614400
2018-11-09,76.85542297363281,77.071654842498,75.82413693435059,75.97383933713645,10713500
2018-11-12,77.09661865234375,77.7203777234637,76.3065263670073,76.68909783586956,12522100
2018-11-13,77.73699951171875,77.82016610241526,76.17343968772622,76.48948161565873,13438700
2018-11-14,77.75362396240234,78.09461520526571,77.3377846975662,77.69540671913343,11623000
2018-11-15,78.03640747070312,78.09462472106578,77.11324368266347,77.62056815519713,12506000
2018-11-16,78.0280990600586,78.85145923523153,77.90334598013416,78.0280990600586,13013500
2018-11-19,77.58728790283203,78.33579982068036,77.27125235760867,77.9449099110705,9458300
2018-11-20,76.59759521484375,78.00313403203828,76.39799413421386,77.54570827934066,12074000
2018-11-21,76.02374267578125,76.82215335779708,75.88235249365027,76.2316623225105,8911800
2018-11-23,76.1318588256836,76.50611165278568,75.37502826372526,75.89067127336294,4399600
2018-11-26,76.46454620361328,76.84711766667905,75.80751923056383,75.80751923056383,8171400
2018-11-27,77.11327362060547,77.22970816653456,76.38971064644021,76.45624648560165,9023400
2018-11-28,77.35443878173828,77.5290905498381,76.68909327403941,77.03839681023906,8093700
2018-11-29,77.1964111328125,77.5956196720153,77.06334584988122,77.22967903984645,6126900
2018-11-30,78.60195922851562,78.71839374410585,77.13820287440318,77.49582498520323,16291800
2018-12-03,77.61225128173828,78.73501618900458,76.7306739441403,78.73501618900458,13934700
2018-12-04,77.60395050048828,78.89305524008154,77.48751597054894,77.75365294543971,11123600
2018-12-06,77.80354309082031,77.8700725628978,75.74929573496473,77.0966111363045,14199200
2018-12-07,76.8886947631836,77.99482897841445,76.63087639166551,77.83680799189432,7996800
2018-12-10,77.37107849121094,77.67880193443786,75.99049496946998,77.5540488441996,9307600
2018-12-11,78.10295104980469,78.61026922757657,77.67879312915734,77.94493006373499,8743800
2018-12-12,78.2027359008789,78.63521231600724,77.42927456728788,78.35243829916118,9644000
2018-12-13,80.24866485595703,80.49817096943283,78.84313236264191,78.90134960975907,18541300
2018-12-14,80.37342834472656,80.58966658145853,79.85778527104415,80.21540736266803,12657300
2018-12-17,77.15483093261719,80.25699530467783,76.8471138716548,79.84115595076759,12427600
2018-12-18,76.92195129394531,77.6039274864329,76.39799606460133,77.45422508587689,12250600
2018-12-19,76.3148422241211,77.63720836228777,75.92395220485265,76.97186918381834,10825600
2018-12-20,75.6661376953125,76.70573616342942,74.9592056608286,76.1069264305612,14439200
2018-12-21,75.65782928466797,77.48752029602764,75.1505046565243,75.35842437805184,24030000
2018-12-24,72.65544891357422,75.39999105490313,72.25624036121187,75.22533295091638,7396300
2018-12-26,74.92594146728516,74.92594146728516,72.13981870348698,72.7053605520208,8630900
2018-12-27,76.53105926513672,76.55601495222291,73.35404737965081,74.52671720974782,11360100
2018-12-28,75.83246612548828,77.57899017264081,75.54969206050268,76.98018047757022,9611800
2018-12-31,76.44791412353516,76.66415238918384,75.80752423649055,76.20672650900504,7239500
2019-01-02,75.91561889648438,76.00710404685144,74.79285409540226,75.70769925386902,9843900
2019-01-03,75.38335418701172,76.93027702176852,75.16711595602294,75.63286032624528,9820200
2019-01-04,76.92195129394531,76.92195129394531,75.15879673762352,75.54968034638256,10565700
2019-01-07,76.61424255371094,76.93027816894205,76.0154328867848,76.43959079172494,9012500
2019-01-08,76.89702606201172,77.42098145563894,76.36475210318866,77.09662721026884,9551300
2019-01-09,75.64117431640625,77.31285025994124,75.5247398074242,77.08829980553438,15015600
2019-01-10,75.82415008544922,76.13187350710461,75.35841201609428,75.59128105077176,11102300
2019-01-11,76.32316589355469,76.497824037257,75.77426114759609,76.23999927691928,7166600
2019-01-14,75.80752563476562,76.43960331397894,75.55801945093762,76.09861195242773,7952000
2019-01-15,76.52276611328125,77.02177211086307,75.79920329240404,75.80752185683863,7834500
2019-01-16,75.99047088623047,76.63917913563097,75.67442897842754,76.2981878867286,7964500
2019-01-17,75.97956848144531,76.75076292485754,75.73647332953264,76.03824618050082,8044500
2019-01-18,76.63343048095703,76.9854967807454,76.31489521858539,76.59152148072972,9100300
2019-01-22,75.81192016601562,76.91003413824961,74.67189081048234,76.60826128558553,13518500
2019-01-23,79.50027465820312,80.81634402039599,78.48598466172282,78.94702847621028,22869000
2019-01-24,79.04759216308594,79.26553425296827,78.11712691697467,79.03920780720132,12146400
2019-01-25,78.46082305908203,79.54217493118948,78.00816368968421,79.14819327289558,10618000
2019-01-28,78.39375305175781,78.77097235241772,77.9327157670271,78.22610429283577,9765600
2019-01-29,78.41055297851562,78.8967435264783,78.04171788759321,78.62011720828649,9769800
2019-01-30,79.23200988769531,79.34937169378011,78.43566868721213,78.46919971818062,7750200
2019-01-31,80.86663055419922,81.15163478243677,78.86319741206317,79.15658599859933,16044400
2019-02-01,81.70486450195312,81.82221990380319,80.46424203117992,80.76601489176288,12720800
2019-02-04,82.17431640625,82.33358725122093,81.0762020003358,81.48694605824849,11887500
2019-02-05,81.67974090576172,82.1659249670453,81.48693903660035,82.14077828745721,9772300
2019-02-06,82.08207702636719,82.41738091394701,81.41147564659725,81.52044669202007,8693900
2019-02-07,81.42826843261719,81.8138658092339,80.75766040652336,81.7468037275461,8732500
2019-02-08,81.90606689453125,81.91445125280427,81.05942577991826,81.31928972324988,7483200
2019-02-11,82.37548828125,82.47608139392396,81.67135567870672,81.72164903734794,8494100
2019-02-12,83.20535278320312,83.27240845141286,82.13238534716282,82.46768287438263,11238800
2019-02-13,83.18859100341797,83.57418830817278,82.99579554873603,83.2305063955093,11587200
2019-02-14,82.53475952148438,82.83653246561636,82.01503802983673,82.73593935244186,7930100
2019-02-15,82.551513671875,83.15505305825327,82.35871183782486,82.94548890599417,12069100
2019-02-19,83.81729125976562,83.82567561803705,82.54314380434373,82.61858384261204,10098200
2019-02-20,83.22210693359375,84.01007011508469,82.93710278435051,83.64123519687365,8947400
2019-02-21,83.64125061035156,83.70831267972814,82.64372311339551,83.07123581143253,7444800
2019-02-22,84.03524780273438,84.16098760720342,83.32273077126592,83.56582602113485,7925400
2019-02-25,83.4652099609375,84.20287347149987,83.26403016630964,84.12743344678582,7436100
2019-02-26,83.68317413330078,83.97656272109057,83.51551894356979,83.69155209624367,7115300
2019-02-27,82.91197967529297,83.51551917381376,82.83653324085813,83.2724239445773,6013600
2019-02-28,82.61019897460938,83.15506070427016,82.21621730887362,82.9119718932414,10575400
2019-03-01,82.51799011230469,82.80299431539761,82.00665302285823,82.66049221385114,7733200
2019-03-04,82.8784408569336,82.88681881911309,82.04856213301424,82.62696129294756,6895300
2019-03-05,83.06283569335938,83.55741036693111,82.91195565897684,82.91195565897684,6274600
2019-03-06,82.92874908447266,83.07125121177275,82.48447398442408,82.8700713617378,4622300
2019-03-07,82.61019897460938,83.49036465779362,82.35871941061903,82.96226524788307,8408600
2019-03-08,82.49285125732422,83.13830615196287,81.9395987230126,82.83653320513682,5144500
2019-03-11,83.47359466552734,83.55741904735571,82.57666034964404,82.81137117691962,7544400
2019-03-12,83.86756896972656,84.26154416944756,83.59932713407086,83.64123612362935,7597500
2019-03-13,84.81480407714844,85.15848596173268,83.79212998942633,83.81727666447026,9883300
2019-03-14,84.9321517944336,85.31774903274199,84.42919915296132,84.61361661375878,8590200
2019-03-15,85.87100219726562,86.24821508295811,85.27584081997378,85.30098749296795,30802700
2019-03-18,85.0914306640625,85.74526979961409,84.83156676489911,85.55246796445354,8442800
2019-03-19,85.41835021972656,85.61953001631612,84.90701317371068,85.42673457657334,7334100
2019-03-20,85.26747131347656,85.76203968953264,84.70584086749699,85.27585567106475,7513800
2019-03-21,85.91291046142578,86.26498306654003,84.89862082175885,84.89862082175885,8221000
2019-03-22,85.2171859741211,86.46618676581807,82.99580426324579,85.90455626701242,11035900
2019-03-25,85.46864318847656,85.78717839793723,84.8818661196305,85.21717004270985,6955500
2019-03-26,86.35719299316406,86.7427966610152,85.83747798894711,85.87100902073375,6909400
2019-03-27,86.25659942626953,86.35718611823131,85.535698288724,86.1392440220542,6037100
2019-03-28,86.80147552490234,86.91044658311877,86.43264056572295,86.6002893315006,6793700
2019-03-29,87.2206039428711,87.30442832586384,86.4326406728802,87.06133313841153,7535400
2019-04-01,86.87692260742188,87.37149737880135,86.45779426354378,87.37149737880135,6626500
2019-04-02,86.9691162109375,87.19544266324984,86.5583722961685,86.85176080671779,6088800
2019-04-03,86.91883850097656,87.08648728133775,86.1308751634187,86.82662975316059,5226500
2019-04-04,86.70087432861328,86.90205410783037,86.16439065377449,86.7427897138372,4786100
2019-04-05,86.88531494140625,86.91884597944168,86.48294888037252,86.8517839033708,4281800
2019-04-08,87.9917984008789,88.13430049134668,86.7595601465495,87.1200107488677,8468600
2019-04-09,87.73194885253906,87.81577324304116,87.29605178930247,87.63974010436944,5820300
2019-04-10,87.72355651855469,88.01694505633102,87.37986823473777,87.73194087545986,5394300
2019-04-11,87.8073959350586,88.05887552214617,87.48886066742034,87.66489382022503,5078400
2019-04-12,88.06721496582031,88.06721496582031,87.32116728459984,87.80735752944136,6707900
2019-04-15,88.6288833618164,88.6707923594195,87.84092002034211,88.00019083925059,5639200
2019-04-16,89.207275390625,89.2743374607006,88.56182055347273,88.83844679599127,8136100
2019-04-17,89.35585021972656,89.9130083607381,88.93376306097439,89.71040188734904,6778100
2019-04-18,89.52468872070312,90.08184041976398,89.33896934083654,89.49935808118948,7248900
2019-04-22,89.49092864990234,90.4954917917712,89.26299795850476,89.59222545448841,9057200
2019-04-23,87.08502197265625,87.88698496388106,86.21551705264224,87.80256882383718,15979800
2019-04-24,87.53244018554688,88.34284678658122,86.77268198440869,87.22009335826253,10094800
2019-04-25,87.18634033203125,87.43115170709525,86.60385787272241,87.03438866614809,6085300
2019-04-26,89.36428833007812,89.3811689815642,87.71815108729743,87.7519123902696,7747400
2019-04-29,88.45258331298828,89.27143342548605,88.4019349152796,89.11948179182112,4787600
2019-04-30,89.88768768310547,90.00587157694288,88.35129062267981,88.52012291657923,8251300
2019-05-01,88.5792007446289,89.81169432715393,88.47789752011275,89.60909431865974,6733800
2019-05-02,89.11104583740234,89.27988457838075,88.68052153912113,88.80714254418065,6270300
2019-05-03,89.55001831054688,89.82859739711708,89.12793112745479,89.47403926850987,4793400
2019-05-06,89.21234130859375,89.33052519671112,88.67207026561749,88.73960575612425,4890400
2019-05-07,88.38504791259766,89.12792542929093,87.87854461337699,88.66362698135764,6021700
2019-05-08,88.69738006591797,89.28829941057919,87.92918491785838,88.62984458637445,5392600
2019-05-09,87.9967041015625,88.67204594028627,87.60838479848432,88.35969921278253,6901700
2019-05-10,89.49092864990234,89.60911254894573,87.72660083040118,87.77725567323367,5815800
2019-05-13,89.57532501220703,89.98052502211625,88.51166371525375,88.75647500648718,7575500
2019-05-14,89.1447982788086,89.90455638140702,89.11947408214503,89.28830635359432,7004000
2019-05-15,90.07339477539062,90.3266496403173,89.06038819676145,89.15324788453198,5535600
2019-05-16,91.26368713378906,91.74486624322486,89.98053854826759,90.107165985601,9284200
2019-05-17,90.70652770996094,91.17082616014018,90.54613896943086,90.5545760754058,6370200
2019-05-20,90.60523223876952,91.28056783735894,90.44483705535524,90.69809193016316,6565300
2019-05-21,89.7948226928711,90.78250507905778,89.72728720307916,90.72341313562453,5226400
2019-05-22,90.0902862548828,90.3688653317596,89.43183130265702,89.55845230074732,4889700
2019-05-23,90.12406158447266,90.35198584075236,89.3896275310566,90.05652608611587,6175600
2019-05-24,90.0649642944336,90.69809506278204,89.93833685265605,90.45328372615592,4372100
2019-05-28,88.18244171142578,90.53768865058534,88.14867396843508,90.0733902351362,7615500
2019-05-29,87.95453643798828,88.47792046570926,87.5408863276761,87.7603734841132,7137300
2019-05-30,88.91687774658203,88.95064549037644,88.10647121713185,88.10647121713185,4729200
2019-05-31,86.87396240234375,88.55386710981497,86.45187533932322,88.54542356520408,10282300
2019-06-03,87.62532043457031,87.76038501282382,86.443474782284,87.07660569166516,8532900
2019-06-04,88.3681640625,88.72271571507078,87.6674978629873,87.80256883951255,6906400
2019-06-05,90.09873962402344,90.11562027876276,88.54545532587555,88.8409150878619,6481700
2019-06-06,90.64744567871094,90.90070057751193,89.76106641398674,90.2000342726302,6681600
2019-06-07,91.82083892822266,92.33578578413744,90.95134039986986,90.95134039986986,8063400
2019-06-10,91.77861785888672,92.0318662485055,90.7149565889818,91.44094689885712,4767000
2019-06-11,92.33577728271484,92.52149664847516,91.90525305176692,91.96434499173264,8074400
2019-06-12,92.58904266357422,93.41633635771264,92.50462651695744,92.52150717006514,7687800
2019-06-13,93.62735748291016,93.66111878102608,92.74097205473385,92.8422752706944,8611400
2019-06-14,93.87218475341795,94.33648322020288,93.40789272717224,93.67802826042733,6438100
2019-06-17,93.69490051269533,93.8806198827574,93.06176980959562,93.83841503354054,6020000
2019-06-18,92.5215072631836,94.17608821258652,92.37799916973673,94.08322851905284,7731200
2019-06-19,93.21373748779295,93.47543593637272,92.23449851411608,92.43709857064584,7028000
2019-06-20,94.32804107666016,94.5644088667073,93.28126667479177,93.51763446483888,7044200
2019-06-21,93.87218475341795,94.94428978016155,93.72023311342828,94.22674287375332,13799400
2019-06-24,94.82611083984376,94.96961894051329,94.0410283989806,94.3955800972957,5518100
2019-06-25,94.3111572265625,95.07935251817706,93.96504265962588,94.6403847001886,6805600
2019-06-26,92.63124084472656,94.07477800131264,92.57214890640569,94.0325667137099,7170300
2019-06-27,92.67344665527344,93.08709022782016,92.2598030827267,92.79163053314392,5613300
2019-06-28,92.56371307373048,94.5137536413471,92.03187914398865,94.4293374996458,12152000
2019-07-01,93.27279663085938,93.45007242303411,92.52992572452656,92.79161764051726,6775900
2019-07-02,94.10857391357422,94.1254545693454,93.10400422087471,93.37413979699473,6578200
2019-07-03,96.30339813232422,96.46378685717134,94.41244321152892,94.5137464381731,6223300
2019-07-05,95.5183334350586,95.77158188751868,94.74169454265112,95.36638178736672,8694800
2019-07-08,96.278076171875,96.43002779510124,95.64494548185532,95.67870678431588,5317800
2019-07-09,95.31572723388672,96.15990156868811,94.81766102727356,96.1514580219892,7537700
2019-07-10,96.02482604980467,96.6579567710122,95.72936633468228,95.78001473140648,5600700
2019-07-11,96.55664825439452,96.5735353460712,95.76312884012772,95.94884820534072,4625300
2019-07-12,97.07159423828124,97.25731360191948,96.29495548173809,96.29495548173809,7058600
2019-07-15,97.48524475097656,97.82290929690797,96.90276246032964,97.13913021869698,6240700
2019-07-16,97.83135223388672,98.3631796869035,97.45991350702768,97.68784415870512,7644300
2019-07-17,97.87357330322266,98.16903302887016,97.69629746783416,97.69629746783416,7861700
2019-07-18,98.08260345458984,98.3629801848327,97.5303352584763,97.64928453367008,5828700
2019-07-19,97.71723175048828,98.5158900339722,97.71723175048828,98.13355410438665,6547000
2019-07-22,97.96363830566406,98.09107930682914,97.35189557107856,97.74272976656414,4018800
2019-07-23,96.7316436767578,98.60085809698958,96.7231454502245,98.31197673508436,8194600
2019-07-24,95.66959381103516,96.75713346426257,95.39770889772832,96.73164526649126,9635900
2019-07-25,95.81404113769533,95.99247150499728,94.63304031597244,94.71800962697274,7809400
2019-07-26,97.47933197021484,97.60677295688872,95.90749065726308,96.18787379244073,5559600
2019-07-29,98.55838775634766,98.73681164596778,97.38588513216608,97.47934619085972,7768700
2019-07-30,102.3053207397461,103.4523352957849,100.9373976119019,101.80402895937034,18788800
2019-07-31,100.29165649414062,102.53470893295616,99.4675034233924,101.66807768796998,12641800
2019-08-01,99.17862701416016,101.25174727816828,99.17862701416016,100.73346559160416,11308600
2019-08-02,98.93222045898438,99.47599029222684,98.29498957794264,98.99169508192502,12266100
2019-08-05,96.0774383544922,98.81328433763696,95.86502803259894,98.63485396286788,12974800
2019-08-06,97.09699249267578,97.7087351761557,96.16238849613602,96.56172088575472,9490600
2019-08-07,98.15055847167967,98.76230123454224,95.7375803317758,96.64669624818303,9507600
2019-08-08,99.78187561035156,99.82435378568904,97.99762370771283,98.15055939987477,7416600
2019-08-09,99.22113037109376,100.29168044416794,98.43096354039018,99.93483258055988,6939500
2019-08-12,98.58385467529295,99.97726554487508,98.21001052122315,99.22108549304993,4996200
2019-08-13,99.62042236328124,100.31712782968764,98.8472458245054,98.99168974292606,6722000
2019-08-14,98.37995147705078,100.20668128203508,98.2695004589811,98.94920950304078,10148300
2019-08-15,99.73937225341795,100.33411845462751,98.93221576859824,99.2380870955767,7758000
2019-08-16,101.2602310180664,101.5661023461206,99.91779646518935,100.30863061053697,8302400
2019-08-19,102.1608657836914,102.3392896747814,101.20077347004076,101.93146549007524,5867100
2019-08-20,101.02234649658205,102.17785912174035,100.92888543997007,101.99943523609436,6744300
2019-08-21,101.27721405029295,101.6595564252908,100.83540354128652,101.33668866654858,4037400
2019-08-22,101.46414947509766,101.7785190493819,100.85240678040824,101.17527458163202,4558400
2019-08-23,99.6799087524414,102.05040855982644,98.92372857701818,101.22625553032633,7336800
2019-08-26,101.37918090820312,101.6170793910477,99.59493580462131,100.04524457318392,5661500
2019-08-27,102.42424774169922,102.84906833543128,101.77002039729308,101.9484442687908,6996300
2019-08-28,103.14645385742188,103.17194205895096,101.64258514471916,102.34778897085096,4600300
2019-08-29,102.95953369140624,103.65623930284032,102.22884164987192,103.47781540650035,5011500
2019-08-30,102.15237426757812,103.65623648571427,101.5406315068961,103.62225005653768,6007100
2019-09-03,103.11248016357422,103.26541587388677,101.64259769877869,101.77854343338956,4959300
2019-09-04,104.68428802490234,104.7437626476528,103.19741597389309,103.52877551239531,5586900
2019-09-05,104.30194091796876,104.87119888649607,103.8091475352524,104.709765006788,7491900
2019-09-06,104.3954086303711,104.82872094216611,104.11502549997611,104.50585964435362,5306900
2019-09-09,103.80067443847656,104.31895614193384,103.46931485524958,104.25948151115588,7662400
2019-09-10,101.85498809814452,102.95952428765106,101.60009961904558,102.83207680697753,9582200
2019-09-11,103.0360107421875,103.0954853814842,101.41319902294931,101.8380197271399,7565500
2019-09-12,104.31045532226562,104.68429955343746,103.33337305265488,104.2085025190358,6194300
2019-09-13,103.75818634033205,104.1490205169586,103.23140645935814,103.5032913858048,6777400
2019-09-16,101.7445297241211,103.62223592487608,101.1242888201692,103.49478845340676,9626700
2019-09-17,102.9425277709961,103.64772501902893,101.4811439143055,101.64257132946476,6377100
2019-09-18,103.15494537353516,103.62224416307704,102.6111690198848,103.03598963705824,5684200
2019-09-19,103.57128143310548,103.85166463318564,103.01051503294512,103.13796253136782,4525800
2019-09-20,103.8601531982422,104.1660245921884,103.4438307662455,103.76669213441149,15362000
2019-09-23,104.69281005859376,105.16010892011089,103.63075835207864,103.82617223601788,6060400
2019-09-24,105.02415466308594,105.9757551897367,104.8117443521392,105.1006192635476,7633200
2019-09-25,104.52286529541016,105.21107912619352,104.46339066630526,104.98167235518294,5812600
2019-09-26,105.6189193725586,106.20517400739924,104.95620012391232,105.0496611956188,6984800
2019-09-27,105.83979034423828,106.10317700787454,105.11759671403604,105.7038511405782,5589800
2019-09-30,105.67837524414062,106.51102651268452,105.46596493384608,105.83980915428393,5206900
2019-10-01,105.2280502319336,105.89926748705336,104.67578221369612,105.66136901328883,5415700
2019-10-02,102.87456512451172,105.05814289934588,102.1353748960821,104.67580044371051,6755100
2019-10-03,103.43531799316406,104.11503354685308,102.6706396158259,103.37584336838486,5171000
2019-10-04,105.35550689697266,105.40648329373252,103.64772630079074,103.81765842707,4377900
2019-10-07,104.36992645263672,105.26205234448034,104.2339872254714,104.95618098054814,4749700
2019-10-08,102.74710845947266,104.44639082448022,102.70462380744834,104.21699055739325,5545300
2019-10-09,103.63925170898438,103.98760128157689,103.1719463871847,103.49480775717883,3775600
2019-10-10,103.6052474975586,103.81765779242336,102.63665707155508,103.08696585950874,3943400
2019-10-11,102.88304901123048,103.70720200609952,102.65364874117051,103.69021203441828,6292200
2019-10-14,101.99942779541016,103.3333642089061,101.6000953976076,103.3333642089061,7360200
2019-10-15,99.57795715332033,102.43275242230378,99.15313650593885,102.11838929188062,11113900
2019-10-16,99.85832214355467,100.06223420211828,98.99169103297382,99.97727138457071,7973100
2019-10-17,99.72665405273438,100.59027521370828,99.65825351888328,100.30810099423324,5956900
2019-10-18,100.4449234008789,100.68434159826168,99.33333145742272,99.65826174557644,9016700
2019-10-21,101.8215789794922,101.85578250919482,100.34230730721998,100.40216185328556,6731600
2019-10-22,104.47229766845705,106.21663866009696,103.97635623949284,106.0285224957549,14410500
2019-10-23,105.1734390258789,105.797641981563,104.181556306963,104.30981790318911,8249300
2019-10-24,106.70401763916016,107.54198126309198,105.46416418220134,105.82329797325676,6725600
2019-10-25,105.38719940185548,106.72965677223512,105.3187923517794,106.72965677223512,6093300
2019-10-28,105.58386993408205,106.13111329719727,104.83140541705691,105.58386993408205,5459500
2019-10-29,105.68649291992188,106.50735811164348,105.25895855817166,105.34446412579037,5659800
2019-10-30,106.83229064941406,107.02895280670911,105.60098957409734,106.01997143080386,4734500
2019-10-31,106.46458435058594,107.26834433159564,105.48125423770652,106.70400249487204,6399500
2019-11-01,105.91736602783205,107.00330044548905,105.38722106624404,106.7382312265234,6010200
2019-11-04,101.8130340576172,105.96011611935124,101.44535424046884,105.96011611935124,10351400
2019-11-05,101.66767120361328,102.25766417905103,101.10332272210456,101.60781665469476,9239600
2019-11-06,102.88185119628906,102.90750220988214,101.46244074700908,101.83866648580016,6756300
2019-11-07,102.2833023071289,102.89894618330426,101.59069234549172,102.89894618330426,8909700
2019-11-08,102.35169982910156,103.11271029442987,101.88996856643584,102.47996141257768,4249900
2019-11-11,102.03533935546876,102.6082337616271,101.83011819091332,102.16360095240196,3850400
2019-11-12,101.98401641845705,102.26619058718045,101.36837258258988,102.17213253093932,4759600
2019-11-13,103.16402435302734,103.50605308601637,102.49707191170928,102.52272292504374,7262800
2019-11-14,103.03575897216795,103.60865332774674,102.70228276377702,103.13836954538642,5188300
2019-11-15,103.06998443603516,103.45476275111156,102.5825955258986,103.45476275111156,7108600
2019-11-18,104.2243194580078,104.79721390009578,102.75360030473534,102.82200736387736,7493700
2019-11-19,103.82242584228516,104.9853196377308,103.57445517023294,104.25851264649116,5989000
2019-11-20,104.56632995605467,104.643282991399,103.40343624849235,103.82241799611766,6480000
2019-11-21,102.89895629882812,104.78011120808902,102.84765426835074,104.130257219533,7094200
2019-11-22,102.85619354248048,103.1298152092347,102.08663056609196,102.80489151860628,4414900
2019-11-25,103.0443115234375,103.39488623233746,102.62532324204396,102.98445698661774,5134300
2019-11-26,104.54066467285156,104.6176176976906,102.95878943361444,103.23241106135464,8235200
2019-11-27,104.11315155029295,104.69459844241608,103.42909408062268,104.67749341766375,3751400
2019-11-29,104.36965942382812,104.8570482097564,104.07038675240814,104.30980488954413,2927300
2019-12-02,104.9340362548828,104.98533829143804,103.42911345391464,104.26708368503805,6146200
2019-12-03,105.13066864013672,105.13922115169296,104.14734509178092,104.58342532632562,6396200
2019-12-04,106.481689453125,106.52444549167936,104.90836639388851,104.95966842122934,6857300
2019-12-05,106.55867004394533,106.56721603441804,105.7378048262416,106.25939076232204,7029200
2019-12-06,106.19097137451172,107.2683531119876,105.93444818540468,106.65270920071096,7150900
2019-12-09,106.77242279052734,107.00328845154614,106.18242334486511,106.2935799188881,7452800
2019-12-10,106.25936889648438,106.7724152601753,106.13111382921714,106.69545569615946,4740100
2019-12-11,106.59284973144533,107.11443555084436,106.08835588916814,106.2593669915624,4823300
2019-12-12,106.5158920288086,107.53342571969222,105.92589262503164,106.69545564655472,5897800
2019-12-13,107.28546142578124,107.51632708412964,105.84894587479155,106.208073131625,5471600
2019-12-16,107.36241912841795,108.03792415433276,107.18285549221116,107.285466080182,8281900
2019-12-17,107.14865112304688,107.72155208015658,106.29358246762736,107.38806930277934,8832200
2019-12-18,106.03707885742188,107.62750727446227,105.76345711490184,107.14866433230956,8607600
2019-12-19,106.81517791748048,107.05459610404516,105.94301073447248,106.16533041784956,6629100
2019-12-20,107.19140625,108.25168954704296,106.9092320304435,107.86691126485216,16250500
2019-12-23,106.7980728149414,107.5847343860886,106.61850918611364,107.32821118853126,6619500
2019-12-24,107.07170104980467,107.1486540995752,106.52445761702658,106.70402125681412,2022100
2019-12-26,107.07170104980467,107.52488640598126,106.77242831682548,106.96909045978768,4760400
2019-12-27,107.81558990478516,107.99516004038009,107.21704453165312,107.36240461889156,5192000
2019-12-30,106.43038177490234,107.72153709155543,106.14820759219876,107.53342096975304,3884300
2019-12-31,106.7980728149414,106.87502586001509,105.98575370511377,106.39618951647434,4798900
2020-01-02,105.52403259277344,106.65272302860274,105.12214925543952,106.45605435496782,8130800
2020-01-03,104.81431579589844,105.62662839706346,104.19866532932215,104.45518853161428,7970500
2020-01-06,104.95966339111328,105.33589563666332,104.64328568247753,104.80575079281148,6674400
2020-01-07,104.30982208251952,105.35300687226037,104.20721802035226,105.07083265398828,7583400
2020-01-08,104.75444793701172,105.54110942268994,104.31836115800644,104.48082626705168,5385100
2020-01-09,105.90023040771484,105.92588141844256,104.75444177084408,104.75444177084408,5944000
2020-01-10,106.00285339355467,106.30212609319898,105.4299590079991,105.94299885362582,3927100
2020-01-13,106.78096771240234,106.79807273817704,105.86604454313412,106.02850966971404,8409200
2020-01-14,106.61849975585938,107.05458002001792,106.43893614291372,106.5842962309666,7829700
2020-01-15,107.70442962646484,107.8412437205494,106.89211714471664,106.93486665637678,4843700
2020-01-16,107.79851531982422,108.40561333973268,107.38807945600864,107.83271885211356,6233700
2020-01-17,108.08924102783205,108.59372844595012,107.63604912216236,108.03793246807024,11315200
2020-01-21,107.81558990478516,108.26878171433404,106.7467542215813,108.08921810239444,8553100
2020-01-22,108.00370025634766,108.3200779501825,107.59327102918051,108.02080527961168,7396700
2020-01-23,107.5099868774414,108.85182334560552,106.35739074043325,106.91648872196711,11096500
2020-01-24,107.63903045654295,109.05827742285,107.32077300806448,107.70784394201104,9508600
2020-01-27,108.11209869384766,108.71420019503134,107.3035567673317,107.3035567673317,9338400
2020-01-28,108.40453338623048,109.2216785417568,108.13788940451406,108.31851983365227,6200200
2020-01-29,107.57020568847656,108.43895780474946,107.54440227473624,108.30133741066292,5271000
2020-01-30,108.33573150634766,108.43034839302751,107.01970498014566,107.33796237737924,5894400
2020-01-31,107.19173431396484,109.19587581543249,107.05410737077686,108.37013384354614,6612900
2020-02-03,107.61320495605467,108.33572671795037,107.07991039674089,107.22614066395542,6052300
2020-02-04,108.08628845214844,109.53993528813696,107.8282412179942,108.12929194956496,6512200
2020-02-05,109.07545471191406,109.29049188723911,107.86264845553586,108.30132613067488,6125400
2020-02-06,109.3593292236328,110.17646804322544,108.89484803607805,109.15289532774688,9102700
2020-02-07,108.44754028320312,109.47111268515606,108.421736874423,109.40230578254682,5915100
2020-02-10,108.52496337890624,109.09266468904222,108.1723058130696,108.77440729738292,5216100
2020-02-11,106.79605102539062,108.61095849487448,106.68422750985516,108.61095849487448,6105700
2020-02-12,106.1853485107422,106.63262948492876,105.6692606317998,106.38318558825036,6031700
2020-02-13,107.48418426513672,107.75943159560464,106.24556799682412,106.42620500463136,7159000
2020-02-14,108.49915313720705,108.5077564614168,107.33795374060485,107.76802807730296,5889100
2020-02-18,107.4067840576172,108.53357689654612,107.37237731779456,108.2325261261164,6767600
2020-02-19,107.89708709716795,108.78303947150472,107.21756863471168,107.38959580087612,4734000
2020-02-20,108.87760925292967,109.03243626042564,107.630389869653,107.92284380044002,6094600
2020-02-21,108.98085021972656,110.15926299936352,108.36154859681004,108.49056566674189,8723900
2020-02-24,106.05634307861328,108.88622667994592,105.91871612920126,107.74223383442568,7533900
2020-02-25,104.44784545898438,106.6240203815513,103.97476110085545,105.81547859217208,8903200
2020-02-26,103.35547637939452,105.27360440635375,103.08882580592493,104.4392590734734,6894200
2020-02-27,97.62688446044922,103.149037936008,97.56667430962216,102.46092286404368,13298900
2020-02-28,97.3946533203125,97.3946533203125,91.75207262507448,94.1518886091345,22784300
2020-03-02,102.8393783569336,103.03721544902174,96.80974058435646,97.36023523745315,12399800
2020-03-03,101.6437759399414,104.80052026899652,100.75782377980352,102.98561244878462,12510900
2020-03-04,107.08850860595705,107.25193895199466,102.87377884231616,103.11461941811048,9459300
2020-03-05,104.619873046875,105.71226545626575,103.4586737361346,104.33602899307668,9363500
2020-03-06,104.64569091796876,105.4628295339996,101.11047933982326,101.52334702874346,9817400
2020-03-09,99.82884979248048,103.24364096837594,99.02031452737629,99.1493315743943,13116500
2020-03-10,103.69092559814452,103.9231628533848,98.4354166586668,102.3232857897761,11419100
2020-03-11,95.98399353027344,101.8760175745374,95.20126159924804,101.15348922963838,16456000
2020-03-12,87.59754943847656,95.9754033603058,86.87502760636278,88.5953251827264,20988000
2020-03-13,98.11717224121094,98.59885346377776,90.66828713010982,91.60584616152232,17378700
2020-03-16,93.32614135742188,99.73424705607636,86.87502559538811,87.52013717159149,17367400
2020-03-17,101.7040023803711,102.95981896566592,95.27868915593169,95.86359066054716,19451400
2020-03-18,101.0244598388672,104.50806461775792,96.414062389173,97.2140009240524,23139200
2020-03-19,95.33029174804688,101.49755698296448,94.43573622104628,100.30195069264984,16428100
2020-03-20,88.10502624511719,94.35830402634272,87.38249796860481,93.91963294095976,19922900
2020-03-23,84.0365219116211,89.24042395773644,81.14642187339433,86.1782968115445,17776800
2020-03-24,88.82756805419922,89.45547959652197,82.63449901479058,87.07287019088484,14625500
2020-03-25,86.80621337890625,90.05757472017726,84.81066847004912,86.45355579125182,13789100
2020-03-26,92.36275482177734,93.162693286745,88.19103540094284,89.35223470495056,15796000
2020-03-27,94.76258850097656,98.30640379902654,91.59724076203888,91.59724076203888,16073100
2020-03-30,98.91710662841795,99.59662493100724,94.78838998765744,97.97094431228116,14571600
2020-03-31,94.61636352539062,98.30640249037056,93.71320470313712,97.62688418301668,21691000
2020-04-01,94.0400619506836,96.49148451152703,92.03591384066912,92.85305250681223,11095800
2020-04-02,98.40101623535156,98.90850083718036,92.46598867315028,92.62941903217298,9168800
2020-04-03,98.98592376708984,99.69124550839524,97.205416044379,97.8333209825677,7768700
2020-04-06,101.33412170410156,102.35770081219604,98.55584492843673,100.6374033195541,16848400
2020-04-07,96.99896240234376,103.26944697951754,96.76672514944704,100.38795025421672,14438400
2020-04-08,99.00311279296876,100.89544384624664,96.21623287804093,98.39240801125882,12564500
2020-04-09,98.62466430664062,102.0652594978732,98.22899008472407,99.1407522728426,12747300
2020-04-13,99.7342529296875,100.42237460979544,97.33444349980446,97.721507843356,7926700
2020-04-14,104.0435791015625,104.4822567471022,99.99227977928494,102.15125471134998,10474200
2020-04-15,104.26721954345705,106.15954393289223,102.86517305557024,103.9575655070166,14192900
2020-04-16,104.50808715820312,105.36823602370274,103.13185028588676,105.2392123813948,12020200
2020-04-17,107.25193786621094,107.509978525201,103.682319636334,105.32520015453514,15899800
2020-04-20,103.7339324951172,105.9961277888762,103.68232567279728,104.48226423082508,10832000
2020-04-21,102.94258880615234,103.4758833218386,101.8674030133752,102.7877617894959,9465400
2020-04-22,102.7017593383789,103.45868785583272,102.16846476505512,103.20924393745938,10259400
2020-04-23,103.38668060302734,103.6204666695589,102.21773705801172,102.73726678844322,17277000
2020-04-24,102.8498306274414,103.69840092808796,102.71129244731937,103.12691359386454,12751100
2020-04-27,101.6981964111328,103.20484115356078,101.22196359766264,103.20484115356078,10635700
2020-04-28,101.21329498291016,102.0965013637082,100.58985673909464,101.39513003632666,9958000
2020-04-29,101.37782287597656,102.21773242845352,99.6460527821861,101.758807804409,8707900
2020-04-30,102.06185150146484,102.41686086120072,100.14824674094945,100.37337204959084,10026400
2020-05-01,101.15270233154295,102.49482694819274,100.71975975922749,101.82809168736642,7366400
2020-05-04,100.2435073852539,101.4817232469574,99.57677881641904,101.3864753648126,5636000
2020-05-05,100.45132446289062,101.53368075343845,99.75861379446862,100.26948939882,5425200
2020-05-06,97.93161010742188,100.56390178206544,97.74977501687412,100.0443720081891,7892200
2020-05-07,97.12631225585938,98.83210664678244,96.8232538477157,98.76283426601309,8762800
2020-05-08,100.39935302734376,100.70241803185836,98.18268976387576,98.2952524243502,9279900
2020-05-11,99.84520721435548,100.45133073863722,99.5075125591012,100.22619876640806,6947500
2020-05-12,99.18712615966795,100.35606955033298,98.83211015027342,99.74994610638136,6734400
2020-05-13,98.64160919189452,99.87982490041524,98.47709554814294,98.95332829377232,9312600
2020-05-14,98.54637908935548,99.10054501345876,96.32971539294232,98.31259302388456,9310000
2020-05-15,99.23908996582033,99.39494954512476,97.02242626564912,98.65028784468996,10694800
2020-05-18,100.62450408935548,101.29989339299016,99.32567647277216,100.46864451111831,10020800
2020-05-19,97.360107421875,100.13093666294412,97.27351364057196,99.65469729048942,8047600
2020-05-20,98.0874481201172,98.51172990471628,97.09167908566062,97.84500138606056,6593800
2020-05-21,96.65008544921876,98.0181787196196,96.4855651863124,97.6718300068163,6552700
2020-05-22,97.49866485595705,98.3645499907456,96.7713245137007,97.23024257814996,5571900
2020-05-26,97.00511169433594,98.84079057914632,96.70205321495624,98.84079057914632,10432400
2020-05-27,98.61564636230467,98.6849187507664,96.82326459947348,97.41206668904104,8279700
2020-05-28,100.49462127685548,101.29989467356408,99.4901980092134,100.03570323684995,6586700
2020-05-29,100.37339782714844,101.06610854010056,99.24775117632493,100.55523290290812,7868000
2020-06-01,101.52501678466795,101.741488035808,99.80190747532336,100.44266052896788,5105600
2020-06-02,102.22639465332033,102.29566704806456,101.15269895950102,101.36917023844244,6327900
2020-06-03,102.63335418701172,103.20484149246698,102.13113927121988,102.26102335029414,6171000
2020-06-04,100.48595428466795,102.89311346520904,100.07032658873588,102.17442734837756,6895800
2020-06-05,102.46017456054688,102.89311706445572,100.48595779971114,100.65913215880332,7337800
2020-06-08,103.0836181640625,103.14422985350298,101.17000638420176,101.68954270075292,6926700
2020-06-09,102.46884155273438,103.6984034393056,102.30432787274168,103.38668426875844,5563200
2020-06-10,103.2394790649414,103.81095977184393,102.26968541524838,103.04032259354616,6678200
2020-06-11,100.66780090332033,103.53387839425775,100.44266893356672,102.87580388599744,8937500
2020-06-12,100.11363220214844,102.21773314510288,99.8019130545864,100.95353515433531,7998500
2020-06-15,101.04011535644533,101.5509842980265,98.50307222819586,99.18712212078766,8786000
2020-06-16,102.2869873046875,103.01433410173568,101.24792800167916,102.6333426077496,8165200
2020-06-17,102.1138153076172,103.13555984178016,101.68953351983964,102.5121216031481,6320800
2020-06-18,103.28276824951172,103.8715703508516,101.62893123053772,101.70685771448127,6274400
2020-06-19,102.97103881835938,105.48210654702136,102.8931123421978,104.3304779539948,17506200
2020-06-22,101.95794677734376,103.1095752775938,101.60293079806678,102.8498071656264,5695600
2020-06-23,101.94064331054688,103.20483460979216,101.8713709255032,102.7545707131864,5340400
2020-06-24,100.80632781982422,102.13979148221148,100.68510445107796,101.4990384465271,6547800
2020-06-25,102.07919311523438,102.20041649979562,100.46864631328738,101.29989521006986,5489300
2020-06-26,99.77594757080078,102.58141357416112,99.61142728025328,101.81943042314472,23201700
2020-06-29,101.88003540039062,102.21773003226924,100.74572152334692,100.88426629856816,6866900
2020-06-30,103.53387451171876,103.8975446449438,102.00126088959684,102.14845976168624,7818000
2020-07-01,103.88890075683594,104.24391022476114,102.95374323137852,103.60315707858295,6501200
2020-07-02,104.66818237304688,106.13153022022762,104.3651239270511,104.77209095717916,6150900
2020-07-06,105.31758880615234,105.99298464658445,104.66817506457312,105.43881217608622,6023300
2020-07-07,105.82846069335938,106.72032114369752,104.67683211297916,105.03184811695807,6866300
2020-07-08,106.40862274169922,106.71168121495086,105.63798550706822,105.76786959737017,6494100
2020-07-09,106.0536117553711,107.3524394274235,105.47346370782486,106.34800952340365,5341000
2020-07-10,107.27450561523438,107.80269606016807,106.04495034605522,106.13153753571108,6752600
2020-07-13,107.41305541992188,108.74651273649022,106.79827115044216,107.36975851998235,7681500
2020-07-14,108.31356048583984,108.807121318813,106.93680639232154,107.36108822787274,6272100
2020-07-15,107.80268096923828,109.88080626096526,107.59487042191904,109.08419365775968,8145000
2020-07-16,108.02782440185548,108.685892306032,107.2918234052866,108.30490736313476,3959300
2020-07-17,108.78113555908205,109.1621270919274,108.08843148848334,108.31355684318414,4868600
2020-07-20,108.44343566894533,108.9629653482782,108.0537900609902,108.6425921258817,4242100
2020-07-21,108.2962417602539,109.65568100970684,108.1663576829322,108.65991189181184,5162300
2020-07-22,109.22273254394533,109.44786449196944,107.55157424236025,108.66856667663838,5929200
2020-07-23,109.92941284179688,110.81818605690556,109.44145279331124,109.89455807777172,6664800
2020-07-24,109.75515747070312,111.33229758271456,109.19749444829463,110.65264618964594,6014200
2020-07-27,110.06883239746094,110.34766387990187,109.38918107450286,109.53730884532872,6464600
2020-07-28,111.42813110351562,111.9335218728956,110.0426890938361,110.1123986239483,7644400
2020-07-29,111.80280303955078,112.613164631885,110.97502403780936,111.14929120200772,6702000
2020-07-30,114.51270294189452,115.04422645171655,112.9704112337662,113.85048237872806,10400700
2020-07-31,114.25131225585938,114.32974379507434,112.63932408058196,113.8504990364706,8487000
2020-08-03,114.39942169189452,114.9483758996973,113.68492231742464,113.68492231742464,7769400
2020-08-04,116.57778930664062,116.69977764783584,113.88532380014716,113.94632461861076,7773700
2020-08-05,116.27281951904295,117.32714442538176,115.99398144070888,116.40351655842996,5680000
2020-08-06,115.6367645263672,116.21184492516058,115.12265836540392,115.75875288923056,3974100
2020-08-07,116.36866760253906,116.44708582560251,115.41017833488128,115.7935740419444,4934900
2020-08-10,116.84793853759766,117.14419408856448,116.05500753730328,116.4993908637535,5812700
2020-08-11,116.08985137939452,117.40559719410828,115.70645560015964,116.99606200226498,5329900
2020-08-12,118.032958984375,118.47734225415272,116.49937600650814,116.56037682755176,5920400
2020-08-13,118.31179809570312,118.3902163358975,117.571145927465,117.70185629018982,4989500
2020-08-14,117.71927642822266,118.18979912287706,117.2400317327292,118.16365971182589,5845200
2020-08-17,118.06781005859376,118.24207722979196,117.33587996212154,117.5798566609456,5603800
2020-08-18,118.94786071777344,119.8279318170301,117.99809339084116,118.33791900762115,8670700
2020-08-19,118.30308532714844,118.78233004921329,118.06781731891049,118.10266543699989,6827700
2020-08-20,119.2441635131836,119.35742988724822,117.79772040548416,117.84129053200252,4352200
2020-08-21,119.7582015991211,120.33329509605804,118.4250387716862,119.02627167341758,5706600
2020-08-24,120.69055938720705,120.92582736766052,119.54909419037784,119.80179287568436,7420500
2020-08-25,121.16980743408205,121.24822566451084,120.07191232088113,121.11752861379615,4718300
2020-08-26,120.58599090576172,121.39635241190368,120.46400257422464,120.74284064386993,4746200
2020-08-27,120.42918395996094,121.71877710860142,120.40303125076156,120.97812493846372,6156100
2020-08-28,120.9171371459961,121.0391255071497,119.33127515526508,120.52503264912625,4166300
2020-08-31,120.53370666503906,120.8822409406732,120.089323469246,120.41171833899408,5596800
2020-09-01,120.40301513671876,120.4378765471628,119.43583037648146,120.1241903318285,5671800
2020-09-02,122.4332504272461,123.2436119588383,119.90634349644778,120.3420180221531,8384800
2020-09-03,120.47272491455078,123.4701680238692,119.4532480365092,122.6336803117116,7277900
2020-09-04,120.21133422851562,121.28308995703996,118.60804169250146,120.08062387896256,7437700
2020-09-08,118.45121002197266,120.80385015608456,117.6669877801131,120.69929250879665,6847500
2020-09-09,120.37687683105467,121.60548229369594,118.73874950993223,118.86944656096532,6002900
2020-09-10,119.11341857910156,120.87354747309352,118.9478601238015,120.3507326980125,5242500
2020-09-11,120.36815643310548,120.82126165889102,119.51423809260028,119.9760520223645,4398000
2020-09-14,120.79515838623048,121.62293756669256,120.5337509356279,120.629599890991,4767400
2020-09-15,120.79515838623048,121.78849606193204,120.58602976660136,120.93456417024797,4046500
2020-09-16,119.9847412109375,122.13697406369609,119.89761429812798,121.6141726996517,6049900
2020-09-17,119.8279266357422,120.1416128296472,118.66903078869676,119.4271002174124,4648500
2020-09-18,119.6972427368164,120.18519619161444,118.73004453329372,119.29642952568992,10192800
2020-09-21,119.12214660644533,119.78436716541935,117.37072632832108,119.37483200655578,7092600
2020-09-22,120.21133422851562,121.1436709024765,118.71261263129048,118.93044991814608,4722800
2020-09-23,118.77361297607422,120.61216040738388,118.58191507929432,120.61216040738388,6373700
2020-09-24,119.30512237548828,119.50552895441643,118.2507973641538,119.08728509099556,5708200
2020-09-25,119.9150619506836,120.2374701670176,118.4076316919802,118.4076316919802,4969900
2020-09-28,120.2548828125,121.93659346561832,120.0544762451248,120.73412746990324,5810800
2020-09-29,119.60133361816406,120.61210143502656,119.0785323063484,120.58596203422218,4492100
2020-09-30,121.10882568359376,121.85818650013084,120.08062675126,120.38560427844595,8727800
2020-10-01,121.32664489746094,121.98015667628346,120.4291564515365,121.62290037955168,5713400
2020-10-02,120.35074615478516,121.2220953468603,119.33126919554525,120.18518768097351,6077900
2020-10-05,121.45736694335938,121.68391295353445,120.50759948688622,120.87356456289238,6333900
2020-10-06,121.6490478515625,122.65981599412396,120.95196591546038,121.4834893959684,6042900
2020-10-07,122.5988540649414,123.20008725934964,121.43995780390198,122.05862170856824,4640900
2020-10-08,123.4266128540039,123.67058957423676,122.30257819976924,122.47684538625926,4569800
2020-10-09,124.53325653076172,125.16062917188287,123.47020918306956,123.59219756907996,6551700
2020-10-12,125.9012680053711,126.63319824303242,124.89049960341852,124.89049960341852,5791500
2020-10-13,125.65726470947266,126.20620562386569,125.00375285769738,125.31743907837884,4509400
2020-10-14,125.50910186767578,126.43274295958877,124.67261428822866,125.63109019366726,3860700
2020-10-15,125.326171875,125.81412535747536,124.50710140267267,124.65522918872875,4997100
2020-10-16,125.8140869140625,127.10367976595076,125.40455180303528,125.84022632151265,6806100
2020-10-19,123.6531753540039,126.68546702354088,122.9735240021376,125.88382730840968,6427600
2020-10-20,124.14984130859376,126.94687833888828,123.64445713226468,126.87716880121512,7582100
2020-10-21,124.82073211669922,125.770499243401,124.1410810264237,124.1585117275339,5649700
2020-10-22,123.93668365478516,125.0757297520072,123.612498651024,123.97173863168476,4502900
2020-10-23,124.75154876708984,125.18964240555322,124.2083035640966,124.2083035640966,4278100
2020-10-26,123.8052749633789,124.4624154744695,122.67498579735064,123.98050975909148,5315500
2020-10-27,124.7340316772461,125.59269153674552,124.11193277615824,124.36603459460348,6806700
2020-10-28,120.61595916748048,123.4898527335748,120.3092882335349,123.0605160999627,8192200
2020-10-29,120.53707122802734,121.86886605431526,118.98621624725584,120.34430898772558,5476900
2020-10-30,120.12529754638672,120.9051037953879,118.0049122792019,120.19538077297584,6422000
2020-11-02,121.35195922851562,122.66624037539484,120.4232026905171,121.36071628978684,6682800
2020-11-03,123.73516845703124,124.99688027636113,122.07041797681131,122.07041797681131,6244200
2020-11-04,123.22698211669922,125.29478469256156,122.90279709190686,123.06927481908907,5820600
2020-11-05,124.75154876708984,125.75915878773289,124.22583105311104,124.80411786457636,5673100
2020-11-06,125.49633026123048,126.2323379125936,124.75157891758217,125.0056674066951,4702300
2020-11-09,120.90510559082033,128.72945274938368,120.56339303549952,128.0547846998061,12664700
2020-11-10,122.8940200805664,123.20944802845077,120.16907717148555,121.00146576281688,7854000
2020-11-11,124.4799346923828,125.29478245459524,123.23573697552558,124.28717241904197,5554300
2020-11-12,124.55001068115234,124.90049359850052,123.60374022820292,124.67267635983517,5631700
2020-11-13,126.41632080078124,126.59155561213468,124.313476325422,124.60261978045672,6466800
2020-11-16,124.79534149169922,126.85438684223428,123.77020403086566,126.85438684223428,7976600
2020-11-17,124.31344604492188,125.7065805047441,124.19953742898664,124.3222031040108,6396800
2020-11-18,122.4033432006836,124.5062003999329,122.36830159699586,124.40981927784787,6097100
2020-11-19,122.25442504882812,122.77137239850757,121.30814106644152,122.55232555173914,5284100
2020-11-20,122.05292510986328,122.97292468655895,121.465881071482,122.25444449747222,4726900
2020-11-23,121.57975769042967,122.62242282594946,120.7911943855209,122.07043386033672,4770600
2020-11-24,121.18545532226562,122.52602073318651,120.97517894066632,121.641076431658,7101800
2020-11-25,121.5096664428711,122.13176540112455,120.94890702214028,121.05405860509926,8411300
2020-11-27,121.44833374023438,121.6936651380063,120.50204976187474,121.4308062490911,4252200
2020-11-30,121.67611694335938,121.96526033501176,119.80984722568483,120.9138383278116,11640400
2020-12-01,122.11422729492188,122.26317754081128,121.05404808313324,121.93023543746476,7169700
2020-12-02,121.22926330566406,122.61364070632467,120.46698470873643,122.11420757760943,6963000
2020-12-03,120.3355484008789,121.22050604087848,118.75840874650152,120.9926888094065,8742500
2020-12-04,120.44947814941406,120.79119068701948,119.047573017436,120.22167424752986,6617200
2020-12-07,120.63343811035156,120.686020568782,119.65211279919107,119.69592482977244,6918000
2020-12-08,120.95765686035156,121.59726983224036,119.53822437331196,120.05518503015492,6493500
2020-12-09,119.5207290649414,120.94890546697523,119.38053586917152,120.7649135958914,6773400
2020-12-10,118.73216247558594,119.9675900505778,118.32035328392196,119.61712040087068,6800500
2020-12-11,119.60831451416016,119.86241629900108,117.5843241425146,117.81214137989696,6548000
2020-12-14,119.03003692626952,120.8524945440798,118.95994034565288,120.0551743498712,6485300
2020-12-15,119.7309799194336,120.51078602122551,119.3717533151329,119.5031760521263,5397000
2020-12-16,120.2742156982422,121.15040286189604,119.78355302572484,119.78355302572484,5382500
2020-12-17,121.13294219970705,121.89522117434936,120.87008323169027,120.92265235138116,7405300
2020-12-18,121.82505798339844,122.72754306663133,120.4319235946597,121.1416330617698,19988800
2020-12-21,120.49327087402344,121.29059108757038,119.3542248080986,120.87879539198778,6732400
2020-12-22,119.64339447021484,120.9752030875865,119.49444421366576,120.29176460230394,5023100
2020-12-23,119.45936584472656,120.51955829440368,119.27537401012012,120.37936512642786,6004200
2020-12-24,120.66852569580078,121.0277657262836,119.33671714959516,119.33671714959516,2588200
2020-12-28,121.5096664428711,122.13176540112455,120.87005336209046,121.0452881742765,3714700
2020-12-29,121.2818374633789,122.61364582600616,121.0890751989372,121.9827899368436,5139300
2020-12-30,120.71234130859376,121.7199514663222,120.51957901188,121.43957845173044,3261400
2020-12-31,121.91271209716795,122.0441348569685,120.37938417488888,121.18547496396856,4076400
2021-01-04,120.75614166259766,122.54355789507171,119.4681452454024,122.36832310672052,8330900
2021-01-05,121.52716827392578,121.7199305374955,119.3980396848006,120.90508281658776,6856400
2021-01-06,122.80640411376952,123.57743977701246,121.43955418803034,121.58850441126542,10578000
2021-01-07,121.65858459472656,122.7801030169594,120.94886181089814,122.44714763957478,7355400
2021-01-08,121.60601043701172,121.84258471443265,120.03764129827356,121.3256374970968,7448500
2021-01-11,120.78241729736328,122.17555181082984,120.56337048570288,121.57098047151814,7239900
2021-01-12,120.08146667480467,121.13288871305004,119.371757133228,120.78241915682044,6333500
2021-01-13,120.26541137695312,120.97513400992536,120.12523163113578,120.12523163113578,6078800
2021-01-14,118.98622131347656,120.60715956923376,118.53060023794971,120.41439732072456,6172800
2021-01-15,118.092529296875,119.33671372250538,117.98739109372698,118.50433841861523,7757600
2021-01-19,117.05862426757812,119.4768963124608,117.02356928993184,118.89860950730731,9184900
2021-01-20,115.59537506103516,117.23385427561576,115.00833122014168,116.12109274787872,12506600
2021-01-21,115.4816665649414,116.34551899375148,115.04093047072335,115.1643360390965,8761600
2021-01-22,114.59139251708984,115.88715780079902,114.58258263666022,115.49049797827968,7202800
2021-01-25,116.5658950805664,117.23580914791135,114.50323979521124,114.54731609771268,9640000
2021-01-26,117.3151397705078,117.65010353312933,115.85189259191824,116.57470630069112,5996700
2021-01-27,113.16341400146484,117.32396417992456,112.56400586548368,116.69811295193534,10826700
2021-01-28,114.90872192382812,116.04581519711606,112.33482459303308,112.68740810950402,8242000
2021-01-29,113.01355743408205,114.84700778613971,112.89015186326664,114.75886863567072,8344100
2021-02-01,113.68347930908205,114.29169732511964,113.00474189768651,113.70992240106634,6534200
2021-02-02,113.52481842041016,115.226067055739,113.43667925523395,114.23882232448123,6825600
2021-02-03,113.66586303710938,113.88623113661916,112.60809884950268,113.66586303710938,7309400
2021-02-04,113.7363739013672,114.1154139981628,113.33971404207902,114.04489459759152,6613700
2021-02-05,114.2123794555664,114.6795587275454,113.73637685191188,113.81570613578738,5063700
2021-02-08,113.8597640991211,114.67954025102588,112.92540570570164,114.52967813869388,7011200
2021-02-09,113.41903686523438,114.53851042897938,113.03118690927865,114.11540749984567,5917800
2021-02-10,113.0223617553711,113.85094774017918,112.79317711008608,113.48954092549518,8594100
2021-02-11,113.11934661865234,114.00081895563224,113.0135742422789,113.30444827730588,6139200
2021-02-12,112.49347686767578,112.943029541863,111.57674503555418,112.8284338596611,8407300
2021-02-16,112.75794219970705,112.9783102887739,111.9381726393743,112.80201850756056,8246000
2021-02-17,113.2339324951172,114.14184784736172,112.04393956343397,112.11445895829362,8845200
2021-02-18,114.17711639404295,114.45919401195852,112.46705782348292,112.66098282324958,6936400
2021-02-19,112.0527572631836,114.09777265838494,111.96460465619842,114.01844338221794,8277900
2021-02-22,111.5767593383789,112.15852752799226,111.40046085281456,111.76186770439676,6975500
2021-02-23,112.40534973144533,114.52969457178402,112.1144689705966,112.63453442265664,10145300
2021-02-24,112.52875518798828,113.04001072757048,111.86765097390436,112.25549420643236,7263000
2021-02-25,111.5767593383789,113.701110695007,111.3211315781353,112.378895591123,7790800
2021-02-26,108.88827514648438,111.88528239417178,107.38095827891956,111.54150872569735,17718800
2021-03-01,109.55818176269533,110.61594572441214,109.30255401484224,109.44359279645742,7740200
2021-03-02,109.21440887451172,110.06062139460482,108.80011585710066,109.18796578405558,10206500
2021-03-03,108.56214141845705,109.47886677446748,108.23599421721256,109.09983338251872,7537000
2021-03-04,107.67183685302734,109.98128984762084,107.13413824166788,108.5092328018136,10228100
2021-03-05,111.04788970947266,111.35640368722328,108.024439277316,108.20954766396638,10490900
2021-03-08,112.22021484375,113.6217523039698,110.4660871861162,110.85393707578145,9224700
2021-03-09,111.22417449951172,113.6394067058132,111.11839540303066,112.51993984973,8859700
2021-03-10,112.24668884277344,113.19868062042632,110.59833980796203,111.19774129110267,9070900
2021-03-11,111.8676528930664,112.69623228253188,111.7001710039266,112.0615711501073,6941500
2021-03-12,112.95185089111328,113.55125900096353,112.51993138191176,112.51993138191176,6521900
2021-03-15,113.32207489013672,113.7451778211891,112.11446216287072,113.1722262156015,7172600
2021-03-16,113.65703582763672,114.57376106374964,113.27799576016164,113.27799576016164,6485200
2021-03-17,113.19866943359376,114.45035846656884,113.13697336763424,113.80688746339284,6192900
2021-03-18,113.44549560546876,113.74519299451808,111.9822549131618,113.01358273601572,6871300
2021-03-19,112.8372802734375,114.36223725271468,112.74032449378784,113.79809543876644,20262100
2021-03-22,114.7500457763672,115.3758969631982,112.83725269578014,112.83725269578014,8077600
2021-03-23,116.88320922851562,117.49141369698208,114.58256644281224,114.9527831215212,9503800
2021-03-24,116.84796905517578,117.35922461684753,115.1379105954945,115.41998819512038,8318000
2021-03-25,117.65892028808594,117.78232587359892,116.39842133964628,117.31514662485694,7517300
2021-03-26,119.39540100097656,119.53643977417396,116.77742761811454,117.4297218565043,10821200
2021-03-29,121.26412963867188,121.29057272704858,118.99873976628554,118.99873976628554,11176000
2021-03-30,119.39540100097656,120.76168553465637,119.12214678428012,120.41791193136125,8090600
2021-03-31,119.3777847290039,120.54133459766956,119.22793605504538,119.59815279956638,9202600
2021-04-01,118.36410522460938,119.4218693469073,117.52670918821522,119.0428426952491,9117800
2021-04-05,120.2769012451172,120.98208182557968,118.76076770469314,118.96351603233416,8279100
2021-04-06,120.32096862792967,120.77933798875873,119.56290191395084,119.88023247910942,6180600
2021-04-07,120.5325164794922,121.05258186242942,120.10059024863656,120.86746677772024,10244500
2021-04-08,120.99083709716795,121.31699087041332,120.40025249452742,120.67350665169896,6190300
2021-04-09,120.20637512207033,120.99970827456568,119.49238469996456,120.32978070798735,5855400
2021-04-12,120.691162109375,120.79693446063474,119.62458836697982,120.3209454297686,6440900
2021-04-13,119.09574127197266,120.224024913146,118.85773994838397,119.89788441614805,9161200
2021-04-14,119.52764129638672,119.695109724061,118.62853584423488,119.45712190306118,7584000
2021-04-15,120.97325897216795,121.43161486764878,119.76563281817585,119.85378542510644,7945300
2021-04-16,120.98208618164062,121.55503785815802,120.6559456996416,121.29941678176444,7708500
2021-04-19,120.41790771484376,120.83220069023083,119.34251064471523,120.70879513055364,9149400
2021-04-20,121.42281341552734,122.1632469444233,117.70299910819716,118.85772570806594,10040500
2021-04-21,120.6295166015625,122.14565037250708,120.40914847729964,121.54624208040666,8465900
2021-04-22,119.43189239501952,120.4609320231872,118.92623205971964,120.08834660908695,7338300
2021-04-23,118.81978607177734,119.83109323267752,118.20767661244864,119.6980183079836,6708300
2021-04-26,116.44229125976562,118.66007078385552,116.36245444559886,118.42056034135524,9910600
2021-04-27,116.37133026123048,117.0011856538233,115.58180122717226,116.42456834463869,8296800
2021-04-28,116.5665054321289,116.965716640744,116.10521696179168,116.84152150853718,6262800
2021-04-29,117.55121612548828,117.97703966737632,116.48668434328022,116.48668434328022,6786800
2021-04-30,118.35846710205078,118.58024507523022,117.32941405779742,117.76410375828029,9188600
2021-05-03,119.7601318359375,120.36336155815258,118.8996320279936,118.8996320279936,8070300
2021-05-04,119.35202026367188,120.49640211053566,119.05928527017424,119.74235163667184,9624000
2021-05-05,118.39396667480467,119.73350084480332,118.314116311838,119.2012282608778,8295900
2021-05-06,119.8843002319336,120.08833217641256,118.80202264360544,118.8818594649772,9771100
2021-05-07,119.89317321777344,120.67383605619231,119.54720010279306,119.8310824208559,6299100
2021-05-10,122.1286849975586,122.7940188754291,120.37220735013116,120.5496270103128,8852700
2021-05-11,121.52548217773438,123.12227300686882,121.06418013078722,122.85615022618332,10973700
2021-05-12,120.23915100097656,121.53434043897896,120.1948062312798,121.08191820528695,8853700
2021-05-13,122.17306518554688,122.89162373658566,120.10609261028743,120.54964860833655,8753600
2021-05-14,122.43031311035156,123.39727540574388,122.12869830156131,122.12869830156131,5989500
2021-05-17,122.18194580078124,123.37068630289976,122.07549668033282,122.3948575779345,7690700
2021-05-18,120.9311294555664,122.27066386997608,120.78030848480728,121.05532460964244,9239100
2021-05-19,121.17947387695312,121.38350579504842,120.28348232102104,120.70042593816238,9806800
2021-05-20,122.42142486572266,123.05128018148967,121.28592287740447,121.34801366276096,8768200
2021-05-21,122.42142486572266,123.25531209944882,122.2262591924569,122.59884451335022,10161000
2021-05-24,122.38594818115234,123.13111883408408,122.18190272388998,122.42142669670793,6981300
2021-05-25,122.80290985107422,122.84726815911571,121.31256816191711,122.46581648972018,8142400
2021-05-26,122.52790832519533,123.1843760954817,122.30613031937284,123.1222717564489,8122900
2021-05-27,119.74235534667967,122.66982719862976,119.45848658968148,122.52788605200426,33095700
2021-05-28,119.62705993652344,120.7625622261717,119.44076045851246,119.89318271046052,10477100
2021-06-01,117.8794403076172,120.64722526142502,117.52458740568404,120.46092579587835,9993900
2021-06-02,118.39396667480467,118.54477408179096,117.56007927690662,117.98588922229456,8254100
2021-06-03,120.51412963867188,120.56735417477432,118.16327551622936,118.18988778428056,11249800
2021-06-04,120.60287475585938,121.19723817674809,120.11496044430744,120.3810967539044,6894400
2021-06-07,121.01982879638672,121.39241424707416,120.36336098160056,120.96660423718224,8418000
2021-06-08,119.6181640625,121.31255102200168,119.53832724105833,121.2504466922671,6911500
2021-06-09,119.57381439208984,121.03755723877944,119.52946962336785,120.24802814071808,6200700
2021-06-10,120.46094512939452,120.95773927183448,119.42302560513453,119.77787856402018,6515500
2021-06-11,119.63591766357422,120.53189585661607,118.78428423886048,120.42544675462214,10641400
2021-06-14,119.68029022216795,119.78673933684009,118.83753647975048,119.7423810269748,6302000
2021-06-15,119.44963073730467,120.32787652970524,119.36092765508336,119.9375450664161,5543400
2021-06-16,117.79070281982422,120.2746185480689,117.67537395510608,119.91976570903296,8936400
2021-06-17,118.86409759521484,119.01490495483957,117.67535766927628,117.8261785651508,7875600
2021-06-18,117.12540435791016,118.29639877610268,117.04556752110317,118.28751899228692,13997600
2021-06-21,118.04798126220705,118.21652114451882,117.4536044063472,117.71087442507806,8014800
2021-06-22,118.0923309326172,118.89073975852928,117.87943274137658,118.02136035678588,6550900
2021-06-23,117.92379760742188,118.305262825505,117.38267225494712,117.94154363846786,5796000
2021-06-24,118.00363159179688,118.26088809308835,117.71974927950616,117.94152725988816,6056700
2021-06-25,119.68912506103516,120.23913005751731,117.94151369374268,118.21651619198376,24504900
2021-06-28,120.0439910888672,120.78916185034096,119.5471970449644,119.67139217187668,6065400
2021-06-29,119.2278289794922,120.49640598250592,118.71331601082534,120.2125236889284,5792300
2021-06-30,119.6980209350586,120.017381810576,119.13026977150048,119.38753984313544,5776600
2021-07-01,119.9730224609375,120.77141778459848,119.68914014552232,120.1415623574297,5922300
2021-07-02,120.55850219726562,121.21496987850456,120.13269227399752,120.29237945538144,5572000
2021-07-06,120.62950134277344,120.91338371635352,120.0794961642828,120.22143735107284,6534400
2021-07-07,121.53434753417967,122.05774038069862,120.67384778625625,120.67384778625625,5532700
2021-07-08,121.5166015625,121.88918698916494,120.54965270261322,121.52548134596566,7585200
2021-07-09,121.56095123291016,122.11095631848605,121.39239779410352,121.74725070113178,5948700
2021-07-12,121.65852355957033,121.951272106433,121.0286681642743,121.44561183378296,6807300
2021-07-13,121.5077133178711,122.0399858517486,120.99318681145692,120.99318681145692,5603800
2021-07-14,122.4037094116211,122.62548741060968,120.9754585566845,121.54320969264504,5903600
2021-07-15,123.45050811767578,123.53921119516768,122.15531865275054,122.43032120460846,7357100
2021-07-16,124.6480941772461,124.88761819189072,123.40614287215182,123.57469630704048,9346300
2021-07-19,124.58601379394533,125.85457748045232,123.1400168750902,124.47956468354056,9544100
2021-07-20,123.92068481445312,125.9521654592982,123.87632650456447,124.58601885401566,8136300
2021-07-21,123.4859619140625,124.37307372887078,123.29967601325392,124.1512957751687,6954700
2021-07-22,123.01284790039062,123.48597313828014,122.03981777879795,122.55756667878588,6013800
2021-07-23,124.78932189941406,124.95893544087684,122.3701358898676,122.72720699297597,7906000
2021-07-26,125.22671508789062,125.70877594324,124.28046463580216,124.63753565196856,5925800
2021-07-27,125.735595703125,126.4229583096111,124.97680252495304,125.11070079338784,7075400
2021-07-28,123.8698501586914,125.57489395224952,123.8252264871007,125.57489395224952,8520000
2021-07-29,124.5125732421875,125.13745440046893,123.84305479658862,124.76252570550008,5430500
2021-07-30,126.96749877929688,129.02961381136632,126.36047514275276,126.76218356357052,14394300
2021-08-02,126.65504455566406,127.14601386794358,125.69093632811352,126.55684796893054,7009500
2021-08-03,128.50286865234375,128.73497703350927,126.333636028085,126.63714770350342,8455700
2021-08-04,127.14604949951172,128.62792072499423,127.07464616313908,127.69059188374844,6628000
2021-08-05,127.20850372314452,128.1458322643294,126.28903282103212,127.96729673776744,5363300
2021-08-06,126.2354965209961,127.761991215772,126.06588297237876,127.6816522573922,6030100
2021-08-09,126.92283630371094,127.28884298798822,126.49434831460374,126.7175211287161,4743800
2021-08-10,127.00318145751952,127.2174186288771,126.45863927800777,126.6818120790964,5253500
2021-08-11,127.31566619873048,127.86914422965258,127.181767913003,127.42279844870468,4205000
2021-08-12,127.61023712158205,127.78877268320235,127.07463043672108,127.78877268320235,4956100
2021-08-13,128.22616577148438,128.53861314576125,127.37811184023045,127.6102066527818,4888800
2021-08-16,129.11886596679688,129.1635032549958,127.99407985967876,128.25295433701186,6040800
2021-08-17,129.33311462402344,129.97585342350067,128.44934536939533,128.90461301011348,7577000
2021-08-18,127.92268371582033,129.33313779956114,127.81555148245168,129.17244626020326,7162000
2021-08-19,129.4313201904297,129.69019468141866,127.79769343016667,127.79769343016667,5787200
2021-08-20,129.52056884765625,130.315063507046,129.24383674245348,129.6634027153052,5273800
2021-08-23,128.86000061035156,129.74375632085926,128.7528683868136,128.80642768788817,4522200
2021-08-24,127.81553649902344,128.68144816804846,127.63700095952508,128.55647192826075,4560400
2021-08-25,127.3602523803711,127.77089632742864,126.98532370943336,127.71733703463566,3861500
2021-08-26,127.1370849609375,127.39597304891088,126.2890310059162,127.2620611898734,4749400
2021-08-27,127.03889465332033,127.4495386380392,126.44079312663372,127.19065053728067,4741200
2021-08-30,127.59236145019533,127.64593437036277,126.80680236578738,127.29778530691004,3845800
2021-08-31,127.11029815673828,128.12796556974374,126.806786420895,127.6905419824026,9642400
2021-09-01,128.4047393798828,128.71718684684268,126.9675055503712,127.05678014704289,6214200
2021-09-02,128.50286865234375,129.19916655307253,128.17257733623453,128.52072628659892,5392500
2021-09-03,128.5921630859375,128.87781717127032,128.11903786539722,128.33327502405035,5466400
2021-09-07,128.11012268066406,128.99389196530257,127.91372950629996,128.83321407067092,6520600
2021-09-08,129.0831756591797,129.38668745139907,127.66378604942123,127.72628098267242,6897800
2021-09-09,128.53863525390625,129.33313002825122,128.23510983588838,129.05639788300817,6354700
2021-09-10,128.66358947753906,128.9581792137441,127.9405117711208,128.60109455407726,5750000
2021-09-13,130.04727172851562,131.4309460708159,129.30634988117131,129.30634988117131,9952500
2021-09-14,129.82408142089844,130.65429136314128,129.39559343663072,130.44897619046534,5831800
2021-09-15,129.54734802246094,130.12760549964727,129.20813461476658,129.75267681447735,6237100
2021-09-16,128.64578247070312,129.60989099917012,127.49421634084642,129.29744350166413,6142100
2021-09-17,128.85107421875,130.58289772508448,128.7528776192757,128.87785387120755,18737400
2021-09-20,127.55664825439452,129.30632904412738,126.73537396415652,128.743929215037,10238700
2021-09-21,127.75303649902344,129.02065635180887,127.5477213397082,127.63698228570388,6651300
2021-09-22,128.19049072265625,128.86000927387892,127.52989418174955,128.3868839207261,6332500
2021-09-23,128.71714782714844,129.1634934324183,128.09226670404797,128.60109361093447,5171200
2021-09-24,128.1458282470703,128.94924490210664,127.73518428960227,128.36900105362344,5009400
2021-09-27,126.45863342285156,127.806592175316,126.3336572048839,127.78873453806744,5749700
2021-09-28,125.50349426269533,126.1997925404698,124.58402311072666,125.91413834462472,7015300
2021-09-29,126.78002166748048,127.36918757056486,125.1374593306428,125.21781189953502,5460000
2021-09-30,124.79824829101562,127.42276293085416,124.55721782249884,127.3334883509921,6934900
2021-10-01,124.60183715820312,125.18208097953222,123.47705116951236,124.914270899924,5587200
2021-10-04,123.8966064453125,125.33383983134055,122.83431535249768,124.43222661728558,5816000
2021-10-05,124.37867736816406,125.44098216814868,123.83413514386052,123.90555208064976,6902700
2021-10-06,126.0390853881836,126.10156669534872,123.74486223509672,124.0751672748716,5332900
2021-10-07,127.04777526855467,127.68157817879391,126.5389349179229,126.5389349179229,5334600
2021-10-08,126.5211410522461,127.31563580782762,125.90518184214793,127.02104602815506,6131800
2021-10-11,127.04777526855467,127.44948344877962,126.55679254988776,127.0923989163936,5995600
2021-10-12,126.8603744506836,127.6905709082115,126.49436771028564,127.29779813711454,6734800
2021-10-13,127.15494537353516,127.44059949388252,125.8962474266171,127.11923009512444,5689800
2021-10-14,128.5921630859375,128.82425788160705,127.48522115448112,127.50307879149754,6777800
2021-10-15,128.92245483398438,129.3241631290317,128.26185847628508,129.01172939794424,6923700
2021-10-18,127.06568145751952,128.27974221895684,126.8514442546351,128.14584396715406,9119000
2021-10-19,125.5659408569336,125.70877471055398,123.90553476740796,124.15548720055064,9555300
2021-10-20,126.05696105957033,126.72647962270054,124.84290018690524,125.11069671504532,7352700
2021-10-21,125.14973449707033,126.79348846445596,125.01499247663048,126.5240181294069,6545500
2021-10-22,126.49707794189452,126.65875192642363,125.14076259474145,125.2036312423368,5265000
2021-10-25,126.51502990722656,126.57789854668262,124.89822174210036,126.1198086106591,5382100
2021-10-26,128.31146240234375,128.60786462741513,126.86531942750078,127.20663564922242,6234900
2021-10-27,127.395263671875,129.0569718324321,127.26951270996352,128.5719363238669,9643500
2021-10-28,128.15878295898438,128.3384389888828,127.28751700196484,127.44919098187648,4538500
2021-10-29,128.4372100830078,128.8773316037672,127.56593065243126,127.69168161633782,6239500
2021-11-01,128.12286376953125,129.16480846813295,127.98813544894963,128.76958711998537,5038900
2021-11-02,129.39834594726562,129.86542698212813,127.79950586859988,128.19472722841957,9954300
2021-11-03,130.28758239746094,130.3414737224831,128.913298786074,129.46121676685007,7620100
2021-11-04,130.5301055908203,130.5929742340256,127.85338436110436,128.3024970056544,6402500
2021-11-05,131.17684936523438,131.47326543256256,130.06305848830465,130.63792227486528,6062700
2021-11-08,130.19776916503906,131.2307365999362,129.36242612070785,130.69179587687404,5854400
2021-11-09,130.5929718017578,130.98819311453377,129.86541152407025,130.26961015547113,4873100
2021-11-10,131.87744140625,132.31756301910843,130.77261445020494,130.90735646490384,7334900
2021-11-11,131.50018310546875,132.0121781234414,131.32953180530873,131.9133727887009,4096300
2021-11-12,131.6439208984375,132.1110019741132,131.1229484882286,131.80560860786989,5687400
2021-11-15,132.3983917236328,132.71277603243723,131.5630488492317,132.0660527786555,5510200
2021-11-16,132.20977783203125,133.4672877100821,132.04809015866488,132.38942014234857,7603900
2021-11-17,132.1289520263672,132.7397386742845,131.51815167261898,132.0121783471585,4900200
2021-11-18,132.14688110351562,133.00918328735497,131.59896320788906,132.07502144604334,5509300
2021-11-19,131.87744140625,133.14392862710775,131.85048203864622,132.8924266466658,6274300
2021-11-22,132.7577362060547,133.7817127630309,131.88645634462895,132.01220737071958,6625400
2021-11-23,134.23080444335938,134.28469577381378,132.6409416657957,132.78466101756197,7912800
2021-11-24,133.53016662597656,133.7277772739971,132.6498960281289,133.62897194998683,5665200
2021-11-26,132.4613037109375,134.4823109048248,132.31758435441688,133.45833447482184,6299800
2021-11-29,133.8535614013672,134.42842514544893,131.8505087646323,132.74873422137458,7113300
2021-11-30,129.8654022216797,133.42236637021435,129.45221259542114,132.76666580598453,11696400
2021-12-01,131.50018310546875,132.82057543980454,130.10794480571343,130.10794480571343,8313500
2021-12-02,132.2726287841797,133.35050991359776,131.98520386727532,132.04807249985558,9468800
2021-12-03,134.62599182128906,134.73377445498798,132.63193086288896,132.95529246981408,11200800
2021-12-06,136.6649627685547,136.8805417570746,134.90444899937782,134.90444899937782,11935100
2021-12-07,136.30567932128906,137.05120791054654,135.87453504640584,136.48532162700462,7913400
2021-12-08,136.9164581298828,137.12305979026596,134.9852794678617,136.23381192458206,8329300
2021-12-09,137.71591186523438,138.49736350336542,136.17096322707297,136.80869552541446,8334300
2021-12-10,139.63812255859375,139.94351589610483,137.81471244149753,138.19197915940123,7172300
2021-12-13,141.6231689453125,142.21600088055033,139.14407226953955,139.49437955748385,8944000
2021-12-14,142.14418029785156,142.48551036152654,140.71600509326356,141.82979590174747,8677500
2021-12-15,142.6920928955078,143.3927076370802,141.59625677031357,141.59625677031357,9152600
2021-12-16,144.7130889892578,144.90172234632487,142.29686056638033,142.5753082363777,10852900
2021-12-17,141.4345245361328,145.26095837273073,141.29978255310522,144.30884199830686,24349400
2021-12-20,141.7938232421875,142.33276381647602,140.63511882504378,140.6620644831754,9202600
2021-12-21,141.7040252685547,142.05433260431633,140.83274558881882,141.605219932528,6946000
2021-12-22,143.10525512695312,143.33878876065833,141.26389060117936,141.71300323157152,6626300
2021-12-23,143.8058624267578,144.5423999761441,143.2130304953643,143.26692181534025,5640900
2021-12-27,145.48553466796875,145.50350300934488,144.26394786513757,144.31783918343726,4548600
2021-12-28,146.26699829101562,146.7520476074829,145.45860103800996,145.476569380872,5929400
2021-12-29,147.47959899902344,148.18919088231954,146.4825684705554,146.59934213338514,5346100
2021-12-30,146.2041473388672,147.8389103855293,146.06042799024175,147.66824537226552,5911500
2021-12-31,146.93170166015625,147.0664299778136,145.92569367276556,146.28497832373913,5327000
2022-01-03,146.3208770751953,146.35681375783994,143.608246886156,145.23403227719595,9317300
2022-01-04,146.8328857421875,147.65925134453056,145.674167470526,145.77297279829688,9253800
2022-01-05,147.49757385253906,148.49460442502405,146.76999988951252,146.80593657466002,9330200
2022-01-06,146.2580108642578,148.38680020098886,146.06040022392182,147.61432598126507,7556000
2022-01-07,146.1772003173828,146.8867923226582,145.4675946062761,146.52750766026102,6098500
2022-01-10,144.1831512451172,146.51852916203296,143.86876685926674,145.9706110962407,8055000
2022-01-11,142.5124053955078,143.91363443467876,140.94051138513538,143.91363443467876,11957900
2022-01-12,142.8267822265625,143.1411665247309,141.76688308339573,142.15311333548334,7127500
2022-01-13,142.18006896972656,143.22201355042858,141.7219790257524,143.09626256350452,6551000
2022-01-14,143.54539489746094,144.15619527911738,141.52438780495493,141.98249151765512,10708000
2022-01-18,140.77883911132812,142.39564729694072,140.15906149802416,142.39564729694072,10988400
2022-01-19,145.51248168945312,147.4795970607802,140.99441005198148,141.56927362894123,14088300
2022-01-20,146.29815673828125,148.40232323877584,144.60037125053782,144.60037125053782,10799100
2022-01-21,146.85804748535156,149.32345207952088,146.388458421555,147.2012203841364,10900400
2022-01-24,145.666015625,148.21268022818322,143.3360802255918,147.58955620766525,14838100
2022-01-25,144.0765838623047,145.66600473021686,142.5865155784684,144.89838544470643,9369600
2022-01-26,142.82131958007812,144.1036983306154,141.22288659663886,142.0898309639564,10707100
2022-01-27,143.70635986328125,145.7111878940114,143.20966575119334,143.34512151820192,9083000
2022-01-28,144.9435577392578,145.34993879003682,142.07178545257548,143.23674630211968,9494200
2022-01-31,144.8984375,145.07904981446708,143.47157678998818,143.9050628805128,8950100
2022-02-01,144.25723266601562,145.66602772692542,142.4420427545996,145.20545057097402,6284100
2022-02-02,146.84002685546875,147.05675607525882,144.0133971888171,144.61845589378672,7558800
2022-02-03,148.2307586669922,148.9893385067998,145.95500536773574,146.2801129819152,10474500
2022-02-04,145.8737335205078,148.54684213104858,145.76536890786215,147.31865932834074,8959900
2022-02-07,144.78103637695312,146.53299085565587,144.19402917351235,146.18079204552552,6430500
2022-02-08,144.4558868408203,145.6389129169849,144.17592200844092,145.50344339554366,5048700
2022-02-09,144.1307830810547,145.06997506725136,143.83276666182445,144.81711515635874,8077400
2022-02-10,141.93634033203125,144.04050739139169,141.46673732732302,143.67024321883642,7033000
2022-02-11,141.14163208007812,143.20968222655077,140.5004563360292,142.69492269303066,9341400
2022-02-14,141.5479736328125,141.83695045336088,138.49557587050677,141.00612314701766,9472200
2022-02-15,141.6202392578125,143.87792693546032,140.97904989423444,142.47815781935228,6659200
2022-02-16,142.69488525390625,143.39025690838142,141.12354346877433,141.6292632975447,9315700
2022-02-17,144.3294677734375,144.83518762002902,142.0988711944959,143.02903743658368,7925500
2022-02-18,144.40167236328125,145.44924256434433,143.4263635883103,144.04044791179788,8063200
2022-02-22,142.62266540527344,145.28674837530582,141.47576977704946,144.59137658524136,8179500
2022-02-23,140.8435821533203,143.22769958672643,140.51847460422718,142.95677433251032,6273000
2022-02-24,137.0506591796875,140.86163684159297,135.96697191872892,140.55459464395707,13145100
2022-02-25,142.90260314941406,143.53475293851892,137.49317855299358,137.5654262117244,8888800
2022-02-28,140.7803497314453,141.9543498917825,138.91099179922725,141.14157419008916,8669200
2022-03-01,138.45042419433594,140.33784761194426,137.57444035366015,139.35349918226305,8311900
2022-03-02,138.88389587402344,140.0488703213283,137.80924821697766,138.13435576275683,6111300
2022-03-03,139.398681640625,140.7532943747151,138.86587060570957,138.86587060570957,7451200
2022-03-04,140.1030731201172,140.29272495784056,137.76411187391432,138.2788575251645,8639100
2022-03-07,138.02598571777344,139.54315894951122,136.49076090672597,139.51606780071515,8374500
2022-03-08,132.56239318847656,138.125339334998,132.37275512656845,137.42996762172456,9517200
2022-03-09,134.3505096435547,135.8857348222173,133.4835513349895,134.40469195412098,7044100
2022-03-10,130.8917236328125,133.9079915383586,129.9886484194274,133.47451929428732,9221000
2022-03-11,129.3384246826172,131.99346784065037,129.16683819855157,131.30712190438786,7086100
2022-03-14,130.99105834960938,131.88509396372987,129.45583329096604,130.449207726637,7964600
2022-03-15,135.7051239013672,135.94894430138473,132.65272509676186,132.76108971899188,9868400
2022-03-16,135.24452209472656,137.07776344641712,133.6912318194273,136.03020680247428,6908900
2022-03-17,135.6689453125,135.885688260332,134.1066295138893,135.45221614449812,6003800
2022-03-18,135.5967559814453,136.24697132475947,133.8718925649941,136.24697132475947,15570300
2022-03-21,136.11148071289062,136.74363052942513,134.77493341795588,135.85862078627682,6937500
2022-03-22,137.15907287597656,138.71236340266054,135.93088998929238,138.55882848446967,7292100
2022-03-23,136.20176696777344,138.17948948086166,136.0843628178357,137.44800099549852,5531900
2022-03-24,136.4365692138672,136.87004134458624,135.60574188839294,136.2649827634201,4203100
2022-03-25,138.01699829101562,139.0013470504311,136.82493229331826,136.9333106984587,5047700
2022-03-28,138.96519470214844,138.98324628187726,137.83635087666264,138.7484517269157,4234000
2022-03-29,140.3920440673828,141.3041448469261,139.0916138764647,140.31075684557734,5643400
2022-03-30,139.42578125,139.46189819530647,137.2132497394151,137.7189696527106,5779300
2022-03-31,137.9898681640625,139.38059765544233,137.6286298820063,139.1638684660401,7538600
2022-04-01,140.0579071044922,140.39205424544198,137.32159078765565,138.64008643232148,5742600
2022-04-04,139.14585876464844,139.38969298008993,136.59917953186087,138.90202454920694,5992000
2022-04-05,139.63345336914062,142.11690964188276,138.65813070662944,138.72135257152723,7653000
2022-04-06,141.62928771972656,142.04469460220594,139.0194008977696,139.45287314291505,8884700
2022-04-07,143.4625244140625,143.94115315963828,141.75571286591793,142.56847502033582,6889700
2022-04-08,144.58233642578125,144.97065212434674,143.51670058769875,144.2210980993833,6045400
2022-04-11,144.03143310546875,145.5847231689746,143.25478807371582,144.44683987836532,6158400
2022-04-12,143.5979461669922,145.06093699018507,143.31799513077647,143.86887141423756,7221500
2022-04-13,144.00437927246094,144.86229796732107,143.32707286391334,143.66120628258324,5247700
2022-04-14,143.20065307617188,144.76296944471468,143.09227467280445,144.4739787421817,7806500
2022-04-18,141.8369903564453,143.5708931070263,141.35836159726676,143.11935550177603,6034500
2022-04-19,143.95916748046875,144.51906948700437,141.15060410022477,141.57505038899495,7897000
2022-04-20,147.78826904296875,148.53782320422133,144.49204967176587,144.94358732699013,10196100
2022-04-21,147.6728973388672,149.75253538191788,147.50942465488583,148.77175470659094,9365700
2022-04-22,146.43783569335938,148.49932104327476,146.12907086939427,148.24504249916924,9394600
2022-04-25,147.61843872070312,148.29045472203302,145.12104900147514,146.8465127191755,6986800
2022-04-26,145.1119384765625,148.6082891386927,145.07561891012764,147.73646711570578,7769500
2022-04-27,144.72145080566406,146.61946348789047,144.4944153980157,145.49337673452516,6754900
2022-04-28,148.39942932128906,148.67187458582478,144.63972347069327,145.793053381039,9306800
2022-04-29,145.8021240234375,147.98165813181058,145.48426894811064,147.54575408156396,10637000
2022-05-02,143.8314666748047,147.1189347326947,141.84263441405352,146.75568364658136,10351600
2022-05-03,141.86080932617188,144.38544193488306,140.77102829055255,143.6861690036937,10344000
2022-05-04,142.90516662597656,143.07771575182295,140.89816753812232,141.51571104867037,7771000
2022-05-05,140.27157592773438,142.8416047966402,139.072822207962,141.94255336395383,8217100
2022-05-06,141.6701202392578,141.888079258967,139.735773778628,140.5531097096794,7304800
2022-05-09,141.31591796875,142.3602752883485,138.71863238261955,139.81748983938843,8540800
2022-05-10,140.5712432861328,142.23314420844716,139.79933117935877,141.2614398252981,7447400
2022-05-11,138.59152221679688,141.57930267538146,138.35541033470338,139.88108192449695,7692200
2022-05-12,138.02845764160156,139.49964271516464,136.11227816042663,139.41791329044275,9600800
2022-05-13,139.5087127685547,139.60860890214195,136.60266232393633,138.56425157048182,5675500
2022-05-16,140.8709259033203,141.57927526962865,138.0647715785495,139.37249774931615,5971000
2022-05-17,140.47137451171875,142.3512347900407,139.00927943810598,140.8800494293678,6509100
2022-05-18,131.7168731689453,140.54401207720224,131.2628022944759,140.46228264551218,9670700
2022-05-19,128.6836700439453,130.2456748027809,127.6847225353871,130.23659837478073,9694100
2022-05-20,128.765380859375,129.36475759217865,126.39513092250594,129.09231236298243,7786900
2022-05-23,131.7259521484375,132.2526759804684,129.02877027702766,129.7189529584084,7134500
2022-05-24,134.0689697265625,134.3504914492733,131.5170936501926,131.58065636638057,7207400
2022-05-25,131.87127685546875,133.62398387777804,130.318348280557,133.59674073235365,8217800
2022-05-26,133.0245819091797,133.84191768940033,131.71685574653992,133.0245819091797,5702600
2022-05-27,135.05880737304688,135.05880737304688,133.1607949302508,133.46955971998855,6028800
2022-05-31,134.29598999023438,135.30402776366466,132.73398526280835,133.76017589187396,12416700
2022-06-01,132.26174926757812,134.5139366781457,131.41718418504348,134.40496411450044,7036000
2022-06-02,133.68751525878906,133.73291124771973,129.52822555870424,132.5614148190916,6479800
2022-06-03,132.48880004882812,133.68755381655086,131.78952701765652,132.9156277821406,4720700
2022-06-06,131.97113037109375,134.07801146038267,131.30817709423286,133.83280937363767,4751100
2022-06-07,133.4423370361328,133.66028216481635,130.25475095771677,130.47270994354224,4918600
2022-06-08,131.7804412841797,132.9791811101206,131.67146871558757,132.8611321131933,4369600
2022-06-09,129.40110778808594,133.39692547716035,129.26487822725775,132.05287972460138,4625700
2022-06-10,128.91067504882812,130.00044200888547,126.64032144156754,127.94804733649184,6630800
2022-06-13,125.45977020263672,127.58483231021027,124.9875464961916,126.68576703942368,8549500
2022-06-14,121.54566955566406,124.94212416001758,120.36508269318836,124.87854759599492,9980200
2022-06-15,120.3378677368164,122.50832613516576,117.60436584361784,122.09058865742098,12178100
2022-06-16,121.07345581054688,122.6627037555548,118.60330932459172,118.99380359679392,9683300
2022-06-17,120.2016372680664,121.92710097389607,119.35705827220546,120.38326283860488,17113300
2022-06-21,123.8432846069336,124.41541833722272,121.17334567510866,122.25403656248,9017000
2022-06-22,125.77762603759766,126.85831688278915,123.20758335173402,123.21665978020508,8374500
2022-06-23,129.22853088378906,129.39198969308083,126.14084164482531,126.27707117637392,6418300
2022-06-24,131.09024047851562,131.8984859172521,129.9732163761866,130.95401092945227,19440600
2022-06-27,130.09129333496094,131.46258225868152,129.60090293366798,130.8813721481548,5618500
2022-06-28,127.97528839111328,130.85409505547128,127.66652363125776,130.3546144985647,6077300
2022-06-29,129.13771057128906,129.7370872500698,128.18415928361762,128.59283401914732,5174600
2022-06-30,130.58169555664062,131.17199600581057,128.25685490408688,128.67460620437856,7410100
2022-07-01,132.68858337402344,132.81572265681092,130.22751328782118,130.99036284168864,5937200
2022-07-05,131.40811157226562,132.67951836672583,129.44652201999702,131.2991389939653,5760900
2022-07-06,132.63409423828125,133.94182046577845,131.65329956765834,132.14368997439868,5485200
2022-07-07,132.5886993408203,132.76124849546164,131.31730639684804,131.94391258249908,6623400
2022-07-08,131.69869995117188,133.324267333325,131.29003899875497,132.5795984200317,4294200
2022-07-11,132.62501525878906,133.1154195644769,131.38994192277184,131.81676965444169,5482900
2022-07-12,131.4534912109375,133.42415673929122,131.10839298279998,132.46152889989767,5204400
2022-07-13,132.31625366210938,133.4605211655905,130.96313128781267,131.1447568711314,5075600
2022-07-14,131.92575073242188,132.1618625895972,130.2910928750543,130.55444787509052,4867000
2022-07-15,131.744140625,132.31626054937652,130.86324195005108,131.989328939528,6264600
2022-07-18,130.1457977294922,131.76228900739062,130.01865843315673,131.6260732817255,6047500
2022-07-19,130.80870056152344,131.68959895875685,130.44544949049816,131.2900283234851,5943600
2022-07-20,128.5474853515625,130.97222249823494,127.72107291847976,130.77243017689307,8635300
2022-07-21,128.6689910888672,129.20826956608866,127.0054370711496,128.51360647409646,8310200
2022-07-22,130.72560119628906,130.86270119424697,128.57760824761186,128.65986824638662,5292700
2022-07-25,131.6121826171875,132.00521180261703,130.27768256220327,130.52447643857573,5262100
2022-07-26,131.86813354492188,132.0692228184547,129.52820084973894,130.42395328368573,5375700
2022-07-27,133.12037658691406,133.6413844829268,131.19175754663837,131.51167614388487,5500000
2022-07-28,135.33236694335938,135.83509027206264,132.60853956298027,133.57741691624312,7115700
2022-07-29,126.96891784667967,130.25030822950816,126.34736526368816,129.27228167661468,18694700
2022-08-01,130.61587524414062,131.56648148737642,126.38389362802393,126.44786896236064,12590000
2022-08-02,129.74755859375,131.3654081040677,129.58303861664928,130.80784493650617,7495000
2022-08-03,132.42568969726562,132.78216358196408,128.79696156341555,129.48248933761244,6811000
2022-08-04,132.21548461914062,133.8699037820504,131.63050132824,132.3983032295673,6124700
2022-08-05,132.2794647216797,132.3891447226256,130.4970949708046,131.39284752176476,4580300
2022-08-08,132.7821807861328,133.87902257754251,132.2885929143834,132.56280684901083,4486800
2022-08-09,132.4713897705078,133.39457616459975,132.06922516340055,133.05638690178944,3977300
2022-08-10,133.7236328125,133.90643744621485,132.89185568993292,133.34887424776983,4641300
2022-08-11,132.77304077148438,134.6285352013493,132.4714068170151,134.18980124353078,5954300
2022-08-12,134.06182861328125,134.11666861135737,132.49883287971073,133.36716539248326,5038700
2022-08-15,135.7893524169922,135.98130634905925,134.13494746009357,134.24462745150353,6008000
2022-08-16,137.0415802001953,137.65399735071583,135.60654915865103,135.60654915865103,7093000
2022-08-17,136.41090393066406,136.8770578379041,136.08185001170065,136.2829392925727,4834600
2022-08-18,136.89532470703125,137.09641396178822,135.7527784627747,136.0726830429079,3829000
2022-08-19,136.85877990722656,137.6814217185587,135.93560739762404,136.38349062647487,6502500
2022-08-22,136.49317932128906,137.22441188448622,136.04529606389428,136.1732607164212,6380700
2022-08-23,133.8607177734375,135.67965645038515,133.2940192884107,135.67050715411185,5268200
2022-08-24,133.284912109375,134.60111397080422,132.64507490732217,134.0069953655848,5903200
2022-08-25,133.17520141601562,133.24832605697318,132.06922434589302,132.74560286732694,5097600
2022-08-26,130.05833435058594,133.93385672108278,129.81155437259753,133.4494181681581,6086600
2022-08-29,129.5099334716797,130.42397067430616,128.89753021957208,129.1534595205394,5272100
2022-08-30,128.1297149658203,130.1680277563605,127.88293498883964,130.1680277563605,5203700
2022-08-31,126.08229064941406,128.76956218607236,126.00916600147296,128.33081429842576,8406900
2022-09-01,127.63616943359376,127.74584944774078,125.003737517245,125.98176413373102,7446500
2022-09-02,125.36933135986328,129.01633044458382,124.811768173752,128.3490872700897,7077800
2022-09-06,123.97087097167967,126.0822946904118,123.66008772119412,124.19938027365676,8217200
2022-09-07,125.84461212158205,125.91773675793934,124.32732124523731,124.33645659462012,6609400
2022-09-08,126.00918579101562,126.58503376705,124.36391582170508,125.2322484883376,7380500
2022-09-09,127.92865753173828,128.9615101231335,125.49731513963016,126.09143376346724,6434300
2022-09-12,128.97064208984375,129.61046527886256,127.15170321589788,127.42591713893437,5818700
2022-09-13,126.3016586303711,129.27227964865293,126.0091739672176,128.6781610238371,6350200
2022-09-14,126.60327911376952,127.65443019197774,125.83549126424174,126.74039305289229,6137800
2022-09-15,125.62527465820312,126.95062580518189,124.89404211076976,126.85008115557105,5320700
2022-09-16,126.39305114746094,127.10599898139876,125.32362939655415,125.62526331815856,9321500
2022-09-19,126.12799072265624,126.55758929678936,125.43331356596444,126.31993071282636,6056000
2022-09-20,125.68011474609376,126.10971334499392,124.79349754811687,125.59785474556412,5589800
2022-09-21,124.06226348876952,126.31993645647212,124.04399278694162,126.21025645710216,6413900
2022-09-22,124.50101470947266,125.28708726921091,123.61439749858992,124.07141610431913,5061600
2022-09-23,123.9251480102539,124.76606044362131,122.43526311844158,124.01654334927927,6523600
2022-09-26,124.0439682006836,125.05854983506148,123.38586044070348,123.92513892685172,7396400
2022-09-27,120.63462829589844,125.16825904027098,120.3878482886046,124.2725064705611,7722200
2022-09-28,120.63462829589844,121.5852348143303,119.91254502938868,121.5852348143303,10455100
2022-09-29,117.63658142089844,120.53407758677017,117.23440283308776,120.53407758677017,7128500
2022-09-30,115.39718627929688,117.94734370470564,115.36062395770917,117.91078835666772,9431900
2022-10-03,117.46292877197266,118.00222138046888,115.79024580760372,116.31124679130248,8477700
2022-10-04,118.91625213623048,119.62005077878456,117.63659161439266,118.0022148836756,7211600
2022-10-05,118.09358978271484,118.90708223867917,117.07900805025604,118.09358978271484,5071100
2022-10-06,115.60743713378906,117.96564799366897,115.48860782545628,117.81026333121174,5530800
2022-10-07,113.58740234375,115.69883306550189,113.12124838216695,115.62570841419652,6095400
2022-10-10,113.12125396728516,113.56913027493006,111.6770734136781,112.7647799915095,6923300
2022-10-11,113.55086517333984,114.8944942450768,112.97501716904374,113.05728415832247,5516200
2022-10-12,113.733642578125,114.99501133159356,113.71536490353128,114.1083941824718,6823500
2022-10-13,115.45204162597656,115.85422024336748,112.35345593829835,112.89274153648626,6910500
2022-10-14,114.32776641845705,116.10099371677666,114.0444101648434,115.85420675890664,5516800
2022-10-17,116.3935089111328,117.25270622294984,115.04073758353934,115.17784457616672,6664600
2022-10-18,117.33494567871094,118.88882000723343,116.68598710597055,118.2124274883813,7114200
2022-10-19,118.42266082763672,121.56695111816916,118.37695617689386,120.32385993230986,9993700
2022-10-20,116.8973388671875,119.45640144437074,116.61197867926305,118.39779043416677,8168000
2022-10-21,118.36097717285156,118.7015665568604,116.42787818452632,116.48310737695138,6394600
2022-10-24,119.08820343017578,120.0731710015428,118.14927892108332,119.19867587825064,6946000
2022-10-25,120.45978546142578,120.75434587233234,118.25973340283504,119.29993014071576,6776000
2022-10-26,121.3066635131836,122.03388541042976,120.0363357736436,120.26646679625112,6612800
2022-10-27,121.39871215820312,122.54015295262558,121.0489085361282,121.50917054577128,6676700
2022-10-28,124.4732666015625,124.74021240315702,122.35605841888705,122.58618943774128,6996400
2022-10-31,123.9669952392578,124.88751946087204,123.5895769373356,124.45487195302655,8346300
2022-11-01,124.1603012084961,125.4490293934378,123.20294823161043,123.9945995583843,6428300
2022-11-02,122.3744659423828,125.68834399962938,122.25479332457093,124.01299758067248,7318100
2022-11-03,121.53680419921876,122.09832450087104,120.55185064810776,121.2606441409156,5204000
2022-11-04,123.75526428222656,124.2707555393126,121.987859666753,122.72428176805448,5555400
2022-11-07,125.6515121459961,126.28667588333768,124.32595548477542,124.5929152811468,6746800
2022-11-08,125.9368896484375,126.5904678866481,125.00716543951448,125.94610387818253,5266200
2022-11-09,125.6331024169922,127.00468813346792,125.50422962824204,125.99210618894485,5690700
2022-11-10,129.95957946777344,130.37382652978778,127.2164217141382,128.37629101404644,8068700
2022-11-11,129.76626586914062,130.3738150636519,128.05409071393322,129.9779824504711,7175200
2022-11-14,129.7754669189453,132.15042047564663,129.11268852888534,129.34281952415392,8516200
2022-11-15,129.32444763183594,131.81906030399523,128.59722566086504,130.7972778981877,7732400
2022-11-16,130.47508239746094,131.55209383799863,129.77547513804413,130.2541515714216,6193700
2022-11-17,129.67422485351562,130.42906135403382,128.7445005735417,129.89515569305135,5186300
2022-11-18,131.23910522460938,131.41399297497696,130.04242129014082,130.64075623433476,5671400
2022-11-21,132.90525817871094,133.6508803632815,131.4784431849113,131.69015976972088,6377200
2022-11-22,134.04673767089844,134.20322510889628,133.32872987486817,133.8718358148757,5372900
2022-11-23,134.81072998046875,134.9764315958145,134.00067845392783,134.30443899758018,4296000
2022-11-25,135.05929565429688,135.5011432847435,134.76472120327716,135.12372503665563,2411100
2022-11-28,134.94883728027344,135.63001611772282,134.5253900183841,134.75552104099978,6628200
2022-11-29,133.91783142089844,134.45173704171287,133.04333640507969,134.16637684091663,5634200
2022-11-30,137.30535888671875,137.30535888671875,133.59564840724013,134.07431075898626,12396800
2022-12-01,137.38821411132812,138.4099963660597,136.76226450104758,137.64595972098272,6927400
2022-12-02,138.64012145996094,138.7874086723571,136.31119684251317,136.67020064392776,4938300
2022-12-05,137.24093627929688,137.77484194897875,136.48611381256265,136.89114666860291,5402500
2022-12-06,137.4158477783203,138.15226992784804,136.49532360293173,137.82088066286477,6866700
2022-12-07,138.29953002929688,138.4744177895928,137.1672754025637,137.1672754025637,6175500
2022-12-08,139.29373168945312,139.34896089527038,137.16730894289395,137.58155607869327,5187100
2022-12-09,138.9254913330078,139.8736300039746,138.281127291489,138.7229749133758,5868200
2022-12-12,140.35227966308594,140.43512344273535,139.0359231867538,139.20162479213263,6142400
2022-12-13,140.14059448242188,141.97242845770407,138.8058232963472,141.21760599728748,7680600
2022-12-14,140.69290161132812,142.16574580586598,140.07615214311434,140.6468725966082,7385600
2022-12-15,139.1003875732422,139.91965340303508,137.83927413929004,139.6619077967687,7117200
2022-12-16,138.48362731933594,139.0635619110995,137.17648497666713,138.4099837167246,19966400
2022-12-19,138.4468231201172,139.3489468780033,137.37902580752947,138.28113551933208,5881800
2022-12-20,138.5020294189453,138.90704812818075,137.40660375236467,137.45263275566498,5646100
2022-12-21,139.7723846435547,140.49960659347354,138.74140208234547,138.76901668337186,5024700
2022-12-22,140.09454345703125,140.2970598515379,138.8886593190658,139.11879030863415,5904900
2022-12-23,140.49038696289062,140.76654700862474,139.61589185646875,140.2050267325293,3401800
2022-12-27,141.7146759033203,142.05527935607654,140.52720604891536,140.5640208309548,4215100
2022-12-28,139.8828582763672,142.35905648120016,139.8276150277634,142.01846703493922,4197500
2022-12-29,140.46275329589844,141.06110232144707,140.04852030656875,140.66526969887408,3809100
2022-12-30,139.51461791992188,140.5456003253299,138.48363551451385,140.3154693208312,4532000
2023-01-03,139.5238494873047,139.65272230399486,137.2685541261012,138.95311497389085,6447300
2023-01-04,140.13134765625,141.19915873829527,139.21082376746887,139.9104309124336,7313400
2023-01-05,138.39158630371094,140.3615072657735,138.19828411343303,140.11297587827335,5373800
2023-01-06,141.68707275390625,142.18416365114038,139.6895370724042,139.7815951040649,7882200
2023-01-09,139.9564666748047,142.497121975005,139.919651894056,141.24520873832017,5727000
2023-01-10,139.8184051513672,140.5640274258696,138.94391006455675,140.01172139287078,4716400
2023-01-11,138.68614196777344,140.43513185799475,137.48025783812727,140.21421509902495,8691300
2023-01-12,137.90371704101562,139.67112167705096,137.6367712248059,139.64350707696315,7801600
2023-01-13,138.888671875,139.04515927652372,137.5447005941461,137.71960240940265,5535800
2023-01-17,138.48362731933594,140.03931506505785,138.4467984949898,138.80580227891937,9611800
2023-01-18,134.77395629882812,138.01419148518747,134.43335278134538,137.76566005550626,10461200
2023-01-19,131.9237060546875,135.4436505291449,131.7569787610697,132.74811287520683,12683700
2023-01-20,132.43313598632812,132.5998632319374,129.82096273136546,131.83104653155843,8603300
2023-01-23,130.65467834472656,133.10936882802704,130.32120962489867,132.79443007436262,7473100
2023-01-24,131.3679656982422,131.8866918036517,129.5060923354796,130.32124143496677,6822500
2023-01-25,131.27525329589844,131.30304116858292,128.50561086652834,130.04327244808704,6902600
2023-01-26,130.74728393554688,131.29381186393573,130.36751154803608,131.28453981487522,5398600
2023-01-27,130.2100372314453,130.94180823407956,129.02435986876634,130.67318737175626,6870800
2023-01-30,130.61761474609375,131.64580875885076,129.9414194094478,130.5713110333191,6369300
2023-01-31,131.8866424560547,131.97000609161225,130.38602634491343,130.8213886206754,9373400
2023-02-01,132.63693237304688,133.47986897569004,130.932543339774,131.60873855099925,7207900
2023-02-02,131.692138671875,132.1923488505186,130.80289811863443,131.692138671875,6444300
2023-02-03,132.09967041015625,132.81292551268177,130.7657958776168,132.2571397460506,5993100
2023-02-06,130.97885131835938,132.12746873090316,130.61759478175438,131.54389504322572,6108100
2023-02-07,129.70059204101562,130.41383320578512,128.55197440289203,129.6542741920015,6278300
2023-02-08,128.3574676513672,129.25596613695473,128.2092561784815,128.81134585252164,7123800
2023-02-09,126.94947052001952,129.06143426589935,126.90315267395104,128.64460191972714,6547400
2023-02-10,128.07028198242188,128.1073419117827,125.81937890440145,126.85683077895688,8108900
2023-02-13,129.74691772460938,130.09890230307988,128.5149363644028,128.70019363742264,5081600
2023-02-14,129.0150909423828,129.90434535493586,128.4037294171413,129.81170968109222,5253500
2023-02-15,128.7187042236328,129.05217291854723,127.89429746873634,128.8576436239214,5530300
2023-02-16,127.0328369140625,128.0147130814056,126.4863230675938,127.264412015199,7595700
2023-02-17,129.69131469726562,129.7191025786953,126.52336900628066,126.52336900628066,8034700
2023-02-21,129.5987091064453,130.5064796581896,128.6353486507694,128.6353486507694,6899500
2023-02-22,130.14523315429688,131.1456394895971,129.57093131030476,129.66355288895411,6126300
2023-02-23,129.7283935546875,130.73805775185846,128.84841086784837,129.89512086758933,5835400
2023-02-24,128.99659729003906,129.1540666725214,127.90356952896532,128.6909164413769,5260700
2023-02-27,128.8854522705078,130.11743364371486,128.32040839458915,129.32081464052175,5820900
2023-02-28,127.421875,128.37596323811454,127.1625120304672,128.24628175334814,6709900
2023-03-01,127.5145034790039,128.13512298773648,126.44924964688182,127.87576003286976,7101800
2023-03-02,129.61720275878906,130.08035293939085,127.62566263589012,127.82944984609266,5924600
2023-03-03,130.56201171875,130.830646694702,129.65424147090627,130.78432885737723,5259400
2023-03-06,130.00625610351562,130.7380271402856,129.62646957853138,130.35824061530136,4943100
2023-03-07,127.421875,130.2563518343381,127.21808779047826,130.0803525048219,5606800
2023-03-08,127.44037628173828,127.54226986356596,126.53260609268538,127.0883777019302,5518800
2023-03-09,126.50486755371094,128.34819652443542,126.06950518286492,127.96840992276564,4467200
2023-03-10,127.07915496826172,127.82019811995082,126.30106601938832,126.85683778248824,5928000
2023-03-13,127.95915222167967,130.9047952010029,126.94021600431728,126.94021600431728,8337100
2023-03-14,129.5430908203125,129.78392378807726,127.27364398445464,128.0980506110651,9219700
2023-03-15,131.377197265625,131.6736060660244,128.5797658905712,128.5797658905712,8823500
2023-03-16,132.35903930664062,132.57208440197084,131.17337614291273,131.479056914936,7063400
2023-03-17,132.39608764648438,132.8221919795706,131.09927295312647,131.9977853243173,16018800
2023-03-20,134.4340057373047,134.6840967136144,132.67402618044318,132.92413129097784,8379200
2023-03-21,133.4613800048828,134.5266199443018,132.31276227703628,134.23021112905943,7753200
2023-03-22,133.3779754638672,135.00825878349974,133.2297640345679,133.42427916808083,5729100
2023-03-23,133.19271850585938,134.4246996434023,132.63694678724795,133.60956496259465,5788400
2023-03-24,135.90679931640625,135.94384511430178,133.66515398682242,133.66515398682242,6144800
2023-03-27,135.19354248046875,136.55520521861834,135.1194367513056,136.06426713035734,5917200
2023-03-28,135.57333374023438,135.99943816413293,135.05460775233917,135.74933308631807,4213800
2023-03-29,135.99017333984375,136.4347936196334,135.48070524100984,136.24027843094836,4987700
2023-03-30,136.58302307128906,136.66638673455697,135.5177830160417,136.09208487529935,4117700
2023-03-31,137.7315673828125,137.7315673828125,136.69411576926424,136.85158509387654,7685900
2023-04-03,138.4911346435547,139.00987461642475,136.2494899069733,137.4907287543481,5721700
2023-04-04,139.15811157226562,140.52904640432908,139.01917215952685,139.01917215952685,6714300
2023-04-05,140.11219787597656,141.12187608612743,140.010304263364,140.17704569046765,6094800
2023-04-06,141.00143432617188,141.6869016439266,140.26039125128963,140.67722356396683,5399700
2023-04-10,139.83428955078125,140.49195480179142,138.4911429040373,140.47342483952892,4891800
2023-04-11,139.556396484375,140.27890953531727,139.4267150171346,140.11216814359682,6311800
2023-04-12,139.9362335205078,141.177472888778,138.88023730467276,139.23223604328444,6137900
2023-04-13,140.5845947265625,140.67721627223378,138.77831204243924,139.77870388732265,5489500
2023-04-14,139.87136840820312,140.41788228327988,139.41747609789587,140.19557922045448,4478800
2023-04-17,139.91766357421875,140.30670800531448,139.2599841401292,140.02881508761155,4296400
2023-04-18,140.06588745117188,140.41787198624166,139.0376934583336,139.85282818595715,4158400
2023-04-19,140.0937042236328,140.7050518618737,139.60276604901696,140.028856398875,3837600
2023-04-20,140.6072540283203,141.08261978419918,140.15983590461997,140.15983590461997,5370900
2023-04-21,145.47280883789062,147.37428599184298,144.00940546355935,144.41953161235827,14876900
2023-04-24,145.73379516601562,146.5726792148853,144.68051794375978,144.68051794375978,8109800
2023-04-25,145.77108764648438,147.21584518591732,145.21182207550572,145.88293507159435,8341800
2023-04-26,144.08401489257812,145.40759514162846,143.8603057798745,144.75512800797222,4843700
2023-04-27,145.84567260742188,145.97616602461756,144.4848004943389,144.75511743027585,4805600
2023-04-28,145.7617645263672,146.684534183105,145.18385300567934,145.66854886159746,5754700
2023-05-01,145.9388885498047,146.7125189528287,145.22116764257595,145.4355466377736,3844600
2023-05-02,145.808349609375,146.27439946054255,145.0999589557769,145.95748897519968,5262900
2023-05-03,145.6219482421875,146.8709727874863,144.87626555523514,146.0041125748738,5775000
2023-05-04,144.9508514404297,145.96685114848523,144.55937118615338,145.50080119491116,4892600
2023-05-05,145.43553161621094,145.6965184241166,144.18652128941756,144.84830418706605,3989200
2023-05-08,144.75509643554688,145.1558925078338,144.35428614054624,144.80170426836747,4950700
2023-05-09,143.27305603027344,145.3889121810661,143.1518785138735,145.26774888737935,4472100
2023-05-10,143.5713348388672,143.84165175270925,142.0892995312713,143.03071523389772,4754900
2023-05-11,143.90687561035156,144.3729254716744,142.97477588770593,144.29835578713715,3495300
2023-05-12,145.37030029296875,145.45418586684173,143.90689668718045,144.1958453678864,5252900
2023-05-15,145.4168701171875,146.10662902029884,144.13989807031965,145.97613563027377,5414900
2023-05-16,145.16522216796875,146.26509306108926,144.4102094130768,145.2863854656785,5591500
2023-05-17,144.55003356933594,145.9295372421003,143.4501484484933,145.6499044674648,4286900
2023-05-18,142.17320251464844,143.21714989474196,141.30635639854572,142.9002393290302,6997600
2023-05-19,142.7696990966797,142.90952257527314,141.53000487791846,142.1172321980453,4754100
2023-05-22,139.03196716308594,142.2383917724467,138.7243726162067,142.1451761318009,7876200
2023-05-23,137.53134155273438,138.77103611260762,137.0839375880942,138.68713631328114,6116000
2023-05-24,136.3941650390625,138.13718710866095,136.17045596754417,137.5686056634268,5755400
2023-05-25,135.5180206298828,136.2823494691884,134.5486428721502,135.61123632048216,6510300
2023-05-26,135.52731323242188,136.0958947128994,134.90280803627692,135.46207363838155,4716400
2023-05-30,133.4580535888672,134.25966005215744,132.68442320679074,134.091888901167,5561000
2023-05-31,132.82421875,134.2037224430787,132.26495319249338,133.4394080187145,19854800
2023-06-01,134.1851043701172,134.33422954097256,132.77762445520574,133.5233072003441,6091100
2023-06-02,136.57125854492188,136.72038369477798,134.58588153789154,134.69772895596196,6124400
2023-06-05,136.0306396484375,137.81095358252773,135.8348924431482,136.13317118973887,4753700
2023-06-06,134.67910766601562,136.37552193698676,133.80293156248257,136.15182708346478,4635900
2023-06-07,134.9680633544922,135.26632791560834,133.7283688267841,134.2316964961055,6194400
2023-06-08,136.4967041015625,136.69243710504372,135.07990834936203,135.47138857903946,4863700
2023-06-09,136.60853576660156,136.81359884744057,134.90279153383003,135.78828344324563,5569500
2023-06-12,135.53665161132812,137.02800293683205,134.73504511813522,137.01868705789022,5354000
2023-06-13,135.21038818359375,135.78828548042085,134.48335151251658,134.6977304738051,5321200
2023-06-14,136.4780731201172,136.91616123490908,134.9960376114637,135.44344160558774,5693300
2023-06-15,138.3702392578125,138.8549352300232,136.58992488164233,137.1771524206146,5863000
2023-06-16,139.3861846923828,139.8988423785912,138.78964144553473,138.80828742213674,11244900
2023-06-20,138.09988403320312,140.07593068950746,138.05327620735014,139.58191902543138,5340700
2023-06-21,139.29299926757812,139.44213865211307,137.8295957244188,138.1931140850261,4649700
2023-06-22,139.7683563232422,140.84027958206514,139.3302682977368,140.14120476128593,6666800
2023-06-23,138.37953186035156,140.30897090127036,137.9134819964072,140.04798411527858,13843300
2023-06-26,138.51934814453125,138.85490463247098,136.7576801385261,138.04398237941408,4353100
2023-06-27,139.83363342285156,139.9734427212073,138.31430600804424,138.36091384840148,5445400
2023-06-28,139.8056640625,140.09461274541027,137.91350247178255,139.190474737308,6733300
2023-06-29,139.237060546875,139.53532506108294,137.11187432580877,138.3981622663196,7343000
2023-06-30,141.4368133544922,141.74440796168776,139.6192075644536,139.65649951710847,7058300
2023-07-03,142.14523315429688,142.17319501316572,140.25307151635528,141.1944872846094,3996100
2023-07-05,141.9028778076172,142.10794090018496,141.15719512761748,141.33429636417276,8279800
2023-07-06,141.66983032226562,141.85624740693186,140.52333751728003,140.9334636371729,7958300
2023-07-07,138.69644165039062,141.6045882353741,138.64983381969014,141.40885525823032,9169500
2023-07-10,138.75238037109375,140.1132523721433,138.64053294348116,138.82695006374033,5529200
2023-07-11,138.0253448486328,138.92948282361672,136.98139758791518,138.63120405043185,5150300
2023-07-12,138.74307250976562,139.2557160644208,137.61522539955033,137.97874378301032,6764600
2023-07-13,138.8362579345703,139.36756163051686,138.1371831068809,138.8828657676257,5561400
2023-07-14,139.86160278320312,140.40222247036516,138.63122400082403,139.13456594733066,6128900
2023-07-17,138.87356567382812,139.96412082224538,138.854919693944,139.48874078285027,4625300
2023-07-18,139.13455200195312,140.26238488337515,138.30498368402957,138.5473245307918,5351200
2023-07-19,140.0852813720703,140.5793073816068,138.75238540230717,139.39553657982958,6203600
2023-07-20,141.2211456298828,141.39936270535415,138.9512537636341,140.27379850150794,6445400
2023-07-21,143.44415283203125,144.13825775677947,141.35247779589855,141.77456263281113,9938400
2023-07-24,143.90374755859375,144.4008718673707,142.85322287775568,143.35972175963823,5549500
2023-07-25,144.24142456054688,144.31646408565015,142.99391929131616,143.9600299194911,5883800
2023-07-26,144.39151000976562,145.23567965801814,143.40663587858663,143.6223655776153,7013800
2023-07-27,142.6750030517578,145.01055981929818,142.49678597991044,144.5978496134043,7191600
2023-07-28,146.70828247070312,147.71190560542016,145.01055453207906,145.06683059222635,9397300
2023-07-31,146.60511779785156,147.8995102318861,145.4420266408085,146.69890646889203,7955200
2023-08-01,146.5582275390625,147.42116066533328,146.2017933497429,146.21118223619462,5718800
2023-08-02,146.87713623046875,147.94642449646207,146.29559775790324,146.29559775790324,5636000
2023-08-03,147.26171875,147.91829679915858,146.52072659001988,147.03660014214788,5792700
2023-08-04,145.6483917236328,147.94642185014297,145.52645069937526,147.66502719310918,4785900
2023-08-07,147.1866912841797,147.40242102252398,145.84539703892838,146.01422527441628,4107400
2023-08-08,147.3461151123047,147.85262834087808,146.82085273624807,147.52433219967952,4625500
2023-08-09,147.15855407714844,148.2841185904208,147.04600191952,147.5525009411773,4293200
2023-08-10,146.42689514160156,148.55609683447878,146.1361259414934,147.42114375319414,4307800
2023-08-11,147.28045654296875,147.69316676260348,146.1267399801738,146.72704185082642,3862300
2023-08-14,146.12677001953125,147.7588477747778,145.85476421648772,147.38366439561534,4297600
2023-08-15,145.18878173828125,146.29559691944786,144.87926335534112,146.12675439824446,6921100
2023-08-16,143.70680236816406,146.0704832459674,143.38788077567185,145.16064859018806,6356800
2023-08-17,142.6750030517578,144.03506036676262,142.37484497026225,143.70677856649257,6419500
2023-08-18,143.07833862304688,143.40663476834044,141.7933207004278,142.2154055212863,5448200
2023-08-21,142.3561248779297,143.30347218038509,141.87774962695497,142.65626870835666,4504700
2023-08-22,142.41238403320312,142.71252782797342,141.56820009123874,142.027811825608,4195600
2023-08-23,143.7443084716797,143.96003817351684,143.01269095038256,143.01269095038256,4522500
2023-08-24,143.07833862304688,145.08559947791585,143.0220625552426,143.0877275092319,4088900
2023-08-25,144.0163116455078,144.5228248817809,143.00331379761474,143.8849960494975,3541500
2023-08-28,144.24142456054688,144.79482495681677,143.55670857342773,144.17577392128524,3614700
2023-08-29,144.3258514404297,144.48530507827286,142.59998514719243,144.40089097217833,4034600
2023-08-30,144.4853057861328,145.26382483047104,144.17578739560318,144.54159616946552,3712200
2023-08-31,144.7667236328125,145.53586822591055,144.28836264034663,144.560368464534,5451400
2023-09-01,144.92617797851562,145.64842107088694,144.03510664530228,145.2919868126697,4126300
2023-09-05,142.98455810546875,145.24507570675732,142.94703118324048,144.26020152701113,5097000
2023-09-06,142.70314025878906,142.99390945335563,142.14035101539733,142.8438304134745,3877400
2023-09-07,144.063232421875,144.62602180143298,142.9189045124813,143.03147097578997,4824800
2023-09-08,143.44415283203125,143.94129151197288,142.9001412810141,143.90376459045837,3384700
2023-09-11,145.1512451171875,145.47954121879596,143.58483275165705,143.81932587785607,4288500
2023-09-12,142.59999084472656,145.5264611382139,142.16853141034204,145.37639638104807,4537800
2023-09-13,143.59423828125,144.06322463475516,142.25294418014255,142.55308800397546,4040600
2023-09-14,145.17002868652344,145.31071885680416,143.8568584104882,144.30709558003966,4606800
2023-09-15,143.95066833496094,145.68592351777582,143.7255497393382,144.47593074575346,10262400
2023-09-18,144.49468994140625,144.8980113119564,143.98817669428882,144.86987327737506,3536500
2023-09-19,144.07261657714844,144.5040760166199,142.32798673261675,144.21330676125262,4704200
2023-09-20,143.95066833496094,145.17941025570642,143.84749076767474,144.2320630014076,5446400
2023-09-21,142.70314025878906,144.17576400201327,142.63748962404418,143.9318819841252,5096400
2023-09-22,142.1779022216797,143.82872900542992,141.99031054594198,142.9845593084465,6327000
2023-09-25,141.31495666503906,141.89649510250243,140.71465476794992,141.80269211669977,5527000
2023-09-26,140.05810546875,141.03359088404142,139.56096671704222,140.6771566398344,6366500
2023-09-27,138.20089721679688,140.4145134098828,137.53494460008147,140.15188219310377,5403700
2023-09-28,137.26290893554688,138.80118345043684,136.64384357517835,138.65111870952353,6237100
2023-09-29,136.81268310546875,137.66624160079314,135.83719790533087,137.45049759934238,6683300
2023-10-02,136.1842498779297,136.56882209524957,134.97425715754798,135.79967766060983,5153800
2023-10-03,136.4656524658203,137.40362516025556,136.01541526761562,136.16549433368385,4670600
2023-10-04,136.91586303710938,137.23477028957535,135.94036350773243,136.55942886533785,4727800
2023-10-05,134.88047790527344,137.0284291033154,134.77730033518154,136.64385685912484,5205700
2023-10-06,135.15248107910156,135.59332938712205,132.67623375710428,134.69288362221067,7406700
2023-10-09,134.4677734375,135.03993738504653,132.81694655699724,134.4677734375,5062200
2023-10-10,135.7996826171875,136.212392883782,134.8054338725701,135.04930161540904,5988900
2023-10-11,134.13009643554688,136.53130426358146,133.717386156542,136.13735744607524,5469100
2023-10-12,134.43023681640625,135.00238634944097,132.8731989011859,133.93309818247684,5965600
2023-10-13,135.7152862548828,136.03419357082626,134.30832705972514,134.30832705972514,7078900
2023-10-16,137.00967407226562,137.93825785090118,136.43751017401482,136.81269351515465,6509800
2023-10-17,137.1878662109375,137.71314288503126,136.2311444715715,137.04717604700895,6160100
2023-10-18,140.7240447998047,141.9152741511869,139.5422043354298,140.75218283617116,10508500
2023-10-19,139.93211364746094,141.8482149620564,138.92214139453552,141.21580848704497,8146000
2023-10-20,139.74331665039062,141.47064201396032,139.620605990948,140.68720934724882,7284200
2023-10-23,139.8377227783203,141.11198391250818,139.28082944226105,139.56400018348748,5981800
2023-10-24,141.4895477294922,141.65002220565987,139.7622363018499,139.8094194273144,6322000
2023-10-25,142.1502685546875,142.70716187791743,140.75329677086285,141.24412508417046,6172900
2023-10-26,141.3951416015625,142.88649392520375,141.3385103390773,142.57500757887416,7582100
2023-10-27,138.90325927734375,141.53671368860876,138.07262905608272,140.62113657726243,8131800
2023-10-30,140.88543701171875,141.15917399478275,139.2619402104486,139.601742201474,5412800
2023-10-31,141.6122589111328,141.8293502580749,140.30024827956055,141.074247416074,6762100
2023-11-01,141.21578979492188,142.2257475115018,140.83823846964447,142.2257475115018,5896900
2023-11-02,142.94313049316406,143.1413399192191,140.55508281866338,141.14972549948982,5859200
2023-11-03,141.65000915527344,143.74543806499773,141.2252458439194,143.27349163252623,6587700
2023-11-06,142.47116088867188,142.76376530984015,141.6782945082174,141.9237014156936,6480800
2023-11-07,142.1408233642578,142.7637961130263,141.69719256461923,142.45230973864204,6003800
2023-11-08,141.5933380126953,142.71657262433507,141.1213916651263,142.49004759520406,4832600
2023-11-09,141.91427612304688,141.91427612304688,140.75327770826817,141.3385009881057,6581500
2023-11-10,142.91482543945312,142.9431410738426,141.50841985323717,142.37679958072766,5387200
2023-11-13,143.90591430664062,144.32121507411705,142.95257328355066,142.95257328355066,6297500
2023-11-14,143.5849609375,144.88753754512837,143.16964582187006,143.9908423105603,7982600
2023-11-15,142.9242706298828,143.83984795557006,141.94262828621655,143.52836154967673,7672600
2023-11-16,144.25514221191406,144.31177347700347,142.82042108478248,143.46227569533932,7590500
2023-11-17,142.59390258789062,144.26458259557407,142.42399438214017,144.1513200601819,8495600
2023-11-20,141.83877563476562,142.55612898056913,141.26300044844268,141.7821443709734,6856500
2023-11-21,141.21578979492188,141.59334112019926,140.47955462876905,141.4423292316842,7310400
2023-11-22,142.54672241210938,142.98090511906167,141.67834259554084,141.67834259554084,4372700
2023-11-24,142.886474609375,143.22627654101174,142.55610641932356,142.69768455639766,2132500
2023-11-27,142.7543487548828,143.13190010455622,142.2824023664607,143.01863758018635,6021300
2023-11-28,143.7454376220703,144.19851656576358,142.6694003354574,142.6694003354574,6110400
2023-11-29,142.65054321289062,143.8964743919193,142.51839877871086,143.74544806638153,5342700
2023-11-30,144.90643310546875,145.01026189417294,141.65943942526013,142.4334240661498,9771300
2023-12-01,144.0946807861328,144.87811355194387,143.6887993857592,144.7270872447043,5685400
2023-12-04,143.52833557128906,143.97196633550763,143.15078421575288,143.25461299892447,6578300
2023-12-05,138.52569580078125,144.0474741890366,137.97823627352682,143.6038434411349,11895800
2023-12-06,138.421875,138.90326955141032,137.4685484456558,138.76167698813498,7610000
2023-12-07,138.28028869628906,138.8466301107169,137.82722420634306,138.3463681024585,6119600
2023-12-08,137.00604248046875,138.0348966409822,136.41139977416066,137.73284401335866,6385300
2023-12-11,137.638427734375,137.68561084289612,136.53406070287835,136.67565323641657,8471200
2023-12-12,137.75173950195312,138.0254621204293,136.9399909884074,137.67622633759265,6069200
2023-12-13,140.24362182617188,140.30968684591872,137.28923216612623,137.6762317476823,9055500
2023-12-14,136.54354858398438,140.21529134083357,136.27925972765556,140.13034443758414,10565200
2023-12-15,135.88282775878906,136.15655036168607,134.50473779230686,135.14657804884473,14550000
2023-12-18,137.96881103515625,139.21475646418787,136.06214351618118,136.0810254052257,8421800
2023-12-19,137.96881103515625,138.129271085381,137.23257579169623,137.4968646276736,5233600
2023-12-20,135.83563232421875,137.8744444693018,135.76955290714844,137.40249801364348,7663800
2023-12-21,136.1659698486328,136.66623187933828,135.0993807807485,136.41139119380531,6104700
2023-12-22,137.12876892089844,137.45913721999798,136.19430969978603,136.39253355977849,4413800
2023-12-26,137.75173950195312,137.96883084782482,136.8361621877447,136.94942473295367,3634900
2023-12-27,137.86497497558594,138.1009481668772,137.2042529205025,137.4779754852297,4569400
2023-12-28,137.55349731445312,137.81778615316324,136.9022089609669,137.80835240987415,5023000
2023-12-29,138.31805419921875,138.714501877146,137.55350328244586,137.8083583889242,5300900
