Date,Close,High,Low,Open,Volume
2010-01-04,32.065185546875,32.07008337514745,31.639085181119995,31.712550466417117,3033854
2010-01-05,32.08476638793945,32.27087738517959,31.8251879905913,32.03089029452691,2867257
2010-01-06,32.20231246948242,32.256186428320184,31.95253184473246,32.055381935350994,2403228
2010-01-07,32.584327697753906,32.71656473209396,31.918242560897536,32.17782094199912,3701624
2010-01-08,32.7900390625,32.927176099944845,32.412917021802826,32.74106292406288,2922356
2010-01-11,32.87329864501953,33.23083149893304,32.66759630548374,33.0104356768327,3592766
2010-01-12,32.4716911315918,33.50020501590708,32.432508509596865,33.10838948990479,5645038
2010-01-13,32.76554870605469,32.90268359066154,32.001509047486024,32.24149616494261,3175681
2010-01-14,32.91248321533203,33.38755968033271,32.67739389673756,33.13287905049133,3559442
2010-01-15,32.53535461425781,33.382655128332665,32.44719587019381,32.966350542138485,5058663
2010-01-18,32.70677947998047,32.84391437532853,32.43740537809952,32.667596859144254,1711292
2010-01-19,33.0740966796875,33.15245976082809,32.123944053509234,32.47168116179069,4207556
2010-01-20,32.25128936767578,32.88308978204052,32.08476753240234,32.77534186894995,3868948
2010-01-21,31.712541580200195,32.79982920895884,31.702748065189187,32.47168550060247,5027970
2010-01-22,31.727235794067383,31.98191638238675,31.384398597088506,31.658668354671605,5456880
2010-01-25,31.63907814025879,32.27088073648843,31.46766060523866,31.46766060523866,8274136
2010-01-26,33.265106201171875,33.56386505341248,32.18271652069914,32.22679695785589,16765806
2010-01-27,33.71390151977539,34.16187816151666,33.286061351697626,33.72396865757463,7772774
2010-01-28,32.666954040527344,34.22228306341652,32.666954040527344,34.111546731862745,6633868
2010-01-29,32.73238754272461,33.064592134114385,32.43541573920916,32.87332309035242,5320587
2010-02-01,32.74245071411133,32.87835267585176,32.28944051153494,32.329709062015056,4104583
2010-02-02,33.270965576171875,33.296133424400175,32.58138631730456,32.80285678751756,4048977
2010-02-03,32.953857421875,33.36156554737406,32.752521242823654,33.2206300022316,3893346
2010-02-04,31.73576545715332,33.00418971330036,31.484095792035045,32.86828774244607,7205563
2010-02-05,31.041154861450195,31.635100675815973,30.653581000392265,31.45893013949911,8870676
2010-02-08,31.82614517211914,31.94823932411088,31.31741435510986,31.541255114821485,4149894
2010-02-09,32.0398063659668,32.29417173729344,31.70913160540115,31.98384673961548,4627005
2010-02-10,32.049983978271484,32.58923718961424,31.642999793789205,32.228039975530606,4643463
2010-02-11,32.08559799194336,32.4824073454038,31.754923160461274,32.12121008463418,4379283
2010-02-12,31.61247444152832,32.42644279233184,31.398808582538635,32.40100558712236,3795352
2010-02-15,31.92279815673828,32.21786306036393,31.683695102291043,31.704044865628653,2263502
2010-02-16,32.17717742919922,32.27383662520463,31.546352266034603,32.22296441648165,3524348
2010-02-17,32.71133041381836,32.95552091763734,32.3043484623767,32.3043484623767,4285325
2010-02-18,33.153934478759766,33.29637841745631,32.68590312499084,32.7520376521292,3838020
2010-02-19,33.24041748046875,33.347249319536246,32.82325834345121,32.986052044648766,4970106
2010-02-22,33.06744766235352,33.46934445835118,32.97587593114527,33.31672564686754,2313674
2010-02-23,32.46205520629883,33.33198319572753,32.34504628274772,33.14375231846313,4047910
2010-02-24,32.64519500732422,32.78255368929999,32.23312340457672,32.50275110606555,2976186
2010-02-25,31.70404815673828,32.6808102392598,31.454770194745382,32.217866404811616,5255754
2010-02-26,32.044898986816406,32.20769267305422,31.632827329677543,32.049986428360725,3974315
2010-03-01,32.950435638427734,32.96569796246586,32.33487300827736,32.37048509769966,3625456
2010-03-02,33.530391693115234,33.586351331826314,32.925003886213545,32.925003886213545,3647428
2010-03-03,34.18665313720703,34.273137425015186,33.4439066390389,33.63213753984316,4898240
2010-03-04,33.80510711669922,33.98316091772816,33.596526442799934,33.98316091772816,2915582
2010-03-05,34.31892013549805,34.42066674243574,33.79492921971068,34.02894486055428,3539920
2010-03-08,34.12052536010742,34.43085048056937,34.03912849794081,34.410500709630035,2772361
2010-03-09,34.1103515625,34.26805784912803,33.80511387503811,34.19683587015964,2258077
2010-03-10,34.48170852661133,34.527495492422666,33.957717691232375,34.21208305874819,2860315
2010-03-11,34.19683074951172,34.415584096557744,34.07982180199055,34.33927468611888,2805578
2010-03-12,34.786949157714844,35.102361619304006,34.247695952673695,34.29857036363324,5013620
2010-03-15,34.44102096557617,34.98027427543409,34.43084608140653,34.69538640504589,3885597
2010-03-16,35.44322204589844,35.60601576720838,34.552944021334085,34.552944021334085,5045312
2010-03-17,36.57768630981445,36.87783650359785,35.62127386606436,35.66705862280116,8384598
2010-03-18,36.50136947631836,36.67942546819263,36.27752873702011,36.52171924032456,4545740
2010-03-19,36.26227188110352,36.75574040311182,35.97738180683518,36.567509500855785,14391513
2010-03-22,36.24191665649414,36.24191665649414,35.51952002845464,36.1198202940251,3642477
2010-03-23,36.53189849853516,36.60312046382983,35.93668556657599,36.26227296311755,3217750
2010-03-24,36.603118896484375,36.88292152535191,35.96720867798236,36.62855610499695,4301350
2010-03-25,37.51883316040039,37.59005734270734,36.30805538503549,36.53698359196575,4706078
2010-03-26,37.2899055480957,37.880035487951325,37.01010512569098,37.73250411378261,4735257
2010-03-29,37.85969161987305,38.12422975756913,37.42218487116599,37.65111090946952,4220152
2010-03-30,37.183067321777344,38.06825541471624,37.04571085516131,37.92581150699665,4365104
2010-03-31,37.72232818603516,37.78337304489608,37.18307268087664,37.19833500638703,4444786
2010-04-01,38.53120040893555,38.622769897872544,37.84950113145254,37.85967601279883,4092755
2010-04-06,38.79574966430664,38.86188641219621,38.44981248478458,38.66348061170842,3821853
2010-04-07,38.18526840209961,38.66347455936192,38.02756216346182,38.61260014587224,3979177
2010-04-08,37.69689178466797,38.19544776581581,37.43235368984697,38.05300383451368,3614711
2010-04-09,38.0733528137207,38.23105906759387,37.88003446696442,38.09878557974229,2973620
2010-04-12,38.04283142089844,38.409113935239255,37.661282136548095,38.409113935239255,2960765
2010-04-13,37.442527770996094,38.04791557684624,37.25938208646358,37.8698595557408,3141381
2010-04-14,37.35604476928711,37.4272689616929,36.88292596356327,37.30517034614012,4305004
2010-04-15,37.1932487487793,37.56971057032747,36.99993261759682,37.38656710155216,3834560
2010-04-16,36.18596267700195,37.34077864101946,36.13000081723723,37.03554101957308,9926853
2010-04-19,36.63873291015625,36.95923286786433,36.24701098646753,36.28262085866266,4530255
2010-04-20,37.58496856689453,37.58496856689453,36.45049801252179,36.6590786672645,4763877
2010-04-21,37.17798614501953,37.74267887312287,37.17798614501953,37.64601747586822,4637874
2010-04-22,36.3182258605957,37.42725911268027,36.18086939742535,36.786257100842064,5861440
2010-04-23,37.05080032348633,37.33060071313113,36.26735656657272,36.62855379673804,4921519
2010-04-26,38.521034240722656,38.64821584313909,37.84950969269274,37.84950969269274,5726652
2010-04-27,37.15254592895508,38.556637502336656,37.14745848771018,38.45998056186365,5702108
2010-04-28,36.61838150024414,37.08641281089549,36.02316858924264,36.88292180601719,7573665
2010-04-29,37.09149932861328,37.38147683586856,36.68451510740519,37.137286303143696,6673538
2010-04-30,37.8189811706543,37.97159996656829,37.06097463238745,37.17798133917947,6192461
2010-05-03,37.183067321777344,37.58496628259834,36.87274230082038,37.523916989355655,4100334
2010-05-04,36.058780670166016,37.61549350659948,36.00282102917258,37.167811935471136,6476124
2010-05-05,36.01298904418945,36.3436638282052,35.64670439418479,36.30805174062627,7061717
2010-05-06,35.99773406982422,36.54207482566986,35.23972740965546,35.448305871857286,7379902
2010-05-07,34.720821380615234,36.05878088137448,34.084908892979094,34.914139736583685,12871539
2010-05-10,37.39164733886719,37.39164733886719,35.941766637207245,36.318226164628186,10480959
2010-05-11,38.149658203125,38.19544517753464,36.806611387476025,37.03553959475356,6502325
2010-05-12,38.79065704345703,38.973800493058405,37.55444431262319,37.6714510231645,7998904
2010-05-13,39.63006591796875,39.86407935823359,38.84662208386271,39.01958622152941,5499609
2010-05-14,37.62566757202149,39.47744756406037,37.36621691932148,39.19764270041011,7531325
2010-05-17,37.70706558227539,38.4854219616584,37.07624057189018,37.320428891893215,5771588
2010-05-18,38.89240646362305,39.09081226330347,38.34298048688453,38.44981232832127,5100819
2010-05-19,37.82406997680664,38.38875820911067,37.20850732963546,38.25648917363642,9024195
2010-05-20,36.53698348999024,38.07843385666981,35.799326676914944,37.82407066407293,9393470
2010-05-21,36.17070388793945,36.54207606746206,35.056585127781126,36.13000434958601,11131198
2010-05-24,35.9722900390625,36.53189301517427,35.31603012415262,36.24191775559991,3471347
2010-05-25,34.93448638916016,35.20411414788008,34.212091847786,34.80730478352437,8460978
2010-05-26,36.03843307495117,36.618383695496725,35.509352431686985,35.59074928283606,6320784
2010-05-27,37.3662223815918,37.478141677504055,36.3487627250559,36.567516095785024,5519813
2010-05-28,37.3662223815918,37.88512820602725,37.1423815681766,37.64602284296313,3977726
2010-05-31,37.65618515014648,37.798629054595054,37.24411353817102,37.30516060842184,1637850
2010-06-01,37.65109634399414,37.768103039266585,36.52680302895088,37.55952685273304,4705363
2010-06-02,37.58496856689453,37.640925979254575,36.75065039110397,37.36621302932631,3323279
2010-06-03,38.0835189819336,38.5617251317474,37.97159971717977,38.281924748272765,3755759
2010-06-04,36.98467254638672,38.56173300875654,36.7760918549013,38.383681414305805,5159582
2010-06-07,36.61838150024414,36.93379400183919,36.22665959412094,36.39962817014215,3879593
2010-06-08,36.90835571289063,37.457781599069264,36.44032222251941,37.10675925827846,5547728
2010-06-09,38.00212860107422,38.1343976456516,36.66416916501889,37.31534172582243,5451939
2010-06-10,38.73978805541992,39.0653754685013,37.544274688849214,37.65619397360189,5176652
2010-06-11,37.82406997680664,38.86696437932088,37.6612762924121,38.85679393952779,5209084
2010-06-14,39.35026168823242,39.49779306202836,38.39385370113155,38.434548793668505,5045336
2010-06-15,39.747066497802734,39.81828622998421,38.84661608266974,38.968710225823706,4194191
2010-06-16,39.79286193847656,39.98617585496319,39.27904360781677,39.93530587634189,3745748
2010-06-17,39.41130447387695,39.89459805105428,39.08571712834318,39.569010705520505,4418813
2010-06-18,39.304473876953125,39.78268002789292,39.111155551428496,39.538487289551234,11150770
2010-06-21,40.30666732788086,40.52033541122052,39.97599698542616,40.18966062558581,4031989
2010-06-22,39.94038772583008,40.30158274050647,39.57410082650552,39.7572442761678,3107312
2010-06-23,39.32991027832031,40.01669262139199,39.18746192534834,39.640235303791975,3203340
2010-06-24,38.256492614746094,39.47744757911829,38.114048683485805,39.34517853174664,4487576
2010-06-25,38.21579360961914,39.09080687536925,37.97160086447426,38.57698862114258,4345144
2010-06-28,38.9178352355957,39.06027914101852,38.027559715908126,38.5617232504487,2858683
2010-06-29,37.41708755493164,38.45998194539177,37.41708755493164,38.45998194539177,5278224
2010-06-30,37.65618515014648,38.05808410173843,37.42217175111666,37.696884678040334,4256654
2010-07-01,36.98467254638672,37.773201666776366,36.801529066446,37.2492106600894,5773580
2010-07-02,36.486114501953125,37.61549330791477,36.486114501953125,37.12202698250562,4047700
2010-07-05,36.45050430297852,36.97958497167054,36.45050430297852,36.94906031792621,2409359
2010-07-06,36.69468688964844,36.98466437239836,36.52680577373797,36.68451200727932,5737988
2010-07-07,36.98467254638672,36.98467254638672,35.99264795523006,36.38436990506568,4777259
2010-07-08,37.488311767578125,37.67145523766872,37.05589252411863,37.64093058545682,4190129
2010-07-09,37.249210357666016,37.7986385714369,37.21868792565073,37.646019746588905,2995867
2010-07-12,37.72232818603516,37.94107929865613,37.26446952867506,37.391653353004656,2573469
2010-07-13,38.58207702636719,38.85170698536477,37.559532376973856,37.559532376973856,3647587
2010-07-14,38.80083465576172,39.04502297695364,38.36841543026152,39.04502297695364,2758664
2010-07-15,38.1954460144043,39.01958491275219,37.92581604682033,38.48542130565787,3487198
2010-07-16,37.76302719116211,39.20272877897958,37.73250254056939,38.449809613595406,6287550
2010-07-19,37.25429153442383,37.88003127697092,37.23902921018777,37.4933946160182,2858625
2010-07-20,36.96431350708008,37.574790879920826,36.57259165548216,37.55952855682156,3122596
2010-07-21,37.31025314331055,37.803721656856126,37.19833386950223,37.39165221021151,2414468
2010-07-22,38.66856384277344,38.71434637391488,37.177983445140754,37.264467730602966,3868153
2010-07-23,38.87713623046875,39.12132895960742,38.41927986191124,38.510853801530736,3195499
2010-07-26,39.05519485473633,39.17729344911566,38.62277566251708,39.17220600768319,2042852
2010-07-27,39.095890045166016,39.630058006723125,38.821177124675984,39.29938323668965,3439322
2010-07-28,38.73978805541992,39.558844030302176,38.41420064233854,38.98398083682143,2986772
2010-07-29,37.85969161987305,39.375705133627385,37.73759743656573,39.17221630917568,4743843
2010-07-30,38.04792022705078,38.62278345214005,37.5188395409071,37.90038883893456,4641516
2010-08-02,39.48762130737305,39.52322895676048,38.35824033105081,38.40911030582455,3952217
2010-08-03,39.5740966796875,39.66057873239851,39.1722021753813,39.55374691594848,2721740
2010-08-04,39.11116027832031,39.40622302195953,38.93310425512132,39.24342932445023,3752720
2010-08-05,39.68093490600586,40.01160973382096,38.953452950720994,39.02976013388879,5203675
2010-08-06,38.83644485473633,40.067570170671495,38.7296085816415,39.731807913020006,4196733
2010-08-09,39.90986633300781,40.01161072748516,39.223079451538894,39.35026105543074,2768366
2010-08-10,39.39096450805664,39.69620216502624,38.98906988887974,39.55375822131917,3107847
2010-08-11,38.368412017822266,39.039932062966194,38.21070577848433,38.8771383822567,3445367
2010-08-12,38.23613739013672,38.617686595147,37.8800298343979,38.15983021504272,3102477
2010-08-13,38.154747009277344,38.866966642996616,38.01230308253349,38.612603440207,2768904
2010-08-16,38.1038703918457,38.64312586017431,37.65110142883581,38.53120659058926,2303673
2010-08-17,38.68383026123047,38.78048721851375,38.20562403058199,38.20562403058199,2462430
2010-08-18,38.90766525268555,39.16203289261114,38.28192770096656,38.55155766587851,2883282
2010-08-19,37.635841369628906,39.19255857043984,37.635841369628906,39.16203391966658,4551799
2010-08-20,37.330604553222656,37.94616725103449,37.28990501798069,37.77319866943686,4236295
2010-08-23,37.1627197265625,37.52391917963836,37.03553813472995,37.48830708983478,2766566
2010-08-24,36.38436508178711,36.96431787699119,35.73827776692446,36.88292103242904,4688658
2010-08-25,36.08930206298828,36.64890508715197,35.66196807707758,36.34366747789727,4416751
2010-08-26,36.30297470092773,36.72013388128223,36.19614062917129,36.53699039301136,2993739
2010-08-27,36.755741119384766,36.888010164764246,36.02316948474924,36.2978824592436,3179017
2010-08-30,36.30297470092773,36.98467422860787,36.10457110662648,36.771006085094974,1863387
2010-08-31,36.51663589477539,36.51663589477539,35.62127278269279,35.789153921605866,4163536
2010-09-01,37.59005737304688,37.6205775794512,35.78406448093347,36.24192089516354,5234650
2010-09-02,37.467960357666016,37.63584149429444,37.13220030599947,37.61549172704486,2488328
2010-09-03,37.96652221679688,38.52104013084763,37.40692130332564,37.646022219246966,3882257
2010-09-06,38.04283142089844,38.383681167039455,37.85460049986135,38.28193232151615,1867774
2010-09-07,37.91564178466797,38.1445722223028,37.68671579021374,37.72741532458093,2268417
2010-09-08,38.332801818847656,38.59225245523289,37.56970779137892,38.03265164948263,2837544
2010-09-09,38.5871696472168,38.831362431238105,37.85460018151483,38.16492527138912,3232587
2010-09-10,38.556640625,38.61768992488314,38.24631557028836,38.51085809326813,2172761
2010-09-13,38.62278366088867,39.03485317271329,38.33280832554751,38.85680157206474,2500874
2010-09-14,38.73978805541992,38.89240687760301,38.185274630654376,38.66348086591885,2918684
2010-09-15,38.556640625,38.734696639812,38.34806440342692,38.65330201648163,2927179
2010-09-16,39.69111251831055,40.11336132677358,39.27395559513472,39.33500490041059,7834018
2010-09-17,39.248512268066406,40.36771825477282,39.248512268066406,39.935299072666766,9151323
2010-09-20,40.13370513916016,40.230362081655045,39.27394976668791,39.27394976668791,3342333
2010-09-21,40.37790298461914,40.642441111074845,39.88952182896004,40.08792764539245,4162461
2010-09-22,39.25360107421875,40.62208284650758,39.14676924610113,40.1896636493664,5307629
2010-09-23,38.89240646362305,39.71146242978708,38.45998721257056,39.65041756747218,3601653
2010-09-24,40.33211135864258,40.46438040664376,38.73978645429832,38.76013622217246,4256456
2010-09-27,39.59954452514648,40.95276418879641,39.52832033292125,40.581394230308,5390950
2010-09-28,39.543575286865234,39.945474267410816,38.79065618248672,39.14676819085312,3984803
2010-09-29,39.46726989746094,40.0217832573606,39.26886411887776,39.87425189461424,2971521
2010-09-30,39.39096450805664,40.164233535258376,38.90767081065791,39.197646140460925,3444884
2010-10-01,39.029762268066406,40.0370491318606,38.84153579914256,39.43166130244946,3528689
2010-10-04,38.43962860107422,39.02975397905219,38.26666005180828,38.91783472123771,3190079
2010-10-05,38.73469543457031,39.29430066987866,38.09369557846422,38.27175158773595,4359571
2010-10-06,39.528316497802734,39.67584786706015,38.99415288066336,39.167121458961816,4169168
2010-10-07,39.1823844909668,39.68093602443915,39.01958635016838,39.55375442012109,3555550
2010-10-08,39.172210693359375,39.41639902496661,38.82118607889075,38.93310536061233,3306555
2010-10-11,39.31465530395508,39.5028862195315,39.03485043006428,39.17221136753584,1689285
2010-10-12,39.31465530395508,39.42148714547428,38.73470023084008,38.83136163128303,3123438
2010-10-13,40.5915641784668,40.68822112726529,39.33500162818388,39.33500162818388,4984770
2010-10-14,40.9527587890625,41.430964972835945,40.59665120443326,40.698395593872974,4713228
2010-10-15,41.23765182495117,41.48692758302962,40.80014072311226,40.80014072311226,5837662
2010-10-18,41.63954544067383,41.88882119305986,40.77470702655288,40.9527585964398,3300272
2010-10-19,41.48183822631836,41.64971935225512,41.25799524400925,41.25799524400925,3342876
2010-10-20,42.066871643066406,42.13300837521231,41.19694590238021,41.25799075041196,3051103
2010-10-21,42.631568908691406,42.87575721382107,41.87356234267517,41.88373722565393,4125158
2010-10-22,42.468780517578125,42.64683654871931,42.25002494944904,42.62139933810187,2638328
2010-10-25,42.35686111450195,42.98768616331055,42.27037459864675,42.73331850103493,2606271
2010-10-26,41.893924713134766,42.45352567261094,41.46150094279589,42.056714003412246,3766457
2010-10-27,41.39027404785156,42.00074933227966,40.973112678493024,41.87356772188729,4181369
2010-10-28,41.924434661865234,42.39246597555387,41.436053581079626,41.46149078995085,3326995
2010-10-29,41.75654602050781,41.89390692372095,41.16642065349647,41.74128369792858,4349709
2010-11-01,41.82269287109375,42.40773093880102,41.71586103036987,42.15336772062765,2193259
2010-11-02,42.07706069946289,42.30599117544651,41.685340945102446,41.71586560099111,1936921
2010-11-03,41.62936782836914,42.35176671649453,41.4767490333424,42.31615462757959,2299530
2010-11-04,42.44334411621094,42.80963106972412,41.90917601260262,41.97022531924848,4188523
2010-11-05,42.68244552612305,42.784189917980655,42.16862723872195,42.33142093160247,3288035
2010-11-08,43.29291534423828,43.47097134008554,42.79435944450197,42.85540429470274,3406951
2010-11-09,43.23186874389648,43.70498746752942,43.10977459270934,43.47097404801909,4000513
2010-11-10,42.30598449707031,43.06907855791892,42.168628010435626,42.93680951312925,4349032
2010-11-11,43.41501998901367,43.72534508573381,42.73332048742605,42.76384514149972,6597234
2010-11-12,43.75077438354492,43.85760621029726,42.76383740610618,42.78418717180763,4449802
2010-11-15,43.45063018798828,43.59816156638739,42.8757625575813,42.98768628429716,4907297
2010-11-16,42.3772087097168,43.16065262058402,42.37720870971679,42.91646427262746,3857869
2010-11-17,42.74857711791992,42.8350636262704,42.06179026550578,42.22458395569088,2829667
2010-11-18,43.63377380371094,43.63377380371094,42.7892806243658,42.987686424647165,3533236
2010-11-19,43.49131774902344,43.66428630808134,43.06398601421106,43.5320172789618,3661822
2010-11-22,43.46080780029297,43.79148267271196,43.38449616365112,43.66429661164221,2487529
2010-11-23,42.55525970458984,43.338703522572864,42.55017226281136,43.24204657196233,3788780
2010-11-24,43.40484237670898,43.628685382668245,42.56543665833777,42.73331780201201,3463760
2010-11-25,43.9898796081543,44.12723609708515,43.38449179120025,43.65920476906195,3267553
2010-11-26,43.68463516235352,43.86269115894176,43.1809918194062,43.75077189712459,3512675
2010-11-29,42.99785614013672,44.37142994932546,42.99785614013672,44.25951066731378,4375017
2010-11-30,42.8808479309082,43.50149806730191,42.728229117748775,43.27765951103112,3903425
2010-12-01,44.81401824951172,44.85980522204402,43.16573167015121,43.24204329103839,5681116
2010-12-02,45.93831253051758,45.93831253051757,44.70209979510298,44.98698763190284,5273525
2010-12-03,45.633079528808594,46.19776781785892,45.434673734068966,45.6076423188188,3409555
2010-12-06,45.816219329833984,46.034970431873006,45.62290099256801,45.69412517483774,2328195
2010-12-07,46.594573974609375,46.88963668972639,45.98409877875622,46.04514363243338,3460131
2010-12-08,46.28933334350586,46.54878395178849,46.090927584900335,46.14180199561457,2537482
2010-12-09,45.66359329223633,46.42159975328042,45.048030729988334,46.365637904647066,4115913
2010-12-10,46.00444030761719,46.309677850893216,45.59745395446284,45.78568480955826,2421775
2010-12-13,46.25372695922852,46.40125832531087,45.897614926679175,46.299513934517,2116789
2010-12-14,46.36056137084961,46.477572536429726,46.09602327416045,46.3046039522312,2212249
2010-12-15,47.408538818359375,47.56115760584576,46.54878350150547,46.54878350150547,5806734
2010-12-16,47.428897857666016,47.70361084022852,47.06261091879548,47.21522973612807,3356872
2010-12-17,46.9964714050293,47.815527305647656,46.9964714050293,47.393282972634935,8485804
2010-12-20,47.952880859375,48.32425519570559,46.99646853399179,46.99646853399179,2932986
2010-12-21,47.98849487304688,48.26320783366268,47.85113839273897,48.19198809429361,2706097
2010-12-22,47.82569885253906,48.02410462250017,47.48993660896802,47.91218535570324,2008292
2010-12-23,48.21742630004883,48.32934557461913,47.73922010829136,47.85113938286167,1841372
2010-12-27,48.003753662109375,48.29372892619877,47.55098472164941,48.21233430960356,1512008
2010-12-28,48.003753662109375,48.09023571994055,47.70869095678401,47.94779180851383,943373
2010-12-29,48.20216751098633,48.42091863445847,48.09024378502482,48.22760472143213,1367129
2010-12-30,47.15926361083984,48.17672526320121,47.12874340467693,48.00884413499339,1955044
2011-01-03,47.80025863647461,48.27846476491285,47.37292691845957,47.56624523488779,2032013
2011-01-04,46.89982223510742,47.90202176061637,46.81334015474483,47.71887827158709,3067436
2011-01-05,46.172340393066406,46.97613410583682,45.56694805480935,46.80825294366155,5006909
2011-01-06,45.780609130859375,46.441958792262255,45.55676613479757,46.263902772409125,3173908
2011-01-07,45.64324951171875,46.28424936190912,45.10399404738167,45.66868671897715,3609429
2011-01-10,45.17522048950195,45.64325179694855,44.8852451985986,45.64325179694855,3720111
2011-01-11,46.538612365722656,46.80315487699279,45.84165510547587,45.93831204949862,4849916
2011-01-12,47.3424072265625,47.56625021266968,46.767544101341024,46.92525034697687,3807475
2011-01-13,46.85911560058594,47.550989911468506,46.66579725570044,47.550989911468506,3397948
2011-01-14,46.33004379272461,46.80825003661844,45.81113801066594,46.80316259434783,3657250
2011-01-17,46.59966659545898,46.59966659545898,45.973929005842194,46.23337965996304,1962805
2011-01-18,46.50300979614258,46.86420484769094,46.31986632778442,46.8031599870254,3365480
2011-01-19,46.63528060913086,47.15418193873468,46.54879409207626,46.77772454698102,3292049
2011-01-20,46.11637115478516,46.86929032136639,46.04005952818203,46.54879037599444,3507663
2011-01-21,46.98120880126953,47.61712123946656,46.14689502362678,46.4216079883828,6383906
2011-01-24,47.74430847167969,47.82570309752558,46.85911581191943,47.29153503658093,20768427
2011-01-25,47.6222038269043,48.8380711639816,47.36275321365679,48.73632234060607,22876714
2011-01-26,49.57975387573242,49.842807120047006,48.40655267202391,48.48020427210633,6908611
2011-01-27,49.91645431518555,50.121634816767205,49.32722318693666,49.527142532198376,4235767
2011-01-28,49.343021392822266,50.09534399678401,49.343021392822266,49.91646922337885,3691657
2011-01-31,49.25883483886719,49.453493054222754,49.069437780545485,49.29566293810416,3249033
2011-02-01,50.042728424072266,50.29525476971695,49.60606158383696,49.706023566614725,3936656
2011-02-02,49.29566192626953,50.38468924564495,48.95895707280808,50.279470702024575,4888401
2011-02-03,49.26935958862305,49.44297318442599,48.71695645234775,49.29566537509277,2855419
2011-02-04,49.05366516113281,49.52715556988228,48.6643486807644,49.26936343723912,3023385
2011-02-07,49.4534912109375,49.66393288955081,49.0326124486077,49.19044255884347,2455671
2011-02-08,49.47453689575195,49.5429319361046,48.874783383016286,49.11678741293188,3354997
2011-02-09,49.41140365600586,49.95328904424503,49.33249089562175,49.47453754023072,2585197
2011-02-10,49.29566192626953,49.66393372128616,48.822171587632525,49.41140278374163,2589650
2011-02-11,49.81123733520508,50.02694015614536,49.0010422111787,49.3745751317372,3329177
2011-02-14,49.98486328125,50.39521980390898,49.96381865010376,50.19004384002831,2642924
2011-02-15,49.89541244506836,50.295246525952834,49.47452914478387,50.26894074532303,2568636
2011-02-16,50.97918319702149,51.18436371017274,49.97959100924486,49.97959100924486,4272756
2011-02-17,51.18436050415039,51.400058722127625,50.76873834726448,51.18962166043746,3323426
2011-02-18,51.557891845703125,51.69468191720557,50.97918299970218,51.2632762661064,13241715
2011-02-21,50.92658996582031,51.97879409858532,50.58988501092737,51.26329492071325,3489069
2011-02-22,50.2584228515625,50.84765860478448,50.21633819375111,50.5056926163253,4101844
2011-02-23,48.65381240844727,50.25841909917009,48.52228809845127,50.24263563058302,5031244
2011-02-24,49.3535385131836,49.50610748107159,48.00671899398149,48.39603544715623,3732383
2011-02-25,49.53767395019531,49.66393713018576,49.13257402889185,49.60606440002892,2947145
2011-02-28,51.34220886230469,51.50003901216685,49.14836564381245,49.30093463551594,5108641
2011-03-01,50.66878890991211,52.041909561868266,50.34786751592152,51.39480561677585,4146418
2011-03-02,50.13742065429688,50.41099160606544,49.82702160654885,50.1111148714544,3046794
2011-03-03,50.631961822509766,51.14228028781111,50.24264537828894,50.32156273653524,2928181
2011-03-04,50.190032958984375,51.363238726757,49.91119625164513,50.66352327243087,3051734
2011-03-07,49.76389694213867,50.72666120306162,49.737595749322765,49.97959980649046,2391195
2011-03-08,49.60079956054688,50.25842579301128,48.901088667808,50.032205236259166,2982679
2011-03-09,49.39036560058594,50.03746956021516,49.14309580570068,49.39036560058594,3096624
2011-03-10,48.64330291748047,49.07996521212961,48.16981251975433,48.92213507955423,3776062
2011-03-11,48.0119743347168,48.35394033042591,47.8909723255126,48.14875981402111,3772580
2011-03-14,47.259647369384766,47.74366459664204,45.92861607656565,47.34908703340499,4937311
2011-03-15,46.84930038452149,47.1544383453113,44.47132599652985,45.66557205084557,11825100
2011-03-16,45.47090530395508,47.60687522489458,45.41303717421989,47.35434888902141,6155058
2011-03-17,47.45957565307617,47.76997476736373,45.90231892394209,46.13906183048122,6457135
2011-03-18,47.55952835083008,49.05365549038558,47.55952835083008,48.42759163161983,11889263
2011-03-21,49.09574890136719,49.09574890136719,48.40656022951741,48.83270021088078,4525844
2011-03-22,48.14351272583008,49.08523248094638,47.99620489007936,48.99053622757022,3721169
2011-03-23,48.19085693359375,48.29081433231338,47.48588020030525,47.75945579846504,3007396
2011-03-24,48.93265151977539,49.069437005598346,48.05406587837928,48.19085136420223,2851717
2011-03-25,49.41140365600586,49.83754818472975,49.13783268082538,49.32196858158427,3331826
2011-03-28,49.59554672241211,49.90594584157074,48.995793115210375,49.04840469299917,2330906
2011-03-29,49.57449722290039,50.06903222085703,48.93791557376114,49.97959714229656,2849378
2011-03-30,50.66878890991211,51.0633619085628,49.979595707929896,50.08481425525734,3614684
2011-03-31,50.87923431396485,51.09493719585575,50.42152735522854,50.48992240884447,3302259
2011-04-01,52.283912658691406,52.289173815245626,50.94235449653883,50.96866027930992,4426172
2011-04-04,51.636817932128906,52.084002533788485,51.4105927551072,51.93143356157763,2758742
2011-04-05,50.96341323852539,51.994572639381325,50.16374019527514,51.36325205759943,5983373
2011-04-06,51.478981018066406,51.478981018066406,50.77400438737436,51.30010628199683,2662067
2011-04-07,50.65826797485352,51.52633594735333,50.46360975133572,51.52633594735333,3000990
2011-04-08,50.65301513671875,51.15281137328605,50.547796569245925,50.92658616908686,2556830
2011-04-11,50.200565338134766,50.61618301181239,49.92698973258606,50.34787315886212,2917395
2011-04-12,48.93265151977539,49.8112417560684,48.84847760346008,49.52714847052097,3718022
2011-04-13,49.31670379638672,49.86911145802331,49.090478656121086,49.34827073617681,3213423
2011-04-14,49.03261566162109,49.37458168868979,48.50651372806178,49.19044578219918,2696965
2011-04-15,49.81123733520508,49.91119471350124,49.34826934931807,49.40087631925982,4505957
2011-04-18,48.62751770019531,50.21634587901136,48.44338178631377,49.979598391193,3480390
2011-04-19,48.585426330566406,49.20622909136213,48.45916315350004,48.86426306542195,2273216
2011-04-20,50.22160720825195,50.37417617829347,49.30618879310556,49.44823544832371,3671967
2011-04-21,50.48991394042969,50.75822376212513,50.15320907658987,50.605654801469306,2437049
2011-04-26,50.95287322998047,50.97917901090345,50.21633433861819,50.37416442925984,2023396
2011-04-27,51.12123489379883,51.61050872291138,50.9318378317396,51.03179981735542,2401110
2011-04-28,51.68416213989258,51.81568646635543,51.042319383244696,51.40006426465253,3129390
2011-04-29,51.67363739013672,51.8209451802182,51.32641024391015,51.8209451802182,2094105
2011-05-02,51.46846008300781,52.12082516324149,51.46846008300782,51.97877852091924,1731952
2011-05-03,51.23698043823242,51.49477256663981,50.79505698297367,51.18963461456371,2832466
2011-05-04,49.77968215942383,51.03180553417976,49.51663346286626,50.76875224272462,5092534
2011-05-05,49.87436676025391,50.363640484877926,48.89055815499175,50.31102892473682,4061881
2011-05-06,50.47939300537109,50.66879007081753,49.72180933848252,50.10586003171,3643065
2011-05-09,49.90594100952149,50.54252725443673,49.432450639960045,50.01116415491104,2895091
2011-05-10,50.52148818969727,50.979195137861225,49.98486387379933,50.20582790855676,2908899
2011-05-11,50.500431060791016,50.90026517366845,50.19003201431493,50.76874085489162,2038059
2011-05-12,49.85858917236328,50.14794359747267,49.42718351811988,50.03220274640824,3557924
2011-05-13,48.995792388916016,50.147953761128015,48.83796225278688,50.13743144572624,3196878
2011-05-16,49.085227966308594,49.25884157727839,48.42760162670431,48.66434913071679,3217875
2011-05-17,48.45916366577149,49.25883658884143,48.45916366577149,48.92213171650702,2956428
2011-05-18,48.27501678466797,49.022082560613775,48.19610403919116,48.853730162714335,2872023
2011-05-19,49.36931991577149,49.84281027160034,48.48546849461938,48.49072965173627,3973639
2011-05-20,48.2697639465332,49.44296977797234,47.98040950509624,49.13783186574097,5400948
2011-05-23,47.401702880859375,47.71736312199453,47.17547771692377,47.64370692144434,3546877
2011-05-24,47.80678939819336,48.12244958121698,47.66474277532235,47.67000393153595,2673335
2011-05-25,47.39117431640625,47.70683451591119,46.89663939119564,47.45430359936934,3595029
2011-05-26,47.25439453125,48.03302281076966,46.95977432733438,47.86467037777376,2995493
2011-05-27,47.34908676147461,47.84362170440918,47.08603811742508,47.80679360767118,2643868
2011-05-30,47.55426788330078,47.84362231442392,47.349087365183934,47.349087365183934,1092650
2011-05-31,48.92738723754883,49.35879289016125,47.96462314643782,48.08036859196129,4699350
2011-06-01,48.08036804199219,49.05365443519962,47.95410028468363,49.00104286965439,3309607
2011-06-02,47.259647369384766,47.85414429259387,47.259647369384766,47.62265799237938,2228317
2011-06-03,47.87519836425781,48.26977141043968,47.42801374062599,47.7699752093579,3265794
2011-06-06,47.45957565307617,48.03302805728199,47.39644635561793,47.71736778529812,2161105
2011-06-07,47.51744079589844,48.03828153992662,47.51744079589843,47.75944941636583,2442056
2011-06-08,47.07552337646485,47.54375261133275,46.85455935539007,47.40696711062832,3143272
2011-06-09,47.96989059448242,48.24346158453362,46.93347476973239,47.175478815955245,3440140
2011-06-10,47.06500244140625,48.0909006191158,46.89138883294928,48.0909006191158,3197885
2011-06-13,47.07025909423828,47.396441649225366,46.83877277348415,47.22282805738404,1348797
2011-06-14,48.0067253112793,48.322385603268486,47.53323487329552,47.55954066344426,3139112
2011-06-15,47.80678939819336,48.4170651393862,47.73313780609918,48.05405914533641,3830717
2011-06-16,47.780494689941406,47.90676246832959,46.91769244033941,47.40170513946882,4182863
2011-06-17,48.406551361083984,48.64329422016923,47.1491670879834,47.64370202761752,9544682
2011-06-20,48.2171516418457,48.55911761479397,47.51217507054972,47.71209441694809,2911498
2011-06-21,49.17992401123047,49.17992401123047,48.31711719825169,48.48546963505493,3119276
2011-06-22,48.79586791992188,49.06418233988432,48.25924367489407,48.66434358596625,3667158
2011-06-23,48.19085693359375,48.716958904780725,47.99093754125706,48.3539482230189,3063770
2011-06-24,48.5906867980957,49.432448958086376,48.43811783736899,48.92739166209198,4682567
2011-06-27,48.81691360473633,49.07996227833888,48.06459108990706,48.45390294304296,3477310
2011-06-28,47.87519836425781,49.29566960132821,46.70199235140701,48.70117715573411,9955866
2011-06-29,49.17992401123047,49.232535583636846,48.14876476144844,48.20663749109545,5059467
2011-06-30,49.82176971435547,50.07955724435424,49.13783761286008,49.32723468964776,3917833
2011-07-01,49.926979064941406,50.216338081766914,49.30618096846944,49.75336549280474,3398842
2011-07-04,49.66918563842773,50.1637205127716,49.47978861922642,49.92697309004596,1645368
2011-07-05,49.70076370239258,49.97959584023148,49.45349391240753,49.474538540908135,2351990
2011-07-06,49.95329284667969,50.22686384268434,49.67446069325583,49.84807429319267,2979000
2011-07-07,50.11111831665039,50.47939011197095,49.95328820364113,50.21634145525448,2508729
2011-07-08,49.81123733520508,50.60564898977999,49.61131798371628,50.4530800466456,2998870
2011-07-11,49.00630569458008,49.87963473787976,48.83269211726687,49.479796015917,4094597
2011-07-12,48.91687774658203,49.21149799933568,47.67528121923337,48.24346790296994,4717083
2011-07-13,49.532413482666016,49.96907575887488,48.80113098918049,48.94843880037019,3551770
2011-07-14,49.16414260864258,49.67446109777035,49.07470752668491,49.137836821332286,2689431
2011-07-15,48.95369338989258,49.03261073970842,48.44863613576114,48.664338963694455,4441598
2011-07-18,48.23819732666016,48.41181089512215,47.89097018973617,48.3749827998643,3815109
2011-07-19,48.92738723754883,49.300920167399525,48.20137059920285,48.38550648582085,3236528
2011-07-20,48.66434860229492,49.07996627562018,48.19611935200538,49.03262045124987,3801238
2011-07-21,49.14835739135742,49.258837099241006,48.04880768510532,48.92739338069308,3605456
2011-07-22,49.03261566162109,49.90594018453451,48.80639049767043,49.42718866561775,3021715
2011-07-25,49.24831008911133,49.52188564644437,48.39603026116055,48.54333805592599,2356813
2011-07-26,49.22201156616211,49.36931936890622,48.75377777773973,49.30092432714427,2296228
2011-07-27,47.95410919189453,49.51137046721704,47.74367208041918,48.795871422488126,4666527
2011-07-28,47.4174919128418,47.606884403814405,46.29689287101759,46.55468500827625,5432923
2011-07-29,47.022911071777344,47.34909364335767,46.3074120393183,46.48102563999153,4822578
2011-08-01,45.24994659423828,47.53322434484044,44.26087667310852,47.4017000181268,6790058
2011-08-02,44.23457336425781,45.09738016382306,44.11357134450145,44.71858603818036,6933506
2011-08-03,42.74571228027344,43.9504852473608,41.8460772745677,43.676909637755024,10622467
2011-08-04,41.05692672729492,43.40333877641382,40.81492265840512,43.40333877641382,9045095
2011-08-05,40.031028747558594,41.4567657593855,38.69473601368153,39.52071481796919,13306113
2011-08-08,38.1423225402832,40.08889550715552,37.82666230754158,39.399702314207424,10501336
2011-08-09,39.05773162841797,39.24186750799378,35.680165703780816,38.12127335619489,14515765
2011-08-10,37.09537887573242,40.34142288330048,36.569277002715296,40.33090057014634,11708227
2011-08-11,38.02657699584961,38.510589628664775,36.15365804768475,38.510589628664775,10416071
2011-08-12,38.98408889770508,39.42601235223346,37.405785266299645,38.1633712850681,7320750
2011-08-15,39.173484802246094,39.95211313065979,39.073522810657536,39.64697518823675,3789665
2011-08-16,39.2734375,39.27869865682255,37.65304714762262,38.56846086536551,4682639
2011-08-17,39.0629997253418,39.8258491612516,38.31593835637404,38.82625683446425,4191840
2011-08-18,36.71658706665039,38.73155272429202,36.33779525687591,38.48954869654734,8644505
2011-08-19,35.91165542602539,36.70606949423711,34.98571702137822,36.50615011350871,9738427
2011-08-22,36.09579086303711,36.91124725215128,35.40133649426966,35.432903437376744,4284641
2011-08-23,36.421974182128906,37.33739027948846,35.70647746707433,36.64819705345925,4276805
2011-08-24,37.32686233520508,37.96870504877746,36.14839544318978,36.68501962163271,5685393
2011-08-25,37.09012222290039,38.07393105289378,35.84852358167284,37.65304996286338,6922775
2011-08-26,36.64294052124024,37.13221442672068,35.66965386823821,37.03225472295127,4964301
2011-08-29,37.02172088623047,37.55834271559917,36.927022375765866,37.36894569466997,2735463
2011-08-30,37.01120376586914,37.70565577760822,36.43775376409554,37.6688299779246,4196963
2011-08-31,37.816139221191406,38.17388870296529,37.09012024122245,37.3531688981696,7205226
2011-09-01,37.63726806640625,37.93188599048213,36.69554845472744,37.85296862894056,5325035
2011-09-02,36.71133041381836,37.542570331993325,36.39040899315506,37.22691006887853,5160250
2011-09-05,34.70161819458008,36.06421864961768,34.354391060939044,35.93269433412248,6093370
2011-09-06,34.56483840942383,35.32242208343834,34.09134574135401,34.354396713070884,6696390
2011-09-07,35.93269729614258,36.30096678835542,35.42764002329492,35.69595213026682,5690229
2011-09-08,35.617042541503906,36.18523148630147,34.96993623185372,35.937963968776195,4900557
2011-09-09,34.1755256652832,35.32768707050008,34.033478998187654,35.154073456294924,6084549
2011-09-12,33.90721130371094,34.1913069168887,32.686657223190764,33.14962759680096,8508662
2011-09-13,34.10712814331055,34.61744659889265,33.170667448557325,34.60166312754399,6246604
2011-09-14,35.16985321044922,35.26981290160953,33.723076308342456,33.723076308342456,5802135
2011-09-15,36.58506393432617,37.08486007175141,35.63808093277627,35.759085248050646,7220490
2011-09-16,36.8691635131836,37.39526552568967,36.2588875680234,37.35317626191372,11640441
2011-09-19,36.09579086303711,36.40618994712924,35.62230050112215,36.143138980249184,4605811
2011-09-20,36.942813873291016,37.13220863793723,35.69595409315619,35.74856336709427,3956429
2011-09-21,36.37988662719727,36.94281669940688,35.937963178433854,36.88494396645434,3517025
2011-09-22,34.854190826416016,35.39081275549875,34.40174511144905,34.922583569613494,6843092
2011-09-23,34.47539520263672,35.35398304808531,33.023355095204934,35.21193642041149,6633696
2011-09-26,34.93836975097656,35.659127635123994,33.57050788856586,33.57050788856586,5600956
2011-09-27,36.49563217163086,36.65872347112649,35.56969365604479,36.30097392483329,5225735
2011-09-28,36.21678924560547,37.08485711937212,35.70647313210593,36.15891881983713,4744815
2011-09-29,36.64294052124024,36.99542891468815,35.748568940172184,35.88009559169474,3474774
2011-09-30,35.8380012512207,36.3746255023128,35.21194192239516,36.13787802259957,4100327
2011-10-04,34.54905700683594,34.88050074561176,33.84934142610977,34.86471727282268,4732077
2011-10-05,36.09579086303711,36.38514531839117,34.70688442295076,35.248767530815854,4649871
2011-10-06,37.43208312988281,37.48995585489052,35.890607833469666,36.13787531161197,6288523
2011-10-07,37.905574798583984,38.51058943788151,37.384734071365,37.458387967519954,5347987
2011-10-10,38.82625198364258,39.162956822070434,37.8056151549771,38.20545157624809,3789863
2011-10-11,38.32645797729492,38.65790167714576,37.91609922021525,38.61581242131786,4782971
2011-10-12,38.97356414794922,39.23135166493002,37.62148348587729,38.35276367091649,5031574
2011-10-13,38.87887191772461,39.4207527939253,38.573729358875696,38.72629834085132,4469931
2011-10-14,39.3734016418457,39.91002128762744,38.94199594849928,39.16295995228396,3577339
2011-10-17,38.8946418762207,40.13098151685158,38.51585008706514,39.74692627363109,3606348
2011-10-18,39.0524787902832,39.24713240634844,38.22123667473217,38.49480994197244,3041357
2011-10-19,38.615814208984375,39.31026858270579,38.27384817934571,39.21556775270898,3631667
2011-10-20,37.8319206237793,38.42115408612732,37.30581874374934,37.98448957165142,5491700
2011-10-21,38.93673324584961,39.04195638390232,37.78983320535309,38.13179921423068,5292504
2011-10-24,39.74166870117188,40.0047219608304,38.95777926908147,39.247133719298525,3467596
2011-10-25,39.72587966918945,40.29407077080468,39.07351466079589,39.66801154418447,4222265
2011-10-26,39.53649520874024,40.49399828913751,39.19979032388654,39.66801954925242,3278114
2011-10-27,40.9306640625,41.025360309177685,40.52030753369977,40.772833921438725,6697996
2011-10-28,41.13583755493164,41.74085222587518,40.62551911439172,41.035875572669966,5043628
2011-10-31,40.09941864013672,41.0674439862993,40.09941864013672,40.58869247036771,4392414
2011-11-01,38.71051788330078,39.173485968166695,38.06867273719061,39.07878513121158,5923136
2011-11-02,39.089298248291016,39.37339609740757,38.5158482860319,38.96303509029277,3977912
2011-11-03,39.84162902832031,40.446643689038766,38.147582464432446,38.27910679134122,5659635
2011-11-04,38.95778274536133,40.22568495828028,38.64212248152173,39.983680900288725,4689365
2011-11-07,38.32120132446289,38.768385935504114,37.789838191871816,38.40537754856402,4528850
2011-11-08,38.578983306884766,39.331310355415866,38.32119581151896,38.457981294461845,3667001
2011-11-09,38.06867218017578,39.24187584800029,37.48469977630499,39.07878455941695,5228074
2011-11-10,38.09497833251953,38.74734353244115,36.81655372217276,37.06908240899231,5558521
2011-11-11,39.005126953125,39.0682562389032,37.80035422785588,38.14232022505152,4109627
2011-11-14,38.621070861816406,39.32604746776022,38.34223875136258,39.14191158136162,3594017
2011-11-15,38.47903060913086,38.9209540528322,37.74775039632748,38.279111219755,3503891
2011-11-16,38.46324920654297,39.05774165428421,38.00554226576804,38.31068022628466,3458977
2011-11-17,38.40011215209961,38.89990598649009,37.79509517738706,38.33171940833874,3741869
2011-11-18,37.8845329284668,38.87886634253116,37.753008596644506,38.05814651683927,4938357
2011-11-21,36.82706832885742,37.6530469716536,36.65345474942144,37.6530469716536,4529068
2011-11-22,36.37988662719727,37.33213087020761,36.37462776710484,37.12168916345947,2775013
2011-11-23,35.77486801147461,36.9585938681815,35.77486801147461,36.17470445401439,4806758
2011-11-24,35.559165954589844,36.358841154749406,35.33294309220225,36.11683482110136,3283357
2011-11-25,36.09052658081055,36.40618679475449,35.08041205823125,35.6380785893621,3596908
2011-11-28,37.48995590209961,37.63200254149152,36.45879673368084,36.5640175727426,4660851
2011-11-29,38.01080322265625,38.16337220210828,37.19008329284919,37.33213225427762,3569351
2011-11-30,39.45231246948242,39.89949701734312,37.46891147445854,37.553087686666814,7157571
2011-12-01,39.14191818237305,39.66275898975443,38.64212200497444,39.51019001727674,4094447
2011-12-02,39.541751861572266,40.04154803257796,39.30500896708907,39.61540806556982,3342891
2011-12-05,39.82585144042969,40.24673026768566,39.53123580186076,39.81532912513098,2882745
2011-12-06,39.77323532104492,40.194114100228205,39.510186658417496,39.55753247695636,3569945
2011-12-07,39.56805419921875,40.65182496560263,39.03143456789347,40.33090358024264,3910519
2011-12-08,38.75259780883789,39.9784152174146,38.33171903632516,39.72062312102439,4893384
2011-12-09,39.326053619384766,39.57857998629815,38.063410297574514,38.13180304673429,4607076
2011-12-12,38.263328552246094,39.23661278141064,38.2265004513165,39.14191654534602,3571969
2011-12-13,38.4737663269043,38.98408477641018,38.11601683705512,38.358023169174125,3522958
2011-12-14,37.921363830566406,38.44220233672843,37.774053719202186,38.30015568027048,3449849
2011-12-15,37.63726806640625,38.23176277454545,37.516266040273166,37.70039965819085,4691452
2011-12-16,37.56887435913086,37.94240733777408,37.37947729115828,37.82666417458004,10182679
2011-12-19,37.48469543457031,38.09497125796425,37.19534099364011,37.35316880896241,2873825
2011-12-20,38.36328125,38.463240928554,37.21638126856561,37.74774430367752,3466898
2011-12-21,37.97923278808594,39.07878248968058,37.77405225011651,38.473767785175454,3966849
2011-12-22,38.05289077758789,38.58425163504736,37.82666788376751,38.25806904013695,2729250
2011-12-23,38.23176574707031,38.56320720407122,38.079196764458345,38.358028940456485,1367626
2011-12-27,38.44219970703125,38.58424635377228,38.210715687077744,38.210715687077744,1098600
2011-12-28,38.06340789794922,38.91569007617328,38.06340789794922,38.51059246673595,2197006
2011-12-29,38.621070861816406,38.621070861816406,38.05288203024358,38.27384371545293,1991078
2011-12-30,38.89990234375,38.91568581332028,38.389586243115325,38.7210322117465,1369497
2012-01-02,39.68906784057617,39.89424380894962,38.947262956017966,38.9735687455268,3129172
2012-01-03,40.39403533935547,40.557126620494486,39.9152838105214,39.98367885531079,3616296
2012-01-04,40.19411087036133,40.59394958411816,39.87845066261504,40.37824675736277,3041125
2012-01-05,39.92580795288086,40.14677197434186,39.67854273865556,40.052071138759686,3366506
2012-01-06,40.04680633544922,40.53082359456604,39.6101440847098,40.088895591876245,2942593
2012-01-09,39.85215759277344,40.19938481100827,39.61541009128695,40.06785586857269,2564513
2012-01-10,39.85215759277344,39.97315962491663,38.83152056885864,39.19453126018574,7084772
2012-01-11,39.72062683105469,40.062592875929376,39.41022773091871,39.8784569598509,3850962
2012-01-12,39.81006622314453,40.23620618937791,39.49966712522813,39.83111085281986,3158368
2012-01-13,39.71536636352539,40.33090801193129,39.39444494290153,39.99946427621174,3766546
2012-01-16,40.031028747558594,40.14677421974376,39.4365362927436,39.5891052748173,2455214
2012-01-17,40.71495819091797,40.74652513578847,40.25725127498784,40.35721326707775,4321217
2012-01-18,40.978004455566406,41.130573401427256,40.47294720878328,40.651821937533335,4168473
2012-01-19,41.22001266479492,41.29893002149681,40.70969420948051,41.06218254628819,4449273
2012-01-20,41.06218338012695,41.351537837448966,40.84648052899195,41.351537837448966,5224064
2012-01-23,41.24631881713867,41.42519356568985,40.62552065181831,40.883308162876055,4502870
2012-01-24,40.71495819091797,40.71495819091797,39.457578312755366,39.878457126336585,9468660
2012-01-25,40.47509002685547,41.19078197388172,40.18881276721784,41.00910625181704,5557621
2012-01-26,40.50812530517578,40.87147196305116,39.963095701819576,40.49160889232624,5508085
2012-01-27,40.07870864868164,40.50262030015346,39.94658215263688,40.45307106103482,3974567
2012-01-30,39.78141784667969,40.29891766354579,39.649291359202905,39.847483494553735,3339578
2012-01-31,39.7153549194336,40.18330790825893,39.56120654810372,39.85849475349905,4062116
2012-02-01,40.260379791259766,40.66226951283446,39.45660275224592,39.54468787427298,5297159
2012-02-02,40.84944915771485,41.08617959494633,40.282404895758745,40.38700403317464,5040684
2012-02-03,41.7468147277832,41.93399591801936,40.530139395383785,40.68979323289828,6338694
2012-02-06,41.72478866577149,41.89545342727807,41.40548102272957,41.70277159407095,2603139
2012-02-07,41.76333618164063,41.88995721117647,41.33942932336085,41.680758921777,2829606
2012-02-08,41.84040069580078,42.32486759747441,41.76332412113273,41.93398887105585,2869643
2012-02-09,41.57615280151367,41.96152614951321,41.31189981379896,41.730301179059175,4492136
2012-02-10,40.94304656982422,41.289881652638734,40.44756856698519,41.16326061828778,4249316
2012-02-13,41.00910568237305,41.31740241605906,40.82742996283108,41.28987506336009,2319714
2012-02-14,40.73934173583984,41.41649536754181,40.52463319673965,40.87146821825876,3339113
2012-02-15,40.71182632446289,41.1412435286121,40.46408969829972,40.93204039859768,3311385
2012-02-16,40.79439926147461,40.79990473230077,40.07870728716026,40.420036861838966,3637411
2012-02-17,40.95956039428711,41.2733626287502,40.76687371509869,41.10269783384293,4511934
2012-02-20,41.34492874145508,41.56513794103282,40.93202807777239,41.28987403742509,3163931
2012-02-21,41.27336120605469,41.72479539344235,41.1192128296718,41.438520524198616,2858288
2012-02-22,41.2017936706543,41.59817313747846,41.12471708061352,41.36144751318167,2530337
2012-02-23,41.15224456787109,41.6036787433336,40.83844235251424,41.31189841091707,3399028
2012-02-24,41.3008918762207,41.39448008043149,40.97057321341385,41.31740829018824,2533056
2012-02-27,41.014610290527344,41.17426412455321,40.634742447811234,41.00359934967927,2631797
2012-02-28,41.17977142333984,41.48256269356328,40.865969211779465,40.865969211779465,3448338
2012-02-29,41.212799072265625,41.81288094497432,41.09168352690851,41.39998026505642,3879819
2012-03-01,41.5321159362793,41.64772602319911,41.0916878568549,41.14123709765129,3075747
2012-03-02,41.32841873168945,41.5486327736477,41.014616486655264,41.4330178772769,2440119
2012-03-05,40.88798141479492,41.27335469913215,40.62372847073386,41.22380546901917,3459576
2012-03-06,39.94107055664063,40.667773385854005,39.70434255178356,40.64024603500942,5840483
2012-03-07,40.3759880065918,40.45857005857621,39.99061711800837,40.315430239272,3545147
2012-03-08,41.11921310424805,41.26235053982572,40.5081250655164,40.72282881474714,4058591
2012-03-09,41.11370849609375,41.39447790222372,40.9265272892499,41.07517019886409,2901366
2012-03-12,41.17977142333984,41.267854145764105,40.92101911019289,40.9815792875461,2216862
2012-03-13,41.82389068603516,42.09915459256726,41.207292419161945,41.289874476084265,3582331
2012-03-14,42.08815002441406,42.24229841240493,41.8569298465637,41.878951731744095,3441698
2012-03-15,43.21122741699219,43.39840858986048,42.038595957751696,42.060613029614935,6721750
2012-03-16,43.88288116455078,43.98197482961117,43.3708868104841,43.43694765110057,13705108
2012-03-19,43.75075149536133,43.87737250492252,43.20572435646181,43.79479044981454,3072595
2012-03-20,43.1837043762207,43.65716042153675,43.062588831668045,43.580088641647336,2799352
2012-03-21,43.26627731323242,43.52502959656121,42.74327208481158,43.34885936374292,3084330
2012-03-22,42.89743041992188,43.2662825318796,42.36341418702156,43.238759986660526,4051949
2012-03-23,42.58912658691406,42.99652178019902,42.20926355391556,42.99652178019902,3563933
2012-03-26,42.44599151611328,42.66070006545624,42.14870571442079,42.53958451815029,3298145
2012-03-27,42.31937026977539,42.58362324579382,42.121178133625904,42.50104599388981,4097038
2012-03-28,41.83489990234375,42.28633403676226,41.80186708093658,42.06612484392301,3520248
2012-03-29,41.25684356689453,41.81288168448159,40.93753588186036,41.71378801984978,4903454
2012-03-30,41.61468505859375,41.73029512290696,41.36144304947512,41.45503123329613,3064760
2012-04-02,42.082637786865234,42.14319796137414,41.39997868912188,41.62569816765673,3408216
2012-04-03,41.70277786254883,42.38543701118788,41.62570127106376,42.09915733680052,2874312
2012-04-04,40.69529724121094,41.67524692153562,40.60170905359121,41.51559308975769,4556574
2012-04-05,40.67327880859375,41.13021840726829,40.15577663399632,40.926520819526814,4261392
2012-04-10,39.89152526855469,40.58519534532658,39.89152526855469,40.17780253323163,4662688
2012-04-11,40.150272369384766,40.469582435990816,39.71535223416587,39.91354435769576,3699698
2012-04-12,40.19431686401367,40.60170965501286,39.91354508458891,40.44205582087002,4526564
2012-04-13,39.41256332397461,40.19982399039793,39.241898541945424,40.128252871884825,4578202
2012-04-16,39.49514389038086,39.80344063761912,39.11527602297912,39.25841585917036,2806640
2012-04-17,40.15577697753906,40.22734568612836,39.1097664873412,39.36301090457627,4787701
2012-04-18,39.164825439453125,39.99612748995733,39.06572936906232,39.92455877360168,5081391
2012-04-19,38.46014404296875,39.25841566516426,38.33352061974868,39.02719070174251,6863493
2012-04-20,38.91157531738281,38.93910026326624,38.06926004402598,38.18487250996956,6397940
2012-04-23,37.9316291809082,38.641815598506575,37.72793159324707,38.59226636706365,4819328
2012-04-24,38.4326171875,38.58126009153002,37.75546350899021,38.05825478787623,3908971
2012-04-25,38.82899856567383,39.26942177399034,38.41609790115683,38.67484779821394,5753689
2012-04-26,38.71338653564453,38.9886528471048,38.30599374099926,38.72990294707655,4398506
2012-04-27,38.85652542114258,39.15931909637733,38.25094047480873,38.46014355254443,4067191
2012-04-30,38.52070236206055,39.09325690382417,38.48216647036892,39.04921313716432,3093013
2012-05-02,37.95915985107422,39.04921178437812,37.76647318688411,38.7684399940556,4060962
2012-05-03,37.97566986083984,38.60327417510944,37.86005740098928,38.04173309326792,3792805
2012-05-04,37.27099990844727,37.959164591521294,37.16089288599736,37.816024741095625,4302144
2012-05-07,37.18290710449219,37.20492658113317,36.368119152983226,36.49474256331227,3059042
2012-05-08,36.59383773803711,37.11684540751722,36.44519484489493,37.04527429202193,3691787
2012-05-09,36.83057403564453,36.89663728712443,36.34059911050681,36.87461540191915,5030371
2012-05-10,37.2765007019043,37.535250609502384,36.84158054214854,37.14987728135663,4707206
2012-05-11,37.58479690551758,37.63434373642151,36.770011304001066,37.08931897993573,3170546
2012-05-14,36.94067001342773,37.37008705795149,36.51125537303936,37.27099100184103,3633068
2012-05-15,36.637882232666016,37.26548904443285,36.285541735122216,37.18841486111209,4239780
2012-05-16,36.57732391357422,36.95718935396082,36.09836000508385,36.28003572166962,4060274
2012-05-17,36.28554534912109,36.73147648599767,36.26902893587829,36.69844365951205,2208272
2012-05-18,36.34059143066406,36.56631089804507,35.80657765624058,35.97724242224308,5399701
2012-05-21,36.566314697265625,36.83057007893215,36.12038359044488,36.23049060050652,2904397
2012-05-22,37.21593475341797,37.35907456368266,36.77000612567586,36.81955294960212,3608166
2012-05-23,36.47822952270508,36.990223873244105,36.35160610067816,36.94618251175802,5099148
2012-05-24,36.92416000366211,37.18841538051072,36.31857506556765,36.77551470134151,4140878
2012-05-25,37.75545883178711,37.953650948698616,37.22694812278005,37.4306457098355,4919239
2012-05-28,37.51322555541992,38.20139009395498,37.45817085369043,37.96466208892451,1950139
2012-05-29,37.74444580078125,38.12981907296999,37.4471600460165,37.81601450455294,3300569
2012-05-30,37.0562858581543,37.727934027974406,36.995728086618136,37.59030207335525,4308660
2012-05-31,36.6158561706543,37.1773996760626,36.31857041237311,37.07830362192376,5484344
2012-06-01,35.70197677612305,36.63237480082656,35.37165817839499,36.62686933058872,5825565
2012-06-04,35.45424270629883,35.72400357266506,35.2395341457506,35.41019893833579,3003709
2012-06-05,35.322113037109375,35.66894808571988,35.03583816812885,35.66894808571988,2511384
2012-06-06,35.76803970336914,35.91117712003538,35.26155087071194,35.5368171678001,4215598
2012-06-07,35.80107116699219,36.28553810051965,35.608384525923285,35.83410158274362,3549990
2012-06-08,35.92770004272461,36.09285937008657,35.52030719550749,35.729510292371785,3035800
2012-06-11,35.823097229003906,36.59934694974682,35.52030355709875,36.34059463869687,3644724
2012-06-12,36.23048782348633,36.54979548364131,35.52030138943393,35.900169222755586,4424097
2012-06-13,35.724002838134766,36.494747124418325,35.520305223765575,36.22498626359872,4600269
2012-06-14,35.69647216796875,35.883653352304606,35.250541088612266,35.72399951982271,3866046
2012-06-15,36.65990447998047,36.66540995056791,35.8120860508711,35.889160234959625,12328368
2012-06-18,36.45070266723633,37.01224626177251,36.25251293163742,36.96820249554895,4351394
2012-06-19,36.96820068359375,36.99572803613426,36.32958533773877,36.44519541013771,3119801
2012-06-20,37.1058349609375,37.11133802729796,36.70394523126821,37.0397693149849,2400210
2012-06-21,36.714962005615234,37.08381897091304,36.56081361550557,36.74248936246909,4336462
2012-06-22,36.1699333190918,36.6654112649089,36.08184819067082,36.40666135043077,3025094
2012-06-25,35.272560119628906,35.91117539794836,35.17896953502427,35.817587217479065,3801792
2012-06-26,34.744049072265625,35.53681509617635,34.204527449920576,35.44872998240849,5843436
2012-06-27,35.057857513427734,35.12392316368052,34.40823118569463,35.057857513427734,3357080
2012-06-28,34.716529846191406,35.30560083519285,34.49081274115525,35.19549381618542,3390214
2012-06-29,36.41216659545898,36.439691545076585,35.43772471808501,35.652433269089315,5499395
2012-07-02,36.96269226074219,37.25998043202739,36.24700038493868,36.445192499128815,3982954
2012-07-03,37.13886260986328,37.16638996029047,36.577321490096544,36.96269237540011,3058229
2012-07-04,37.1553840637207,37.33705979293062,36.88562320532223,36.93517244281715,1752449
2012-07-05,37.2104377746582,37.84355011541139,36.885624599788166,37.11134170005775,4215039
2012-07-06,36.68743133544922,37.41413425767335,36.68743133544922,37.16639528077033,2899160
2012-07-09,36.57732391357422,36.82506287142693,36.37362631518761,36.758999630159984,2783993
2012-07-10,36.858097076416016,37.221448546914566,36.30756680378822,36.5553057870911,2782261
2012-07-11,36.97920989990234,37.22144337855426,36.549795240976295,36.58282806248425,2235627
2012-07-12,36.68743133544922,37.09482656354978,36.46171424204044,36.81956023227895,3252913
2012-07-13,37.45267105102539,37.45267105102539,36.6433885023055,36.79753687230863,2594323
2012-07-16,37.58479690551758,37.62333519943723,37.21593999454336,37.386604773630594,2099031
2012-07-17,37.57929229736328,37.97567657023386,37.386605631614295,37.71692666038499,2244683
2012-07-18,38.09678649902344,38.140827853883465,37.48019070203591,37.6783828092443,2700753
2012-07-19,38.6032829284668,38.74642276934261,38.20690103988285,38.283975229214846,4253647
2012-07-20,38.091285705566406,38.80147217347239,38.06376075695044,38.53721679946401,5758696
2012-07-23,37.02876281738281,37.79400162125681,36.84158161847982,37.72793597166584,4589566
2012-07-24,36.8856201171875,37.22144419332764,36.72046081430336,36.990221650116936,2789016
2012-07-25,37.061790466308594,37.71692461347366,36.85258980398978,36.90213663334184,3286486
2012-07-26,36.62136459350586,36.85809260606551,35.509290836961256,36.22498274912377,9616501
2012-07-27,36.83057403564453,36.83057403564453,36.20847260754702,36.59384357795968,4239005
2012-07-30,38.06376266479492,38.34453206039145,37.18291137395002,37.38110111128832,4889601
2012-07-31,38.0417366027832,38.33351690798156,37.63984689315457,38.1738630798286,3264526
2012-08-01,38.11330795288086,38.52070075682894,38.03623376857369,38.2068985489972,2726670
2012-08-02,37.62333297729492,38.98314565911838,37.50772050649999,38.22341240393779,6532832
2012-08-03,39.94107055664063,40.04566968157914,38.71888983703745,38.9501123717256,8633769
2012-08-06,40.381492614746094,40.59069566703678,39.64378126998466,39.77591014620388,4457047
2012-08-07,40.60171127319336,40.783386996289146,40.08971692779093,40.19431846595754,4944674
2012-08-08,40.76687240600586,40.849449661136816,40.43104829804549,40.57418573300493,3789988
2012-08-09,40.70630645751953,40.95955327446029,40.38149333737676,40.70080098740623,4015327
2012-08-10,40.83293914794922,40.92652734736823,40.39801655228299,40.420038436445495,2672532
2012-08-13,40.67878723144531,41.15774874553548,40.51913339341525,40.6732817608832,3093081
2012-08-14,40.74484634399414,41.13572512080436,40.7008025813629,40.93202752690589,2982046
2012-08-15,40.700801849365234,40.88247755868067,40.431043424642496,40.69529637913534,2696514
2012-08-16,40.82743453979492,40.83844548210889,40.42003929072154,40.73934700128316,3319825
2012-08-17,41.086181640625,41.086181640625,40.72833563568354,40.82192864437958,3957581
2012-08-20,41.141231536865234,41.57614927803331,41.06415495048876,41.097187773221535,3638243
2012-08-21,41.61468505859375,41.653223349455104,41.28987193787547,41.36144304947512,3615316
2012-08-22,41.16325759887695,41.43852153306124,40.99259280569751,41.306395036983645,3309937
2012-08-23,40.79990768432617,41.47155594062753,40.67328665443456,41.3724622668584,3872175
2012-08-24,41.03662872314453,41.20729350367113,40.55766720520303,40.78338669179346,2923015
2012-08-27,41.43851852416992,41.543117657579714,40.81091410716862,40.90450229934883,1846575
2012-08-28,41.28987503051758,41.642215528241685,41.146737604868015,41.23482032516343,2762419
2012-08-29,41.3174057006836,41.36144946850331,40.97057064564656,41.30639475872867,3161565
2012-08-30,41.09718704223633,41.39997829535879,41.00359885442924,41.01460979514432,4247278
2012-08-31,41.52110290527344,41.67525128283642,41.12471861538487,41.19078426645682,3788272
2012-09-03,41.71378326416016,41.71378326416016,41.21279510258664,41.28987168383512,2891821
2012-09-04,41.130218505859375,41.77433928333189,41.09718568480522,41.719289389845855,3284370
2012-09-05,41.23482131958008,41.68075482716033,40.89349175469532,41.119211243819535,3866479
2012-09-06,42.1321907043457,42.30836096459473,41.25684487399182,41.25684487399182,6125991
2012-09-07,42.60013961791992,42.72676544340349,42.19825468359043,42.19825468359043,5376193
2012-09-10,42.776309967041016,42.92495286727911,42.44599134245161,42.55610075616231,3748494
2012-09-11,43.16168212890625,43.1781985405153,42.611149500084935,42.62216044115763,3880801
2012-09-12,43.1286506652832,43.87737544874482,42.89192504130002,43.354370156117945,5682484
2012-09-13,43.10662460327149,43.22223947697066,42.94146530625783,43.08460753083777,4025930
2012-09-14,43.76727294921875,44.01500952654464,43.60211362824429,43.71221823947006,5475025
2012-09-17,43.62412643432617,43.77827960653533,43.43694524777189,43.4919999521323,3720632
2012-09-18,43.55807113647461,43.69019763547049,43.05158221676396,43.36538445498108,3652205
2012-09-19,43.5800895690918,43.89389178245301,43.28279895955944,43.73423794042237,3881394
2012-09-20,43.76176071166992,43.8608543656238,43.18920624362847,43.24426094486444,4441887
2012-09-21,43.57458114624024,44.24072382273237,43.50301003198824,44.02050981792034,11675384
2012-09-24,43.43144607543945,43.60211085653994,43.34335854544112,43.497506914666914,3339515
2012-09-25,43.64614868164063,43.93242833844147,43.343357421664486,43.5966042555724,3199501
2012-09-26,42.77080535888672,43.41493101726993,42.77080535888672,43.29931613054217,5818033
2012-09-27,42.99102020263672,43.29381148568113,42.9084429473844,43.002031144439904,4175944
2012-09-28,42.72676086425781,43.43694246363163,42.55609609995061,43.12864575551619,4410598
2012-10-01,43.31032943725586,43.41493338810279,42.6772194941639,42.72676873403877,3979853
2012-10-02,43.337852478027344,43.827824932082,42.91394567056168,42.991017449977605,3379911
2012-10-04,43.66266250610352,44.00399203923118,43.55806338141118,43.7727671009518,3659675
2012-10-05,44.15263366699219,44.31228748869459,43.679177671884055,43.76726519186924,3547619
2012-10-08,43.48648834228516,43.899388950152805,43.29930718215706,43.82231237492988,3445043
2012-10-09,43.16718673706055,43.53053816865826,43.00202743254078,43.39290621627031,3422154
2012-10-10,42.968994140625,43.45346110803966,42.95798319989255,43.13965891370693,3360536
2012-10-11,42.41846084594727,42.72125690294408,42.17622977027499,42.44598819733525,6895453
2012-10-12,41.945011138916016,42.25881337541908,41.91197831227954,42.07163216608412,3873467
2012-10-15,42.03309631347656,42.17623374591559,41.88445341024098,41.900965014359215,2484330
2012-10-16,42.63317108154297,42.88091244566019,42.143198632077215,42.3248743502242,4411784
2012-10-17,42.968994140625,43.095619959048186,42.62766459446114,42.78731842681062,3763240
2012-10-18,43.464473724365234,43.6736767980757,43.01303956174475,43.10112228272896,3595359
2012-10-19,43.10111999511719,43.47548235804094,42.88091080020874,43.28830117657906,6197576
2012-10-22,42.968994140625,43.29931274605641,42.86439501193777,42.919444907328966,2619428
2012-10-23,42.357906341552734,42.97449979208405,42.1156704526891,42.946972440136925,3852295
2012-10-24,42.308349609375,42.5010362305823,41.84590460343962,42.45148700585951,3206313
2012-10-25,42.14870834350586,42.54509264266845,42.06613108600545,42.21477399612351,3100615
2012-10-26,42.51755905151367,42.710245701782846,41.87894373629308,41.87894373629308,2770637
2012-10-29,42.401947021484375,42.53407349295216,42.20375491014734,42.495535203028425,1950737
2012-10-30,42.63317108154297,42.73226955049832,42.31936887972668,42.46801177488855,1595689
2012-10-31,42.68822479248047,43.13965893795149,42.578120193365145,42.5836208554634,3595664
2012-11-01,43.16168212890625,43.431445376916166,42.41846283958391,42.54508866191995,2448422
2012-11-02,43.80029678344727,44.19117556878705,43.37638998368436,43.492000054843125,3851575
2012-11-05,43.62963104248047,43.805801284680896,43.31032338004301,43.38189449429704,2692371
2012-11-06,44.03702545166016,44.257239452585466,43.83332786142456,43.860855212574094,2752235
2012-11-07,43.409423828125,44.52700069768769,43.38189647523186,44.262747726456055,4922946
2012-11-08,44.19118118286133,45.57301597495119,44.13612647137672,44.6756482191107,8762438
2012-11-09,43.87736511230469,44.59305690290729,43.34885447347215,44.55451861701664,4898614
2012-11-12,43.64614868164063,44.40588437509321,43.63513774067632,43.85535175169131,3089220
2012-11-13,43.91591262817383,44.02601723130372,43.3543690548418,43.48649554025191,2952325
2012-11-14,42.93045425415039,43.77827742598711,42.84787700999398,43.60210718907976,3988941
2012-11-15,42.58912658691406,42.9469725465714,42.39644473934882,42.611148468526345,3600821
2012-11-16,42.181732177734375,42.82585292035957,42.11566653920025,42.57260611424939,4389697
2012-11-19,42.95248031616211,43.07360067151305,42.35240324319061,42.51205708515458,2893856
2012-11-20,43.277286529541016,43.44245062398343,42.759791600037104,42.85888524843197,2296270
2012-11-21,42.72126388549805,42.85889585666216,42.45150060607549,42.61115446194935,4445382
2012-11-22,42.84788131713867,42.90844149500631,42.55059551505848,42.83136490499296,2800585
2012-11-23,43.09562301635742,43.1176400911132,42.62766761857247,42.83136522830256,1959765
2012-11-26,42.94697570800781,43.10662955317826,42.578123588663296,43.03506324094127,1842789
2012-11-27,43.178199768066406,43.37639190473836,42.996524043473066,43.106628649059104,1899219
2012-11-28,43.4589729309082,43.57458782549865,42.84237939284623,43.07910984492633,3185791
2012-11-29,43.57458114624024,43.87186692736031,43.53053738362362,43.71221309614612,3380962
2012-11-30,43.65716552734375,43.93243428041105,43.480995256358526,43.54706091107992,2185884
2012-12-03,43.811309814453125,44.10309495390148,43.6571614427971,43.81681528516482,2040893
2012-12-04,43.855350494384766,44.070059028762046,43.65715837098044,43.6791802522777,1732560
2012-12-05,44.0205078125,44.12511174394906,43.67917828431309,44.0700570431864,2105416
2012-12-06,44.32329940795898,44.43340881037319,43.9324254542011,44.04253004834446,3538022
2012-12-07,44.42791366577149,44.648122905237166,44.16916131823216,44.2297215036348,2206033
2012-12-10,44.49396896362305,44.582056495037854,44.14162845450653,44.15263939593338,1879001
2012-12-11,45.14360427856445,45.21517059621888,44.50498404126887,44.5820606384202,3233548
2012-12-12,45.26471328735352,45.4188616510788,45.06101568977225,45.1986476422122,2184308
2012-12-13,45.24819946289063,45.38032595245576,45.06101826589361,45.20415569694512,2682126
2012-12-14,45.1876335144043,45.42986938790048,44.96191885929936,45.25920462492635,1803320
2012-12-17,45.292240142822266,45.42987209375296,45.07202613637053,45.18763620582894,1829549
2012-12-18,45.53447723388672,45.67761467408232,45.42437262026049,45.52346629169692,2586477
2012-12-19,45.68861770629883,45.94736999469002,45.45739757688724,45.65008422357747,2680702
2012-12-20,45.6831169128418,45.831764621886336,45.45740223046502,45.61705607264891,2112401
2012-12-21,45.40234375,45.60053587064952,45.21516256984607,45.41886016074338,7602686
2012-12-27,45.52345275878906,45.80973236234868,45.35278801385305,45.42986458626879,1458652
2012-12-28,45.25370788574219,45.50694993990623,45.1325923297625,45.41886721054056,1022053
2013-01-02,46.13455581665039,46.33825342413498,45.5895286425499,45.96939650403855,3366503
2013-01-03,46.1675910949707,46.37678937600046,45.96939894764687,46.09051450112803,1764027
2013-01-04,46.20612716674805,46.34926942045816,45.95839057494738,45.96940151754046,1723418
2013-01-07,46.03544998168945,46.24465302641239,45.84826881622899,46.18960313652678,1715844
2013-01-08,45.72715759277344,46.05197072592789,45.5619982910293,45.996920830860525,1684817
2013-01-09,45.82075500488281,46.03545875205469,45.70514011672864,45.88681584698512,1654544
2013-01-10,45.87030029296875,46.06298696856081,45.67761361737669,45.864794822001215,2281751
2013-01-11,46.05196762084961,46.28869802097199,45.89231380020405,45.96388490971824,2223726
2013-01-14,45.83176040649414,46.36577659098303,45.617051877004606,46.13455165089654,2317726
2013-01-15,45.81525039672852,46.09601979956115,45.60604730821028,45.710646448333605,2525505
2013-01-16,45.64458465576172,45.72716191029515,45.44088704244774,45.69963455602685,2158852
2013-01-17,45.61154556274414,46.002424323096925,45.37481515683946,45.52345804119046,2323510
2013-01-18,45.59503555297852,45.94187060124237,45.49043641472097,45.65009026167802,3340452
2013-01-21,45.96388626098633,46.06297991495616,45.72715585390444,45.72715585390444,1887634
2013-01-22,46.0684928894043,46.65756386386804,45.78772348386149,46.31623427709097,4314710
2013-01-23,46.0684928894043,46.10152571553207,45.43538295504183,46.0684928894043,5629629
2013-01-24,46.65079498291016,46.74264741141055,45.99633076093067,46.26615197032483,3439236
2013-01-25,46.978023529052734,47.18469774506117,46.56467509703586,46.75986713359649,2826839
2013-01-28,46.69098281860352,47.40285794529767,46.69098281860352,47.24211243417827,2278127
2013-01-29,46.86320495605469,47.01246826911457,46.66227183745608,46.92635192655004,1718997
2013-01-30,46.71394348144531,47.06988101661621,46.42115291925495,47.06413992688596,2035982
2013-01-31,46.40967178344727,46.84598458465333,46.40967178344727,46.50152922119687,2595764
2013-02-01,45.870025634765625,46.5589363805412,45.69779794832173,46.44986068427929,3304678
2013-02-04,44.4577522277832,45.97910078580357,44.4577522277832,45.80687312018352,5027587
2013-02-05,44.6529426574707,44.80794704959301,44.3199695167559,44.40608083946756,2758249
2013-02-06,44.21664047241211,44.95147490136482,44.05588995695904,44.69313588677692,2944524
2013-02-07,44.20515441894531,44.53812757224299,44.00996239562394,44.15922570426927,3123995
2013-02-08,44.10755920410156,44.36016213968902,43.82051474397908,44.19367555056962,2694528
2013-02-11,44.314231872558594,44.37738385776101,43.92958889988425,44.20515618489734,2094700
2013-02-12,44.60128402709961,44.64147166098864,44.11330637203432,44.37739152353792,2689192
2013-02-13,45.29019165039063,45.45667823230178,44.75054427804536,44.77924471157323,3399495
2013-02-14,45.07777404785156,45.41074719465137,44.74480090105175,45.25000171047394,2486644
2013-02-15,44.8423957824707,45.27296745929052,44.79646706727885,44.86536014006663,3003249
2013-02-18,44.8768424987793,44.92277121415528,44.62423957826331,44.77924397860534,1358850
2013-02-19,45.35334396362305,45.46242467727616,44.57257575368477,44.68739755753016,2250944
2013-02-20,45.13518524169922,45.525569326700165,45.09500262646125,45.37056491348997,1982357
2013-02-21,44.34293746948242,44.92277247522557,44.119039989791176,44.77350414606338,3214719
2013-02-22,45.00313949584961,45.07777365509144,44.354416475569685,44.51516195834655,2243754
2013-02-25,45.73797607421875,46.254659026185216,45.18684658931091,45.18684658931091,3976018
2013-02-26,44.93425369262695,45.29593234087914,44.767767093753136,45.17537446281258,3520564
2013-02-27,45.33611297607422,45.427970403514834,44.77924236437064,45.0146220081355,2246202
2013-02-28,45.70927429199219,45.818354988378616,45.45667639162192,45.519823359688594,2927989
2013-03-01,45.73797607421875,45.92742699134492,45.27870401048791,45.66334191951245,2077562
2013-03-04,45.68056488037109,45.72075250186717,45.33036849257944,45.3590739365052,1364423
2013-03-05,46.58764266967773,46.71394665231646,45.97910717317391,46.07095960104047,3118743
2013-03-06,47.09284210205078,47.35692722535058,46.58764122927329,46.708204118064494,2888068
2013-03-07,47.15599060058594,47.26507130141731,46.71394174989896,46.99524510814958,1953591
2013-03-08,47.7645378112793,48.03435902870479,47.42008241955803,47.49471157980111,3297987
2013-03-11,47.75879287719727,47.97120818827527,47.563600835724415,47.764533967065645,1636907
2013-03-12,47.54063034057617,47.7702688916218,47.26506809056274,47.64970601994573,2121404
2013-03-13,47.724342346191406,47.810453672962325,47.43155681549767,47.46599833777492,1711646
2013-03-14,48.19510269165039,48.19510269165039,47.92528148459478,47.93676366481438,2397181
2013-03-15,47.9252815246582,48.33288889468976,47.9252815246582,48.22380818251237,8593913
2013-03-18,48.25824737548828,48.36732305700551,46.8517206239866,47.01246610866807,3754304
2013-03-19,48.60845184326172,48.79790280552895,48.212326648152725,48.212326648152725,3673197
2013-03-20,49.067718505859375,49.429397119200885,48.32140193504135,48.797897325265936,4367273
2013-03-21,49.877197265625,50.66370655916111,49.6992284852094,49.94609034735459,5220334
2013-03-22,49.66477584838867,50.14701231914757,49.44087837430164,49.91737876967299,2654316
2013-03-25,49.56718063354492,50.51443027409563,49.56718063354492,49.745149385982245,3311306
2013-03-26,49.05050659179688,49.94035051630966,48.9414258763082,49.68774755765169,2587614
2013-03-27,48.49937438964844,49.17680295153637,48.25825362437799,49.03902180597572,2779338
2013-03-28,48.24102783203125,48.57974209526475,48.06305906588896,48.22380456298018,2721163
2013-04-02,49.29735565185547,49.37773090319186,48.09750306955371,48.13769069522191,2238838
2013-04-03,48.25250625610352,49.18253764222025,48.18935427449778,49.10790348214074,2284280
2013-04-04,47.9654655456543,48.60270644420707,47.879349200416286,48.31566198818462,2261174
2013-04-05,46.72542572021485,48.13769368323054,46.4613406063405,47.908055107781394,4030343
2013-04-08,46.5933837890625,47.08136642145905,46.4843080907676,46.84024565032255,1705297
2013-04-09,46.27188873291016,47.046915775756034,46.07669669979303,46.93209398330356,2409842
2013-04-10,47.127288818359375,47.34544522293741,46.37523110334271,46.868949798086,3220298
2013-04-11,47.23062896728516,47.575084340880125,46.748387433010265,47.02395474031769,2857285
2013-04-12,46.38096237182617,47.19043591663214,46.27762777723802,47.13302502294325,2576780
2013-04-15,45.57149505615234,46.16281223475876,44.95721351945807,45.97910238410787,4096884
2013-04-16,45.41074752807617,45.68056869540995,45.100738735890026,45.35333663542993,1951962
2013-04-17,44.767765045166016,45.74946633723576,44.245340912047205,45.61168519517138,4513810
2013-04-18,44.21664047241211,44.9974036200657,44.061631046796656,44.70461806645213,3550791
2013-04-19,43.71142959594727,44.463492222458825,43.58513064801572,44.39459915228616,4674119
2013-04-22,43.83199691772461,44.03292503135252,43.3440143159077,43.860697352491314,3008371
2013-04-23,44.77925109863281,44.97444315596491,43.62532703969743,43.76884928401592,4025037
2013-04-24,45.496856689453125,45.61741955827701,44.607012966010586,44.67016494491834,3371008
2013-04-25,45.81836318969727,46.06522004497051,45.46816670882368,45.6403944041049,2278990
2013-04-26,45.307411193847656,45.8011348781632,44.9629558411939,45.646125456822105,2516761
2013-04-29,45.623165130615234,45.71501754945579,44.848138096792255,45.1007410231948,2170378
2013-04-30,45.52556991577149,46.0422529711751,45.35908332060984,45.81836049033687,2254504
2013-05-02,45.81836318969727,46.415416525844094,44.87110835862417,44.95147860892732,4397437
2013-05-03,46.266143798828125,46.352260136011694,45.24426001522646,45.56000989012954,3560000
2013-05-06,45.956146240234375,46.358012550497634,45.766695266199,46.2317085584388,1597007
2013-05-07,46.12262725830078,46.36948409382564,45.680573367813146,45.95039957679767,2105962
2013-05-08,46.47856140136719,46.50152575909486,45.95613730521834,46.030766453781375,2301676
2013-05-09,46.66801834106445,46.89765693382567,46.27763423758616,46.46134410898462,2583205
2013-05-10,46.89191818237305,47.18470376755808,46.67950284952873,46.70246721135545,3047862
2013-05-13,46.91487884521485,47.17895895729518,46.72542788913442,47.00099018122281,1809735
2013-05-14,46.67949676513672,47.01246994011745,46.22596070628038,46.97228231215891,2428765
2013-05-15,46.54745101928711,46.80005394869882,46.29485310392747,46.74838414208122,1865943
2013-05-16,46.4326400756836,46.60486777199935,45.96188570950128,46.50153315983098,2532033
2013-05-17,46.42689514160156,46.983765816864135,45.95614081439355,46.35800707721021,5922787
2013-05-20,46.55893325805664,46.69097831958152,46.21447790826983,46.42689321058385,1479615
2013-05-21,46.633575439453125,46.897660593846325,46.35227202725768,46.66802198316349,2548335
2013-05-22,47.24210357666016,47.51766582575552,46.33503656780618,46.81153192164057,3602891
2013-05-23,46.66801834106445,47.03543808386138,46.06521891533597,46.61060743936101,4324378
2013-05-24,47.333961486816406,47.64971139634849,46.9435774102066,46.98376503863307,4095908
2013-05-27,47.56359100341797,47.79897062531204,47.31098811547912,47.50043902792044,1222314
2013-05-28,47.86212158203125,48.35584020770749,47.63822411881061,47.70711718874056,2912634
2013-05-29,47.460262298583984,47.73008851448878,47.24211090672341,47.43730295264003,2345673
2013-05-30,47.50618743896485,47.91379477008199,47.17321427221215,47.397111751253455,1824316
2013-05-31,46.85171890258789,47.36266078406194,46.85171890258789,47.31099098279611,6054853
2013-06-03,46.74838638305664,47.35118578033536,46.51875281518578,47.27081052174395,2936654
2013-06-04,46.58189010620117,47.21339482169445,46.403921370370085,47.07561370680454,2346642
2013-06-05,46.31782531738281,47.02970049529811,46.11689216051279,46.31208422678501,2812083
2013-06-06,45.65187454223633,46.65079412736469,45.60020473174789,46.47282534973475,3206378
2013-06-07,46.11687469482422,46.37521865983048,45.30166520894301,45.81260703648102,3674856
2013-06-10,46.55320358276367,46.811542623595045,46.0078100208913,46.11689073888688,2517986
2013-06-11,46.49003982543945,46.60485659075268,45.95039250457973,46.29484781457092,2775248
2013-06-12,46.10540008544922,46.736899859480296,45.915949150429526,46.43837324056217,2149177
2013-06-13,45.42797470092773,45.58297911034522,45.11796086804057,45.38204598286264,3020097
2013-06-14,45.51982879638672,45.915953976155926,45.22704323606289,45.51408770641753,2258842
2013-06-17,45.90446853637695,46.46708027124716,45.78391066963764,45.82983938612957,2559723
2013-06-18,45.92169189453125,46.17429482167704,45.80113402755704,45.82983947542043,2174303
2013-06-19,45.73797607421875,46.23169467089097,45.45093166114339,45.84705174781506,2204461
2013-06-20,45.02036285400391,45.73797894579794,44.974434140531855,45.34759490938889,4402588
2013-06-21,44.35441589355469,45.11795567321279,44.35441589355469,44.882581048334345,9460743
2013-06-24,43.63105773925781,44.354414892969615,43.29808460723992,44.15922288212266,4444592
2013-06-25,43.87217712402344,44.19367311909709,43.64254357418044,43.90662366071546,2975047
2013-06-26,44.22812271118164,44.51516717534112,43.59087678051233,43.82625645011655,3599586
2013-06-27,44.53238677978516,44.80794904157483,44.09607401555768,44.291266040180304,2584483
2013-06-28,44.57831954956055,44.97443971015736,44.26830570928384,44.75054723235769,2779698
2013-07-01,45.71502304077149,45.85854528285408,45.06629989925077,45.479643354762345,4249899
2013-07-02,45.46242141723633,45.92743464730701,45.02610862201635,45.91595246774584,2765802
2013-07-03,44.859622955322266,45.10648480691383,44.46349778041696,45.072038267521656,2900830
2013-07-04,45.26148223876953,45.46241534017861,44.81368732384609,45.146660458506325,3771547
2013-07-05,44.49219512939453,45.50833777214459,44.4577485962739,45.26722206840301,3907580
2013-07-08,46.29926300048828,47.03981346218991,45.68904781554939,45.736440638353166,5575267
2013-07-09,46.69619369506836,47.05165990901813,46.542162012661706,46.88577500730128,2706156
2013-07-10,46.76729202270508,46.92132371855623,46.29333870075422,46.678427968487306,2111107
2013-07-11,46.99832534790039,47.37156124255325,46.67248225902225,47.27677061695326,2088429
2013-07-12,47.128665924072266,47.37749322476799,46.85614221780108,47.0042522737244,2004627
2013-07-15,47.31233596801758,47.69149358244758,47.12867624944214,47.12867624944214,1605855
2013-07-16,47.40119934082031,47.59670224794474,47.08720435344237,47.30048207541526,1639629
2013-07-17,47.99956893920898,48.177302055326194,47.37750553982494,47.578935067677136,2094724
2013-07-18,48.87637710571289,48.87637710571289,47.92847057713077,47.98771661543665,2298929
2013-07-19,49.43326950073242,49.433269500732415,48.53276077469588,48.63939963606519,4469470
2013-07-22,49.58730316162109,49.58730316162109,49.231836969449,49.4273448793592,2168237
2013-07-23,49.43326950073242,49.73541628398026,49.41549969987231,49.53398676649908,1570299
2013-07-24,49.53991317749024,50.00201323688678,49.27923762071495,49.56953118348903,2552409
2013-07-25,46.57770919799805,49.747267236074045,45.777912679514586,49.55176431745283,9500819
2013-07-26,47.2056999206543,47.67373168821573,46.08006506795383,46.71397675244871,6278832
2013-07-29,47.07535934448242,48.27801493110499,47.04573632240774,48.20692068093626,3091915
2013-07-30,47.79221725463867,48.04696623965811,47.35381354048168,47.40120636836768,3231298
2013-07-31,48.76381301879883,48.76381301879882,46.76136104724675,47.75073882783665,5544045
2013-08-01,50.03163528442383,50.03163528442383,49.202220823432455,49.23183882885554,3707062
2013-08-02,49.61692810058594,50.11457778045914,49.48066622211385,50.06125835097459,1988418
2013-08-05,49.75910186767578,49.85389250316264,49.35032132605518,49.52212778598416,1288503
2013-08-06,49.45696640014648,50.43449087794227,49.27923330944224,49.75910814169716,2322502
2013-08-07,49.42735290527344,49.44512772198384,48.93562476005795,49.28516439969558,1509901
2013-08-08,49.26145553588867,49.59322528901335,48.95338720373819,49.29700014627286,1700027
2013-08-09,49.49251937866211,49.83021080386652,49.02449267146742,49.3918071191385,1624874
2013-08-12,49.5636100769043,49.74134318491132,48.69864596157507,49.62285110353851,1425442
2013-08-13,49.50436401367188,49.78281438790852,49.38587694640522,49.6169294853039,1205807
2013-08-14,49.99016952514648,50.0316407541351,49.51621620388557,49.56361404303796,1312016
2013-08-15,49.46881866455078,49.94277194064532,48.9830171833104,49.883525900863965,1847428
2013-08-16,49.51029586791992,49.71764700408795,49.17852602756672,49.17852602756672,2582461
2013-08-19,49.06002807617188,49.46881367571292,48.69271369748507,49.45103886276065,1366574
2013-08-20,48.66310501098633,48.87045614090241,48.18915169195266,48.72234604208268,2065424
2013-08-21,48.420196533203125,48.63940087116281,48.29578786781459,48.5268404113326,1144461
2013-08-22,49.04817581176758,49.1074218406694,48.337248535201645,48.337248535201645,1549936
2013-08-23,49.000789642333984,49.0837270743677,48.72233928561068,49.00078964233399,1230536
2013-08-26,49.1311149597168,49.14296316189427,48.6393869920718,48.6393869920718,713460
2013-08-27,48.34317398071289,49.3325516550705,48.34317398071289,48.93561426072058,2742281
2013-08-28,48.13582611083984,48.37872684245215,47.80998293223036,48.09435488734125,1961140
2013-08-29,48.26023483276367,48.37872690809293,47.7448103500476,48.37872690809293,1448461
2013-08-30,47.44858932495117,48.26616056237133,47.448589324951165,48.21284113506583,2323549
2013-09-02,48.42612457275391,48.53276343997953,47.98179428796299,47.98179428796299,1608156
2013-09-03,48.17729949951172,48.526839103243056,48.017336193655616,48.426121837633815,1452739
2013-09-04,48.69864654541016,48.81713361415129,48.10620618765228,48.58015947666903,1890518
2013-09-05,50.12050247192383,50.2034399036854,49.02448589062104,49.07780531806512,3231444
2013-09-06,51.63123321533203,51.68455264995035,49.90130486717757,50.23899629111112,4481820
2013-09-09,51.39423751831055,51.57789718940248,51.10394402633592,51.47717994860356,1817839
2013-09-10,52.14665222167969,52.158505441744765,51.53051542470969,51.74379316104142,2888628
2013-09-11,52.1644172668457,52.247359707450485,51.8622755349872,52.06962662244761,1858756
2013-09-12,51.72008514404297,52.093321098876665,51.54827867433157,51.945211035873456,1800695
2013-09-13,51.50681686401367,51.690471570626286,51.21059668389847,51.465345637673366,1684635
2013-09-16,52.12887191772461,52.1347935125117,51.74970934549822,52.11702371409897,1803204
2013-09-17,52.47841644287109,52.53173587126086,51.86227971168896,51.909672530679,1994850
2013-09-18,53.14196014404297,53.17750476439685,52.7272528503698,52.7272528503698,2401342
2013-09-19,53.51518249511719,54.10762276686849,53.28412998688594,53.58627673166177,3064647
2013-09-20,53.420406341552734,53.8528884589297,53.254521415969,53.51519701130732,7498203
2013-09-23,53.15380859375,53.50926984107176,52.94053084254639,53.17158341103458,2330654
2013-09-24,53.118255615234375,53.27821893261977,52.31846409856998,53.141957041472686,2150790
2013-09-25,53.42632675170898,53.49741598523504,52.91682382712503,53.02346770551873,1821754
2013-09-26,53.43817901611328,53.62183373774995,53.07679116905738,53.47965024584619,1954276
2013-09-27,53.21896743774414,53.633674664733824,53.17157461822623,53.37892572469507,1882286
2013-09-30,52.762786865234375,52.98791277699687,52.54950915787498,52.72724225202508,2003419
2013-10-01,54.44532775878906,54.44532775878906,52.99384973228425,53.04716916953373,3158085
2013-10-02,54.21427154541016,54.96667524072191,54.06023985440877,54.22019815539596,3022495
2013-10-04,53.6218376159668,53.88251321970528,53.13011444793069,53.2604497427734,1649139
2013-10-07,53.18342590332031,53.33153599396984,52.48434166252645,53.33153599396984,1771603
2013-10-08,53.02345657348633,53.35522130244572,52.97013213845855,53.16564002473999,1531238
2013-10-09,52.55543899536133,53.17750241541946,52.46657494137556,52.98199949102974,1881149
2013-10-10,53.72846984863281,53.81733891380103,52.51989268038536,52.69762579666937,2532928
2013-10-11,54.14910507202149,54.3268381927414,53.80549205080853,54.3268381927414,1631188
2013-10-14,54.05430221557617,54.10762163835966,53.59219720875168,53.80547991393704,1133542
2013-10-15,53.48556900024414,54.13725542080469,53.28413947255218,54.08393598741719,2457942
2013-10-16,53.420406341552734,53.76994599613784,53.1478825392517,53.60406608460698,2210900
2013-10-17,52.8220329284668,53.3374574464775,52.31846163004223,53.08863510216175,2308523
2013-10-18,53.86473083496094,53.86473083496093,52.82203358053397,53.08863575752003,6604371
2013-10-21,53.6218376159668,53.91213624509309,53.45003108839175,53.68108366674242,1512983
2013-10-22,54.74154281616211,54.94297233948368,53.40262538651709,53.43817501737239,3031034
2013-10-23,54.80670928955078,55.04368843869271,54.44532147721546,54.492719312664725,1821378
2013-10-24,55.476165771484375,55.476165771484375,55.0199873411619,55.15624921214941,1866246
2013-10-25,55.60057830810547,55.618348107228414,55.0436826311338,55.333976166692985,2088399
2013-10-28,55.41691970825195,55.61834921003539,55.014060704685086,55.61834921003539,1923751
2013-10-29,55.8553352355957,55.90865466870869,55.3932301392482,55.3932301392482,1807150
2013-10-30,55.52949142456055,55.967895090505344,55.45839717649706,55.80201519709365,1730993
2013-10-31,55.79608917236328,55.79608917236328,54.99037106603532,55.06146531484438,2307684
2013-11-01,55.66575622558594,55.96197642496672,55.56503895105123,55.80793971510557,1289428
2013-11-04,55.44062042236328,55.78423338581597,55.36359957409834,55.60057869990696,1750792
2013-11-05,54.74747085571289,55.085162273343165,54.33275857858627,54.80079028933597,2423368
2013-11-06,54.81855773925781,55.079228262365454,54.62304983287531,54.94889300081163,2090898
2013-11-07,56.67289733886719,57.8281599939336,55.49394328801863,55.71906920954736,6484768
2013-11-08,56.64919662475586,56.64919662475586,55.56502829562048,56.28188224402704,2870502
2013-11-11,56.63142776489258,57.0639098202031,56.394453631541246,56.394453631541246,2075776
2013-11-12,56.204872131347656,56.70844843060099,55.98566779959656,56.29373617754429,1661967
2013-11-13,56.4003791809082,56.61958352875868,55.8671848364638,55.890881248649656,1949060
2013-11-14,57.45491027832031,57.45491027832031,56.76767939879763,56.87431824096053,2016711
2013-11-15,57.30088806152344,57.47269455618903,57.06390891786722,57.30680965703489,2654842
2013-11-18,57.413455963134766,57.68597975736158,56.93358103212447,56.992822065182864,1638143
2013-11-19,56.99281692504883,57.34828314755093,56.90395287644944,57.17647664609757,1398412
2013-11-20,57.37791061401367,57.50232430293408,56.96912492786921,56.99282134079138,1524237
2013-11-21,56.83878707885742,56.99281876995613,56.412231609288746,56.95727415217623,2143777
2013-11-22,57.389739990234375,57.389739990234375,56.47145665729931,56.79137316893831,1996148
2013-11-25,57.91701889038086,58.1243749931309,57.188316747354186,57.4667620732886,2027872
2013-11-26,57.82223510742188,58.10068046640056,57.58526097391476,57.58526097391476,1994012
2013-11-27,58.272491455078125,58.272491455078125,57.6681978933581,57.81631299303624,1476875
2013-11-28,58.21916961669922,58.34950488216239,58.0118134997788,58.27248904475705,1375005
2013-11-29,57.58525848388672,58.21324342036256,57.54378726020839,57.982190892455314,1802024
2013-12-02,57.715599060058594,57.98812283671612,57.58526378167996,57.68005444251508,1833317
2013-12-03,56.39445877075195,57.92887920986613,56.394458770751946,57.56156475705136,3355076
2013-12-04,55.79608917236328,56.72029936472378,54.77116672373798,56.48924681663365,2961476
2013-12-05,55.316219329833984,56.02122023027433,55.316219329833984,55.57096831279101,2417569
2013-12-06,56.09231185913086,56.19895073007067,55.31029012953714,55.39323258783536,2458030
2013-12-09,56.0449104309082,56.66697375860497,56.02713561712915,56.424073031182495,2013452
2013-12-10,55.77830123901367,56.36481987916243,55.47023291869412,56.05675155884288,1878974
2013-12-11,55.57688903808594,56.187104273957104,55.49395159125686,55.689454522718826,1656276
2013-12-12,55.46432495117188,55.74869693534564,55.19772276884792,55.292513430239175,1961887
2013-12-13,55.26881408691406,55.61835369211969,55.12070399972435,55.45839539964106,1637771
2013-12-16,56.87434005737305,57.1764869021025,55.09701865416092,55.132563277166014,2858868
2013-12-17,56.2226448059082,56.86840455730363,56.2226448059082,56.62550382435386,2101293
2013-12-18,56.4003791809082,56.66105475711019,56.20487625929609,56.31744173825769,2447803
2013-12-19,57.70375442504883,57.70375442504884,56.7262247345601,57.253497504706,3378901
2013-12-20,58.06513595581055,58.30211510379927,57.76299418574408,57.94072227917039,5426291
2013-12-23,58.68719482421875,58.68719482421875,58.08290631637671,58.18361856065782,1695076
2013-12-27,59.3922004699707,59.3922004699707,58.89455081663618,58.94787024327732,1656858
2013-12-30,58.82345962524414,59.51069061204442,58.79976321529807,59.39220354826203,1331591
2014-01-02,58.64572525024414,59.77728646221853,58.62795043614418,59.42182527858299,3186241
2014-01-03,58.947879791259766,59.08414168453607,57.84593643877127,58.56279052398691,1628279
2014-01-06,58.76420211791992,59.21445888928344,58.62794026624479,58.79975173995321,1404807
2014-01-07,59.060428619384766,59.060428619384766,58.325804876544495,58.68719264599303,1704454
2014-01-08,58.30803298950195,59.119677619778834,58.09475527971868,59.101902805946274,2165040
2014-01-09,57.91701889038086,58.63387282954347,57.88739587369492,58.148071400859024,2126776
2014-01-10,58.02366256713867,58.34357914024214,57.55563591233337,57.7037459940352,2568997
2014-01-13,58.36728286743164,58.45614691433892,57.86370656415122,58.213246170199874,1654179
2014-01-14,58.4916877746582,58.4916877746582,57.55563448820879,57.940718685484434,2246364
2014-01-15,60.043888092041016,60.04388809204102,58.55093897544167,58.65165624413461,3373911
2014-01-16,59.24409103393555,60.01426443799499,59.24409103393555,59.92539538326592,2201221
2014-01-17,59.56993865966797,59.56993865966797,59.01896451850468,59.06043574433474,3981027
2014-01-20,59.481075286865234,59.62918538926527,59.2144781053557,59.30334216117465,1369099
2014-01-21,59.22632598876953,59.5699440317705,59.16707994251164,59.36258788392056,2148424
2014-01-22,58.36135482788086,59.71804700725109,58.22509294898988,59.16115128665994,3553375
2014-01-23,58.05329132080078,58.82346482453851,57.82816537831059,58.26656905727069,2702245
2014-01-24,57.0698356628418,58.54500990193444,56.96911839838722,58.177700501581725,4303524
2014-01-27,57.70967102050781,57.99996960577194,57.12315726828084,57.27718895453943,4181280
2014-01-28,58.61610794067383,58.9478777612439,56.79138896969568,58.26656831832494,6136523
2014-01-29,58.16117477416992,59.39343007344468,57.4806776699661,59.34438247921474,5162253
2014-01-30,57.71364212036133,58.36961805181631,57.027012089678834,58.210219848978085,3164059
2014-01-31,57.603294372558594,57.609422079563366,56.16259833454353,57.609422079563366,4550066
2014-02-03,56.84308242797852,58.2286028413615,56.84308242797852,57.5971482277777,3188911
2014-02-04,56.30359649658203,56.99635418774552,56.193245897585165,56.49364359739344,2852649
2014-02-05,56.45073699951172,56.7082252265025,55.702803901524334,56.12581805076273,2282176
2014-02-06,56.99635696411133,57.076058658382586,56.02772272827225,56.48138574751628,3234850
2014-02-07,57.25997161865234,57.50519921410864,56.61012860841336,56.93505270782009,2506195
2014-02-10,57.16188430786133,57.67686072597876,57.002491292460455,57.25384660620003,1607029
2014-02-11,57.67685317993164,57.8914214708332,57.24157851503775,57.40097150958473,2303286
2014-02-12,57.87916564941406,58.54127444891285,57.689118543739376,58.00790974772973,2560215
2014-02-13,57.80559921264648,58.075348021765485,57.20479858454598,57.84238620713866,2039446
2014-02-14,58.27765655517578,58.70066545151451,57.88529656718242,57.88529656718242,2157610
2014-02-17,58.5106201171875,58.60871011714453,58.13052071878221,58.24087132016206,833109
2014-02-18,58.07534790039063,58.71906322833687,57.97112500098019,58.57193081639971,1650107
2014-02-19,58.35121536254883,58.61483123494378,57.8852918065561,58.05081769001988,1436728
2014-02-20,58.26539611816406,58.33283721301259,57.59715957365404,57.65846777312551,2410209
2014-02-21,58.1489143371582,58.67001324730607,57.86077204310698,58.578056142154814,1985502
2014-02-24,58.66388702392578,58.66388702392578,57.84238519751012,58.11212881334612,1731059
2014-02-25,59.34437942504883,59.34437942504883,58.553531760246784,58.59644645727395,2190002
2014-02-26,59.27694320678711,59.60186728579078,58.92136503170446,59.32598560965416,1929296
2014-02-27,58.86006546020508,59.375036663207325,58.19795666287393,59.03785196382592,2239972
2014-02-28,59.31985092163086,59.33824441482816,58.46769516923456,59.11141035683111,2555794
2014-03-03,56.99635696411133,58.24087289945545,56.99635696411133,58.136655190248206,3631939
2014-03-04,58.5657958984375,58.5657958984375,57.223189985866654,57.52972058967579,3066873
2014-03-05,58.58418655395508,58.70066485706623,58.11825777578774,58.4247883647316,1813302
2014-03-06,58.492225646972656,58.976542743696136,58.27152444788724,58.87845793394649,1749402
2014-03-07,56.89214324951172,58.57806172071914,56.88601035391617,58.39414230432698,3239784
2014-03-10,56.34038925170898,57.17415698969685,56.07064040807391,56.597877491802734,2375958
2014-03-11,56.99635696411133,57.61555107848822,56.315859840958,56.51203984619179,2160959
2014-03-12,55.75796890258789,56.73886884042084,55.4882201225403,56.65303944728869,2684745
2014-03-13,54.74641799926758,56.27907618548502,54.72802969152647,55.81928028619211,2875254
2014-03-14,55.55565643310547,55.70892172524452,53.34250644478944,54.36018819213571,4620984
2014-03-17,57.43776321411133,57.76268212439184,56.830829715818986,57.014749114955286,3964430
2014-03-18,57.43776321411133,57.43776321411133,57.43776321411133,57.43776321411133,0
2014-03-19,57.8178596496582,58.43092606655673,57.55424373656491,58.253134367026064,2480500
2014-03-20,59.06850814819336,59.06850814819336,57.93434280709544,58.36348462666032,4222398
2014-03-21,59.92679977416992,59.9635815814817,58.96428800280884,59.12981910714903,10509259
2014-03-24,58.46157836914063,59.84097140147841,58.424796561193936,59.58348318012671,2600747
2014-03-25,59.55895233154297,59.614127628816966,58.60257359402826,58.67000949196601,2077820
2014-03-26,59.88386917114258,60.5030579669806,59.6202481287254,59.75512509687282,2238276
2014-03-27,59.82257080078125,60.31914849769268,59.29533900659951,59.7060873065838,1651210
2014-03-28,60.67472457885742,60.67472457885742,59.95744051966157,59.96970112042892,1986142
2014-03-31,59.89614868164063,60.84639470970881,59.74901106785483,60.68699649287006,1911310
2014-04-01,60.12910461425781,60.46628932512765,59.926796900880696,60.2578487165385,1516863
2014-04-02,60.313018798828125,60.44789059607254,59.93905231477829,60.11683880906851,1362140
2014-04-03,60.68085861206055,61.26939340280632,60.46015222838482,60.490806325165416,2460567
2014-04-04,61.20809173583984,61.24487353963605,60.71764174235181,60.81573174104942,2075883
2014-04-07,59.67544174194336,60.92609069394471,59.67544174194337,60.36207182696321,2461795
2014-04-08,60.09845352172852,60.294633538282014,59.05011753112857,60.26397943783774,2657145
2014-04-09,60.18427658081055,60.42950416992939,59.90226718818233,60.21493067802219,1467963
2014-04-10,59.62638854980469,60.5521131963461,59.43020856098233,60.50306560485343,1919296
2014-04-11,59.17885208129883,59.356638571154754,58.614833327663945,58.952018000939226,2425112
2014-04-14,59.06850814819336,59.16046525646632,58.09374100848649,58.62710572676372,1837388
2014-04-15,58.17343521118164,59.16659580864303,58.16730231620482,58.7006670133604,2304755
2014-04-16,59.24015808105469,59.36276926991752,58.492219970701086,58.66387874825337,1933227
2014-04-17,59.7244873046875,59.9268002178373,58.970421334901744,59.35664847454692,1868091
2014-04-22,60.711517333984375,60.71151733398437,59.5037882719145,59.60800599152568,1793205
2014-04-23,59.749000549316406,60.64407111178563,59.730612242261714,60.64407111178563,1830532
2014-04-24,59.76740264892578,60.46016042492742,58.71293374588016,60.08619388379888,2806317
2014-04-25,58.83553695678711,59.7612563528937,58.71905347477835,59.35050809588962,1843760
2014-04-28,57.37646484375,58.36962561830216,57.16802420598724,58.24088149800227,3778139
2014-04-29,57.719757080078125,57.89754874090381,56.79403773243863,57.32126944384764,2866193
2014-04-30,58.24087905883789,58.64549971385224,57.19867591367219,57.35194123468406,2858387
2014-05-02,57.68297958374024,58.14890833355193,57.32127371834226,57.33966721290325,2191923
2014-05-05,57.78107452392578,57.92821211587126,56.73887153337187,57.56037332458194,2045569
2014-05-06,57.572635650634766,58.40027036154368,57.10057914043489,58.21021806530152,2341035
2014-05-07,58.755836486816406,59.5773433949223,56.86147777297014,57.52971420760008,4309137
2014-05-08,59.36277770996094,59.36277770996094,58.19795827871843,58.85393419925945,2700998
2014-05-09,59.26469039916992,59.65091753254491,59.16046749651129,59.22177569673105,1851401
2014-05-12,60.490814208984375,60.490814208984375,59.43635050003751,59.58961581534141,2269025
2014-05-13,61.19583511352539,61.26939872590091,60.75442749639866,60.87703870559925,3044571
2014-05-14,60.43563461303711,61.005781130410185,60.10458280073815,60.99965342383496,2302074
2014-05-15,59.12368392944336,60.43563579106162,59.11755103417402,59.86548926257513,3803550
2014-05-16,58.93362808227539,59.215632262804085,58.58418281807736,58.792623397724086,2975466
2014-05-19,58.6761474609375,58.970417468038846,58.26539395459567,58.70066866438564,2489632
2014-05-20,57.93434524536133,58.67615060370877,57.92821753845837,58.60871469632716,2992257
2014-05-21,57.89142990112305,58.148918113989815,57.56037807478703,57.73203688336488,3311085
2014-05-22,58.35736083984375,58.5167538633665,57.83625668842902,58.13665961430456,2135795
2014-05-23,59.04399108886719,59.20338411287169,58.12439399871622,58.25313811019486,2192571
2014-05-26,59.8164291381836,59.8164291381836,59.21562863633152,59.44859559057882,1550173
2014-05-27,59.74286651611328,60.03100357805543,59.44246366600138,59.77352060939033,2216156
2014-05-28,60.092323303222656,60.09232330322265,59.60800098902512,59.60800098902512,1738377
2014-05-29,59.95745086669922,60.313029104612056,59.76127084341802,60.09232787556447,1260602
2014-05-30,59.749000549316406,60.30075872101592,59.6325222465312,59.85935114594147,1911139
2014-06-02,60.05553817749024,60.32528699451437,59.865491058485055,60.02488407737332,1497832
2014-06-03,59.80417251586914,60.10457538105928,59.61412542973022,59.92678889513186,1419960
2014-06-04,60.04327392578125,60.04327392578126,59.22790500596259,59.31372921706888,1813864
2014-06-05,60.466285705566406,60.67472630167811,59.712219822657296,59.95131451584486,2557559
2014-06-06,60.748294830322266,60.83412422632821,60.12910075097533,60.51532784442777,1967746
2014-06-09,61.03643798828125,61.22648510647221,60.84025797466326,60.9628691860308,1139246
2014-06-10,61.23260498046875,61.27551967360758,60.723761556925645,60.84637793079299,1821027
2014-06-11,60.64407730102539,61.07321913042863,60.22719607376799,61.04257021935142,2269456
2014-06-12,60.56437683105469,60.877035136758245,60.41111153139526,60.49080803441733,1790559
2014-06-13,60.57051467895508,60.86478472620069,60.0248892906398,60.67473759068959,1892502
2014-06-16,60.582767486572266,60.999653891290144,60.52759218409962,60.60116098358802,1563535
2014-06-17,60.77894973754883,61.15904394125058,60.39271745037298,60.69312034039864,1912878
2014-06-18,60.60728073120117,61.067076548254256,60.607280731201165,60.81572129405563,1541313
2014-06-19,61.26940155029297,61.26940155029297,60.92608911099039,61.17131154069581,2506501
2014-06-20,61.45944595336914,61.61271124935537,61.01803837269829,61.0486924696104,6514436
2014-06-23,60.42950820922852,61.7046730790149,60.42950820922851,61.26939835980765,2419426
2014-06-24,60.39885330200195,60.637948009032165,60.24558799632357,60.62568740720685,1576295
2014-06-25,59.83483505249024,60.17815266114456,59.70609094924486,60.12297216954682,2218574
2014-06-26,59.16046905517578,60.06167264156066,58.86619902580266,60.06167264156066,2357794
2014-06-27,58.83553695678711,59.46085868365632,58.68227167504738,59.16045582584513,2351319
2014-06-30,59.12981796264648,59.66317750693064,58.95202625931032,59.41795508578216,2523649
2014-07-01,59.18498229980469,59.28307228780287,58.63322417159971,59.160455911374775,2030630
2014-07-02,59.16046905517578,59.37504257302337,58.97042193120719,59.2217772570108,1530539
2014-07-03,59.87774658203125,59.896140078256245,58.78649599273678,59.03785129065603,1881159
2014-07-04,59.730613708496094,60.10458020496917,59.69382671633522,59.877746111416485,1160916
2014-07-07,58.79876327514648,59.73062096495634,58.78037496540647,59.68157336564135,1632257
2014-07-08,57.62782287597656,58.89686026137543,57.62782287597656,58.85394555260731,2125172
2014-07-09,57.897560119628906,58.026304220109786,57.58489661682886,57.62781131698915,1548091
2014-07-10,56.800174713134766,57.87303699291186,56.65304230931398,57.8669040979894,2477663
2014-07-11,56.71434783935547,57.19867014825215,56.230030719033415,56.73274133636694,2177752
2014-07-14,57.37646484375,57.41324665444624,56.775664137592535,56.95958356822447,1306352
2014-07-15,56.591739654541016,57.40098092621348,56.54882495160574,57.35193851633025,1627735
2014-07-16,57.81173706054688,57.83625826659256,56.75114041903223,56.76952872927893,1979419
2014-07-17,56.95344161987305,57.57876862234612,56.708219210390126,57.32741331776758,1941601
2014-07-18,56.70208358764648,56.86760948437103,56.3342499911167,56.67756238559269,3822443
2014-07-21,56.113548278808594,56.67143939771415,55.86219296539415,56.60399830358978,1852877
2014-07-22,57.34579849243164,57.51745728283468,56.43233961901747,56.5917326198995,2185555
2014-07-23,57.59103393554688,57.6952516521022,57.00249387834933,57.13736569574149,1574406
2014-07-24,57.90369415283203,58.27766589345742,57.26611166446519,57.74430112502788,1820132
2014-07-25,57.03314208984375,57.983387986212094,56.95344039818311,57.73816039341494,1863547
2014-07-28,57.11284637451172,57.431637618866105,56.66531101554062,57.2906329012252,1780964
2014-07-29,57.3519401550293,57.72590670108629,56.84922949648791,57.04540951877601,1351950
2014-07-30,56.83083724975586,57.33354791937022,56.61626891279739,57.02088956910711,2033800
2014-07-31,56.64691162109375,58.20409106030217,56.64691162109375,57.11896813698316,4158274
2014-08-01,55.24913024902344,57.10057969146307,55.00390783750042,56.86148498651211,4563989
2014-08-04,54.94259643554688,55.69053460535677,54.899681737747365,55.65988050856079,2398865
2014-08-05,55.24913024902344,55.53113965427711,55.01003554407248,55.16330084841801,2130088
2014-08-06,55.31656646728516,55.54340057180717,54.446022231711545,54.87516404860415,2660073
2014-08-07,54.6973876953125,55.66602211361145,54.67899419492752,55.27366721781129,2661901
2014-08-08,54.458282470703125,54.8261212762032,53.80843426022465,54.07818306349634,2450647
2014-08-11,55.46371078491211,55.61084321277158,54.79547418075718,54.97939360701295,2192029
2014-08-12,54.68512344360352,55.53727947215804,54.57477282580548,55.29205184149277,2013693
2014-08-13,55.73958206176758,55.81315086303156,54.88742611189862,55.059084918656325,1902423
2014-08-14,56.17485809326172,56.61013282705984,55.463706834019305,55.90510927473016,2527748
2014-08-15,55.58018493652344,57.082183818882726,55.27365434058994,56.45686202580731,3630220
2014-08-18,56.45073699951172,56.7082252265025,56.07063755477178,56.254556975683045,1671866
2014-08-19,56.88600540161133,57.18640829956728,56.71434660277935,56.818569498805765,1465438
2014-08-20,57.002479553222656,57.71975835195778,56.775645490324976,57.71975835195778,2082551
2014-08-21,58.16730117797852,58.16730117797852,56.7204776034998,57.18027349480826,2278369
2014-08-22,57.43776321411133,58.22248321651983,57.10057851379052,58.05695212529504,2189279
2014-08-25,58.93976211547852,58.93976211547852,58.04469151149336,58.21021741410851,1972050
2014-08-26,59.36890411376953,59.36890411376952,58.492227003419714,58.73745459920378,1876143
2014-08-27,59.0930290222168,59.325990833496576,58.82941311215886,59.12981601618044,1503890
2014-08-28,58.38187789916992,58.94589671422678,57.91594908722841,58.798759115266456,2199717
2014-08-29,58.44931411743164,58.77423822735437,57.73203518151453,58.36348471567283,2258071
2014-09-01,58.596439361572266,58.71291764919184,58.148904138607385,58.424780594250514,1124861
2014-09-02,58.90910339355469,59.25242096187449,58.6270992048872,58.83553979054963,1357390
2014-09-03,59.55895233154297,60.08005639691056,59.16045946138713,59.1911135573336,2764599
2014-09-04,60.44176483154297,60.59503012918014,58.945893658717445,59.32598786108409,3095055
2014-09-05,60.33753967285156,60.5705014637111,59.79191440358055,60.184274380969775,2117675
2014-09-08,60.104583740234375,60.57664026261153,59.85322842950632,60.47855025870364,1370715
2014-09-09,60.116844177246094,60.5275925003386,60.086190078251214,60.38659298439652,1635057
2014-09-10,59.89614868164063,60.129110516797134,59.589618039591215,59.89614868164063,1735373
2014-09-11,59.79805374145508,60.25784966664333,59.4363478211833,60.02488266210749,1742287
2014-09-12,59.52216339111328,59.77352385649563,59.12367572258548,59.76125806765955,1555486
2014-09-15,59.699954986572266,59.88387436740624,59.20337213946316,59.36889802564154,1857656
2014-09-16,59.8900146484375,59.8900146484375,59.38730398993759,59.58348401220951,1838062
2014-09-17,60.227195739746094,60.25171694390177,59.89614391792032,59.98810102779146,1834980
2014-09-18,59.96970748901367,60.055536892074045,59.41182155769598,59.58961325913877,3507632
2014-09-19,59.09916687011719,60.68699535871583,59.00107685895153,60.25785350558174,7662330
2014-09-22,58.83553695678711,59.32598170749517,58.479958805092565,58.54739469888624,2078467
2014-09-23,57.79947280883789,58.24087524409645,57.63394689561593,58.21635403959871,2834496
2014-09-24,58.0140380859375,58.11826098244451,57.0270103652512,57.89142688130977,2637949
2014-09-25,57.18027114868164,58.49222286822382,57.08218115501753,57.97725169863077,2201502
2014-09-26,57.572635650634766,57.90368745956852,56.89213853607943,57.11283974203527,2194250
2014-09-29,57.272239685058594,57.86691266040517,56.91053373404683,57.62781792881558,1821827
2014-09-30,57.854637145996094,58.17956120400855,57.474537794035655,57.58488838193162,2491215
2014-10-01,57.16188430786133,58.26539556790276,57.137363103734224,57.81173253725253,1872632
2014-10-02,56.03385543823242,57.61555622309111,56.03385543823242,57.01475555198782,3355974
2014-10-06,55.14491653442383,56.21164084696166,54.795471200118776,55.849934910049846,5526563
2014-10-07,53.92491912841797,54.68511796213249,53.7471326162947,54.68511796213249,4605953
2014-10-08,53.1218147277832,53.85748722353229,52.88271999923535,53.68582840537997,3724674
2014-10-09,53.342506408691406,54.801590536067,53.146326419800246,53.888131678509055,4369112
2014-10-10,51.2519645690918,53.05436634656815,51.13548626296919,52.75396864460928,6626535
2014-10-13,51.80373001098633,52.557796007509296,50.64504336239189,50.884138091603454,4196377
2014-10-14,51.93246841430664,52.20834492207027,50.82282429958306,51.32553490865213,3404388
2014-10-15,50.47951126098633,52.21447197935181,50.25881005751964,52.11638716765504,4354452
2014-10-16,50.5285530090332,51.03739650024548,49.149165316749375,50.70021180441677,6048280
2014-10-17,51.61980438232422,51.711761487775,50.31398546662096,50.77990907748081,7012315
2014-10-20,50.93318176269531,51.80373129175008,50.71248052675896,51.79759839582953,2751310
2014-10-21,52.37386703491211,52.45356353392398,50.41207233570056,50.63277352593291,3657621
2014-10-22,52.435184478759766,52.950155743021256,52.16543564945133,52.70492811949312,3264647
2014-10-23,53.11567687988281,53.29959628381645,51.699502139310965,52.079601548963865,2954752
2014-10-24,52.77848815917969,53.23828403977831,52.66813756292196,52.88271104929766,2952253
2014-10-27,52.45356750488281,53.37929222129889,52.091861596047295,53.31798921302353,2699507
2014-10-28,53.354774475097656,53.53256099347764,52.73558032566147,52.75397382362316,2223897
2014-10-29,53.52642822265625,54.1885318237397,53.50190183150271,53.753257129374994,2325210
2014-10-30,53.55707550048828,53.79617018978926,52.46583013320648,53.63064429455956,2840476
2014-10-31,55.12038803100586,55.17556332971829,54.09044047408338,54.501193955611456,3992485
2014-11-03,54.59928512573242,55.30430342316587,54.48280163102477,54.942597526370335,2473125
2014-11-04,53.88813781738281,55.10812739799122,53.716479010404335,54.39084844761284,3936182
2014-11-05,54.61154556274414,54.61154556274414,54.0536596705263,54.07818087294647,2986001
2014-11-06,54.93647766113281,55.886723684857394,54.18853936972001,54.43989470259458,5013787
2014-11-07,53.96782684326172,55.12651325257324,53.287329793621375,54.96098736389646,3963172
2014-11-10,54.30501556396485,54.34793026295926,53.11567497061503,53.27507316524777,2233650
2014-11-11,54.550235748291016,54.6851127347456,54.200790464169856,54.200790464169856,2271808
2014-11-12,53.88200378417969,54.501197904437134,53.68582377708275,54.31727849921193,2583202
2014-11-13,54.04752731323242,54.550237910718046,53.64903960993074,54.213058402650965,2155443
2014-11-14,54.2559700012207,54.54411230362402,53.759392279576105,54.17014578859325,2043804
2014-11-17,54.513458251953125,54.64833006048748,53.53869111623983,53.593866418692485,2203082
2014-11-18,55.76410675048828,55.8070162622917,54.531851418415535,54.59928732227395,2588541
2014-11-19,55.77023696899414,56.10128879661415,55.57405695516566,55.72732226668324,1722224
2014-11-20,55.721187591552734,55.94802169815476,55.13265275743951,55.78862868486929,2174462
2014-11-21,57.615535736083984,57.81171568907715,55.923484938661325,56.00318142313567,6035532
2014-11-24,57.81173706054688,58.13666120066512,57.45615881858396,57.71977475501287,2777870
2014-11-25,58.38187789916992,58.60257910903578,57.71364137437625,57.81173137749159,2786849
2014-11-26,58.81101989746094,58.82328049931613,58.25926687110403,58.71292989404475,2365046
2014-11-27,59.09916687011719,59.240171585453744,58.67001982840806,58.84781154079114,1798577
2014-11-28,58.33896255493164,59.2401660700414,57.66459314238144,59.15433666969051,3844151
2014-12-01,57.952728271484375,58.081472356081306,57.38258182663958,57.73202709136044,1864235
2014-12-02,57.50520706176758,58.332841877945306,57.37646294572657,58.13666185023762,2577567
2014-12-03,57.56650161743164,57.92207981111073,57.46841161799338,57.6768574068023,2281921
2014-12-04,56.7449951171875,57.95272910808201,56.285199255767125,57.43775795083415,3590024
2014-12-05,57.86690902709961,57.94660553643383,57.03927426795831,57.03927426795831,3152632
2014-12-08,57.69525146484375,58.03243619580473,57.59103374862668,57.873043173690405,1975060
2014-12-09,56.7940559387207,57.253851907262,56.43847769165632,56.787923042833725,3761952
2014-12-10,57.08218765258789,57.76268479109134,56.80017824013115,57.01475174712535,2526419
2014-12-11,57.51133346557617,57.73816759032987,56.80631507412625,56.83083627989015,2698588
2014-12-12,56.021583557128906,57.18026996180626,56.00319006226927,57.069919369796416,2799500
2014-12-15,54.550235748291016,56.92278394348885,54.50119334490695,56.125808568478405,3675541
2014-12-16,56.058372497558594,56.0583724975586,53.92491879937344,54.86903703474666,5760620
2014-12-17,55.84993362426758,56.30972956002298,55.04069236225209,55.18782996729572,2691960
2014-12-18,57.5419807434082,57.56037423983745,56.30972544271208,56.70821833770759,3940229
2014-12-19,56.86761474609375,58.2224865192537,56.67756762973114,58.001780114625646,8782211
2014-12-22,57.51133346557617,57.854651100570976,56.95344749728469,56.95344749728469,2003344
2014-12-23,57.98951721191406,58.16730371906223,57.33354129657124,57.70138010111706,1636904
2014-12-29,58.1489143371582,58.1489143371582,57.16188144051918,57.78107553940426,1492386
2014-12-30,57.47454452514648,58.00177632652351,57.45002332242533,57.70750632814634,1209213
2015-01-02,57.48067092895508,58.24086444748505,56.81242931595831,57.63393621151606,1951120
2015-01-05,55.74570083618164,57.89141462282367,55.72730734338122,57.15574236226109,3468105
2015-01-06,55.69666290283203,56.57333998677275,54.94872991365656,55.97867229462992,3015222
2015-01-07,56.05223846435547,56.60399143239749,55.59244259479575,56.03384496922937,2254941
2015-01-08,57.88529968261719,57.93434208946872,56.58560844958229,56.95344206669245,3371257
2015-01-09,56.70208358764648,58.1059976395534,56.53042998469563,57.90368475117388,3265366
2015-01-12,57.28450393676758,57.8178635052023,56.55495915852611,56.8921438943041,2575206
2015-01-13,57.53585052490234,57.67072232329631,56.65304056345969,56.830827059265225,3251262
2015-01-14,56.855350494384766,57.584895190464536,56.536559292929375,57.07605688484566,3116877
2015-01-15,58.02629852294922,58.22860621363507,55.745707497539534,57.46840747564049,4928016
2015-01-16,58.52900695800781,58.90297341888903,57.5235858699229,57.964988225248426,4338757
2015-01-19,59.42409133911133,59.66931377411687,58.79263656439575,59.19112431842351,2608603
2015-01-20,59.718353271484375,60.33754741309105,59.571220855376,60.0800643877577,3434534
2015-01-21,60.466285705566406,60.56437570306452,59.63252332111955,60.25784510945469,3513508
2015-01-22,60.84638595581055,61.09160835874016,59.98809716840813,60.4969406590625,4384649
2015-01-23,61.91924285888672,62.16446526106486,61.03643287161151,61.30618166486697,5080644
2015-01-26,63.08407211303711,63.329294553591446,61.3981483770691,61.79664132868888,3429542
2015-01-27,61.20196533203125,62.28708832771351,60.723775889091606,61.82729238290999,7156441
2015-01-28,60.47057342529297,61.83883183346403,59.59870699075502,61.83883183346403,6672083
2015-01-29,59.56687927246094,60.1523622883818,58.87320068858136,59.88507808587522,4939130
2015-01-30,59.185054779052734,59.95509741143171,58.91140415532816,59.82145258047381,5057833
2015-02-02,60.36238479614258,60.36238479614258,59.05140205339122,59.38232821955825,3643453
2015-02-03,61.10060119628906,61.50153021558077,60.55966102870632,60.56602737520681,3878342
2015-02-04,60.80150604248047,61.27243802051788,60.476940811205424,60.986060102381565,3020060
2015-02-05,61.28516006469727,61.45698680081789,60.24783330097035,60.7124042776285,2944924
2015-02-06,60.64875793457031,60.91604753978796,60.40056198289106,60.84603927217383,2460227
2015-02-09,59.89781951904297,60.45784805463308,59.49688504160283,60.33056957646455,3023550
2015-02-10,60.14601135253906,60.40693463846868,59.48415361690847,60.13964500533469,2697769
2015-02-11,60.06326675415039,60.15872963140436,59.50323834136344,59.95508195655824,2212771
2015-02-12,60.06964111328125,60.43238824585892,59.04504164220696,59.08958452757151,4031298
2015-02-13,61.06877899169922,61.24060571075192,60.03781329130317,60.27964289003514,3165624
2015-02-16,60.61058044433594,61.030603150325376,60.29238158786152,60.89059199094198,2800145
2015-02-17,60.86512756347656,61.221508286289534,60.158727077749695,60.45783223107345,2960417
2015-02-18,61.60335159301758,61.679720817568985,60.7823999338491,61.03059587408137,2222320
2015-02-19,62.036109924316406,62.18248204691969,61.31061565840467,61.38062393223443,2724120
2015-02-20,62.036109924316406,62.3670414799902,61.56517797922448,61.73063837098091,4612005
2015-02-23,62.367034912109375,62.71068835364144,61.99792147092021,62.5388616328754,2191184
2015-02-24,62.56431198120117,62.7297777303324,62.02973820212418,62.16338299341331,2332630
2015-02-25,62.86341857910156,62.90796684388759,62.56431341789224,62.65977090753107,1864962
2015-02-26,62.95888137817383,63.02251790916235,62.5197650769946,62.87614580876927,1945780
2015-02-27,63.52528762817383,63.52528762817383,63.00344104919338,63.06707759170282,2735016
2015-03-02,62.76796722412109,63.60801260493172,62.51340491673838,63.43618587514048,3264661
2015-03-03,62.32250213623047,63.20709595959295,62.2079509605802,62.81252780675245,2207427
2015-03-04,62.56431198120117,62.634314856806085,61.74972131362499,62.634314856806085,2534551
2015-03-05,63.34709548950195,63.61437974422181,62.748879664434526,62.91434544960831,2788412
2015-03-06,63.30253982543945,63.63346597107056,63.04798290913247,63.63346597107056,2094580
2015-03-09,63.37253952026367,63.49981797201462,62.39248843987762,62.927062246095446,2012337
2015-03-10,63.04798126220703,63.410728359420936,62.50067475010752,63.06070856908192,2223396
2015-03-11,64.97627258300781,65.23082951102666,63.13071600359004,63.2898154301219,3458056
2015-03-12,65.03990936279297,65.35810821703487,64.40351165430917,64.84898897303177,2337234
2015-03-13,65.8035888671875,65.8035888671875,64.53078810388146,65.26264867743444,2328666
2015-03-16,67.39456939697266,67.68094722145248,66.02631141277932,66.12177427832532,3793715
2015-03-17,66.47180938720703,67.45823237552791,65.83541162912705,67.3945904452876,3168533
2015-03-18,67.0445556640625,67.42639638827131,66.1535957696018,66.66271493985369,2844962
2015-03-19,64.2444076538086,67.3627594350407,63.33435942634696,66.82181926690535,6144580
2015-03-20,64.0534896850586,64.6580717966669,63.639833342876216,64.56260891195394,8111950
2015-03-23,63.92620849609375,64.18077079171522,63.2325352622091,64.05348695086452,2386647
2015-03-24,64.40351104736328,64.65807336000597,63.41709353129342,63.576192956915,1942185
2015-03-25,63.60164642333984,64.30805238464531,63.60164642333984,63.92621161561966,1841033
2015-03-26,63.55073928833008,63.55073928833008,62.51340713984415,62.95888984708614,3683174
2015-03-27,63.70347213745117,63.98985541565872,63.25162847093918,63.89439252756275,2321042
2015-03-30,64.49896240234375,64.75352469072978,63.51255036634715,63.735286309345184,1920227
2015-03-31,64.08531188964844,64.81717247565594,63.830754964303374,64.46715266374629,2394263
2015-04-01,64.2444076538086,64.84898435661401,63.5189134560101,63.620737297562165,1955563
2015-04-02,64.18077850341797,64.49897198553778,63.89439521317316,64.14895753938181,1739508
2015-04-07,65.00808715820312,65.19900754431688,64.62625177205584,64.88080869615403,1925834
2015-04-08,64.37168884277344,65.19900691725607,64.37168884277344,64.78535057305484,1428153
2015-04-09,64.56260681152344,64.62624873259493,64.21258701779016,64.49896489045194,1197391
2015-04-10,65.83539581298828,65.83539581298828,64.5626006026016,64.84897844772271,2087098
2015-04-13,65.96269226074219,66.18542823351883,65.45357300198337,65.64449339727798,1391114
2015-04-14,65.23084259033203,65.89906139296511,65.03992216299666,65.61268344500276,1441477
2015-04-15,65.83539581298828,66.31269401688328,65.07171976397217,65.2308191652705,1846732
2015-04-16,64.56260681152344,65.58084523218754,64.43532835546041,65.51720331111603,2035875
2015-04-17,62.97161102294922,64.43532669515838,62.85069353046104,64.11712787015985,4106070
2015-04-20,64.0534896850586,64.14895256977157,63.03525123126791,63.10525950115614,1706574
2015-04-21,63.989845275878906,64.91262073143554,63.989845275878906,64.2762231226269,1845025
2015-04-22,63.44891357421875,64.33986819035698,63.12434838077855,63.926211844167135,2249647
2015-04-23,62.54521942138672,63.63982699657512,62.074287549770965,63.22616530956381,3555733
2015-04-24,63.21343612670898,63.57618319229858,62.44339373231148,62.72341061738679,2321418
2015-04-27,64.91262817382812,64.91262817382812,62.73614551684531,63.35981589131266,2426410
2015-04-28,64.43533325195312,65.38992982408628,64.1807763204831,64.30805478621811,2507507
2015-04-29,62.0424690246582,64.81716729684165,62.0424690246582,64.24440618145779,3718315
2015-04-30,62.05520248413086,62.5452280758063,59.83417145411059,61.66700074176981,4115148
2015-05-04,62.70431518554688,63.156158764745456,61.456974623004015,62.17610777392434,1865921
2015-05-05,61.246978759765625,63.11798999322909,61.11970029313991,62.47522592695259,3129115
2015-05-06,61.63519287109375,62.04885470321087,60.80151363067791,61.03061599377958,3119989
2015-05-07,60.68694686889648,61.0433330503727,59.85326776852146,60.45784454427926,3991158
2015-05-08,61.80064392089844,61.92792238265822,59.98690833606094,61.24697641825117,3645364
2015-05-11,61.57152557373047,61.80699418819895,61.34878965070724,61.53334365763259,2218883
2015-05-12,60.99877166748047,61.39970064939064,60.40055598148921,60.96058975027741,2938446
2015-05-13,60.17781829833984,62.04246834344463,59.9041677433348,61.28515321094241,3536675
2015-05-14,61.31697463989258,61.54607693085349,59.535060152525794,59.82143801622693,2611840
2015-05-15,61.01787185668945,61.95974105666018,60.61693744574298,61.55880664571371,3137542
2015-05-18,61.39971160888672,61.66063488821288,60.566032538883846,60.979688900363655,1942724
2015-05-19,62.36066818237305,62.72341527489833,61.73699783708537,61.7751797572165,2664520
2015-05-20,62.37975692749024,62.59613189670217,61.96609525459014,62.4815807592417,1720072
2015-05-21,62.56431198120117,62.64704216272703,61.74972131362499,62.02973820212418,1782426
2015-05-22,62.462493896484375,62.62159331425808,62.17611602170771,62.437039282299786,1653409
2015-05-26,61.76244735717773,62.95887872224617,61.57152700010687,62.68522818534038,2607507
2015-05-27,62.53886795043945,62.69796738048881,61.67972887374072,61.940652154464885,2960744
2015-05-28,61.966094970703125,62.69158909534868,61.622441559896096,61.97246131656818,2506551
2015-05-29,60.9542236328125,62.39248459129686,60.79512423141765,62.023371179299495,4274043
2015-06-01,61.208778381347656,61.74971848161591,60.75694019059858,61.32969586117025,2450306
2015-06-02,61.06241226196289,61.47607396323032,60.47692922880134,61.42515935082334,2445814
2015-06-03,61.78790664672852,62.37339506793178,60.85877017450567,61.22151187850182,3259981
2015-06-04,61.55880737304688,62.15702313020015,60.47693239613572,61.79427602234169,2838811
2015-06-05,60.82693862915039,61.41242156238183,60.51510081984153,60.96058340456847,2814092
2015-06-08,60.286014556884766,60.80786110646866,60.171463400740045,60.56603148639427,2159769
2015-06-09,59.675071716308594,60.34965673429368,59.01321939224201,60.0760061505723,3099895
2015-06-10,60.61693954467773,60.78876627557021,59.21049934957095,59.382326080463415,3062127
2015-06-11,60.79512786865234,61.42515916599431,60.311463289600496,60.4578353939704,2929789
2015-06-12,59.95508575439453,60.916048617576536,59.29959442283171,60.457838627107726,3242961
2015-06-15,58.77138900756836,59.477789592930776,58.68229246777846,59.26141459033256,2810245
2015-06-16,58.97502136230469,59.16594171733278,57.9567884456205,58.54863777595201,3049198
2015-06-17,58.784122467041016,59.45233581323375,58.63775033436541,59.05777307584472,2448131
2015-06-18,59.54142761230469,59.60506953833198,57.91861235941264,58.4277316093898,3353674
2015-06-19,59.51596450805664,60.36237615031707,59.3950470202824,59.81506966834915,8179664
2015-06-22,61.514259338378906,61.67972510539645,60.57239012370085,60.70603492943655,3886455
2015-06-23,61.48244094848633,62.2842989740309,61.38061710869402,61.985193801050926,2977990
2015-06-24,61.075138092041016,61.76881123232435,60.69329739317272,61.60334549319364,3121829
2015-06-25,60.69330596923828,61.69245073258124,59.94871811705736,60.76967519701888,2906652
2015-06-26,60.521480560302734,60.85240670643027,60.05690960917752,60.30510556529319,2119409
2015-06-29,58.59955596923828,59.57324615869122,58.1413513558864,58.38954731681206,4955122
2015-06-30,57.49858474731445,58.7013771896477,57.49858474731445,58.34499643810005,5528979
2015-07-01,58.30680847167969,58.86684228559307,57.27584814941161,58.17316905766115,4614176
2015-07-02,57.74042510986328,58.332274559407615,57.68314953042611,57.988615696704095,2283752
2015-07-03,57.60677719116211,57.893155072913984,57.31403296266902,57.74042199800637,2007062
2015-07-06,56.77946472167969,57.33313227172976,56.27034544497162,56.58217797228493,3809581
2015-07-07,55.41756439208984,56.94491660781489,55.3793770857448,56.81763815418444,3766509
2015-07-08,56.06032180786133,56.55035273089147,55.6912137616181,55.81212586624548,3579301
2015-07-09,57.2822151184082,57.60041397902218,56.28307026519388,56.48035161978558,3126684
2015-07-10,58.58046340942383,58.73319647399174,57.88679019343834,58.68228724782903,3412227
2015-07-13,59.675071716308594,59.73871364157975,58.85411996514444,59.21050074285407,2956655
2015-07-14,59.76416397094727,59.92962973313682,59.34414129809068,59.55415532755895,2089538
2015-07-15,59.83416748046875,59.90417036233338,59.29322730702026,59.47142037800658,2218468
2015-07-16,60.74421310424805,61.17696845604195,60.09508815567685,60.13963642150741,2804777
2015-07-17,60.69967269897461,61.01787694729136,60.50239134337709,61.005144253051085,1953985
2015-07-20,61.132423400878906,61.65426992566146,60.71240071961686,60.71240071961686,2151560
2015-07-21,60.55965805053711,61.412430660947344,60.43874594769367,61.374248742062,1727798
2015-07-22,59.97418975830078,60.56604470903471,59.72599912318968,60.01873803831389,1805399
2015-07-23,59.88507843017578,60.4578341431826,59.57960692121225,60.4578341431826,1573188
2015-07-24,59.286869049072266,60.35601675156641,59.24868712615471,59.56688597537511,1748834
2015-07-27,58.12862014770508,59.2232223777394,58.12862014770507,58.99412008643731,2692555
2015-07-28,58.605918884277344,59.05776251047455,58.10316603116883,58.42136485760408,2391056
2015-07-29,58.8541145324707,59.03866855820888,58.192256883418175,58.70137608035096,2681007
2015-07-30,61.11333084106445,61.4124360303502,60.40056392366164,60.45783950003722,4690011
2015-07-31,62.01065826416016,62.11248212012602,61.15151914281816,61.730641313733855,3469696
2015-08-03,62.83160018920898,62.914335762096655,61.756091602468025,62.08065138937239,2301701
2015-08-04,62.75523376464844,63.22616563871584,62.62795531647452,62.77432203092276,1789985
2015-08-05,63.70347213745117,63.73529310014983,62.92706865522181,63.17526462375883,2211545
2015-08-06,63.767120361328125,64.11714021342519,63.3216429977868,63.56347264323822,1446602
2015-08-07,63.12434005737305,64.0853028173678,63.12434005737305,63.620731916212144,1819008
2015-08-10,64.21259307861328,64.21259307861328,62.984345897426834,63.3089111077982,1526711
2015-08-11,62.3352165222168,64.0853101481259,62.309756521509954,63.958031688912165,3245328
2015-08-12,60.5723876953125,61.832455700131824,60.31783078742329,61.832455700131824,3985937
2015-08-13,61.05605697631836,61.67336102634711,60.72513081619571,61.2406110180267,2000241
2015-08-14,60.750579833984375,61.456980359356336,60.4578356241301,61.00513673798298,1508484
2015-08-17,60.54056930541992,61.46335025437264,59.92326527663042,61.075148529625416,1766274
2015-08-18,60.286014556884766,60.62330706446664,60.06327320544763,60.25419359438228,1584484
2015-08-19,58.67593765258789,59.69417632733121,58.61229571563594,59.69417632733121,2736586
2015-08-20,57.587677001953125,58.84774492474866,57.40312298644296,58.23044096234866,3327461
2015-08-21,56.25761032104492,57.9504283146337,56.25761032104492,56.8940079820019,5629883
2015-08-24,53.51473617553711,55.36665369580631,51.8982819260137,54.73025599655339,8626096
2015-08-25,55.42393493652344,55.78032113161204,53.80111956039288,54.40569635924287,5952923
2015-08-26,55.04208755493164,55.97122938163838,53.99839458642048,54.78752527285985,3938246
2015-08-27,56.23852157592773,56.639456015300034,55.83122617559548,56.034873875761605,3180147
2015-08-28,56.46125793457031,56.64581196336355,55.90759046211067,56.429436974345286,2581961
2015-08-31,56.29579544067383,56.333982749592366,55.55121293580546,56.1430623632404,2062253
2015-09-01,55.26482772827149,55.52575099039818,54.77480216497599,55.22664580677004,3100338
2015-09-02,55.48756408691406,55.81212385573573,54.90844203936528,55.33482564246187,1915465
2015-09-03,56.3467025756836,56.64580773007005,55.66575669929271,55.94576820175507,3092305
2015-09-04,54.76844024658203,55.7930451102212,54.6348008174817,55.72304222210186,2996708
2015-09-07,54.88935089111328,55.50029392463159,54.53933110819676,55.25209798063479,1467849
2015-09-08,55.30937194824219,55.98395688128787,55.143911581099424,55.239369070906434,2004048
2015-09-09,55.3411979675293,56.42943930402544,55.27119508379214,56.25761257501238,2931307
2015-09-10,54.92753982543945,55.50030101228717,54.74298577697897,55.30301965559635,2510915
2015-09-11,54.39296340942383,55.22028149440654,54.19568206194528,55.19482687913453,1883072
2015-09-14,54.13203811645508,54.73662021611281,54.09385619497272,54.24659465306227,2158682
2015-09-15,54.13203811645508,54.44387599317455,53.81383927919524,54.291137535085,3078825
2015-09-16,54.3865966796875,54.79389202515775,54.0938524768708,54.60297165870861,3367114
2015-09-17,54.09386444091797,54.59025642625779,54.03022250933255,54.45024525398604,2559304
2015-09-18,51.75191116333008,53.769288912041205,51.70736289696637,53.72474603175734,9958605
2015-09-21,52.52194213867188,52.78923170587496,51.69462421276419,51.75190516523275,2786834
2015-09-22,51.02642059326172,52.79560790815313,50.95005136179181,52.79560790815313,4446761
2015-09-23,51.12187194824219,51.94282358310539,51.070957338022055,51.10277829614969,3085212
2015-09-24,50.01454162597656,51.44007543670241,49.70270913455032,51.16642486685487,4804519
2015-09-25,50.9118537902832,51.17914335350794,50.46001561152766,50.720938829213125,3568996
2015-09-28,50.033634185791016,50.98186971868904,50.00817957196179,50.67003184800125,2669641
2015-09-29,50.27546691894531,50.72731057990076,49.60724825481237,49.613614601705954,2831060
2015-09-30,50.87368392944336,51.45280606757002,50.76549373219488,51.280979330246346,3236855
2015-10-01,50.294559478759766,51.52917293241591,50.14182640352156,51.4782583166164,3010919
2015-10-02,50.37092590332031,51.20460488913269,49.58178979799086,50.63184915629669,3015345
2015-10-05,51.84100341796875,51.98737552685218,51.05187268537976,51.17915114081928,2736378
2015-10-06,52.61741256713867,52.79560563754473,51.376432806925024,51.84100375042655,2616098
2015-10-07,53.845664978027344,54.53933828884703,53.38109398842069,53.966582485814456,4175742
2015-10-08,54.08748626708984,54.252952021384296,53.56563977765002,53.61655438900204,2080078
2015-10-09,54.72389221191406,54.933900856512174,54.14476473395446,54.5202445277753,2245507
2015-10-12,54.74935531616211,55.12482978212962,54.15750582550282,54.73662800718974,1933907
2015-10-13,54.17023086547852,54.65389013049276,53.654745250245234,54.4693360790026,2078647
2015-10-14,53.27289962768555,54.00475473218773,53.10106753149016,53.93475185614938,2181553
2015-10-15,53.80747985839844,53.91566466540095,53.17744312639013,53.565644857183024,1891379
2015-10-16,53.48927688598633,54.361143165875966,53.08834249251545,54.27840759422527,3160162
2015-10-19,53.63564300537109,53.9856573614528,53.279256917609096,53.279256917609096,1591275
2015-10-20,53.34926223754883,53.62927912134611,52.87833038206372,53.47017972088664,1498388
2015-10-21,54.0047607421875,54.24022939458607,53.221990940495104,53.48928055447404,1664287
2015-10-22,55.22027587890625,55.373014327166494,53.648375447546094,54.017483489695564,2863339
2015-10-23,57.28858184814453,57.708604562403664,55.68485484018749,55.87577523504718,4244463
2015-10-26,57.084938049316406,57.62587292132115,56.78582743534962,57.212216525901,1857865
2015-10-27,56.78581619262695,57.56222497962953,56.78581619262695,57.25675346465668,1902867
2015-10-28,57.8676872253418,58.18588599587605,56.747625183186486,56.938545522722826,2102476
2015-10-29,58.0586166381836,58.14134682334934,57.60677302075263,58.02042933266112,1904818
2015-10-30,58.230445861816406,58.59955392389324,58.00770452361143,58.434093546438106,2548557
2015-11-02,58.796836853027344,59.04503278927035,57.53676890554107,57.60677178272148,2259063
2015-11-03,58.72046661376953,58.96866254571845,58.38317415383079,58.90502062970299,1730744
2015-11-04,58.707740783691406,59.46505590456421,58.618644253461696,59.05776055841681,2214521
2015-11-05,58.97502136230469,59.41413764026135,58.20497898246971,58.75864639622736,1990093
2015-11-06,59.872344970703125,60.13962914727712,58.86683401710978,59.05775436385071,2435652
2015-11-09,58.77138900756836,60.07600537003422,58.70138073624753,59.815076711460776,1795116
2015-11-10,58.47227096557617,59.18503780687414,58.09043023978951,58.994117443980805,2600655
2015-11-11,58.66319274902344,59.15958462735052,58.026795114688085,58.35135489199448,2128257
2015-11-12,59.78961944580078,60.73148864656021,59.30596023135245,59.65597464204004,4824821
2015-11-13,59.0959358215332,60.17144963719168,58.44044461102334,59.93598103183042,3321092
2015-11-16,58.66319274902344,59.59233458781219,58.48499968786403,58.54864160572945,2364624
2015-11-17,60.31145858764648,60.31145858764648,59.1659418411599,59.210490103629,2153814
2015-11-18,59.98053359985352,60.17145395882956,59.43323252058048,59.78961324087748,1698518
2015-11-19,60.98605346679688,61.34243423880376,60.266920189845465,60.451479615746415,2270800
2015-11-20,61.16424179077149,61.37425583410809,60.55966504845392,61.27879833282438,2305188
2015-11-23,60.97969436645508,61.23425670763682,60.60421989533684,61.23425670763682,1321790
2015-11-24,60.16508102416992,60.69965473911356,59.69414921727531,60.59783630396132,1938681
2015-11-25,61.05605697631836,61.316980250695096,59.9296336853008,60.36874465446339,1819576
2015-11-26,61.8579216003418,61.91519717938432,60.71240463341103,60.96060060462207,1697770
2015-11-27,61.64789581298828,62.14428766087816,61.50789006556472,61.7306259922768,1371105
2015-11-30,62.45612335205078,62.82523677723826,61.30424558377885,61.48243864325416,2409190
2015-12-01,61.69244384765625,63.00342633625,61.48879618702186,63.00342633625,1972583
2015-12-02,61.02423477172852,62.12520342480668,61.01787381101581,61.966104001866135,1845466
2015-12-03,58.48501205444336,61.51426780428689,57.81679331988132,60.77604617691869,5505319
2015-12-04,58.605918884277344,59.04503520374672,57.98224853813469,58.33226832442943,3529050
2015-12-07,59.172306060791016,59.6814251949446,58.79683170924258,59.04502762377241,1745592
2015-12-08,57.76587677001953,59.22959253038832,57.59405004050079,59.18504426131899,2666769
2015-12-09,57.56858825683594,58.21135227201746,57.16129827322625,58.077707468948034,2767883
2015-12-10,57.02766418457031,57.53678349233625,56.8558374280895,57.154942664991545,2454579
2015-12-11,55.84394836425781,57.22493386778136,55.50029492151109,56.97037695894969,3146682
2015-12-14,54.88935089111328,56.52489327409137,54.755706092641184,56.07305503833494,2949993
2015-12-15,56.13034057617188,56.51217600034994,55.25847413726535,55.3666589556542,3422585
2015-12-16,56.13669204711914,56.900368152449296,55.84394783448396,56.44852991286353,2285404
2015-12-17,57.32040023803711,57.89952235766423,56.81128100329676,57.199482736636206,3869593
2015-12-18,56.65854644775391,57.40313438980831,56.30216565189506,56.83037319144016,6585306
2015-12-21,56.01577758789063,57.65768642004768,56.01577758789063,56.50580854631343,2687184
2015-12-22,55.69122695922852,56.56309344159818,55.33484074893263,56.44854227002623,2155327
2015-12-23,57.04673004150391,57.13582655861624,56.13032103367163,56.13032103367163,2368715
2015-12-25,57.04673004150391,57.04673004150391,57.04673004150391,57.04673004150391,0
2015-12-28,56.72854995727539,57.154939033588576,56.59491052366859,57.02766056125412,1080254
2015-12-29,57.81678009033203,57.81678009033203,57.0149221012022,57.078558631882565,1481071
2015-12-30,57.19947052001953,57.77859251595824,57.18674321512935,57.66404138586743,1193729
2016-01-04,54.43115234375,56.06032856101108,54.22750464333232,56.06032856101108,4811853
2016-01-05,54.77480316162109,54.95299623736357,54.09385720626822,54.412056049476845,2939387
2016-01-06,54.55841827392578,54.59023922969452,53.743827659426174,54.41841253183836,2783496
2016-01-07,53.51473617553711,53.845662332819,52.66196347398141,53.2538129034002,4448581
2016-01-08,53.145626068115234,54.51388443963374,53.03107490589628,53.93476228126874,3856426
2016-01-11,52.80197143554688,53.81384360390837,52.80197143554688,53.031073755012805,2835669
2016-01-12,53.10743713378906,53.852024976024616,52.43921851831405,52.751056385706335,3149193
2016-01-13,52.90379333496094,53.97294104373766,52.69378467855992,53.78202604194776,2973323
2016-01-14,52.99925994873047,53.35564074802255,51.88555850552131,52.50286798257881,5173990
2016-01-15,51.993743896484375,53.64838003982142,51.38280082330637,53.603831770772175,7085041
2016-01-18,51.75827407836914,52.362850791178246,51.35734505203384,51.93010080394141,2335179
2016-01-19,52.350128173828125,53.01198590720067,52.13375316082572,52.8465201273374,2695450
2016-01-20,51.102787017822266,51.72645743646281,50.60639506733519,51.17278990600265,4460723
2016-01-21,51.88555145263672,52.432857964908536,50.86095208112681,51.22369917845491,4758546
2016-01-22,52.97378921508789,53.52109569089382,52.60468118195322,52.77014154643443,3806244
2016-01-25,53.08198547363281,53.71201681774164,52.68105105039247,53.40018431907933,3314048
2016-01-26,57.65768814086914,58.07134988114494,54.857535004664776,54.857535004664776,9953924
2016-01-27,58.822975158691406,59.00914083841111,57.58627299753069,58.07829555811988,5246812
2016-01-28,57.53307723999024,59.01578486940502,57.16073467249905,58.33759671362776,4061328
2016-01-29,58.630149841308594,58.6301498413086,57.39345336271703,58.07829295930015,3796701
2016-02-01,58.144779205322266,59.215258554656,57.493190908831394,59.042384400513264,2367721
2016-02-02,57.17404174804688,58.27776113418571,56.65542491985194,57.91871568461888,3145738
2016-02-03,56.38946914672852,57.18069159148303,55.74452657233084,56.91473739903045,3417512
2016-02-04,56.60888671875,57.333617809202565,55.84425855995899,57.17404641754201,3748396
2016-02-05,56.21659851074219,57.147443776800586,55.96393584739224,56.54239266569338,3347940
2016-02-08,54.88680648803711,56.76180527657129,54.46792671330382,56.322976970154855,3981029
2016-02-09,54.514461517333984,55.49850077568616,54.015793316446505,55.07296967723878,4459838
2016-02-10,54.68733978271485,55.71792193480088,54.50116850622112,54.89345396224007,3058682
2016-02-11,52.67936325073242,53.95595662334587,52.67936325073242,53.916065190662906,4193067
2016-02-12,53.62351989746094,53.63681704386119,53.01846878647956,53.191337316913774,3160666
2016-02-15,54.674049377441406,55.03308920302338,53.85623268990647,54.374843895559096,2827600
2016-02-16,54.620853424072266,55.245853032814985,54.37484216154592,54.8602133001604,2329498
2016-02-17,56.1700553894043,56.329626772632494,54.85357037565624,54.92670749410378,2614155
2016-02-18,56.44265365600586,56.96791619075567,55.9772310856297,56.42270512547129,2602078
2016-02-19,56.21659851074219,56.86819244787539,55.81766160972813,56.74186111620042,2959497
2016-02-22,57.46658706665039,57.56632409665835,56.515793351843605,56.56898193273027,2012897
2016-02-23,56.52244186401367,57.42669271095008,56.52244186401367,57.09424721562169,1979759
2016-02-24,54.84691619873047,56.63547513885609,54.580962031136025,56.58893231544248,3131501
2016-02-25,55.93069076538086,56.50249614544496,55.23919982399074,55.6514338343373,2413270
2016-02-26,57.38679122924805,57.7990251873229,56.54903179680677,56.6487631868304,2963361
2016-02-29,56.8216438293457,56.98121519714584,56.13680428240334,56.861535264488175,2780598
2016-03-01,57.95196533203125,57.95196533203124,56.68867448074604,56.85489725734835,2436360
2016-03-02,58.0583381652832,58.3974350473092,57.41339570351949,58.25115520249895,2464270
2016-03-03,58.55035781860352,58.69663202910817,57.83227265555477,58.17801527953018,2533299
2016-03-04,59.73387908935547,59.76711914312212,58.67005106081562,59.175370781179815,3768533
2016-03-07,59.36153411865234,59.53440827666643,59.01579142985499,59.447968384043975,1878338
2016-03-08,58.97589874267578,59.78706404818149,58.70993893806866,58.91605877140455,2678468
2016-03-09,59.54104995727539,60.00647818649321,58.95594741841212,59.04903306425569,2661162
2016-03-10,57.75248336791992,61.17667514144051,57.75248336791992,59.18865367420283,4998606
2016-03-11,59.26179885864258,59.44131876459761,58.48387363894034,58.6235021082044,2506990
2016-03-14,60.61817932128906,60.75780779997035,59.84025967635055,60.03972250048859,2626173
2016-03-15,60.19264602661133,60.40541161702119,59.946640384824825,60.31897735442676,1907069
2016-03-16,60.81099319458008,60.97057019819324,60.10621070577511,60.55169041136213,2891936
2016-03-17,60.731204986572266,61.356198918683496,59.428017289510045,61.17003326712464,3514228
2016-03-18,61.64874649047852,61.87480917925007,60.29901611583189,60.83758136498578,12152684
2016-03-21,61.16338348388672,61.91471437741201,60.69796090194897,61.11684066296993,2273580
2016-03-22,61.64210510253906,61.64210510253906,60.25912895824612,60.5516830109617,2681424
2016-03-23,61.44928741455078,62.05433847151049,61.10354475732099,61.84822427986301,2572704
2016-03-24,60.43865966796875,61.269773529620586,60.35887116162553,61.00381934478434,2118274
2016-03-29,60.850887298583984,61.20328133945708,60.29902482651424,60.7112588340233,1481903
2016-03-30,62.05434799194336,62.453284918460845,61.05701130288082,61.196639789885054,2778991
2016-03-31,61.93465805053711,62.29370347738803,61.73518961944888,61.834926648608125,3011403
2016-04-01,60.378814697265625,61.15673990845113,59.68067798581899,61.00381429529765,2988494
2016-04-04,60.79769134521485,61.356199560190966,59.953280450383694,60.37216020480826,1798321
2016-04-05,59.2950439453125,59.67403228540678,59.07562697762246,59.58759239925868,2809434
2016-04-06,59.72721481323242,59.77375763113912,58.78306693824492,59.26179226139527,2237421
2016-04-07,58.56366729736328,60.066323659624416,58.36419884187999,59.674038135640686,2218296
2016-04-08,59.341590881347656,59.634139355572565,58.86286547649007,58.87616262284296,2037538
2016-04-11,59.434661865234375,59.813650173951416,58.61019952614902,59.18200486849966,2006158
2016-04-12,59.71392059326172,59.82694913712011,58.78972120275735,59.47456073358032,1470131
2016-04-13,61.30302047729492,61.30302047729493,60.42536377106195,60.42536377106195,2615946
2016-04-14,61.86152267456055,61.92801402919902,61.22987731441674,61.44928865570894,2039018
2016-04-15,61.68199920654297,61.9479533552727,61.422690816554926,61.602210711032015,2093526
2016-04-18,61.90806579589844,62.14742567018252,60.8774835574149,60.89078070296063,1745683
2016-04-19,63.42401885986328,63.45726453718061,61.9546083166187,62.00115113941689,3137140
2016-04-20,63.97588348388672,64.10886057036709,63.09822683499345,63.1248211268434,2329557
2016-04-21,64.18865203857422,64.29503483811938,63.39077822837015,63.962583665713765,2631681
2016-04-22,64.02243041992188,64.47455591933013,63.902744844449366,64.35487597108859,2016567
2016-04-25,63.457275390625,63.9426466062286,62.73254426096624,63.82961240946289,2215374
2016-04-26,63.0184440612793,63.91604932427747,62.759135624091776,63.51711240133804,1843712
2016-04-27,63.36417388916016,63.48385381626983,62.83225997576718,63.17135685406457,1372291
2016-04-28,62.679344177246094,63.22455532034319,61.721898983390766,63.02508686821948,2455200
2016-04-29,60.58492660522461,62.26045690034336,60.58492660522461,62.02109703739215,3861732
2016-05-02,60.71791458129883,61.02376582261965,60.525091895195295,60.78440031165292,1575968
2016-05-03,59.81365966796875,60.53839635322713,59.78706537508702,60.46525360695613,2657665
2016-05-04,60.644779205322266,61.123498986537776,60.066322384866304,60.9971676543922,3531427
2016-05-05,61.110198974609375,61.37615314565158,60.478553597961216,60.977216261857706,2179635
2016-05-06,61.615509033203125,61.77508602727452,60.51178972859176,60.64477243272798,3135708
2016-05-09,61.85487365722656,62.47986759809277,61.38279969495903,61.88146794678893,1987038
2016-05-10,62.772422790527344,62.79901708056656,62.22721170857218,62.36018878599851,2378340
2016-05-11,62.719234466552734,63.02508005771311,62.34024613664051,62.632794582726966,2102575
2016-05-12,61.99449920654297,63.06497849423388,61.77508786719756,62.10088199668236,2881067
2016-05-13,62.23387145996094,62.45993421014135,61.0969063220399,61.23652917712855,2173324
2016-05-17,61.98785781860352,63.03838302148212,61.814983662225245,62.333600504129286,2512650
2016-05-18,62.31365966796875,62.34025959108768,61.4493000337743,61.4493000337743,1750678
2016-05-19,61.67535781860352,62.21392321657031,61.40275786694162,62.15408324204411,2040631
2016-05-20,62.49980926513672,62.60619203893332,62.03438673998763,62.06763241190461,2570126
2016-05-23,62.15407943725586,62.99184465656949,61.84822819629766,62.685993415611286,2214985
2016-05-24,63.22454833984375,63.33093112741549,61.63545791240407,61.83492634250487,2298300
2016-05-25,64.57427215576172,64.72054636317976,63.583587122124655,63.82959272055871,2621913
2016-05-26,64.95992279052734,65.12614555508519,64.50114593454467,64.58093443715701,2246293
2016-05-27,65.6181640625,65.6181640625,64.66071888949348,64.78705021944145,2488506
2016-05-30,65.39208984375,65.61815254429104,65.02639869154928,65.54501543929683,1263124
2016-05-31,64.3548583984375,65.47187469516821,64.2883670554678,65.2790576786773,5119980
2016-06-01,64.48119354248047,64.82694182402851,64.03571948628976,64.24848506236691,2013992
2016-06-02,64.12879943847656,64.70725052157653,63.93597678354682,64.31496508060114,1650648
2016-06-03,63.35752487182617,64.52108976618776,62.87215375941231,64.2218843099984,2099085
2016-06-06,63.64344787597656,63.876156406788425,63.16472241189191,63.16472241189191,1079705
2016-06-07,64.73385620117188,65.12614167708011,64.08890808657475,64.08890808657475,2085224
2016-06-08,64.03572082519531,64.6474176487842,63.922686648627696,64.6474176487842,1571084
2016-06-09,63.57695007324219,64.0357269552749,63.19131031141086,64.0357269552749,1519838
2016-06-10,61.9546127319336,63.2843949015531,61.86817846653295,63.24450346226761,2618743
2016-06-13,60.87083053588867,61.715241381526205,60.87083053588867,61.17003034304689,2439900
2016-06-14,59.95328140258789,60.69130952403908,59.82695008476383,60.17934412111556,3350908
2016-06-15,61.01711654663086,61.40275630494704,60.34557406982567,60.5051510826568,2877700
2016-06-16,60.432010650634766,60.73786191425049,59.5344110211944,60.0463765047784,3060975
2016-06-17,61.36285400390625,61.602213875504816,60.89078001979219,61.110196986911134,5859265
2016-06-20,63.13146209716797,63.52375319473409,62.53970819862743,62.63279384027158,3094557
2016-06-21,63.67002868652344,63.96922852118551,62.87215495778421,62.93864631092257,2311585
2016-06-22,63.89609146118164,64.5875767745713,63.76976014100784,64.18864553710664,2095451
2016-06-23,64.99980926513672,65.42534041027014,64.01576989882324,64.10885554022495,2926740
2016-06-24,60.18600082397461,60.81099482775822,58.64345309284924,59.84025814316799,10117930
2016-06-27,58.104888916015625,60.30568200217261,57.725900548527285,59.43467108201519,5220740
2016-06-28,59.30168151855469,59.77375543873352,58.68997914977711,59.08227020838205,3790215
2016-06-29,60.35222625732422,60.57163761883911,59.32828968856195,59.68068377161052,2626326
2016-06-30,61.04369735717773,61.183325805758,59.88013820680146,60.36550927051169,3006377
2016-07-01,61.20993423461914,61.50248834296397,60.53174599126747,61.39610554240502,2371441
2016-07-04,61.003814697265625,61.54237441278324,60.87748337411587,61.38944879862209,1270486
2016-07-05,59.72721481323242,60.66471130256331,59.48120357961556,60.48519141659312,2197124
2016-07-06,58.53706359863281,60.1261539729632,58.35089231979677,59.5809429082834,2628768
2016-07-07,58.57697296142578,59.26845845556376,58.46393875689827,58.94266424511298,2050118
2016-07-08,59.33493041992188,59.640781620953824,58.34423970945531,58.537062370158885,2407130
2016-07-11,61.46924591064453,61.50249159268166,60.106217964971975,60.25249221325788,2503619
2016-07-12,62.10087966918945,62.42002802764619,61.20328018655815,61.27641729693216,2154082
2016-07-13,61.80168151855469,62.28040688284448,61.69529872951588,61.80833290478288,1817705
2016-07-14,62.553016662597656,62.91205648969756,61.97455985633846,62.50647383754056,2274437
2016-07-15,62.82561492919922,62.82561492919922,62.16071830949993,62.40672955233797,2071033
2016-07-18,62.459922790527344,63.31763080699345,62.19396302132076,62.76577399286144,1498628
2016-07-19,62.17402267456055,62.32029689593855,61.56896600358933,62.1673712884842,1406290
2016-07-20,63.370826721191406,63.37747247994362,62.233861760472585,62.40673026925164,2002302
2016-07-21,63.24449157714844,63.69661697967568,62.70592629823383,63.4572571344824,1597161
2016-07-22,63.045021057128906,63.46390077222048,62.68598130133612,63.231192320382746,1528452
2016-07-25,63.443965911865234,63.829600003506194,62.66604071515252,62.98518908094002,1456226
2016-07-26,63.63012313842773,63.89608288828416,63.27773477003154,63.3974146879366,1414678
2016-07-27,64.255126953125,64.46124675785828,63.99581857118954,63.99581857118954,1467294
2016-07-28,64.30167388916016,64.81363930004805,63.96257699247842,63.96922837866956,2463793
2016-07-29,64.57427215576172,64.95326044518998,64.1420952917195,64.88012334148095,2158807
2016-08-01,64.46125030517578,65.33890689514888,64.16869623277468,65.08624425784464,1987494
2016-08-02,63.91603088378906,64.82693303111563,63.7165624798682,64.5875675700729,2180377
2016-08-03,64.36151885986328,64.40806168512894,63.54370216520612,63.95593620588883,1802749
2016-08-04,67.25379180908203,67.81895142579944,65.89076409546908,65.89076409546908,5233308
2016-08-05,68.18464660644531,68.18464660644531,66.72188177799765,67.08757298510956,2931233
2016-08-08,69.01575469970703,69.78038272878715,68.01841819613044,68.41735504845313,2927312
2016-08-09,70.64474487304688,70.64474487304688,68.550334758685,68.65006616198447,2608896
2016-08-10,70.11283111572266,70.61149938803541,69.94660835828506,70.17931684235947,1937452
2016-08-11,71.44261169433594,71.44261169433594,70.04633830991051,70.34553814165018,2193496
2016-08-12,71.44261169433594,71.77505720232007,71.20989758785495,71.40936601809148,1897213
2016-08-15,71.20989990234375,71.70856818052783,70.87745438355437,71.2763912569938,1252708
2016-08-16,70.3787841796875,70.81096671862672,70.07958434640975,70.5117612581187,1698954
2016-08-17,70.04634094238281,70.97719177605963,69.8468725046499,70.64474625558157,1608905
2016-08-18,70.64474487304688,70.77772195318961,70.17931665170178,70.3455394086878,1674517
2016-08-19,71.1434097290039,71.1434097290039,70.01309053397199,70.74447288049498,2200701
2016-08-22,70.44527435302734,71.70856501781734,70.44527435302734,70.9106969333589,1757252
2016-08-23,71.1434097290039,71.54234095028276,70.71122720524757,70.94394130474944,1524416
2016-08-24,71.87479400634766,72.27373089680711,70.44528046545751,70.81097167717357,2043329
2016-08-25,71.30963897705078,71.67532455641017,71.04367917806235,71.37612470637495,1433327
2016-08-26,71.90803527832031,72.14074938803192,71.04367582011619,71.14341285023416,1485999
2016-08-29,71.54234313964844,71.64208016844289,70.81096639797363,71.20989763146073,858471
2016-08-30,72.1407470703125,72.47319257223103,71.47585606647544,71.67531886584246,1483169
2016-08-31,71.1766586303711,71.94128674725022,71.1766586303711,71.77506397756747,1850147
2016-09-01,70.91070556640625,71.74181942790763,70.34554588969297,71.47586524311953,1665567
2016-09-02,72.20722961425781,72.24047528843151,70.97718468767012,71.34287022189112,1705732
2016-09-05,71.80830383300781,72.4731948578135,71.80830383300781,72.30697210161208,1009986
2016-09-06,71.77506256103516,72.4067079479175,71.60883979463293,72.340222217695,1338224
2016-09-07,71.9412841796875,72.00777553607986,70.91070191898945,71.07692468273976,1616223
2016-09-08,70.64474487304688,72.04101265539111,69.94660816825959,71.90803557524838,2283879
2016-09-09,69.68064880371094,70.64474530186618,69.21522620677104,70.4785225438712,2204067
2016-09-12,69.01575469970703,69.14873177473788,67.61948134380776,68.28437234619214,2604505
2016-09-13,67.91868591308594,69.38145072227971,67.88544586242924,69.18198228218688,2527645
2016-09-14,68.1181640625,68.71656946807308,67.91869559397563,68.25114116577247,2437994
2016-09-15,70.17932891845703,70.41204306980605,67.88545559654649,68.08491843800985,3634657
2016-09-16,68.98250579833984,70.51175615775823,68.78303738150616,70.24580202013323,6225670
2016-09-19,69.5809097290039,69.9466008817241,69.44792703548401,69.5809097290039,1520541
2016-09-20,68.88277435302734,69.61415667180457,68.84952867904113,69.14872849045732,1822247
2016-09-21,69.08226013183594,69.7803969520864,68.98252308481086,69.51443712058413,1247764
2016-09-22,70.91070556640625,71.34288252349462,69.54767770809782,69.68065480049187,2374348
2016-09-23,70.61149597167969,70.97718714579543,70.47851889760945,70.91069579514526,1468315
2016-09-26,68.91602325439453,70.11282818333626,68.81628622776515,70.04633683225002,2024945
2016-09-27,69.01575469970703,69.54766862706056,68.11814959559605,69.54766862706056,1611303
2016-09-28,69.1819839477539,70.14607486631098,68.98251550285885,69.21522962644153,1564312
2016-09-29,68.65006256103516,70.01309022227063,68.21788566643295,69.78038175103485,1699710
2016-09-30,69.2817153930664,69.61416655288701,67.51975632123197,67.68597908752693,2885023
2016-10-04,70.11283111572266,70.21256251929306,68.91602613672596,69.28171170130436,2247943
2016-10-05,70.11283111572266,70.14607116542588,69.14873462080037,69.28171170130436,1355995
2016-10-06,70.24581146240234,70.87745684458832,69.97985166179782,70.54501131425563,1833651
2016-10-07,69.6141586303711,70.34553534249545,69.38144453315016,70.14606692019608,1776768
2016-10-10,70.3787841796875,70.54500693453406,69.51442472903935,69.84687023873246,1489524
2016-10-11,69.81362915039062,70.9107027808145,69.71389774182056,70.07958895196185,1752787
2016-10-12,69.4811782836914,70.01309221875987,69.01575570071782,69.7138923887933,1379619
2016-10-13,68.74980163574219,69.24846989540835,68.08490499562376,68.98251011391494,2128519
2016-10-14,70.04634094238281,70.14607234763405,68.81629026572185,68.94926734846698,1667912
2016-10-17,69.44794464111328,69.97985866834821,69.28172185930433,69.64741310473028,1546566
2016-10-18,70.27904510498047,70.34553082332238,69.58090848539771,69.64739420373961,1650983
2016-10-19,70.17932891845703,70.34555170449738,69.813637663722,70.34555170449738,1689938
2016-10-20,70.54501342773438,70.74448187735604,69.88012234714934,70.17932220796645,1774802
2016-10-21,70.77772521972656,70.97719366276172,70.37878833365626,70.64474813344667,2014257
2016-10-24,71.1434097290039,71.77505504978464,70.91069562950203,70.94394130474944,1864428
2016-10-25,70.9771957397461,71.50910410043078,70.77772729087395,71.17665856138746,1380410
2016-10-26,70.81096649169922,70.84420654077779,70.3455382778362,70.74447513908157,1246536
2016-10-27,69.3149642944336,70.67799216686979,68.78305029211326,70.44528365957589,2783090
2016-10-28,68.84954833984375,69.1155025532201,67.98518870552343,68.98252544653192,2050416
2016-10-31,68.78304290771484,69.04900269393761,68.25112896249965,68.25112896249965,2050117
2016-11-01,67.81896209716797,69.58092695009043,67.58624795314181,69.38145848767245,2042678
2016-11-02,67.32028198242188,67.81895023764899,67.120813554885,67.32028198242188,2265959
2016-11-03,67.22055053710938,68.05166999206848,67.18731048578474,67.32028757277517,1716185
2016-11-04,67.18730926513672,67.38677207838325,66.52241821503355,67.15406358718545,2157620
2016-11-07,68.45061492919922,68.61683772795557,68.0849236464889,68.28439213044287,1950824
2016-11-08,68.31761169433594,68.58357144699518,67.95192055144798,68.41734871179426,1594322
2016-11-09,69.4811782836914,69.68064671274585,66.07693472648344,66.48916872956528,5247580
2016-11-10,72.67266845703125,73.53702797617238,70.61150388271247,70.64474956176227,6222812
2016-11-11,71.90803527832031,73.27106300542331,71.37612133271544,72.87212613941207,2666409
2016-11-14,72.50643920898438,73.4372843758031,72.10750235050195,72.3734565046701,3088715
2016-11-15,72.17398834228516,73.13807911357927,71.54233742539574,72.77238795833534,2190457
2016-11-16,71.77506256103516,72.73915348072197,71.64208547335951,72.47319930537066,1669553
2016-11-17,71.34288024902344,71.741817140718,70.61150345055765,71.5091030160244,2442348
2016-11-18,70.91070556640625,71.74181942790763,70.07959170490487,71.7085737480014,3068160
2016-11-21,71.40937805175781,72.00778344330864,70.578264141741,71.14342385144491,1525600
2016-11-22,71.57559204101562,72.10750600352935,71.34287792390634,72.00777459747137,1341371
2016-11-23,71.44261169433594,71.97452563255659,70.94394343235975,71.80830287856453,1574150
2016-11-24,71.30963897705078,71.90803867712124,71.17665626394128,71.7750615912423,997724
2016-11-25,71.3761215209961,71.60883563132157,71.01043033072621,71.60883563132157,1209458
2016-11-28,70.41204071044922,71.17666324972143,70.2125722484383,70.97720041494163,1502100
2016-11-29,70.54501342773438,70.67799051840522,69.94661370610015,70.21256788744185,1868956
2016-11-30,70.87744903564453,71.1766488545334,70.37878079508643,70.47851781953604,2113843
2016-12-01,70.74446868896484,70.87744575484571,70.2125547982116,70.64473729636161,2193876
2016-12-02,70.34554290771484,70.51176567296886,69.34820631619073,70.24581149945469,1991055
2016-12-05,72.47319030761719,72.73914444994952,69.88011209734208,69.91335777194111,3111974
2016-12-06,72.67266845703125,72.80564554599972,71.74181757979053,72.80564554599972,2401993
2016-12-07,74.5676040649414,74.5676040649414,73.03834797361506,73.13808500247386,3595086
2016-12-08,76.03036499023438,76.03036499023438,73.96920053807789,74.60084589366443,3522916
2016-12-09,76.26306915283203,76.49577760756635,75.56493253416974,75.83088666164602,2630590
2016-12-12,76.92797088623047,76.92797088623047,75.79765161787944,75.93063432749516,2376765
2016-12-13,77.09419250488281,77.62610645378109,76.76174699022518,76.76174699022518,2559335
2016-12-14,77.19392395019531,77.69259222245182,76.79499270872832,76.86147843535764,2247390
2016-12-15,77.16068267822266,78.02504219159133,76.39606020133729,77.22717403587819,3689059
2016-12-16,76.79499816894531,77.72584342578288,76.59552972041419,77.42664356660157,9114425
2016-12-19,76.52903747558594,77.09419713534086,76.19659194096086,76.82823733130238,2371516
2016-12-20,76.06361389160156,76.56228218723923,75.83089976941174,76.42930510051531,2240906
2016-12-21,76.1633529663086,76.32957574825285,75.49846183853158,75.66468462047584,1595907
2016-12-22,76.4625473022461,76.4625473022461,75.89739326096708,75.96387899258362,1343979
2016-12-23,76.62876892089844,76.79499167608212,76.16334070459992,76.66200897015095,969555
2016-12-27,76.99445343017578,77.09419045826357,76.52903084745675,76.86147635328895,655358
2016-12-28,77.16068267822266,77.26041971470596,76.69526005632588,76.9279741808896,1027481
2016-12-29,77.2271728515625,77.3269042592857,76.69525888016733,76.79499591512113,1006911
2016-12-30,77.65935516357422,77.65935516357422,76.79499566626193,77.12744119390277,1373847
2017-01-02,78.4239730834961,78.59019583768794,76.89472261948494,76.96121397205378,1161592
2017-01-03,77.26041412353516,78.75641891744613,77.02770001581246,78.62344183898898,2241748
2017-01-04,76.92797088623047,77.45988484300206,76.42930260686282,77.42663916559813,1826651
2017-01-05,76.42931365966797,76.76175922732294,75.99713104537777,76.59553644349546,1992760
2017-01-06,77.09419250488281,77.16067823147613,75.79765049593378,76.36281012174389,1611389
2017-01-09,77.16068267822266,77.29366539353374,76.69526005632588,77.06095126897002,1735815
2017-01-10,78.2909927368164,78.68992958111272,77.7258331452683,77.7258331452683,2483526
2017-01-11,77.95854949951172,78.25774932778194,76.52903045541821,77.12743573918881,2871822
2017-01-12,77.16068267822266,77.79233369425828,76.82823714440629,77.59286524852233,2306751
2017-01-13,77.39339447021484,77.39339447021484,76.82823482886819,77.3269031145633,2150557
2017-01-16,77.26041412353516,77.5596139568713,76.89472293735531,77.02770001581246,1476864
2017-01-17,77.36014556884766,77.65935102958146,76.42930039189665,77.32689989240721,1880785
2017-01-18,77.75908660888672,77.75908660888672,76.894727111153,77.26041831718233,1764959
2017-01-19,77.32688903808594,78.02502563641738,76.96120353026281,77.62609445682047,2156980
2017-01-20,77.79232788085938,77.95855063534577,76.96121410842737,77.26041394105684,3140075
2017-01-23,77.09419250488281,77.72583785728624,76.66200995948968,77.19392390838796,1973976
2017-01-24,77.79232788085938,78.15801906617551,77.32689966651324,77.45988237188658,1928256
2017-01-25,79.5875473022461,79.75377008763968,78.05829655117874,78.22451933657234,2857360
2017-01-26,79.5875473022461,80.11946134095186,79.18861599364024,79.78701577016467,1990761
2017-01-27,79.25509643554688,79.82025611901304,79.08887366126046,79.65403334472663,2063416
2017-01-30,78.52371215820312,79.45456304897543,78.39073506730159,79.25509459900773,2591869
2017-01-31,77.29366302490234,79.05562204924232,77.29366302490234,78.78966788123155,3992107
2017-02-01,81.6487045288086,82.04764142769177,80.38541372772981,81.08355048716,6832828
2017-02-02,81.71298217773438,82.64075926586162,81.23191494612078,82.33150217528024,3870279
2017-02-03,81.26626586914062,82.09095325831869,81.26626586914062,82.02223270211017,2214248
2017-02-06,80.54467010498047,81.7817042180012,80.44158635238826,81.3006370119328,3235710
2017-02-07,81.5411605834961,81.98787037726524,80.54466306875308,80.57902625540953,2369085
2017-02-08,82.09095001220703,82.29712330544443,81.1288157322752,81.85041935041508,3375868
2017-02-09,82.57202911376953,82.74383923485689,81.60988894585084,82.22840887159481,2430964
2017-02-10,82.22840881347656,82.98436985589719,82.02223550504097,82.77819654746158,1702442
2017-02-13,83.32798767089844,83.36235085736728,82.05659048622708,82.60638402058179,1936969
2017-02-14,83.39671325683594,83.46543381274286,82.77819335538041,83.0874562142993,1472101
2017-02-15,83.91213989257812,84.77119042632789,83.19053628095192,84.6681066888307,2359115
2017-02-16,83.6028823852539,83.91213941235759,83.05308888352407,83.67160293773142,2100237
2017-02-17,82.88127899169922,83.56851941654001,82.53765877927883,83.53415623202159,2447167
2017-02-20,83.49979400634766,83.67160411453078,83.1561737899814,83.32798389816453,1138073
2017-02-21,85.90514373779297,86.00822747903057,83.19053929953812,83.22490248541138,3410510
2017-02-22,85.04608917236328,86.11131298603388,84.80555269894731,86.11131298603388,2605873
2017-02-23,84.80555725097656,85.2866244072484,84.42757383662648,84.94300417899963,1691919
2017-02-24,83.67161560058594,85.45844329753076,83.22491158454115,84.42758250692016,2454838
2017-02-27,83.98087310791016,84.22140378713887,83.53416330411554,83.84342035819955,1195320
2017-02-28,84.39321899414062,84.46194537313797,83.63725790708385,84.08396192141818,1735139
2017-03-01,86.5923843383789,86.5923843383789,84.87427738920613,84.97736694700286,2549744
2017-03-02,85.97386932373047,86.93600950256837,85.76770182919182,86.42057913345673,1554399
2017-03-03,85.73333740234375,86.14567820184467,85.18354385329343,85.49280090701473,1627422
2017-03-06,85.32099151611328,85.42407526277445,84.4963040936764,85.38971789147571,1777660
2017-03-07,85.42407989501953,85.52716946365338,85.08045963233899,85.28663295322387,1376317
2017-03-08,85.38970947265625,86.00822352440719,84.97736289390102,85.08044663039888,1771177
2017-03-09,85.25225830078125,85.52715796379275,84.6681074225981,85.21790093223908,1673817
2017-03-10,84.56501770019531,85.52715779425532,84.35885022382288,85.4240682396871,2036957
2017-03-13,84.4619369506836,85.0460936647611,84.32449002277777,84.39321057853958,1561825
2017-03-14,84.59938049316406,84.63374367786096,83.87777688005724,84.53065994015226,1852624
2017-03-15,84.90865325927734,85.35536311036427,84.63375936351851,84.63375936351851,1507682
2017-03-16,85.80204772949219,86.18003111291654,84.83991349566816,85.9395004626514,2604801
2017-03-17,85.45843505859375,86.04259177684176,85.11481482818488,85.25226175707198,6547554
2017-03-20,85.73333740234375,85.90514752289808,85.14918066590609,85.2522644116857,1440582
2017-03-21,84.6681137084961,86.14567842249488,84.39321402507561,85.9051477429322,2043366
2017-03-22,83.84341430664062,84.35885044808796,83.32798398157531,84.32448726314054,2539651
2017-03-23,85.28662109375,85.28662109375,83.77469331147226,83.8434138646228,1907572
2017-03-24,85.45843505859375,85.76769791906754,84.77119459777599,85.28662494338931,1760345
2017-03-27,84.32449340820312,84.9430075168023,83.80906304557634,84.70247683740592,1632157
2017-03-28,86.00823211669922,86.00823211669922,84.56502476326023,84.87428182003073,1633898
2017-03-29,86.4549331665039,87.34834687496907,86.38620679801355,86.76419019194672,1839570
2017-03-30,87.7950668334961,87.93251377916314,86.24877560788012,86.35185936303466,1652464
2017-03-31,88.24176025390625,88.24176025390625,86.93599997213893,87.34834654877743,2735913
2017-04-03,87.69197845458984,88.86028615573264,87.69197845458984,88.51666590149166,1662539
2017-04-04,88.48229217529297,88.55101854450949,87.52015790455341,87.52015790455341,1692209
2017-04-05,88.03558349609375,88.99771771515657,87.72632066761203,88.6540975202939,1828264
2017-04-06,88.3448486328125,88.61974248743054,87.14217784018975,87.34835113934437,1452489
2017-04-07,88.24176025390625,88.34484398987493,87.17653644457504,87.58887720483166,1720938
2017-04-10,87.72633361816406,88.41357992572541,87.48580293608097,88.31049036221908,1182535
2017-04-11,88.03558349609375,89.2038909953505,87.03908027788668,87.14216982617447,2136906
2017-04-12,87.48580169677734,88.41357867327912,87.45143850942868,88.10431580352358,1655470
2017-04-13,86.97036743164062,87.41707139797366,86.38621072208312,86.90164106002838,1591856
2017-04-18,85.87078857421875,87.485806113702,85.87078857421875,87.21090641741617,1563807
2017-04-19,85.56153106689453,86.14568201279168,85.56153106689453,85.76770438395698,1525338
2017-04-20,86.5923843383789,86.76419445165796,84.90864057513838,85.38971354542548,1892861
2017-04-21,86.14567565917969,87.07345260934186,86.14567565917969,86.35184896103597,2961532
2017-04-24,91.23126220703124,91.23126220703124,88.61974153433553,88.92900438793247,4717096
2017-04-25,91.19690704345705,91.47180091929918,90.64711347539009,91.02509691696002,2280325
2017-04-26,91.54051971435548,91.64360345516242,90.544022226487,90.99072619182668,1996086
2017-04-27,90.75019073486328,91.67796767815152,90.75019073486328,91.02509040742902,1822053
2017-04-28,90.4409408569336,91.33435468487602,90.40657766809298,90.57838779591334,2173219
2017-05-02,91.19690704345705,91.23127023203295,90.2347668452442,90.47530334889308,1967541
2017-05-03,91.02508544921876,91.19689555407037,90.09730855646728,90.71582842376222,1725802
2017-05-04,90.4752960205078,91.74669318015717,89.54751908601969,89.92550249697345,2099027
2017-05-05,90.71583557128906,90.71583557128906,89.16953868940946,89.99423191078054,2298091
2017-05-08,89.65061950683594,90.85329044063415,89.65061950683594,90.7502008707646,2045925
2017-05-09,90.4752960205078,90.85327943146156,89.92550249697345,89.99422886855857,1584404
2017-05-10,89.68496704101562,90.50966024396308,89.47879955666099,90.23476057085318,1496572
2017-05-11,89.82241821289062,90.47529547347304,89.1351719503413,89.78805502730584,1505894
2017-05-12,89.34136199951172,89.9942451988958,88.72284780853896,89.9598820068677,1533444
2017-05-15,89.3757095336914,89.82241931903047,88.68846907906101,89.68496657499864,1440233
2017-05-16,90.0285873413086,90.23476064220849,89.23826314030491,89.41007325499112,1537098
2017-05-17,88.86027526855469,90.0973091955371,88.27611858136295,89.23825866518568,1967536
2017-05-18,88.20740509033203,88.92900875687259,87.48580142379146,88.75719863704781,2635531
2017-05-19,88.0699462890625,88.92899677241705,86.97035934381601,88.24175638573341,2703802
2017-05-22,86.97036743164062,87.93250173591893,86.7985573189922,87.520160955392,1869321
2017-05-23,87.17654418945312,87.6919745478518,86.76419757618122,86.83291813413827,1586181
2017-05-24,87.2452621459961,87.82941886131627,86.93600510345455,86.97036828959966,1334934
2017-05-25,86.55802154541016,87.86378190208833,86.28312768946856,87.55451904367625,1402515
2017-05-26,86.62675476074219,86.86728544959647,85.80206149500559,86.2831345054795,1562244
2017-05-29,87.00472259521484,87.07344896508464,86.4549349017845,86.4549349017845,673408
2017-05-30,86.86727905273438,87.34835202778231,86.52365882277569,86.59238519532032,1439415
2017-05-31,87.31398010253906,87.89813094517372,86.72982344352275,87.00471727342357,2514045
2017-06-01,87.17654418945312,87.72633191863913,86.52366108237554,87.31399112174962,1513244
2017-06-02,88.99771118164062,89.20388444669892,87.62323050309355,87.62323050309355,1871848
2017-06-05,88.99771118164062,88.99771118164062,88.99771118164062,88.99771118164062,0
2017-06-06,87.62324523925781,88.72283229357257,87.62324523925781,88.31048569410899,1798295
2017-06-07,87.21089172363281,88.06994804045249,87.03908162354523,87.485791373602,1611277
2017-06-08,87.93250274658203,88.06995549138632,87.14217854586846,87.21089910188837,1209602
2017-06-09,88.92901611328125,89.03209986715048,87.96687587284262,88.10432281679589,1566611
2017-06-12,86.76419067382812,88.6541018376085,86.62674375246593,88.6541018376085,1948144
2017-06-13,87.10780334472656,87.10780334472656,86.59237307195139,87.10780334472656,1626955
2017-06-14,87.10780334472656,88.41356352558587,87.10780334472656,87.34833979857422,2097452
2017-06-15,86.3862075805664,87.17653755983734,86.21439747416602,86.93600108432403,2658842
2017-06-16,85.59587860107422,86.90163891479789,83.91214070196041,86.5923818829414,7873506
2017-06-19,86.9360122680664,87.21090614711753,86.11132481453036,86.14568218712473,1767111
2017-06-20,86.00823211669922,87.89814346143086,86.00823211669922,87.4514394701382,1736972
2017-06-21,85.52716827392578,85.9395149099596,84.97737469800826,85.76770478100929,1621352
2017-06-22,86.04259490966797,86.28313140626506,84.7711976843104,85.21790748993608,1904249
2017-06-23,85.73333740234375,86.35185150978634,85.11481747851873,85.80205796073602,1250075
2017-06-26,86.5236587524414,87.21089921180011,85.8364182930827,85.8364182930827,1529209
2017-06-27,85.28662109375,86.69546513811095,85.28662109375,86.48929184589534,1584940
2017-06-28,84.6681137084961,85.1491808840039,84.01523059561146,84.83992382949049,1670880
2017-06-29,82.84691619873047,85.49279417342518,82.81255301404963,85.14917395938078,2256233
2017-06-30,82.70947265625,84.46193698276602,82.33148924207875,82.74383584233506,2773598
2017-07-03,84.59938049316406,84.63374367786096,83.0530895292417,83.1561732669504,1634616
2017-07-04,83.7403335571289,84.59938412956657,83.7403335571289,84.11831697227792,1067104
2017-07-05,83.84341430664062,84.46193418654822,83.49979408993042,83.94650386148291,1753224
2017-07-06,82.81255340576172,83.91214042245777,82.15967615926556,83.84341405277101,2887875
2017-07-07,83.05309295654297,83.12181351239063,82.40021568588803,82.64074635592816,1679062
2017-07-10,83.19053649902344,83.70596682062443,82.88127946933925,83.56851989814056,1241322
2017-07-11,82.84691619873047,83.74032991852232,82.53765916936689,83.2936201504354,1608909
2017-07-12,84.39321899414062,85.04610214546697,82.91565419314296,83.15618488686806,2132692
2017-07-13,82.81255340576172,84.49629711564917,82.64074329792683,84.39320756111904,3044534
2017-07-14,82.67511749267578,83.15618469540112,82.43458098312172,83.15618469540112,1933813
2017-07-17,81.78170013427734,82.81256087425535,81.47244307556045,82.70947712681057,1862813
2017-07-18,81.06008911132812,81.64424580429439,80.16667538765466,81.30062558875706,2871345
2017-07-19,80.13230895996094,81.40370603254988,79.82305194176902,81.23189593173416,2938395
2017-07-20,81.16316986083984,82.57201967232453,80.37284572075816,80.4759294550708,3019567
2017-07-21,79.68561553955078,81.43807996239912,79.20454835706246,80.9570127799108,3858928
2017-07-24,79.96051025390625,80.75084032011343,79.65125319164369,79.6856163799801,2331235
2017-07-25,80.57901763916016,80.85391147025292,79.68560396353618,79.75432451311852,1921738
2017-07-26,80.61338806152344,81.12881840339617,80.33848838936198,80.54466168938752,1764753
2017-07-27,79.58251953125,80.61338600508033,79.27326249729192,80.02922930597349,2671474
2017-07-28,79.54816436767578,80.1323152665944,79.03272820828066,79.13581776671256,2284509
2017-07-31,78.86091613769531,79.92613408849365,78.75782658942403,79.06708360147458,2400330
2017-08-01,80.02922821044922,80.5446585321176,79.10145130489333,79.34198778155803,2022492
2017-08-02,79.75433349609375,80.47593715446577,79.44507644718641,80.40721659714322,2047505
2017-08-03,77.31461334228516,78.4829265655222,77.0397195346889,78.41420020543255,4490825
2017-08-04,76.6617431640625,77.17717346250149,76.31812296510319,77.10844709615694,3992620
2017-08-07,76.45558166503906,77.14282216887786,76.0088776640969,76.90229148236385,2140877
2017-08-08,76.97100830078125,77.3489917227925,76.21504145675875,76.55866750835452,2459526
2017-08-09,75.9057846069336,76.73047782670935,75.83706404954052,76.28376802993375,2938568
2017-08-10,74.63439178466797,75.94015224831796,74.53130803434048,75.90578905941456,3419814
2017-08-11,75.0467300415039,75.56216036837077,74.22204268179335,74.49693652956952,3007943
2017-08-14,75.73397064208984,76.14631723103322,75.08109338991453,75.56216053276044,2192889
2017-08-15,75.63089752197266,76.24941167584792,75.52780795207154,76.00888097884437,1539172
2017-08-16,77.21153259277344,78.07058304507943,75.940135596808,76.18067205000625,2993880
2017-08-17,76.59300994873047,77.45206036931202,76.59300994873047,77.07408283736109,1928837
2017-08-18,76.48994445800781,76.83356470815048,75.80270395772247,76.0432346429928,2614925
2017-08-21,76.35250091552734,76.59303161149062,75.9745174602904,76.2837745358905,1645028
2017-08-22,77.6238784790039,77.6238784790039,76.5930178677248,77.10844817336435,2120057
2017-08-23,77.07410430908203,77.83006539996481,77.00537792973687,77.55517151534977,1667586
2017-08-24,76.73047637939453,77.3489904661774,76.66175000691545,77.31462727993785,1525846
2017-08-25,76.18067932128906,77.074093040238,76.18067932128906,76.97100348629276,1399418
2017-08-28,76.21503448486328,76.3868504031352,75.59652044461161,75.94014064839183,1312788
2017-08-29,74.70310974121094,75.83705994889672,74.56566281747442,75.76833357883746,3204583
2017-08-30,75.11546325683594,75.45908350606094,74.94365313222343,75.39035712966292,1610328
2017-08-31,75.45906829833984,76.04321911446537,75.32161557324547,75.45906829833984,2367532
2017-09-01,76.11194610595703,76.48992947032721,75.56215265018052,75.63087901329563,1759526
2017-09-04,76.45558166503906,76.73048135640416,75.39035772081242,75.63089422370905,1375890
2017-09-05,77.17717742919922,77.76133412400681,76.45557381101983,76.52430018089673,2552388
2017-09-06,77.41770935058594,77.89877646226262,76.38684876140093,76.62737940904842,2280305
2017-09-07,77.58953094482422,78.03623493977089,77.31463125714875,77.7957042564852,2547440
2017-09-08,77.14281463623047,77.45207166948386,76.86792078809015,77.45207166948386,1770464
2017-09-11,78.99838256835938,79.13582951696144,77.45208549334112,77.65825882443575,2946493
2017-09-12,79.41071319580078,79.65124968719009,79.06709296032024,79.20454570761832,2163766
2017-09-13,80.33849334716797,80.68211359628843,79.23890622342944,79.37635897618368,3147199
2017-09-14,80.47593688964844,80.57902644986655,79.85742279386906,80.20104302849812,2371818
2017-09-15,79.9261474609375,80.81956709657337,79.9261474609375,80.44158365576823,6950210
2017-09-18,80.30412292480469,80.95700599242484,80.20103918590785,80.68210632806318,1609556
2017-09-19,79.71997833251953,80.30412925965287,79.41071545866849,80.30412925965287,2232525
2017-09-20,79.68561553955078,79.99487259855165,79.3419952925759,79.3763584805499,1786834
2017-09-21,80.71647644042969,80.88828656425758,79.75433625716389,79.75433625716389,1833995
2017-09-22,80.09795379638672,80.68210466540097,79.92613787446263,80.61338411301325,1812768
2017-09-25,80.16667175292969,80.61338150270377,79.82305155297196,79.85741473624408,1358431
2017-09-26,80.09795379638672,80.57902092862844,79.58251766337827,79.8574173220749,1441736
2017-09-27,81.06008911132812,81.91913965017145,80.54465878802212,80.71646889579078,2579939
2017-09-28,81.12881469726562,81.67860820009062,81.09445151276745,81.43807172498533,1895676
2017-09-29,81.91915130615234,81.91915130615234,81.19754758757315,81.67862061088117,3078811
2017-10-02,82.40022277832031,82.74384303628166,82.02223933128627,82.29713321110228,1599952
2017-10-03,82.40022277832031,82.40022277832031,82.40022277832031,82.40022277832031,0
2017-10-04,83.15618133544922,83.15618133544922,82.26276752855352,82.81256108790338,2362236
2017-10-05,82.12532043457031,83.08746061567432,81.78170018768657,83.08746061567432,2278308
2017-10-06,82.19403839111328,82.46893223390906,81.98786510082549,82.26275894362126,1559803
2017-10-09,82.60638427734375,82.70947383707072,82.02223337108678,82.43457416084777,1078893
2017-10-10,82.29712677001953,82.60638381470385,81.60988630788452,82.60638381470385,1464328
2017-10-11,82.22840881347656,82.57202905540842,81.88478275516228,82.57202905540842,1436136
2017-10-12,82.12532043457031,82.53766705738381,82.05659405864056,82.19404681050007,1310852
2017-10-13,82.40022277832031,82.46894334008294,81.81606601323293,82.29713321110228,1485021
2017-10-16,81.8160629272461,82.4002196702999,81.64425280474585,82.12531998447002,1488935
2017-10-17,81.43807983398438,82.15968351477025,81.43807983398438,81.88478382779431,1902238
2017-10-18,81.26626586914062,81.57552291303462,80.95700882524663,81.36934961164454,1883399
2017-10-19,80.6821060180664,81.57551974514054,80.6821060180664,81.50679919160069,2890194
2017-10-20,79.6512451171875,81.47243575057269,79.23889853171636,81.26626245783712,4635480
2017-10-23,80.0635986328125,80.71647593600196,79.85742532223095,80.0635986328125,2055180
2017-10-24,79.68561553955078,80.30412965755252,79.68561553955078,80.06359897449964,1897441
2017-10-25,79.13581848144531,79.82305894500281,79.06709210853666,79.5138018996784,1780828
2017-10-26,81.02572631835938,81.2662627969516,79.27326204736721,79.4450721559668,2729898
2017-10-27,82.81255340576172,82.95000032875322,81.26626243524777,81.57551946607416,3381379
2017-10-30,84.18704223632812,84.18704223632812,82.67511430756105,82.74384068375241,2744284
2017-10-31,84.18704223632812,84.18704223632812,84.18704223632812,84.18704223632812,0
2017-11-01,86.04259490966797,86.5580252740482,85.18354430236757,85.4240749825822,3844260
2017-11-02,85.56153106689453,86.11132464026684,85.32099456092456,85.9051513232044,2209121
2017-11-03,85.3553466796875,85.90514018175445,84.9773632834926,85.87077699730365,2103724
2017-11-06,85.149169921875,85.59587385239864,85.04608618910237,85.21789628797788,1332796
2017-11-07,84.70247650146484,85.80205778087812,84.6337501268342,85.7333372226299,1917292
2017-11-08,84.73683166503906,85.11481508289643,84.42757462002204,84.77119485145924,2085015
2017-11-09,81.57553100585938,83.70597897094078,81.33500031069393,82.12532459198194,4666242
2017-11-10,80.37284851074219,81.26626223253139,80.13231203382057,81.09445212512507,3441802
2017-11-13,80.44158172607422,80.78520197012993,79.61688848723452,80.40721853839214,2755842
2017-11-14,79.6512451171875,80.7508321341892,79.23889853171636,80.68210576448334,2461822
2017-11-15,78.89529418945312,79.13583071543687,78.13933305250154,79.03274114013676,2629371
2017-11-16,79.58251953125,79.71997227201541,78.9296422781425,79.44507260686665,2426753
2017-11-17,78.96400451660156,79.96050197691106,78.86092077864546,79.71997131621951,2972551
2017-11-20,78.92964172363281,79.03272546210061,78.10495436674432,78.34548502862988,1992530
2017-11-21,78.68912506103516,79.34200242570692,78.13933145317044,78.72348243571547,2487451
2017-11-22,77.93315124511719,78.86092824003109,77.79570430937727,78.58602855216871,2479901
2017-11-23,78.27676391601562,78.75783105273268,77.31462382619954,77.58952348745355,1881610
2017-11-24,78.37985229492188,79.27326606823146,77.89878512971897,78.37985229492188,1627075
2017-11-27,77.79570007324219,78.89528131566964,77.79570007324219,78.17367767184967,1888294
2017-11-28,78.48294067382812,78.48294067382812,77.69261065624997,77.89878395720001,1937607
2017-11-29,78.68912506103516,79.68562270357448,78.482951731038,79.54817575570407,2448303
2017-11-30,78.48294067382812,79.7886952192081,78.31113055910012,78.82656090328415,3731878
2017-12-01,77.69261169433594,78.96400888686378,77.07409759960376,78.86092514320252,4131842
2017-12-04,78.79220581054688,78.89528956341948,78.17368584416273,78.68912205767427,2283238
2017-12-05,77.96751403808594,78.55166496611635,77.69261435161648,77.86442447451645,2875435
2017-12-06,77.86442565917969,78.07059897307298,77.03973821998918,77.07410140836849,2458607
2017-12-07,78.37985229492188,78.44857866840043,77.79570138588346,77.96751150319751,1829684
2017-12-08,79.17018127441406,79.61688524695336,78.72347148549252,78.99837115937859,2495207
2017-12-11,80.40721893310547,80.8882861138685,79.96050912381068,80.30412936955321,3201169
2017-12-12,80.47593688964844,80.81956294065982,79.68561267655453,80.64774700696297,2331748
2017-12-13,79.89179992675781,80.44159356141436,79.82307354128199,79.9948836885882,1755087
2017-12-14,79.857421875,80.40721540735683,79.27326515629919,79.78869550231205,2628431
2017-12-15,80.02922821044922,80.26976468711392,79.47943470405987,79.58251844184076,5749514
2017-12-18,81.91915130615234,82.0565982486477,80.68211719092842,80.71648038064797,3162259
2017-12-19,81.57553100585938,82.8469283102439,81.57553100585938,82.26277153441688,2273947
2017-12-20,80.47593688964844,82.12531750569731,80.30412677233392,81.85042364454699,2355456
2017-12-21,80.85393524169922,80.9570248209541,79.78871115436583,80.54467813670136,1884432
2017-12-22,80.71647644042969,81.12882306416968,80.61339269268595,80.61339269268595,1434778
2017-12-27,81.09444427490234,81.23189118424565,80.4759244582853,80.85390782126548,1219953
2017-12-28,80.26976776123047,80.99136558609588,80.2354045751935,80.99136558609588,1278482
2017-12-29,79.82306671142578,80.47594405205096,79.68561976861777,80.20105016643494,1381345
2018-01-02,79.19767761230469,79.85742991757766,78.49669296909572,79.651256595132,2973145
2018-01-03,80.04985046386719,80.50342939760526,79.55503338027333,79.61001564128696,2753898
2018-01-04,82.23528289794922,82.57890316050954,80.5446698102206,80.70960497704111,4003075
2018-01-05,82.55140686035156,83.43107650770018,82.05658977552686,82.37272178209054,2482415
2018-01-08,83.15618133544922,83.30737819950951,82.45519672842161,83.07371084745111,2387301
2018-01-09,83.56853485107422,84.03585796096677,83.18368223598124,83.25240280132837,2813423
2018-01-10,82.74383544921875,83.63724920127468,82.53766215007013,83.5547787183388,2224640
2018-01-11,82.89501953125,83.67847451243968,82.67510213946407,83.08744870315812,2407496
2018-01-12,84.14580535888672,84.14580535888672,83.1286887811696,83.3211179710135,2639323
2018-01-15,83.91213989257812,84.40695113877577,83.82966941275119,84.25576010607803,1737442
2018-01-16,84.53065490722656,85.34159809915646,84.02209376330885,84.18702889709898,3201667
2018-01-17,83.98087310791016,84.55815488099445,83.60975882662692,83.91214673305485,2511736
2018-01-18,84.53065490722656,84.95673975967675,83.88464684908679,84.35196984727075,2409866
2018-01-19,85.01172637939453,85.60275221235766,84.5031652093691,84.53065924673025,3056374
2018-01-22,85.46530151367188,85.53402206308265,84.99797851215203,85.14916953723737,1941850
2018-01-23,86.00135040283203,86.38620292653758,85.63023617255057,86.00135040283203,2828277
2018-01-24,84.54441833496094,86.29000792211669,84.50318017980447,86.24877558334319,2665176
2018-01-25,83.88465881347656,84.7368344563036,83.07370968950013,84.33823776657,3182074
2018-01-26,83.19741821289062,84.04959385453898,82.70260110886606,83.84342054589395,3082129
2018-01-29,83.19741821289062,83.84342054589395,83.08745950270544,83.5960149020729,2125598
2018-01-30,83.27987670898438,83.70596740640998,82.82629779014601,83.08745334271315,3241165
2018-01-31,83.95338439941406,84.51692209659001,83.22491153504694,84.46194564632054,4869858
2018-02-01,82.9894027709961,85.19392009801093,82.84717720571155,85.09436039673139,4298294
2018-02-02,81.69515228271484,82.98941657746587,81.55292669376904,82.86141294555442,3251692
2018-02-05,80.64266204833984,81.35379591249647,80.45776459547452,81.22579229843639,3549553
2018-02-06,79.27728271484375,80.41509931318195,77.15810306206473,78.22480386603127,6941544
2018-02-07,79.86042022705078,80.2871029948558,79.17773020600355,79.94575798433218,3893346
2018-02-08,77.86922454833984,79.56172120294495,77.27187243385565,79.16348846615566,4583497
2018-02-09,76.10562896728516,78.13947099758494,75.66472425556226,77.5136748387085,5322847
2018-02-12,77.2149887084961,77.89767864827614,76.70297426296167,77.15810088948172,3306896
2018-02-13,76.77410125732422,77.47100723494111,76.77410125732422,77.00165858518554,2468538
2018-02-14,77.7127914428711,78.15369012000652,75.9065067933427,77.64167564663553,3831980
2018-02-15,78.29591369628906,79.12082916259679,77.85500904569331,78.59458676897583,2828531
2018-02-16,79.0639419555664,79.19194557153415,78.36703003607455,78.93593833959866,3325433
2018-02-19,78.83638000488281,79.90308083556167,78.66571052015888,79.80352714699029,1639650
2018-02-20,79.81774139404297,80.13063642225237,78.58036517953914,79.00704787804412,2840210
2018-02-21,79.02128601074219,79.8746455638652,78.75105077101482,79.83197969271983,2479019
2018-02-22,78.60881042480469,78.97860531305238,77.65589133263042,78.36702516316647,2966769
2018-02-23,78.73682403564453,79.04972512752816,78.36703511901945,78.89327759088728,1512777
2018-02-26,78.79371643066406,79.37684671655472,78.45237143268403,79.19194925233988,1989614
2018-02-27,77.86922454833984,78.90748127689108,77.61321735907525,78.7936996351512,2841687
2018-02-28,77.11543273925781,77.85501655245176,77.0016510771204,77.6701190945029,2494558
2018-03-01,75.77849578857422,77.07275981997307,75.47981669582018,76.80253065410108,3925445
2018-03-02,73.2326431274414,74.9678120376227,72.8344103038301,74.9251461696435,5740289
2018-03-05,73.95799255371094,74.21399977649415,72.60684064742122,72.64950651168468,3128730
2018-03-06,73.92955017089844,74.9962509669241,73.74465271806939,74.65490598996372,2377692
2018-03-07,74.27088928222656,74.56956837045387,73.1188508282941,73.4886396861463,2572548
2018-03-08,75.05314636230469,75.30915359568417,73.84421395352152,74.25667473287851,2474647
2018-03-09,75.16692352294922,75.6220501410844,74.75446276828878,75.38026487752524,2588767
2018-03-12,75.94917297363281,76.10562652227696,75.4229365425614,75.87806319570511,2070851
2018-03-13,74.740234375,76.24783966304382,74.47000522573764,75.94916058864808,2625398
2018-03-14,74.89669036865234,75.28070722477311,74.38467591862637,74.52690148601123,2671670
2018-03-15,75.52249908447266,75.73584046346525,74.89669690361414,75.02470052728933,2941129
2018-03-16,76.20518493652344,76.50385803595353,75.55093887908367,76.07717530122312,9043714
2018-03-19,74.92514038085938,75.92072537226876,74.59801736248724,75.76427784983048,2827791
2018-03-20,75.25226593017578,75.30915977481799,74.38468445284865,74.59802583770342,1826217
2018-03-21,75.4655990600586,76.276292622666,75.29492958200504,75.52249289847734,2280475
2018-03-22,73.4317626953125,75.30915718777854,72.74907269466998,74.74024885390978,4375717
2018-03-23,72.13749694824219,73.00507837719066,71.69659224660862,72.83440888998503,4099601
2018-03-26,71.38368225097656,72.66372431027906,70.95699955834209,72.3366013138327,2776987
2018-03-27,72.39349365234375,73.38907855645138,72.29393395821283,72.67794476248856,3192700
2018-03-28,72.74906158447266,72.74906158447266,71.14189653906399,71.75347064759798,3370440
2018-03-29,73.61664581298828,74.07177242858893,72.6210608553127,72.74906446362526,3039514
2018-04-03,72.53572845458984,73.37486595695484,72.22282737865993,73.00507705918396,2811642
2018-04-04,71.92414855957031,72.84862373981214,70.99255939286309,72.60683847900438,3174747
2018-04-05,74.4557876586914,74.74023877797728,72.91973235502458,73.07618588737269,3651008
2018-04-06,74.31356048583984,74.45579207251541,73.47442301374043,74.04333130463868,2699123
2018-04-09,74.66913604736328,75.39449796373898,74.27090320699794,74.66913604736328,2063935
2018-04-10,74.8824691772461,75.39448965109372,74.59801803957626,75.02469474608102,2071518
2018-04-11,73.87265014648438,74.47000832009714,73.4459734749621,74.38467057835233,2236686
2018-04-12,74.47000885009766,74.59801245432543,73.46019595163314,73.6877592521716,1940653
2018-04-13,74.56956481933594,75.38025828465969,74.45578317475365,74.66911849206991,2158842
2018-04-16,74.1002197265625,74.7829096811879,73.98644408605965,74.6264621568951,1941077
2018-04-17,75.13848876953125,75.42294597261225,74.12868164788995,74.28512919749296,2219185
2018-04-18,75.42292785644531,75.60781927636584,74.8397976515866,74.95357930176881,1775046
2018-04-19,76.53231048583984,76.83098963719696,75.80695457074677,75.89229233093482,2959527
2018-04-20,77.01587677001953,77.11543045516473,76.48963434124528,76.66030382009554,3353099
2018-04-23,77.14388275146484,77.41411194235539,76.53230255519449,76.94476333786046,1800519
2018-04-24,75.57937622070312,77.2861009926813,75.26647517452355,77.04431573564284,3168015
2018-04-25,74.54112243652344,74.92513928746997,73.47442166760786,74.75446379402679,3537782
2018-04-26,74.48423767089844,74.68335106327554,74.00066711732316,74.52690353670751,2538133
2018-04-27,75.0104751586914,75.13847877654328,74.24245345158015,74.81136176347825,1897049
2018-04-30,75.1242446899414,75.13846664311708,74.327773181899,74.38466701320232,1895045
2018-05-02,76.91632843017578,77.11544184848528,75.38027881917631,75.38027881917631,3413062
2018-05-03,76.50386047363281,77.0869907543309,76.48963851783552,76.73142380359313,2237179
2018-05-04,77.61323547363281,77.6559013422681,76.21941154165772,76.8025418393493,2500191
2018-05-07,78.01145935058594,78.21057875190293,77.28610355541844,77.51366686589466,1439939
2018-05-08,78.43814849853516,78.4808143657749,77.75545851108913,77.78390242258229,2207000
2018-05-09,81.49602508544922,82.32094064509361,81.09779227060773,81.19735197896851,5535684
2018-05-10,82.42050170898438,82.87562837263226,81.8515933794245,82.02226888759333,2567257
2018-05-11,82.13603973388672,82.71916994254578,81.6951350842321,82.63383219970274,2226313
2018-05-14,82.12181854248047,82.4347196130089,81.78047356152257,82.2782720870454,1666293
2018-05-15,82.61962127685547,82.84718460908672,82.02226903439889,82.09337881409506,2315329
2018-05-16,83.18852233886719,83.50141737939475,82.76183962356441,82.81873346095202,2229476
2018-05-17,83.6009750366211,83.67209082696634,82.76183759983235,83.06051669696109,2113224
2018-05-18,83.58675384521484,84.08454632637196,83.33074662739695,83.60097579969349,3491809
2018-05-21,83.58675384521484,83.58675384521484,83.58675384521484,83.58675384521484,0
2018-05-22,83.77165222167969,84.29788861764271,83.54408891028994,83.89965583201126,2229062
2018-05-23,82.73339080810547,83.74319768049233,82.24982030269189,83.54408430794614,2783836
2018-05-24,81.68092346191406,83.16007909241837,81.36802237764505,82.53428294248206,2696523
2018-05-25,82.16450500488281,82.47740613092819,81.4391490486255,82.0791672398518,2199020
2018-05-28,81.12622833251953,82.97517868963287,80.85599916354487,82.69072154775333,1750755
2018-05-29,80.2870864868164,80.9982202745387,79.70395629939607,80.37241820795056,3529421
2018-05-30,80.52887725830078,80.52887725830078,79.47639845803806,80.35820176712242,3172416
2018-05-31,79.29151153564453,80.89867686763236,78.89327870104492,80.62844765910411,4571410
2018-06-01,80.35820007324219,80.48620367962717,79.59017843493223,79.86040760190043,2585263
2018-06-04,80.45777130126953,81.04090159996737,80.1733201393397,80.85601015029354,1453093
2018-06-05,80.50044250488281,81.5671433809629,80.14486952758763,80.45777061793444,2109609
2018-06-06,80.41509246826172,80.95555079251758,79.846184217518,80.41509246826172,2168457
2018-06-07,80.71377563476562,80.96978889357568,80.21598311007132,80.72799759048813,1663240
2018-06-08,80.9271240234375,81.28269100312946,79.47641219075885,80.00264867251799,2443230
2018-06-11,82.26405334472656,82.47739471848266,81.26846227339864,81.55291944460734,2443960
2018-06-12,82.40628051757812,82.87562914149409,82.09337942876688,82.63384385151325,2194199
2018-06-13,84.38322448730469,84.88101696292293,81.97958781653477,82.43471442919181,4724496
2018-06-14,85.83393859863281,86.10417379454381,83.80009675423588,83.91387841077703,5116175
2018-06-15,85.06592559814453,86.23218619186918,84.53968312604836,85.97617894321779,8049910
2018-06-18,84.19832611083984,84.86679406809697,83.78587138431594,84.61078685596475,2318856
2018-06-19,82.71916961669922,83.34496568501419,82.27826496878141,83.23118403453866,3048961
2018-06-20,82.87561798095703,83.30230067927613,82.60538881527546,83.04628744912408,2320050
2018-06-21,81.62403869628906,83.2312041452619,81.31113757722645,83.04630666158799,3149571
2018-06-22,82.70494842529297,82.7902861747969,81.48180009634278,81.53868791694445,2454467
2018-06-25,80.44354248046875,82.2356051109493,80.44354248046875,81.96536990971413,2582402
2018-06-26,79.73240661621094,80.99822678606944,79.3768396937654,80.78488542888186,2258522
2018-06-27,81.2115707397461,81.89426069713271,78.89327168309622,79.8746347352136,3089755
2018-06-28,79.87464141845703,81.56714449841773,79.40529278580773,80.88445448390931,2670989
2018-06-29,80.51465606689453,80.99822659881441,80.15908914527101,80.34398057409857,2793269
2018-07-02,80.05952453613281,80.98399967939858,79.13504939286703,79.36261269024325,2436744
2018-07-03,81.02667236328125,81.46757704139779,80.21597880044165,80.38665429714543,1749441
2018-07-04,81.2400131225586,81.2400131225586,80.44354152058234,80.99822785285525,1382293
2018-07-05,81.567138671875,82.10759704746978,80.94133652731058,81.01245232238428,2286710
2018-07-06,81.83736419677734,81.9795897619575,81.06933651504256,81.92270194332592,2247219
2018-07-09,82.36360931396484,82.57694465943268,81.31112444874304,82.42049713446256,1799041
2018-07-10,83.48719787597656,83.85698676474915,82.20715571108596,82.4204970750013,2024420
2018-07-11,82.22138214111328,82.8614062676927,82.02226874007673,82.60539902450162,2309869
2018-07-12,82.80451202392578,82.80451202392578,82.064934209716,82.49161695869948,1459010
2018-07-13,82.94673919677734,83.47297560843758,82.74761978872145,82.81873558262753,1585720
2018-07-16,82.9609603881836,83.7289820660129,82.69072518870914,82.73339707210054,1191857
2018-07-17,83.31652069091797,83.64364368409582,82.27826389618872,82.73339049215775,1766762
2018-07-18,84.16989135742188,84.16989135742188,83.30230992892045,83.51564528316716,1604329
2018-07-19,83.89965057373047,84.93790736454987,83.70053118409365,84.26943942691256,1980685
2018-07-20,83.06051635742188,84.0987731880522,82.16448508829956,83.91387574507104,3122837
2018-07-23,83.13162994384766,83.23118964705245,82.56272165310689,82.6907252661984,1193253
2018-07-24,84.0987777709961,84.63923613789893,83.10318674898333,83.4160878162333,1963517
2018-07-25,83.6436538696289,84.45434746509417,83.48720032158722,84.02766472476459,1783911
2018-07-26,85.60636901855469,85.73437863906835,84.25521721231858,84.34055495312742,2899906
2018-07-27,85.89083099365234,86.37440152118026,85.64904572988839,86.03305655728977,2090429
2018-07-30,85.54949188232422,85.89083686956661,85.25081276151155,85.70593941116807,1224903
2018-07-31,85.8766098022461,86.360180334071,85.22236377765876,85.67749040022366,2013498
2018-08-01,85.20813751220703,86.54507340300391,85.0943558623222,86.08994680346463,2461195
2018-08-02,81.2115707397461,82.76184208968566,80.57154664772061,82.66228238524161,5058950
2018-08-03,79.74663543701172,81.4249165110786,79.41951239573245,81.21157513552248,3599149
2018-08-06,79.43373107910156,80.13064300061917,78.77949104209821,79.5190688295286,2879188
2018-08-07,79.90306854248047,80.244413478014,79.3910541484805,79.4479419617691,2363169
2018-08-08,79.6470718383789,80.31553984418942,79.51906822301541,79.71818763295927,1812176
2018-08-09,79.90306854248047,80.14485378615831,79.22038469001406,79.4479419617691,1728526
2018-08-10,78.60881042480469,79.56172951697894,78.4523629080391,79.40528200021336,3164148
2018-08-13,78.46659088134766,79.12083694455454,78.42392501493913,78.69415420606296,1849906
2018-08-14,78.72259521484375,79.09238409922322,78.11102105919302,78.69415130495332,2086492
2018-08-15,78.05411529541016,79.46216686167594,77.62743865643908,79.0070402985598,3065651
2018-08-16,78.28169250488281,78.67993132776446,77.99724136162577,78.28169250488281,1867700
2018-08-17,78.22480010986328,78.56614507297418,77.72700762896865,78.42391950966159,1818782
2018-08-20,78.79371643066406,79.24884309463744,78.22480810069736,78.29592389891884,1452662
2018-08-21,78.69415283203125,79.16350142873635,78.31014198525475,78.43814560084691,1768578
2018-08-22,78.9359359741211,79.49062230575997,78.4239215255937,78.4239215255937,1584708
2018-08-23,79.53329467773438,80.04531518675691,78.70837909949996,78.70837909949996,1807329
2018-08-24,79.83196258544922,80.03108197866257,79.33416410241581,79.74662484284336,1440472
2018-08-27,80.48619842529297,80.7422116399508,79.6612830054416,80.10218763120714,1278054
2018-08-28,80.58576202392578,81.15467027530305,80.58576202392578,80.84177525099624,1589366
2018-08-29,80.88444519042969,81.02667075579367,80.48620638508909,80.79910744377082,1266640
2018-08-30,80.51465606689453,80.77066328748727,79.77507229578069,80.75644133285448,1430896
2018-08-31,79.63285064697266,80.37242843585565,79.37684341379018,80.23020286393223,2218843
2018-09-03,79.22040557861328,79.7324201076197,78.79372279203977,79.47641284311649,1145363
2018-09-04,78.23902130126953,79.53328535013328,77.9545701774186,79.43372565120514,1780865
2018-09-05,77.24343872070312,78.29591754102627,77.20076683779463,78.11102009182574,2814813
2018-09-06,77.1865463256836,77.81234244022582,76.93053909785274,77.10120857687286,2402552
2018-09-07,76.94475555419922,77.54210771598318,76.81675194943129,76.9163116461621,2546512
2018-09-10,77.10120391845703,77.38566105777228,76.88786256862085,76.95897835809991,2285535
2018-09-11,77.28609466552734,77.52787990277164,76.51806707636277,77.18653497632079,2437360
2018-09-12,77.86922454833984,78.22479142645187,77.3003163396405,77.3003163396405,1873091
2018-09-13,77.72701263427734,78.28169296877574,77.71279067889036,77.76967850043829,1835076
2018-09-14,77.74122619628906,78.22479670164358,77.27187764478603,77.92611761495945,2052361
2018-09-17,77.513671875,77.91190468476748,77.32877441631415,77.513671875,1723884
2018-09-18,77.570556640625,78.13946493116401,77.14387993667174,77.34299332440939,2046184
2018-09-19,77.67011260986328,78.0256795220314,77.38566148756921,77.71278449122812,1623522
2018-09-20,78.28169250488281,78.53770575613594,77.45677696711559,77.45677696711559,2584996
2018-09-21,78.39546966552734,78.77948651106138,77.9687929751356,78.56614515656494,6721575
2018-09-24,78.96438598632812,79.29150902865752,78.39547765588608,78.43814954229533,2511785
2018-09-25,79.34839630126953,79.73240713554767,78.87904771984027,79.00705133126633,1824431
2018-09-26,79.29151153564453,79.68975038884608,79.0070603707308,79.64707850108766,1696007
2018-09-27,79.29151153564453,79.5048529186308,78.4381520223014,78.9359445702014,1859440
2018-09-28,78.46659088134766,79.27728447332073,78.16791777928479,79.02127723766641,3107103
2018-10-01,78.46659088134766,78.95016144171728,78.1821397347543,78.25324951210187,2221991
2018-10-02,76.39007568359375,76.91631811957443,75.75005760588908,76.58919509381363,4325000
2018-10-04,76.07718658447266,76.50386938248575,75.2949428129185,75.94918294878921,3741592
2018-10-05,74.95358276367188,76.11984322725571,74.78290727121507,75.92072382558983,2804783
2018-10-08,74.51268005371094,74.8398030740112,74.35623253035054,74.66912757707135,2432577
2018-10-09,74.3277816772461,74.78290830528935,73.41753443976086,74.47001326246057,2811508
2018-10-10,72.89130401611328,74.3420218864216,72.72063451180762,74.11445853494588,3481925
2018-10-11,71.46903228759766,72.37928564521594,71.24146894819309,72.03794063610908,4341682
2018-10-12,70.94278717041016,72.8344096158509,70.92145724592291,72.39350490982329,3174134
2018-10-15,71.46903228759766,71.4832542439852,70.43788327278234,70.91434589547377,2167046
2018-10-16,72.37928009033203,72.57839348307824,71.41213296278715,71.6254743294309,2494701
2018-10-17,72.72061920166016,73.04773618426036,72.02370733681452,72.45038401704996,2426582
2018-10-18,72.0805892944336,73.54552869438902,72.03792343545838,72.91972665114957,2378424
2018-10-19,71.18457794189453,72.33661664123225,71.02813039679266,72.30817272732322,3791446
2018-10-22,71.28414154052734,72.40773638713463,71.18458181782262,72.25128883351435,2323582
2018-10-23,70.71522521972656,71.17035189049632,70.05387115707732,70.68678130745391,3583341
2018-10-24,71.09923553466797,72.37927767318115,70.64410890598761,70.8432222920843,3132518
2018-10-25,72.00947570800781,72.27971087889766,70.12497359079549,70.53032032852958,3096626
2018-10-26,71.17034912109375,71.78192932276876,70.1392061832187,71.51169411088856,3669828
2018-10-29,72.23704528808594,73.13307658070626,71.18456647556413,71.68236498179832,2752301
2018-10-30,71.21302032470703,72.87707337240035,70.97834301333152,72.87707337240035,3141527
2018-10-31,72.33660125732422,72.83439973787587,71.96681239934365,72.06637209545397,3881603
2018-11-01,72.29393768310547,73.2184128666102,71.88147693168288,72.151712120705,2556547
2018-11-02,73.01929473876953,73.97221384761681,72.79173142752829,73.07618857588045,3135229
2018-11-05,73.03351593017578,73.55975833889724,72.69217096688106,72.97662811226057,1729296
2018-11-06,72.39349365234375,73.24685300137897,72.36504974504943,73.24685300137897,2054164
2018-11-07,73.06197357177734,73.58821001745886,72.54995306347445,72.54995306347445,1844314
2018-11-08,73.61664581298828,74.55534295301433,72.53572311023731,72.53572311023731,2729066
2018-11-09,72.77751922607422,73.46020925128768,72.43617421346748,73.26108982261658,2992308
2018-11-12,71.22723388671875,73.31796942584843,71.19878997917705,73.0904061283132,3125860
2018-11-13,72.32238006591797,72.54994336839775,71.15611964535933,71.36946099375923,2559081
2018-11-14,71.49747467041016,72.4361719207165,71.14190771252447,71.76770387319476,2599519
2018-11-15,72.0805892944336,72.64949750710558,71.4690152227864,71.92414179292399,2869790
2018-11-16,72.0663833618164,72.82018314955134,71.4690311103694,72.37928445299411,3365502
2018-11-19,71.127685546875,72.25128026015621,70.94278808113441,71.71081583757756,2508815
2018-11-20,70.3454360961914,71.17035167986982,69.94720326974735,70.52321957527208,3198157
2018-11-21,71.65391540527344,71.81036894454341,70.70099628932519,70.84322185526051,2345228
2018-11-22,71.18457794189453,71.86726798732445,71.09213221238909,71.49747905070046,1750888
2018-11-23,71.49747467041016,71.55436851334481,70.86456452239736,71.22724546762555,1655421
2018-11-26,72.86283874511719,73.28951539011996,71.75346622718888,71.82458201065626,2586866
2018-11-27,72.96240997314453,73.20419524912995,72.26549805563324,73.0619696783035,1858427
2018-11-28,72.83440399169922,73.30375257320198,72.63528458784918,73.14729903363356,1884391
2018-11-29,72.74906158447266,73.75887447519688,72.63527993507557,73.04773465251446,1910704
2018-11-30,72.82017517089844,73.09041036400757,72.53572404179545,72.99085066324118,2262083
2018-12-03,73.98644256591797,74.45579114775443,73.81576707146766,73.87265489055027,2910885
2018-12-04,73.24686431884766,73.82999460148544,73.06197287426593,73.64510315690373,2126908
2018-12-05,71.82459259033203,72.50728254521647,71.55436340683245,72.43616675127382,2456631
2018-12-06,69.45650482177734,71.17033745839588,69.02982214980402,70.92144424857862,5066085
2018-12-07,69.47074127197266,70.54455614331225,69.47074127197266,69.86898012054452,2818644
2018-12-10,68.95160675048828,69.5845168491932,68.63159771704235,69.15783412553107,3187613
2018-12-11,69.62006378173828,70.31697557737844,69.41383643917345,69.42094440624098,3160792
2018-12-12,70.7649917602539,71.01389099231092,69.71962702281583,69.71962702281583,2947266
2018-12-13,71.42635345458984,71.83881422413015,70.79344937317677,70.96411885183394,2549660
2018-12-14,71.25568389892578,71.5401350359141,70.48765619929515,70.65121770957391,2288977
2018-12-17,70.81478881835938,71.95260555773939,70.28855233802248,71.46903494815342,2175573
2018-12-18,71.34102630615234,71.95260050363501,70.49477478951835,70.65833631047794,2599367
2018-12-19,70.7649917602539,71.56857727026616,70.67965402089139,71.38367983808085,2910644
2018-12-20,69.96853637695312,70.14631986411989,69.05828901530869,69.91876253766034,4132343
2018-12-21,69.81208038330078,69.93297602886852,69.05828065565947,69.84763828015019,7395807
2018-12-27,68.14090728759766,69.73385036733744,67.53644716977385,69.69118450610543,3447175
2018-12-28,69.25028228759766,69.76941070111344,68.50359056901739,68.50359056901739,1888350
2019-01-02,69.74808502197266,69.9827623479847,68.02003005769144,68.99428522467119,2435666
2019-01-03,67.8777847290039,69.49206371613023,67.6075555761117,69.17205471683673,2865101
2019-01-04,70.53742980957031,70.72232724527306,68.38269247523068,68.58181186466429,3020567
2019-01-07,69.61296844482422,71.04235031016329,68.63160529437468,71.04235031016329,2798903
2019-01-08,69.89031219482422,70.80767955735088,69.55608116686767,69.57030312352518,2697618
2019-01-09,70.14630889892578,70.62988544554116,69.6342944618757,70.25298258571199,2263317
2019-01-10,70.23165893554688,70.26010284956057,69.3925213419274,69.70542245188467,2102836
2019-01-11,69.3569564819336,70.74367238350779,69.2218388760208,70.36676949553105,2646081
2019-01-14,69.22895050048828,69.44939983235793,68.63159829350472,69.12939079622413,2076365
2019-01-15,69.47784423828125,70.23875789626989,69.08671943916357,69.87607700508055,1834281
2019-01-16,69.39962768554688,69.91875614282613,68.9089431391483,69.79074650666,2034961
2019-01-17,69.62006378173828,69.74095338928994,68.78803440721062,68.91603800043019,1961945
2019-01-18,71.5116958618164,71.65392143972949,70.04676217768863,70.12498594461074,4735701
2019-01-21,71.65391540527344,71.81036894454341,71.1703448699326,71.32679840920258,1413643
2019-01-22,70.7081069946289,71.241457356086,70.13208475235064,71.18456352119142,2390739
2019-01-23,70.15342712402344,70.70811347674157,69.87608394766437,70.36676849188437,2116549
2019-01-24,70.40232849121094,70.79345334086456,69.76941835572445,70.15342921817636,2375842
2019-01-25,71.34102630615234,72.02371630182675,70.90012159828741,70.94990145330128,2821408
2019-01-28,71.127685546875,71.54014032787829,70.75078264667408,71.11346359083369,2340800
2019-01-29,71.4832534790039,71.72503877220855,70.65833788714069,71.11346456107928,2683072
2019-01-30,70.95700073242188,71.32679561541099,69.82629819869253,71.11345426556373,4295211
2019-01-31,71.11693572998047,72.3346404098378,70.41898136164943,71.39166331850538,4475213
2019-02-01,70.99813079833984,71.19860563697878,70.35957991584162,70.99813079833984,3722694
2019-02-04,70.53776550292969,71.27284606848164,69.79526343579262,70.91644432216594,2527328
2019-02-05,71.52531433105469,72.16386526235019,70.5377830681261,70.57490943754463,3314365
2019-02-06,70.84220886230469,71.42878413008039,70.81251028056307,71.13178574449589,2561303
2019-02-07,68.89685821533203,70.6268918968366,68.85973184233951,70.30761640045368,3735075
2019-02-08,67.95386505126953,68.9116913153554,67.45638559505052,68.68151791142196,3408121
2019-02-11,68.49589538574219,68.77062295251058,68.02069298400777,68.33254063259373,2080676
2019-02-12,68.48104858398438,69.1938522124808,68.42164513956776,69.05277453056469,1946714
2019-02-13,68.36965942382812,68.99336722006674,68.19146168496202,68.69636260984603,2230536
2019-02-14,68.49589538574219,69.74329854825325,68.49589538574219,68.97109778747661,2916286
2019-02-15,70.25563049316406,70.43382825983157,68.1766230335957,68.38451938069383,3551657
2019-02-18,69.72101593017578,70.18136900577565,69.43144538096352,69.9808941867442,1666181
2019-02-19,69.83240509033203,69.89923003964675,69.15672780989033,69.62450245509335,2022035
2019-02-20,70.24079132080078,70.46354327428443,69.67648679091448,69.67648679091448,2005149
2019-02-21,70.12197875976562,70.62687975019173,69.82497411099021,70.50065136054334,1814572
2019-02-22,71.16148376464844,71.43621135380073,70.10713384846835,70.35958435944815,2750740
2019-02-25,71.7035140991211,72.04506665272822,71.19861305643418,71.63668914594442,2442588
2019-02-26,72.86181640625,73.27761538665584,71.93368863241955,72.02278437416685,3363287
2019-02-27,71.7851791381836,72.62421112324373,71.47333149137751,72.47571194457018,2466490
2019-02-28,71.3768081665039,71.53272884829912,70.76052808978069,71.21345341383316,2777301
2019-03-01,71.97823333740234,72.63906128875719,71.74063213502568,71.94853475812617,2450103
2019-03-04,72.33464813232422,72.74302566500924,72.05992051446924,72.31979884001919,2099837
2019-03-05,72.1861343383789,72.26038078490092,71.66637779230734,72.20840513029376,1898269
2019-03-06,72.1861343383789,72.67618602175816,71.77032910152165,71.89655748673432,1513589
2019-03-07,71.61441802978516,72.23069189697469,71.13921557195575,72.00793995935662,2043572
2019-03-08,70.64173889160156,71.31741623538356,70.24078915812686,71.18376632422533,2456178
2019-03-11,71.11693572998047,71.11693572998047,70.30018075180764,70.79766026929643,1602142
2019-03-12,71.3619613647461,71.68124312254182,71.10951084404213,71.57729179917823,2037057
2019-03-13,71.39907836914062,71.49560817622103,70.93130375945043,71.22830211517167,2126798
2019-03-14,71.90397644042969,72.2752275121298,71.39165398329683,71.4659004271869,2234379
2019-03-15,72.75044250488281,73.03259789284292,71.5921412225895,72.23811995890902,8439806
2019-03-18,72.75044250488281,73.23307275223496,72.53511835413777,72.92121878156887,1969068
2019-03-19,73.8790512084961,74.21317597288292,72.83954426096732,73.13654893915454,2496177
2019-03-20,72.28266143798828,74.1537662441917,72.03763872621484,73.76766585091961,2970657
2019-03-21,73.06970977783203,74.1908844674375,71.9930766693712,72.03020303243592,2911663
2019-03-22,70.74568176269531,73.34443949982831,70.47838197232933,73.14396465705383,3352138
2019-03-25,70.46353149414062,70.98328177598708,70.121978974839,70.39670026359211,1688541
2019-03-26,70.37443542480469,70.76053584638734,69.94378084575355,70.61203665102236,1617826
2019-03-27,70.96101379394531,71.30256635702246,70.10713867033698,70.35958919867997,2107756
2019-03-28,70.53776550292969,71.29511685731957,70.53776550292969,71.07237126444456,1414329
2019-03-29,71.23572540283203,71.66637361983751,70.71597517110422,71.22087611439217,2267326
2019-04-01,72.72815704345703,72.86922842490411,71.8668543300837,71.91882998137991,2224817
2019-04-02,73.6340103149414,73.93101494522266,72.63162989937757,72.87665887646169,2341743
2019-04-03,74.77005004882812,75.0521991417247,74.11664983429979,74.24287194793084,2841365
2019-04-04,74.97794342041016,75.34919449615445,74.10921288680846,74.45819317118479,1652659
2019-04-05,75.83926391601562,75.86896250084547,74.84431105153735,74.85916034395227,2155325
2019-04-08,75.75015258789062,76.06200654261451,75.37890147079118,75.72045400670284,1679327
2019-04-09,74.77005004882812,75.72045493111233,74.69579731086813,75.52740158286682,2254240
2019-04-10,75.42344665527344,75.55710283402446,74.7997450521319,74.7997450521319,1399598
2019-04-11,76.06200408935547,76.46295377471071,75.31950187910479,75.75015014468994,1973369
2019-04-12,77.1163558959961,77.16091005154321,75.77985062717858,75.97290397168675,2251442
2019-04-15,77.02725982666016,77.17575901499193,76.44810607967383,77.11635556920884,1237192
2019-04-16,77.62126159667969,77.87371209794692,76.8490545186118,76.99755370451891,2021865
2019-04-17,78.58650970458984,78.82411091645321,77.56185840598154,77.81430890807587,2824908
2019-04-18,79.07657623291016,79.47752596465003,78.37862181226016,78.58651818200423,3442940
2019-04-23,78.46772766113281,79.12112795395718,78.27467428975397,79.00232732943596,1670469
2019-04-24,78.42315673828125,78.91320842418375,77.78460587448663,78.09645351965175,1919199
2019-04-25,78.43800354003906,78.57165342431169,77.90340400294855,78.08160175395095,1832760
2019-04-26,78.18556213378906,78.45286193335428,77.933111624857,78.43801264272112,1550587
2019-04-29,78.60136413574219,78.60136413574219,77.5915558579674,78.00736111472284,1481082
2019-04-30,79.25476837158203,79.75966939425881,78.24496632622848,78.37861622728502,2614281
2019-05-02,78.21525573730469,79.25476257222735,78.09645513571591,79.07656481188603,1857095
2019-05-03,78.52711486816406,78.83896882449744,77.87371465824033,77.93311182092245,1477200
2019-05-06,77.66580963134766,77.93310942336207,76.32930438719175,76.56690559877875,2318209
2019-05-07,76.0916976928711,78.03705511603685,75.77984376860212,77.96280238623469,2818596
2019-05-08,79.56661987304688,80.26456793832608,78.48256512321178,79.44781926643367,4907513
2019-05-09,78.17070770263672,79.47751431734474,78.15585841298004,78.92805917962932,2926377
2019-05-10,79.46267700195312,79.98242735459294,78.57166921561675,78.70532541083489,3401038
2019-05-13,77.7994613647461,79.87846887319037,77.59155872867646,79.81907171093277,2506674
2019-05-14,78.73502349853516,78.74987279033591,77.97766562810422,77.97766562810422,1984673
2019-05-15,79.21022033691406,79.37356881918525,77.69551098790406,78.76471647824923,2474948
2019-05-16,80.68036651611328,80.68036651611328,78.76470767877001,78.77955696785536,2651391
2019-05-17,79.75967407226562,80.81403033586679,79.28447160326705,80.6803804269715,3066680
2019-05-20,78.33406066894531,80.24971968994518,78.17071218926276,80.04181705465174,2520726
2019-05-21,79.61116027832031,80.24971112245366,79.29930635867379,80.19031396675908,2851754
2019-05-22,79.10626220703125,79.49236258539386,78.27465800835907,79.16565936489462,1989165
2019-05-23,76.99755859375,78.8538205297522,76.95301072037431,78.57166514612,3193460
2019-05-24,78.12617492675781,78.74987663324873,77.50247322026688,77.59156897541925,1974202
2019-05-27,78.18556213378906,78.82411305143579,78.18556213378906,78.70531872637041,770662
2019-05-28,78.18556213378906,78.57166254250373,77.60640837867503,78.27466416167216,2280633
2019-05-29,76.35900115966797,77.81430697516012,76.15109853343088,77.44305587635603,2439056
2019-05-30,76.56690216064453,77.19060374203295,76.37384882836744,76.99755040975586,1121755
2019-05-31,75.31951141357422,76.00261026575266,74.933404685374,75.80956318573719,2415357
2019-06-03,76.04715728759766,76.1362530312027,74.33940089132443,74.99280109818162,2158987
2019-06-04,77.42820739746094,77.68065789592849,75.57195188399842,75.94320298669092,2406505
2019-06-05,77.57671356201172,78.1261687625231,77.07181251964602,77.2203117172681,1578962
2019-06-06,76.90845489501953,78.03705746060322,76.6262995405609,77.30940456619723,1513589
2019-06-07,77.39851379394531,77.69551218156201,76.95300992843607,77.10150912224441,1740674
2019-06-11,78.37861633300781,79.0617151299867,77.54701205991323,77.87371530964998,2212061
2019-06-12,77.9776611328125,78.48256844535418,77.7549154845574,77.82916193928104,1430947
2019-06-13,78.09645080566406,78.52710531907712,77.62125470973984,77.68065186519912,1337390
2019-06-14,77.23516082763672,78.06676513008978,77.01241517376775,77.97766309809158,1444615
2019-06-17,76.78966522216797,77.41336689412026,76.47781124414958,77.27971698470795,1379994
2019-06-18,78.55681610107422,78.80926661916249,76.1511052495655,76.4184113429098,2864989
2019-06-19,78.91321563720703,79.26961746717498,78.51226593502462,78.66076512649023,1687953
2019-06-20,79.04685974121094,79.83391608120472,79.04685974121094,79.44781569807425,2139379
2019-06-21,78.51226043701172,79.65571230053334,78.27465923367168,78.88351153172006,6342852
2019-06-24,78.7498550415039,79.04685337875013,78.51225385807368,78.7350057530499,1765757
2019-06-25,77.8143081665039,78.97261563432006,77.8143081665039,78.5122625052115,2271529
2019-06-26,77.02725982666016,77.72520789704471,76.25505273598375,77.68066002577036,2929229
2019-06-27,76.8787612915039,77.32426518078387,76.25505961696268,77.20546456258151,1766244
2019-06-28,77.66580963134766,77.88856155272096,76.78965752015205,77.02725873173905,2448548
2019-07-01,78.70531463623047,78.95776513204324,78.17070878079822,78.33405725335834,1931473
2019-07-02,77.96281433105469,78.95777341287605,77.96281433105469,78.7053228905871,1898919
2019-07-03,78.24496459960938,78.24496459960938,77.50246237275361,77.97765851931075,1818539
2019-07-04,78.36376953125,78.43801598758199,78.0370662711363,78.20041475915099,1175182
2019-07-05,76.06200408935547,77.88856103475226,75.4085976197945,77.8737117446373,3510829
2019-07-08,75.34919738769531,76.40355349963028,74.77004367640238,76.04715169914876,2291824
2019-07-09,75.2155532836914,75.37890176494572,74.17604638130601,74.8294465904073,2923660
2019-07-10,74.82945251464844,75.64620755375053,74.54730340175762,75.06705375205688,2333344
2019-07-11,74.0201187133789,75.48285238000155,72.98803960798168,75.14129984594071,2953400
2019-07-12,74.01270294189453,74.33940621074267,73.69342746092033,73.73054754803657,1869107
2019-07-15,74.0646743774414,74.71065309039383,73.4038463736731,74.20574578223409,1761659
2019-07-16,74.50274658203125,74.74034779091507,73.953291429956,74.06467053141743,1851516
2019-07-17,74.01270294189453,74.82945168788814,73.75282462757391,74.32455063499478,1982754
2019-07-18,73.64144134521484,74.29484150608145,73.5374900342417,73.94586749131467,1910375
2019-07-19,73.90873718261719,74.32453612024482,73.3444327891881,74.02010999038502,2475914
2019-07-22,73.8790512084961,74.11665243741213,73.58204653030887,73.8047984679282,1445329
2019-07-23,75.31951141357422,75.89865893770528,74.10180662916413,74.2428780451559,2845705
2019-07-24,75.91350555419922,76.136257494438,75.31950875900834,75.89865626272788,2096188
2019-07-25,74.96309661865234,76.80450276952966,74.6512426883202,76.4035531026028,2761992
2019-07-26,74.97794342041016,75.23039390055294,74.53243961588365,75.0076419982897,1677175
2019-07-29,75.14130401611328,75.6462050579267,74.77005288042199,74.77005288042199,1571700
2019-07-30,73.9681396484375,75.45315032449017,73.47066644485143,75.1412963858165,2691893
2019-07-31,73.5003662109375,74.15376639440744,73.21078934437588,74.08694144705352,2361384
2019-08-01,70.53776550292969,71.1614669879615,69.20126052526645,70.83477010023408,6783946
2019-08-02,68.42164611816406,68.89684854395823,67.65686682139632,68.77062643440385,6027760
2019-08-05,66.6396484375,67.93159963354881,66.48372145126247,67.7756726473113,4734818
2019-08-06,66.5579605102539,67.55291948284163,66.37233496177119,66.97376576066877,3340190
2019-08-07,66.35005950927734,66.8475326765493,65.81545369401627,66.55795583580023,3016929
2019-08-08,67.18167114257812,67.23364051692877,66.36491618210634,67.1593940649393,2393195
2019-08-09,66.082763671875,67.00346361742004,65.74121115817134,66.92921088519451,2863524
2019-08-12,65.80061340332031,66.97377021548817,65.57786147350777,66.49113998688031,1549088
2019-08-13,66.26097106933594,66.4762952263924,64.57549161622813,65.62242010201844,3743220
2019-08-14,63.96663284301758,66.43916221843506,63.914657184908144,66.31294010880067,3739755
2019-08-15,63.112754821777344,64.47895872623657,62.68210652815023,64.47895872623657,3746092
2019-08-16,63.736454010009766,63.82555603714956,63.112752388199226,63.32065502349741,3026696
2019-08-19,64.7685317993164,65.03583159122145,63.83297624356485,64.0780052422004,2510446
2019-08-20,64.76112365722656,65.0581220908211,64.34531830929201,64.68687090678534,2084918
2019-08-21,66.17185974121094,66.34263599891847,64.96900443444864,64.96900443444864,2787353
2019-08-22,66.0307846069336,66.74358189271199,65.76347855517298,65.94910409206925,2172670
2019-08-23,65.4813461303711,66.60252742299234,65.4813461303711,66.26097484017157,2747205
2019-08-26,65.76348114013672,65.9194081054386,64.85020270861882,65.34025439665078,1683912
2019-08-27,66.082763671875,66.35748495612549,65.25115946410024,65.59270569372026,1898534
2019-08-28,65.86744689941406,66.2684029387298,65.07296889326138,66.26097515033594,1628359
2019-08-29,66.82527923583984,66.96635065759298,65.91200061023395,65.96396999229543,2107966
2019-08-30,67.5306396484375,67.62716317016344,66.60251194392491,66.84753464155618,2635781
2019-09-02,67.20394134521484,67.545493873615,67.04059286819037,67.21136913239046,1190629
2019-09-03,66.72874450683594,67.21137475930719,66.3723426583306,67.16682060069125,1655296
2019-09-04,67.71627044677734,68.09494306053159,67.31532075547851,67.55292196900758,1657770
2019-09-05,67.97615051269531,68.65182780304467,67.80537424325712,68.30284747676482,2394233
2019-09-06,68.7186508178711,68.79289726939388,67.85734799161943,68.25086989489995,1981520
2019-09-09,69.93635559082031,69.93635559082031,68.88199942052489,68.97852294972193,2014213
2019-09-10,71.28028869628906,71.60699196492821,69.84725978471661,69.93636181872446,3200740
2019-09-11,72.29751586914062,72.42374426957618,71.44364078461913,71.59956148316083,2385442
2019-09-12,71.8074722290039,72.75787723900879,71.10951776427096,72.67620298672743,2744077
2019-09-13,71.96338653564453,72.37176400910286,71.54015977203477,71.80003805989475,2176512
2019-09-16,71.80004119873047,72.18614161179859,71.39908521077761,71.54016289950955,1364458
2019-09-17,72.03021240234375,72.334638564542,71.62183492367527,71.86686392450993,1694908
2019-09-18,71.69608306884766,72.15643617627539,71.68123377945754,72.15643617627539,1293614
2019-09-19,72.37177276611328,72.54997055357651,71.47334347261148,71.65154126007471,1976513
2019-09-20,72.77272033691406,73.03259864849137,71.97082089104883,72.55739618394111,6312559
2019-09-23,71.7480697631836,72.87667248723527,70.99071189917301,72.62422196059325,2333073
2019-09-24,70.90160369873047,71.941104206111,70.90160369873047,71.74805716415227,1611585
2019-09-25,71.22830963134766,71.22830963134766,70.22593536195298,70.81993213607537,1947104
2019-09-26,71.06494903564453,72.41630340622868,71.06494903564453,71.47332646131919,2426164
2019-09-27,72.29009246826172,72.83211985738915,71.29513343423957,71.59213810060089,2115637
2019-09-30,72.95092010498047,73.1216900892875,71.99308744451879,72.20841158480509,1923629
2019-10-01,71.8891372680664,73.53006874407676,71.73321657191411,73.22564257107973,2349728
2019-10-02,70.41898345947266,71.98566851221004,70.41898345947266,71.96339143342477,2765321
2019-10-04,70.76053619384766,70.87933680753984,69.81755907195276,70.71598832024469,2269224
2019-10-07,71.5921401977539,71.66638665345607,70.2407855790474,70.6491630797043,1846111
2019-10-08,70.47838592529297,71.61441638214944,69.95862932144739,71.5401636432903,2122128
2019-10-09,71.23572540283203,72.08217883248628,70.36699489847642,70.55262043009944,2026800
2019-10-10,71.64411163330078,71.86686355543819,70.80507960271935,70.90903091865573,2543954
2019-10-11,73.60432434082031,73.61175212858467,71.62184024561478,71.62184024561478,2853940
2019-10-14,73.64144134521484,73.64886284795087,72.34948402895367,73.28503954362844,1581571
2019-10-15,74.16119384765625,74.57699281997748,73.42611943007189,74.05724253355498,2771355
2019-10-16,74.7848892211914,74.87399123787105,74.08693494468679,74.54728803276784,2339156
2019-10-17,73.44839477539062,75.70560639326466,73.42612398104843,74.26514976473715,2992152
2019-10-18,74.07952880859375,74.23545579910612,73.29247235215108,73.58204925336418,2630172
2019-10-21,75.69075012207031,76.01744706041328,74.16861939179731,74.25029362638304,2250654
2019-10-22,76.62629699707031,76.68570043754166,75.67589222219604,75.7204463735704,2090355
2019-10-23,76.98270416259766,77.72520637378899,76.04715489558352,76.09170276598482,2142296
2019-10-24,77.05695343017578,77.85885904990431,76.83420152002432,77.35395178765535,1781386
2019-10-25,77.5173110961914,77.5173110961914,76.83420603612043,77.19060785649434,1247480
2019-10-28,78.05191040039062,78.43801080003493,77.22030615588079,77.22030615588079,1866589
2019-10-29,78.33406066894531,78.60136675035861,77.65096188511315,78.11131502722691,1499618
2019-10-30,77.7103500366211,78.37860573654395,76.87874587595596,78.09645039733765,1792266
2019-10-31,76.75994873046875,77.96280401710864,76.59660026238707,77.96280401710864,2553507
2019-11-01,77.91825866699219,78.09645643028742,76.71540334147711,76.75995121127998,1566731
2019-11-04,79.78935241699219,80.16060975030184,78.27464964432686,78.27464964432686,3048610
2019-11-05,80.47247314453125,80.51702101690444,79.5666224176877,79.62601958085193,2507745
2019-11-06,80.4576187133789,81.08132030717637,79.72996580660126,80.30911953087166,2732276
2019-11-07,84.39289093017578,84.94234613542731,81.97233073694152,82.12083621992912,4914271
2019-11-08,84.49684143066406,84.86809256634399,83.7691884506413,84.64534062811916,3061218
2019-11-11,83.56128692626953,84.22953641558198,82.80392912627013,83.04153034115544,2548216
2019-11-12,85.00173950195312,85.25419001402986,83.72463765075136,83.90283542465323,2177806
2019-11-13,85.07598876953125,85.22448795573895,84.0661867624183,84.73443624239485,1785219
2019-11-14,85.20963287353516,85.34328276044583,84.79383392360013,84.82353250200619,1819047
2019-11-15,85.3878402709961,85.684844940848,84.82354208122057,85.3878402709961,2517224
2019-11-18,84.94233703613281,85.32843742555455,84.43743604349794,85.19478753245025,1548131
2019-11-19,84.9720458984375,86.05610074842903,84.61564404566968,85.04629864096249,1953877
2019-11-20,85.25418853759766,85.41754330193655,84.0216345801957,84.33348853422845,1927675
2019-11-21,85.26904296875,85.53634276343118,84.19983750594137,84.86808699264431,2346802
2019-11-22,85.22450256347656,86.11551040161191,84.86810068503942,85.13540052284604,2362701
2019-11-25,86.44219207763672,86.47189694196793,85.40269149630839,85.66999128670231,2128124
2019-11-26,87.39258575439453,87.39258575439453,86.08577926552438,86.23427843187523,3995103
2019-11-27,87.25894927978516,87.8232537394987,86.94709532687094,87.60050181371483,1848254
2019-11-28,87.12529754638672,87.33320017728471,86.72434785886963,86.72434785886963,1027711
2019-11-29,86.96195220947266,87.21440272006913,86.26399784060754,86.66494754259887,1864455
2019-12-02,86.27884674072266,88.81820741000591,86.02639623126913,86.96195181576402,3589086
2019-12-03,86.81343841552734,86.9767931660847,86.08578553492382,86.44218733057147,2288403
2019-12-04,87.57080078125,88.16479752126668,86.73919654750928,86.73919654750928,2305517
2019-12-05,86.23429107666016,87.73415110057338,86.23429107666016,87.33320140740877,2416672
2019-12-06,86.7243423461914,87.12529200822192,86.05608662539042,86.47189186075552,1886501
2019-12-09,86.14520263671875,86.99165625009792,85.96699856859446,86.99165625009792,1411639
2019-12-10,85.65514373779297,85.84819079740895,84.57108897997288,85.81849221655787,2265874
2019-12-11,87.02134704589844,87.34805028550004,85.46208986772874,85.46208986772874,2340494
2019-12-12,87.5262451171875,88.0905495513705,86.39764253290522,86.97679625692413,2334757
2019-12-13,87.45199584960938,88.84789817411831,87.22924394108219,88.43209921986215,3107246
2019-12-16,89.02611541748047,89.02611541748047,87.61535731030995,87.76385650998988,2409745
2019-12-17,87.79354095458984,88.84789704228137,87.61534320048827,88.84789704228137,2458502
2019-12-18,86.78374481201172,88.12025005128817,86.78374481201172,87.45200057369188,2241899
2019-12-19,87.19954681396484,87.19954681396484,86.45704457572744,86.57584518520879,2521883
2019-12-20,87.71930694580078,88.0608594973453,87.02135255143818,87.02135255143818,6143014
2019-12-23,87.25894927978516,87.73415171236834,87.2292506987697,87.31835272590006,1415210
2019-12-27,87.79354095458984,88.12024416854005,87.06588808084852,87.24409211903352,1216387
2019-12-30,86.53129577636719,87.58565195229903,86.53129577636719,87.25894871100664,906002
2020-01-02,88.09054565429688,88.28359269770708,86.42733728908276,86.42733728908276,1891185
2020-01-03,86.39764404296875,87.45200019649961,85.7590931484456,87.33319959165225,2258980
2020-01-06,85.99669647216797,86.29369484954547,84.71958836764311,85.53634333155723,1875474
2020-01-07,86.54615020751953,87.02135266523169,85.74424448910918,86.42734959309149,2500531
2020-01-08,86.90254211425781,87.06589058388728,85.16508725446322,86.13034135081213,2017445
2020-01-09,87.91234588623047,88.0162971996161,87.51139620667193,87.74899741324374,1925148
2020-01-10,86.13035583496094,87.88266027902765,86.13035583496094,87.80841381856658,2282447
2020-01-13,85.9521484375,86.78375275109455,85.25419403165115,86.66495213486677,2164232
2020-01-14,86.42733764648438,86.79858872974447,85.43238499471067,85.92243667597734,1798018
2020-01-15,85.93729400634766,86.66494695171374,85.90759542508799,86.26399725245612,1513858
2020-01-16,86.17489624023438,86.17489624023438,85.40269541387778,85.68484450733806,1770670
2020-01-17,86.94709777832031,86.94709777832031,86.38279958678055,86.57584665290787,2691331
2020-01-20,86.73920440673828,87.09560625349128,86.39765185142275,86.63525308259143,1165114
2020-01-21,87.02134704589844,87.19954481399135,86.02639432084351,86.53129532853801,1379995
2020-01-22,86.14520263671875,87.65990579535278,86.10064847764544,87.12530615914889,1897278
2020-01-23,85.83333587646484,86.4570374538436,85.49178336683079,85.77393871865904,1850273
2020-01-24,87.55595397949219,88.04600573796395,86.33824922910266,86.35309852068247,2490364
2020-01-27,85.25418853759766,86.51644736020562,85.13538792902575,86.42734533275569,2990899
2020-01-28,85.65514373779297,85.96699140489723,84.8680873566516,85.75909505485572,2042223
2020-01-29,86.36795043945312,86.63525024474103,85.40269625495908,85.59574332140737,1774195
2020-01-30,84.45228576660156,85.61058694080849,84.21468455895648,85.61058694080849,2262370
2020-01-31,82.89303588867188,84.76414084972961,82.72968740063737,84.57109377915873,3002914
2020-02-03,82.5811767578125,83.2494325276161,82.20992564706071,82.65542949359643,2642144
2020-02-04,83.88798522949219,83.88798522949219,82.90788177338744,83.20488643880093,2589069
2020-02-05,84.43743133544922,84.91263372180549,81.95746809614202,82.55147107908736,4317314
2020-02-06,83.8865737915039,85.67730540893479,83.2999521102318,85.58467955765852,3560251
2020-02-07,83.59326171875,84.19531338812696,83.14557557217962,83.6704444801533,2733345
2020-02-10,83.59326171875,83.94831548642078,83.28451107531338,83.36170036932448,1739582
2020-02-11,84.47319793701172,84.85913137387833,82.99121040379191,83.82482349177178,2743204
2020-02-12,84.58125305175781,84.92087682488702,84.10270029782228,84.75106820462656,1784931
2020-02-13,82.71333312988281,84.7664991203103,82.49720833111954,84.24163020840624,2922198
2020-02-14,82.32740020751953,83.13014013250448,82.18845816991838,82.82138948493557,1998648
2020-02-17,83.26907348632812,83.37713588355517,82.14214639039999,82.31195499598091,1392102
2020-02-18,82.46633911132812,82.6824573876649,81.87971742959536,82.45090255820466,1714581
2020-02-19,82.4972152709961,82.92945837227617,82.01865597602317,82.62071423316304,1676507
2020-02-20,82.00321960449219,83.06839407266797,82.00321960449219,82.42002615300335,1729841
2020-02-21,81.30853271484375,82.17302542241559,80.72191756273331,81.66359303631536,2891179
2020-02-24,77.88143920898438,79.31711700540544,77.35657028528085,79.1164287545268,4268376
2020-02-25,76.6155776977539,78.23650068381656,76.39945942352485,78.11300172742504,3761172
2020-02-26,76.02896118164062,76.70820216322616,73.96807360893071,76.06754929707218,5761415
2020-02-27,74.63959503173828,75.28024132624158,72.9183247884159,74.48521644898835,6076933
2020-02-28,71.93806457519531,72.67905835613404,70.17049096799212,71.75281939626488,9857623
2020-03-02,70.73394012451172,73.5203779778806,69.77682171992299,71.77595629167627,6949694
2020-03-03,71.00409698486328,72.92604900404666,70.44835497093452,71.1275959360261,5803331
2020-03-04,70.98094177246094,71.36687515842198,70.2553846551155,70.91918903375128,4411473
2020-03-05,69.52983856201172,71.45179078709127,68.7656932109978,71.32057027940736,4642410
2020-03-06,67.27597045898438,68.75023618959536,66.80513279410881,67.92433825747989,6328163
2020-03-09,62.12761688232422,64.1885042312904,61.00068986452116,61.74939851824983,10740385
2020-03-10,61.73396682739258,65.21508900278455,61.633625971570254,62.93036168527091,9524718
2020-03-11,61.52556228637695,63.702227160117566,61.06243959862495,62.52127541178299,7632725
2020-03-12,53.71426773071289,59.14050047489383,53.71426773071289,58.66194118415531,13475422
2020-03-13,53.71426773071289,58.569315330197576,52.45612655593786,55.32747576776062,11643903
2020-03-16,50.88151168823242,52.849776731355846,48.30347666687231,50.55732774142379,12226983
2020-03-17,52.21684646606445,53.58305003672543,49.01359504848706,53.467272619720106,8742786
2020-03-18,46.99129867553711,50.541888623443896,46.497302870686646,50.17139176980605,8766555
2020-03-19,46.99901580810547,49.785457152447634,45.36265637750669,46.89095341184786,6102553
2020-03-20,51.70741271972656,53.24342813680831,49.61564873077772,49.81633698529242,9674299
2020-03-23,52.41753387451172,54.493858194116974,48.62766385537042,49.399530757922896,6625998
2020-03-24,58.476688385009766,58.476688385009766,55.33518974562879,55.92952644326732,7649517
2020-03-25,59.00927734375,60.591605670630514,56.45439392513061,59.97411089274933,6274730
2020-03-26,59.225399017333984,59.56502276036142,57.16451152999883,57.50413527302627,5181190
2020-03-27,56.3077507019043,58.72369239248292,55.78288170585416,57.812889926830685,5194118
2020-03-30,58.09075927734375,58.09075927734375,55.66709611405199,56.69368251006551,3511642
2020-03-31,59.796573638916016,60.92350065822482,58.16793584671591,58.89349294119019,5633449
2020-04-01,57.133636474609375,58.14477959421925,56.66279878889327,57.890066695103656,4742017
2020-04-02,58.970680236816406,59.54958034208201,56.8866411643818,57.079607866137,5578751
2020-04-03,58.916648864746094,59.71939530647291,58.40721651230366,58.76227681031671,3635787
2020-04-06,63.29314041137695,63.33945006579824,61.37118849747772,61.67221758273476,4426648
2020-04-07,65.20736694335938,66.9131939709597,64.8831797836784,65.50067446930376,5676250
2020-04-08,63.20051956176758,64.48181876136694,62.12762362243578,64.48181876136694,4299790
2020-04-09,62.7837142944336,64.7211029515011,62.065872117928336,63.87976181837868,4790520
2020-04-14,63.90291595458984,64.60531500196333,62.79142541390641,63.7871385479512,3012294
2020-04-15,60.63792037963867,63.96466402353165,60.22110733187727,63.91063935610767,4393158
2020-04-16,60.043582916259766,61.48697583732278,59.59590325334453,61.31716721105956,3750040
2020-04-17,62.1430549621582,63.717661596052224,61.92693017737013,62.13533342015544,5050094
2020-04-20,62.4749641418457,63.02299117455441,60.56845510796992,62.86089756781947,3084394
2020-04-21,59.8506088256836,61.88834475305854,59.26399371664924,61.803433917770136,3996863
2020-04-22,60.98527145385742,61.17823819789624,59.90465376767453,60.444965877070594,3097003
2020-04-23,61.880619049072266,62.16621157465215,60.35232210577918,61.20909314991152,2988385
2020-04-24,60.545291900634766,62.05043082834429,60.44495104748283,60.90035219038177,3140125
2020-04-27,63.10017776489258,63.12332932728391,61.62590534702766,61.90378288919472,2986222
2020-04-28,65.51612091064453,66.07186947791062,63.02299023221894,63.100179529302814,4841475
2020-04-29,67.81629943847656,68.13275860919629,65.21509951668443,65.53156522001301,3826607
2020-04-30,65.36174774169922,68.68849794835674,65.03756053856917,68.54184089942534,5075612
2020-05-04,62.36690139770508,63.80257922189964,61.91150021884048,63.60189096713864,4191461
2020-05-05,64.45094299316406,64.55900539015845,62.76055235291127,63.60188690187192,3006825
2020-05-06,63.65591812133789,64.72881401669598,63.37032557670261,64.52812577469633,2208883
2020-05-07,65.0761489868164,65.0761489868164,62.90720576039027,63.09245090695391,2866749
2020-05-08,68.17906188964844,69.56070186793654,66.45779817398466,67.54613060289826,5058187
2020-05-11,68.02469635009766,69.56070852599251,67.39948001309953,68.99724493470414,3054212
2020-05-12,67.81629943847656,68.19451136069421,66.92092700371433,67.52298530092695,2542741
2020-05-13,66.45780181884766,67.3145729525676,65.81714895475828,66.78198248959748,3093092
2020-05-14,64.9526596069336,66.32658472138645,63.48611517186761,65.60874905728897,3594252
2020-05-15,66.48866271972656,67.1601885658421,65.40804543949592,65.57013901142153,3481963
2020-05-18,70.5255355834961,70.69535071905031,67.862596471088,68.12503091773618,4371769
2020-05-19,71.66018676757812,72.01524707062902,69.49895837707821,71.96121587092094,4382536
2020-05-20,72.8102798461914,73.16533365498726,70.79570175219243,71.2896976128232,2619015
2020-05-21,72.3162841796875,73.27339626277248,71.62160004908245,72.09243781356989,1705791
2020-05-22,72.24681091308594,72.89517879933223,70.95779015075605,71.16619341427007,1961577
2020-05-25,74.08385467529297,74.12244932523654,72.14646596116569,72.91833282960378,1667505
2020-05-26,75.95176696777344,76.24507451518824,74.62415166334435,75.25708947847325,3029460
2020-05-27,76.39945983886719,77.94319353584953,75.76652850049577,76.15246192474136,2897184
2020-05-28,76.48435974121094,76.92432434211602,75.79739724040799,76.81626194433474,2756926
2020-05-29,76.05210876464844,76.98606914833535,75.35743126672045,75.6275807236446,4172059
2020-06-02,78.74593353271484,78.83855938371377,77.34113534509834,77.4955074083578,3777888
2020-06-03,81.03064727783203,81.21589894851941,78.69961057203297,79.27078906933713,3762959
2020-06-04,80.76821899414062,81.77164711091561,80.04266187191094,80.58297384197961,3746143
2020-06-05,83.77850341796875,84.10269060029438,81.40115034540347,81.74077407937209,4336595
2020-06-08,83.45431518554688,84.47318637463242,82.0649536964761,82.82138391311027,2595856
2020-06-09,82.54352569580078,83.90201429220627,81.54009743548642,83.36170877745501,3167800
2020-06-10,81.30853271484375,83.85570117795314,80.90716273376603,83.05295468318947,2747212
2020-06-11,76.49980926513672,78.94663058445744,76.49980926513672,78.94663058445744,4588899
2020-06-12,76.07527160644531,78.14387421004668,75.25709510975787,75.7433693886546,3438011
2020-06-15,75.218505859375,76.01352431753811,73.1807696826273,73.45864725168963,2549338
2020-06-16,78.2210693359375,79.10099864220452,76.29911710748934,77.06326899245113,4182503
2020-06-17,79.02378845214844,79.98090680804057,77.88142496460996,78.23648521058952,2628852
2020-06-18,79.23992919921875,80.70648012870544,78.3445633950148,78.57612475573461,2717170
2020-06-19,80.13529205322266,80.96891161460242,79.33255212938131,79.4869241866419,7364472
2020-06-22,79.19361877441406,80.36685558709478,78.68418639879931,79.48692634443222,2060543
2020-06-23,80.27422332763672,81.29308799751433,79.1009866086338,79.56410928861727,2302661
2020-06-24,78.15930938720703,80.53666260378444,78.12843628205084,80.08898298119588,1623987
2020-06-25,78.8231201171875,79.39429869136728,76.99379391912538,77.88143815176646,1956973
2020-06-26,78.60699462890625,80.86084886605877,78.60699462890625,79.73392174748251,1802675
2020-06-29,80.04267120361328,80.87629081704348,78.19019333560352,78.19019333560352,2296350
2020-06-30,80.86085510253906,81.09241647159479,79.64130204290336,80.19705063515879,1979325
2020-07-01,80.27422332763672,81.23134179090724,79.30167484532198,79.78022754434969,1565812
2020-07-02,82.25020599365234,82.94488347707465,80.6447197070877,81.09240583287682,2115100
2020-07-03,81.84884643554688,82.45090468593989,81.37028714593684,82.20390676437395,1005248
2020-07-06,83.31539154052734,83.96376598924375,82.68246017806375,83.20732913240793,1601229
2020-07-07,83.45431518554688,83.74762926089578,82.62070221166888,82.85226354861527,1242921
2020-07-08,81.66358184814453,83.85568968945655,81.66358184814453,82.8059454220621,1933333
2020-07-09,81.60184478759766,83.1301419077684,81.32397377167717,82.26564922176506,1780768
2020-07-10,83.36170196533203,83.70131918722431,81.1387208074162,81.3702821612751,1993401
2020-07-13,84.28793334960938,84.8282387721407,83.42344075399485,84.1335613049729,1588754
2020-07-14,84.7665023803711,84.7665023803711,82.77508252294,83.13014283953278,1965870
2020-07-15,86.44916534423828,87.37541071768518,84.67387042194194,84.88999521342724,2596123
2020-07-16,86.64985656738281,87.11297273744466,84.6121271278086,85.67730150481954,1950904
2020-07-17,86.55723571777344,86.92773259477856,85.8162419637632,86.23304850066586,2129654
2020-07-20,87.96202850341797,88.17815330149791,85.75449046339976,86.29479592599176,1617054
2020-07-21,89.18158721923828,90.3856971735029,88.5949655291453,88.76477414853167,2899641
2020-07-22,88.76477813720703,89.44402571049129,88.11641020460556,88.87284054807537,1736806
2020-07-23,88.68759155273438,89.2433336046032,87.96203434854364,88.54865603976717,1590101
2020-07-24,87.05123138427734,87.94659720214423,86.86598621243961,87.73047239116,1441638
2020-07-27,87.45259857177734,88.00834713474315,86.0941100688263,86.37198761661321,1150889
2020-07-28,88.0237808227539,88.36339803798268,86.91229026560417,87.46803227787512,1188596
2020-07-29,88.42515563964844,88.67215355481261,87.71503500039942,87.99290602180706,1517156
2020-07-30,84.78194427490234,88.30166149138786,83.63958048820164,88.2707883834629,2772811
2020-07-31,83.60869598388672,85.5692360590164,83.4697604845536,84.45774553174381,2272527
2020-08-03,86.44916534423828,87.08209663421009,83.67044228911291,83.67044228911291,2031742
2020-08-04,85.33768463134766,87.79222731417828,85.30681152404372,87.05123354323351,1750295
2020-08-05,86.4954833984375,86.86598024928743,85.38399284588769,85.50749179617101,1585424
2020-08-06,87.90028381347656,90.46288219960678,86.77335667916225,88.76476995552419,3184326
2020-08-07,89.49032592773438,90.46288099029675,87.91571919083135,87.992901952871,2135746
2020-08-10,89.3359603881836,90.29307896816069,89.19702487376891,89.7373303778936,1357205
2020-08-11,90.64813232421876,91.3582529789842,89.84539234869908,89.84539234869908,2139188
2020-08-12,91.3736801147461,91.71330385366548,89.89169927673207,90.16957027557172,1617544
2020-08-13,90.64813232421876,91.92943812001003,90.60182266384165,91.23475401870364,1456391
2020-08-14,89.70645141601562,90.77163233381889,89.18158249968123,90.3085096275907,1182140
2020-08-17,89.86082458496094,90.70988071267467,89.45945461648418,89.45945461648418,1115913
2020-08-18,90.04608154296875,91.06494634270062,89.35139743445606,89.62926846481778,1340550
2020-08-19,91.0958251953125,91.14213485909072,89.59840100851112,89.82996239261982,1051550
2020-08-20,89.81451416015625,90.18501102003565,89.11983009815442,90.06151206674251,1180130
2020-08-21,89.49032592773438,90.5555068373522,88.2553364090215,90.01519484003538,1805704
2020-08-24,92.06836700439452,92.06836700439452,89.99975793549217,89.99975793549217,1788462
2020-08-25,91.57437133789062,92.67041881709224,91.48174549105696,92.2227392005106,1514309
2020-08-26,92.70130157470705,92.73217468048811,91.00318930023312,91.54350131444286,1212947
2020-08-27,92.0066146850586,93.13354180507577,91.8213695234294,92.62410944483568,1432421
2020-08-28,91.25018310546876,92.71673395537388,91.09581105090184,92.28448436345718,1767878
2020-08-31,89.27420806884766,91.85224298489462,89.243328431283,91.43543647015474,2171010
2020-09-01,90.20044708251952,90.87968805563712,88.84195860367643,90.1541374250142,1841859
2020-09-02,91.9448699951172,92.56236476510068,90.44744599448325,90.66357079712944,2442330
2020-09-03,90.18502044677734,92.8711180622158,89.53665250736866,92.2381866770063,2508073
2020-09-04,89.30508422851562,91.28106753506349,88.36340223426086,89.58295524784688,2272133
2020-09-07,90.50919342041016,90.81794407585136,89.30508350223123,89.53664486066012,1164362
2020-09-08,89.10440063476562,90.55551508456335,88.39428649628901,90.52463544432732,1974357
2020-09-09,91.18844604492188,91.34281811497576,89.24333575137433,89.24333575137433,1582639
2020-09-10,90.7870635986328,92.06836270978896,90.1078161313785,91.43543143002464,1514690
2020-09-11,90.4320068359375,90.98774884660448,89.82994863597641,90.98774884660448,1535221
2020-09-14,90.18502044677734,91.51262943399308,89.96889562277157,91.08038631859016,1303755
2020-09-15,90.2313232421875,90.58638355957213,89.49032950136952,90.1078242853845,1939759
2020-09-16,91.60525512695312,91.60525512695312,89.90714924418693,90.20045683866078,1786692
2020-09-17,91.88311767578124,92.11467903216952,90.24675816092652,90.70988087370309,1630107
2020-09-18,90.80250549316406,92.34623913803716,90.80250549316406,91.82137022138896,6219007
2020-09-21,86.57266998291016,91.06494204813598,85.87799243976642,90.80250758376964,3664916
2020-09-22,87.23646545410156,88.11639460671651,86.60353418757528,86.68072347670577,2373557
2020-09-23,86.71159362792969,89.32050789436619,86.61897432325446,89.24331860786299,1973003
2020-09-24,87.60697937011719,88.02379246706676,85.4457507116186,85.67731209156644,2274517
2020-09-25,86.2021713256836,87.85396737464542,84.62756457218292,87.79222116436287,3059301
2020-09-28,94.15235900878906,94.70035330490846,89.04915804329758,89.90539994756006,5926041
2020-09-29,93.02212524414062,94.94010538958264,93.02212524414062,94.06674147193732,1992445
2020-09-30,92.37137603759766,93.3132473762927,92.302881648735,92.5083778805378,1864002
2020-10-01,91.3267822265625,93.15913973184196,91.25828129320792,92.98788739845548,1610917
2020-10-02,90.65890502929688,91.08702605017444,89.92253635077877,90.0937886786948,1568290
2020-10-05,91.89187622070312,92.16587335479804,90.69313630931022,90.9328829850674,1264709
2020-10-06,93.26187896728516,93.79275136981155,91.3781491420504,92.26864162405845,1436010
2020-10-07,93.53588104248048,93.70713337447988,92.71388944670888,93.05638757809918,1516412
2020-10-08,94.90585327148438,95.04285511721488,93.19336939549852,93.77561417463802,1727902
2020-10-09,95.52235412597656,95.69360644320432,94.51198831846064,95.04286070295475,1466245
2020-10-12,96.2758560180664,96.58410367171338,94.88874157665504,95.33398455825164,1258860
2020-10-13,95.24835205078124,96.66971681391092,94.56336241493472,96.48134254095564,1315754
2020-10-14,96.24160766601562,96.56697729307204,95.38536561655394,95.40248758319548,977599
2020-10-15,93.62150573730467,95.19699455886554,92.40564355353392,95.19699455886554,2003757
2020-10-16,95.00860595703124,95.1969802311869,93.279000092944,93.6386201440006,1741530
2020-10-19,94.58049774169922,96.29298187216476,93.92975194299191,95.12849214083953,1041721
2020-10-20,94.82022857666016,95.35110091983454,93.46737130520243,93.8441133085644,1305059
2020-10-21,93.05638122558594,95.4709834147718,92.79950601142674,95.36823202258653,1419356
2020-10-22,93.34750366210938,93.62150085165504,91.65214809323568,92.62826348928012,1671311
2020-10-23,93.89549255371094,94.40923640176574,92.49124978787025,92.76524694233996,1172258
2020-10-26,92.06314086914062,93.92974876958934,92.06314086914062,93.69000204464132,1680455
2020-10-27,91.2068862915039,92.28575293802952,90.55614713686964,92.26863097400542,2029173
2020-10-28,85.70983123779297,89.2546729402938,84.92209008892804,88.98067573492301,3466579
2020-10-29,86.17219543457031,86.95993651659138,84.49396187750483,85.53001392654285,2584169
2020-10-30,86.22355651855469,86.85718022657393,84.3398269559321,84.44257833543428,1876105
2020-11-02,88.53541564941406,89.11766041510103,85.9324394341434,86.92567666231092,1512346
2020-11-03,91.00138854980467,91.08701143371889,88.92928470908741,89.40877808509278,1834515
2020-11-04,92.0117645263672,92.79950559845804,88.82654324148639,90.07665577744136,2496522
2020-11-05,94.25511932373048,94.68324031644444,92.08026389683064,92.45701246085343,2068549
2020-11-06,93.02212524414062,94.01536904519574,91.68638988799805,93.70712141953088,1919822
2020-11-09,99.7350616455078,102.14966359689816,94.20373309751989,94.9401016708084,5067031
2020-11-10,101.37905883789062,102.02980461739124,99.27270420349984,99.73507568899171,3116139
2020-11-11,100.62555694580078,102.08117226507844,100.07756258851754,101.20780176699024,1996993
2020-11-12,97.37184143066406,98.8103282541171,95.7792307856765,97.30334050273582,2705730
2020-11-13,96.7895965576172,98.72470530862088,96.56697180827142,96.84096898723236,2357957
2020-11-16,96.15597534179688,97.45746025505149,95.8305992140274,96.96083834721958,2001236
2020-11-17,95.55661010742188,96.24160635067268,94.82024143234015,95.659361503692,1488801
2020-11-18,95.14561462402344,95.91622720791764,94.8373669774225,95.17986508838,1474471
2020-11-19,94.015380859375,94.64899815503776,93.24476169837516,93.3303845979066,1947597
2020-11-20,93.8270034790039,94.8031188733394,93.6900016181668,93.89550440942249,2058118
2020-11-23,95.62510681152344,96.34434695579802,94.35786577730552,94.4434952033832,1612584
2020-11-24,96.22447204589844,97.01221963789015,95.88198047754578,96.68684350230404,1757078
2020-11-25,96.20735931396484,96.80672614871378,95.282616312402,96.54985744779648,1833896
2020-11-26,95.35111236572266,96.7210982983262,95.35111236572266,96.58410297136996,1014847
2020-11-27,96.4813461303711,96.70397087329218,95.12848224027748,95.2141051313678,1791715
2020-11-30,95.89910125732422,97.18346422059194,95.71072697749436,95.89910125732422,3256693
2020-12-01,96.70397186279295,97.114964357275,95.89910230657114,96.3957242256275,1625653
2020-12-02,96.68684387207033,97.11496486675637,95.659356097867,96.58409901421476,1485634
2020-12-03,95.8306121826172,96.87522856714426,95.8306121826172,96.46423602633244,1260431
2020-12-04,97.01222229003906,97.01222229003906,95.7621032074656,95.9333555289316,1553655
2020-12-07,96.25872039794922,97.1149623652662,95.88197837450303,95.9847232297121,1219677
2020-12-08,97.95408630371094,98.0739596613436,96.34434715960126,96.41284808756508,1392978
2020-12-09,97.52596282958984,99.5124439619073,97.50883433172925,98.45070573582586,1632374
2020-12-10,97.20059204101562,98.29658732308296,96.73822709508175,97.7485929483534,1272752
2020-12-11,96.4813461303711,97.20058625465911,95.3511069831986,96.8752166554728,1658102
2020-12-14,96.49847412109376,98.5363343323734,96.46423018860564,97.64584183769284,1940592
2020-12-15,98.19383239746094,98.19383239746094,96.22447319291828,96.41284747732244,1459377
2020-12-16,99.03295135498048,99.68369056164188,97.66295894965388,98.77607614582976,1847903
2020-12-17,99.83781433105467,100.33443625110868,99.3411924110007,99.83781433105467,2012092
2020-12-18,100.88243103027344,101.53317677199574,99.59806804489432,99.75219186444414,6241979
2020-12-21,97.32046508789062,99.3925690798432,95.59085265659206,99.32406815466928,2922669
2020-12-22,97.9027099609375,98.33083097325424,97.28622119059231,97.97121089073416,1390621
2020-12-23,100.18031311035156,100.18031311035156,98.14245952018756,98.3479557692324,1149343
2020-12-28,102.1496810913086,102.23530399139062,101.31056099224416,101.3790619253532,1067229
2020-12-29,100.52281188964844,102.5264150296739,100.31731563922204,102.23529588595385,902680
2020-12-30,100.62555694580078,101.31055315870886,100.26593687369768,100.31731583586098,796354
2021-01-04,100.71118927001952,102.13254763368514,99.90631967658214,101.79004951737508,1257386
2021-01-05,100.50567626953124,101.12217150973323,99.5809399418358,99.76930768069082,1355886
2021-01-06,104.35877227783205,104.54714656245288,100.43718889503096,100.76255850226188,2048105
2021-01-07,106.43087768554688,106.43087768554688,104.37589568575092,104.59852042331914,2215688
2021-01-08,106.17401885986328,107.2700076867477,105.90002165314218,106.68776280588926,1823416
2021-01-11,106.15689086914062,106.56788338959832,104.34165539472892,105.31777079657634,1565979
2021-01-12,106.20825958251952,107.4926225960467,106.20825958251952,106.60213012275489,1567127
2021-01-13,105.16363525390624,106.39662574315116,104.9923894782256,106.10550008536497,1583183
2021-01-14,104.7526397705078,105.38626353357805,104.54714352625662,105.30064064285736,1682173
2021-01-15,102.5606689453125,104.35877589542896,101.7729278483256,103.70803665840928,2425856
2021-01-18,102.6120376586914,102.6120376586914,101.4304260560228,101.60167837477708,1099972
2021-01-19,103.79364776611328,103.98202203586932,102.98877826174024,103.43402772345586,1209636
2021-01-20,104.76976776123048,105.19788874537,103.02303336202831,103.81077440501916,1531142
2021-01-21,106.00276184082033,106.3623819117316,105.09514088183391,105.18076377501164,1453490
2021-01-22,113.70893096923828,113.7431748977594,109.75308436647624,110.19833382854084,4955875
2021-01-25,109.9072265625,114.10280724787702,109.9072265625,113.64044230428853,2658503
2021-01-26,111.87657928466795,112.83556611318896,109.75308978549198,110.09559441368924,1900490
2021-01-27,110.74634552001952,113.79456518011976,110.33535298719694,112.25333991573078,2530253
2021-01-28,111.07170867919922,111.362827811475,108.4344818607361,110.1983382171564,2244105
2021-01-29,109.54759979248048,111.5683313654004,109.47909886701692,110.112722628643,2807827
2021-02-01,111.7738265991211,111.80808359615324,110.09559957060068,110.55796450880472,1733656
2021-02-02,114.37680053710938,114.37680053710938,112.09919382863023,112.33894052792118,2161274
2021-02-03,116.44891357421876,117.75040509007351,115.40429727487978,116.60303086499847,2362713
2021-02-04,119.66553497314452,119.66553497314452,116.62467463758615,117.66173601365168,2310690
2021-02-05,117.15200805664062,118.9976054964603,116.09737903241002,118.98003795679698,2231960
2021-02-08,116.37860107421876,117.74962007481342,115.83371234586316,117.50354042908285,1496347
2021-02-09,115.288818359375,116.29073137255511,114.8845503743749,116.00948980878474,1163784
2021-02-10,117.23988342285156,118.20663449662352,114.42753494960864,115.99190420692298,2145914
2021-02-11,116.25556182861328,117.15200249127446,115.55247137574834,117.0992730541182,1323749
2021-02-12,117.78478240966795,117.78478240966795,115.587633128688,115.9391716495108,1432898
2021-02-15,115.93917083740234,118.45271013365048,115.58763231904192,118.45271013365048,1354930
2021-02-16,114.56815338134766,116.16767109482356,114.56815338134766,115.5700529235107,1404920
2021-02-17,114.93727111816406,116.13252085307684,114.60330013904093,114.83181224489776,1528344
2021-02-18,113.86507415771484,116.3434652440704,113.63657543620104,115.21852576681772,1485809
2021-02-19,116.43133544921876,116.64226661607742,114.04083586616257,114.07599776580672,1588249
2021-02-22,115.5700454711914,115.74581472140014,113.91778501649404,115.34154678695346,1179763
2021-02-23,113.91779327392578,115.8688629364364,111.4921452604179,115.8688629364364,1597328
2021-02-24,115.06031036376952,115.37670039231767,113.742020813208,113.98810045648604,1358197
2021-02-25,114.40995025634766,115.86886058890772,114.40995025634766,115.5524705578746,1096126
2021-02-26,112.47647094726562,114.77908584864056,112.1249257150085,113.51352569458196,2204650
2021-03-01,115.02516174316406,115.72823877438192,113.56625142375094,113.60139991117792,1395711
2021-03-02,114.14630126953124,115.6579410149985,114.14630126953124,114.42752939804382,1043159
2021-03-03,116.9937973022461,116.99379730224608,114.46269052141308,114.62087882819375,2005222
2021-03-04,115.5700454711914,115.99189435375922,114.25175597912458,115.8337060516716,1610789
2021-03-05,113.47836303710938,114.70877469436824,112.7225431396176,114.56815392033836,1673336
2021-03-08,118.22421264648438,118.57575116843896,113.95295389409468,114.2517629787896,2075605
2021-03-09,118.73396301269533,119.08550156461877,116.46650314488144,117.50355126029092,2036245
2021-03-10,118.96245574951172,119.24368389484437,117.25746569669631,118.13632544265596,1264510
2021-03-11,120.14012145996094,120.43893054732024,119.0503439859835,119.20853229917309,1344366
2021-03-12,118.98004150390624,119.27885061111834,118.24178909563352,119.1030813368957,1192564
2021-03-15,118.47029113769533,119.5600685913197,117.6265799187696,118.43512923964202,1094652
2021-03-16,119.01516723632812,119.1557879929509,118.0132678134744,118.96243780517796,1196364
2021-03-17,119.5073471069336,119.5952384475805,117.76720852687822,118.68121678206148,1750611
2021-03-18,123.9016342163086,124.20045670004968,119.57764619000956,119.700686009079,3033584
2021-03-19,121.07171630859376,123.07551549847594,119.94677688305764,123.04036700844982,5082220
2021-03-22,119.31399536132812,120.96625598996177,118.71637716563929,119.7885871382204,1455590
2021-03-23,119.5073471069336,120.66744843386104,118.4527180708496,118.94487739366642,1138599
2021-03-24,119.13822174072266,119.64796198860331,117.9078234943453,118.68121093049602,1287803
2021-03-25,119.0503387451172,119.4546066901394,116.95864840501288,118.64605738976044,1094737
2021-03-26,120.73775482177734,121.19475222905132,119.82373318655873,119.94677301318409,1068697
2021-03-29,121.14202117919922,121.59903199072969,120.4389307176912,121.26506100418798,880061
2021-03-30,123.98954010009766,124.72777910115428,122.3724413138776,122.72397986380854,1522089
2021-03-31,123.04035949707033,124.30591962612232,123.02277854796266,123.76103089679964,1798425
2021-04-01,123.74346160888672,124.49928156772248,122.60094119525084,123.040371092008,1483387
2021-04-06,124.1301727294922,125.20238284253554,123.09311111066158,123.47981159868868,1229809
2021-04-07,123.07551574707033,124.3762378563715,122.74155815497257,124.09499629425152,1035626
2021-04-08,123.42706298828124,124.16530194516255,122.79428290800148,123.30402316213436,1254714
2021-04-09,123.39190673828124,123.44464958933196,122.56578981652272,123.04036819329193,1385885
2021-04-12,122.40758514404295,123.47979511394465,122.40758514404295,123.33917433519198,984012
2021-04-13,122.51303100585938,122.88216386344838,121.4056726640948,122.28453232241613,1260062
2021-04-14,121.95057678222656,122.65366727985987,121.22991874464591,122.65366727985987,1080164
2021-04-15,123.04035949707033,123.216128757142,122.1263512984966,122.33726904644864,1455715
2021-04-16,128.2783660888672,128.2783660888672,122.74154736688236,122.8645871869116,2904105
2021-04-19,126.38002014160156,128.04984810968713,126.01090069845635,128.04984810968713,1460420
2021-04-20,123.28643035888672,126.81944989903464,123.1809714924248,126.09877855065427,1428595
2021-04-21,124.0949935913086,124.5695853644649,122.54820526434706,123.47979445049069,1327383
2021-04-22,125.20235443115234,125.5538929348569,123.77859264737997,124.14771209937004,1053731
2021-04-23,125.62419891357422,125.62419891357422,123.84889868833514,124.23559907505393,1312494
2021-04-26,125.21993255615234,125.9230230333404,124.86839402272604,125.3957018228655,758474
2021-04-27,124.9386978149414,126.13394753995348,123.86648791116582,125.29023632980712,826484
2021-04-28,124.23561096191406,125.62421093329556,124.0071122616874,125.39569882273378,1248098
2021-04-29,122.51303100585938,124.46410052015946,121.84510249325548,124.07740012484462,1031409
2021-04-30,122.0033187866211,123.42706731195716,122.0033187866211,122.77670625934977,1263687
2021-05-03,123.77860260009766,124.42896363561267,122.477893939403,122.477893939403,837023
2021-05-04,119.6128158569336,124.0774115305146,119.20853447639568,124.02468209182167,1709902
2021-05-05,123.04035949707033,123.12825083227362,120.2631595927989,120.54440113718157,1134754
2021-05-06,123.16339874267578,124.6574575617823,121.8802576705324,122.97004853440302,1263904
2021-05-07,126.8018798828125,127.61042921950512,123.63797951285434,123.63797951285434,1820935
2021-05-10,126.38002014160156,127.54010790429594,125.48357954520093,127.43464903777844,1266674
2021-05-11,122.8118667602539,125.55390489938522,121.31779445129769,125.13205597267324,1587279
2021-05-12,122.3899917602539,123.37432370118646,121.8275221127214,123.04035273816164,1096942
2021-05-13,123.32160949707033,123.9543761946474,119.56007733988297,121.2826483914984,992127
2021-05-14,126.9776611328125,127.08313342865829,123.69073403796362,125.1672120764406,1309950
2021-05-17,124.28834533691406,127.4346648790297,123.81376696825708,126.22183412197704,1287079
2021-05-18,122.1790771484375,125.30781548099586,122.1790771484375,124.99142545802172,1454977
2021-05-19,117.48595428466795,121.54629508034046,116.41375782444676,121.01897391404502,2177508
2021-05-20,118.52301025390624,118.681198550367,116.4840494750761,118.38238949460754,1505512
2021-05-21,119.4018783569336,119.71826838264028,118.73394981836822,118.89213812605423,1606481
2021-05-25,118.98004150390624,121.12446151629617,118.98004150390624,121.07171866472696,1447134
2021-05-26,118.38240051269533,119.57765025731122,117.92538970760646,119.17338229961854,1207961
2021-05-27,114.26934814453124,119.401885852335,114.26934814453124,117.94297545275312,8044888
2021-05-28,118.55817413330078,119.03276590497607,116.97623732194435,116.97623732194435,1859774
2021-05-31,116.57196044921876,118.36482849627866,116.51923100817817,118.0132899491174,832411
2021-06-01,118.68121337890624,119.89404411130988,117.2926267909201,117.2926267909201,1274211
2021-06-02,119.85890197753906,119.92921236970136,118.13633089540286,118.39999151342748,1173747
2021-06-03,119.31399536132812,119.80616808819232,117.9429762909026,119.4721970904041,941862
2021-06-04,119.5249252319336,119.82373432653291,118.066014837828,119.33157501534922,930921
2021-06-07,119.56006622314452,119.99949606776264,119.01517750712516,119.5073367874439,983397
2021-06-08,119.4721908569336,120.298321128147,119.13821987657032,119.87645881284554,1108397
2021-06-09,119.5249252319336,120.52682480408195,118.4878771705587,120.05224644267923,1174869
2021-06-10,118.73396301269533,120.03467174721548,118.52303183533957,119.78859207880184,1029357
2021-06-11,120.15770721435548,120.1928557041359,118.20663747831772,118.90972796694732,1035025
2021-06-14,119.29642486572266,121.49357419602326,119.17338503963924,120.40378330047346,935042
2021-06-15,121.80996704101562,122.02088479896688,119.92920770738196,120.22801680470327,1300113
2021-06-16,120.21043395996094,122.37243481723212,119.99950279499888,122.35485386756812,1381080
2021-06-17,120.75531768798828,122.07360724095903,119.4018796474856,119.66554024014673,1428128
2021-06-18,117.5035400390625,121.38809833129868,117.0641101859543,120.5268195741004,3093145
2021-06-21,119.96435546875,120.45651478142966,116.53680781949134,117.16958791017532,1243844
2021-06-22,120.14012145996094,120.4740924460302,118.85699377408392,119.82373142324666,862509
2021-06-23,120.28075408935548,120.7377649452838,119.015193817761,120.63229264909327,1357266
2021-06-24,118.85700225830078,121.28265043936712,118.048452864612,121.15961060576964,2441481
2021-06-25,120.33346557617188,120.61470711026456,117.96054712618638,118.94486567484182,1286292
2021-06-28,117.94297790527344,121.5990377500084,117.87266751475904,120.40378793193489,1164753
2021-06-29,118.29452514648438,119.1206420288712,117.94297320791368,118.1011749328543,1254595
2021-06-30,117.43323516845705,119.2788460023226,116.3786061535348,118.1539065983608,1636719
2021-07-01,117.89025115966795,119.29643218142677,116.41377315612372,118.52303127842582,1157790
2021-07-02,117.64417266845705,118.75153118218508,117.39809299873968,118.01329217303304,946291
2021-07-05,117.5035400390625,117.97813179020687,116.55436994710864,117.64416081053749,588551
2021-07-06,116.20284271240234,117.45082200717196,115.51733314781532,117.13443194579826,1359616
2021-07-07,117.7496337890625,117.7496337890625,116.2555747915901,116.5192354171056,1059013
2021-07-08,115.14820861816406,117.04653549320464,113.93537786745117,117.04653549320464,2073649
2021-07-09,116.74772644042967,116.74772644042967,114.76150822517296,115.85129914727084,1253215
2021-07-12,117.36292266845705,117.76720404557892,115.55247376684282,116.55437332454852,931422
2021-07-13,118.38240051269533,118.75151998245884,117.09927284308904,117.45081136372048,1090004
2021-07-14,117.38050079345705,118.08359124395236,116.9586518872938,117.38050079345705,696102
2021-07-15,114.4626922607422,116.76530038554772,114.18145071952344,116.71257094915292,1322169
2021-07-16,113.72444152832033,114.88454278674972,112.63466406652478,114.04083156149788,1500052
2021-07-19,110.806640625,112.93347964407616,109.82231527572038,112.4940497621926,2075326
2021-07-20,111.65033721923828,112.6698109857074,110.71874808183536,111.73822184830448,1235949
2021-07-21,114.5154266357422,114.99000499409703,111.89642166411804,112.66981582032088,1312139
2021-07-22,117.76720428466795,118.55817268065476,115.41186663593555,115.46459607428996,1486985
2021-07-23,118.25936889648438,118.94487844652365,117.73206107894272,118.3296792875571,1103431
2021-07-26,118.1363296508789,118.27695043372212,117.0465386993479,117.20474043263052,697210
2021-07-27,117.08170318603516,117.5035521335456,115.130633364587,117.2926343649585,1011298
2021-07-28,117.09927368164062,117.45081220478946,116.00948280334316,116.97623385750502,965513
2021-07-29,117.0465316772461,117.837513475533,116.69499315156423,117.5387043876699,843548
2021-07-30,115.6403579711914,116.74771633708752,115.1306177490167,116.00947742649012,1549953
2021-08-02,118.73396301269533,119.19096044812858,116.46650314488144,116.64227242084316,1393762
2021-08-03,118.52301025390624,118.87454874181932,118.10116138634385,118.80423836216995,831225
2021-08-04,121.10688018798828,121.4759996858052,118.82183939921389,119.19095889703078,1448707
2021-08-05,124.25320434570312,126.55581275875616,122.16151370463268,122.16151370463268,1733228
2021-08-06,123.30400848388672,124.92110698084034,121.95055714705208,124.81564811679274,1132432
2021-08-09,121.8275375366211,124.07741641159568,121.37054010974782,123.2864479794154,695242
2021-08-10,122.33728790283205,122.72398838079457,121.14203797564656,121.77481813770576,637083
2021-08-11,124.49927520751952,124.49927520751952,121.9154254009328,122.53062454289736,780929
2021-08-12,125.32540893554688,126.20426870813742,123.76103961316257,124.74535826715648,1173231
2021-08-13,124.90353393554688,125.88786590015609,124.32349673625474,124.97384431947144,893991
2021-08-16,124.55201721191406,124.74536744894225,123.21614650435664,123.67315737463572,865149
2021-08-17,125.32540893554688,126.01091848534062,123.7961881035184,124.2707664801695,795439
2021-08-18,125.29024505615234,125.67694549563878,124.39380434737338,125.32540695628876,872901
2021-08-19,121.89784240722656,124.16530212987976,121.45841254028608,123.40948222232868,1235186
2021-08-20,121.79237365722656,121.96814290768675,120.54439454552468,121.30021439180432,1115231
2021-08-23,122.6712417602539,123.32160278307236,121.6341803136156,123.04036123471784,717459
2021-08-24,123.16339874267578,123.6731389817281,122.67123945264868,123.42705933671456,743225
2021-08-25,122.10875701904295,123.21611530590816,121.7747860741312,123.12823739063322,658822
2021-08-26,122.21424865722656,122.47790929442748,120.8608103880896,121.44084769752712,900518
2021-08-27,123.6379852294922,123.6379852294922,121.22991805744344,122.03846743152086,810178
2021-08-30,124.28834533691406,124.42896611664044,123.1458249697246,123.44464747922709,576943
2021-08-31,123.77860260009766,126.06364328891443,122.68882510478674,124.63989480099644,1935027
2021-09-01,122.37242889404295,124.16529677326658,121.0541393500938,123.5325167193442,1185320
2021-09-02,124.55201721191406,124.72778649730236,122.3021381741354,123.04037721896836,949822
2021-09-03,125.30784606933594,126.99525546699246,123.90166486611992,124.79810571842856,1440430
2021-09-06,129.01663208007812,129.01663208007812,125.46603068222404,125.60665148043036,1250348
2021-09-07,128.3838348388672,129.70212447361828,127.8565136208325,128.41898332857954,1212642
2021-09-08,123.88409423828124,128.03230052274932,123.14584174929298,128.03230052274932,2089428
2021-09-09,125.97575378417967,126.71399275826391,122.24939701384848,122.67124594042008,1421489
2021-09-10,128.3838348388672,129.08692532613492,126.0284837180707,126.20426639763936,1334073
2021-09-13,128.78810119628906,130.17670120332517,128.6123319292681,128.75295270701906,1372412
2021-09-14,129.93063354492188,130.47553575643803,127.96199611597063,128.3135346824729,1526494
2021-09-15,128.94630432128906,130.14155412445487,128.13775495596155,129.4736255384023,1303028
2021-09-16,131.6356201171875,132.46175047701286,129.43847061141213,129.8779005125672,1802623
2021-09-17,131.4071044921875,133.46363294656211,130.12396344532908,132.54962477028494,5281924
2021-09-20,124.7804946899414,128.963875385511,124.00710728388472,128.73536328412197,2219702
2021-09-21,128.3311004638672,128.5595991640491,126.327301368933,126.36244985729364,1434648
2021-09-22,131.4774169921875,131.63560530183807,129.45603699230955,129.45603699230955,1318859
2021-09-23,132.0574493408203,133.44604923028334,131.21375156642148,132.72539127341494,1262254
2021-09-24,130.0360870361328,131.7586445373331,130.000925138366,131.47741640687244,1098121
2021-09-27,129.4384765625,132.44417561535096,128.71781846484745,132.11021799414772,843673
2021-09-28,125.79999542236328,129.43847457904283,125.16721527247668,129.2978537878821,1480411
2021-09-29,126.04606628417967,127.41708537624548,125.5539069598828,126.78430527062498,1093244
2021-09-30,124.7277603149414,127.10067869541189,124.09498029210476,126.9600713428191,1614024
2021-10-01,121.01898193359376,123.53252129354232,120.28074298012682,122.1439213132582,2008389
2021-10-04,119.4018783569336,121.77479684456638,119.20852815176092,120.42135881869233,1157468
2021-10-05,121.15960693359376,121.44083508314895,118.27694799639048,119.4194683653598,1096523
2021-10-06,118.8042449951172,120.2104258459452,117.50353642481868,120.2104258459452,1433257
2021-10-07,121.07171630859376,121.07171630859376,119.34915868026349,120.4037877154116,1332132
2021-10-08,120.98383331298828,121.70449131620484,120.21043246143718,121.19475106498572,989993
2021-10-11,119.85890197753906,120.98384143146372,119.05035258317672,120.77291025497682,1120693
2021-10-12,119.6479721069336,119.9116327278359,117.66175379543056,117.97814385844607,899223
2021-10-13,120.29833984375,121.05415984666772,118.6636599960599,119.1382384116887,951485
2021-10-14,123.97195434570312,124.23561495310278,120.87836426690744,121.3353750923778,1147512
2021-10-15,124.14771270751952,124.14771270751952,122.24938600374774,123.0403543461248,1515476
2021-10-18,122.91732025146484,123.98953017637488,122.09118997387824,123.9192197899489,885917
2021-10-19,123.6028289794922,123.6028289794922,121.93300089595678,123.32160084589044,836644
2021-10-20,124.88597106933594,125.9054381485442,123.56768149468569,123.83132868134771,1024016
2021-10-21,121.79237365722656,123.86648299745902,121.19474211326084,123.86648299745902,1319336
2021-10-22,122.6536636352539,123.30402467304826,121.22991514234606,121.7748038919112,1290616
2021-10-25,122.1790771484375,123.2688545750882,121.30021746354652,122.91731606526562,944151
2021-10-26,124.23561096191406,124.6926217727025,122.3021222536578,122.4778915161656,924302
2021-10-27,123.65554809570312,126.0636283259186,123.25128017295434,123.65554809570312,1009471
2021-10-28,122.89974212646484,123.40948238201564,122.1087737290826,122.95247156491229,1042999
2021-10-29,123.28643035888672,123.37432168782765,119.48976365258402,121.73964220599808,1787891
2021-11-01,123.6907196044922,124.58714684739064,123.18097936678444,123.84890791429726,790979
2021-11-02,127.43465423583984,127.78619274546008,123.47978565610688,123.72586529490796,1442843
2021-11-03,126.71399688720705,127.68074801120125,126.18668906439422,127.27648002141169,1036270
2021-11-04,128.26080322265625,128.8056920152717,126.16911257693398,126.55581304021068,1185878
2021-11-05,127.94439697265624,128.1553281287682,125.7823962060971,127.4346567364702,1347564
2021-11-08,128.4541473388672,128.96388761525188,126.99523690062848,127.06554729154388,991558
2021-11-09,128.0498504638672,129.54390921178037,127.82135177876704,127.94439159541083,954116
2021-11-10,129.1572265625,129.28026638327682,127.8916664571757,128.13774609872934,936384
2021-11-11,132.84844970703125,133.95580821997953,128.04986933024963,129.8427508201692,2613160
2021-11-12,130.42279052734375,132.97149202425513,129.36816143670367,132.76056084199251,1992870
2021-11-15,131.88168334960938,131.96957468301903,127.61042470639218,128.73536404029562,1347215
2021-11-16,134.99285888671875,135.02800737510947,131.65318925552526,132.1804970433968,1346353
2021-11-17,135.99478149414062,137.59429948866543,134.67649168543164,135.36200131313333,1388998
2021-11-18,136.0826416015625,137.2251619681172,136.04749311181826,136.27599182099493,1192685
2021-11-19,136.39901733398438,137.66457739731254,135.3971178522386,136.46932771642864,2542424
2021-11-22,137.0318145751953,137.96340379149322,135.81898379379982,136.1178063093,1145768
2021-11-23,134.76434326171875,136.73299381864004,134.32491341145072,136.13536224890143,1273420
2021-11-24,133.53395080566406,136.01232829471715,132.81327938317455,134.85224041333825,1199998
2021-11-25,134.9752655029297,135.34438494353563,134.00851453205658,134.46552530104515,799414
2021-11-26,127.64559173583984,131.42467783836838,127.64559173583984,130.82705966022652,2713204
2021-11-29,127.0479507446289,130.19426994758243,126.22182051570992,129.38572066681795,1624422
2021-11-30,124.16531372070312,126.41519270381087,123.25130541269182,125.57149479031374,4683666
2021-12-01,130.0888214111328,130.37004955227,125.14962059349612,125.41328119541772,1553916
2021-12-02,129.8954620361328,130.1766901574362,127.59284057943528,128.10258079777796,1741274
2021-12-03,128.78810119628906,132.00473108308145,128.31352283429885,131.74107047738224,1780441
2021-12-06,131.2489013671875,131.53014290169332,128.12016305264967,129.98334128258017,1343273
2021-12-07,131.2489013671875,131.2489013671875,131.2489013671875,131.2489013671875,0
2021-12-08,133.23513793945312,135.95959500528042,133.16482755312833,134.7643452584288,1229100
2021-12-09,132.7253875732422,134.3600670521938,132.0047162261306,133.74485457135847,800581
2021-12-10,132.7429656982422,133.19997650578014,131.477418970986,131.5652968964473,955827
2021-12-13,132.3211212158203,134.97528140370875,131.88169134280798,132.8835909168627,1162994
2021-12-14,129.47361755371094,134.00852341780566,129.35056432168238,132.7781252008681,1105963
2021-12-15,130.56341552734375,131.21377663588098,130.0361076701816,130.52826703433436,886773
2021-12-16,131.82896423339844,133.7800339768796,131.53015513294997,133.05936253544252,1580290
2021-12-17,129.98333740234375,131.86409652462046,129.29782794536754,131.38951821222696,2836145
2021-12-20,127.15341186523438,128.04985249231655,124.0774029900776,127.34676206735668,1436804
2021-12-21,128.82325744628906,128.91113537077788,126.69641856483707,128.22562587222455,795532
2021-12-22,129.75485229492188,129.87789212288388,128.1729020708851,129.01661332714988,612214
2021-12-23,132.02232360839844,132.02232360839844,130.2118745197075,130.42279229449144,795339
2021-12-27,132.5320587158203,132.76055743298508,131.1610395921594,131.1610395921594,482423
2021-12-28,134.30735778808594,134.5182755523121,132.18050532300833,132.83086638682292,581094
2021-12-29,133.39332580566406,134.25460456718167,132.88358556426203,134.07883530712388,687999
2021-12-30,134.18429565429688,134.18429565429688,132.6550883236366,132.8660060738876,881579
2022-01-03,135.0983123779297,135.99475301501965,133.4109033853887,133.42848433405095,1046860
2022-01-04,136.59237670898438,137.82278836891288,134.81707631142672,135.62563905868535,1007543
2022-01-05,138.82469177246094,138.82469177246094,136.29357140549448,136.29357140549448,1177455
2022-01-06,135.4850311279297,137.04940051228246,135.01043932214296,136.57480870649573,1326484
2022-01-07,133.727294921875,135.4498524208852,132.9187456086183,135.01042257170212,1215325
2022-01-10,129.9657745361328,133.81517083820577,129.35056202823725,133.65698253183348,1305887
2022-01-11,132.09262084960938,132.49688881791255,130.52825159417122,130.70402085910024,1286177
2022-01-12,133.780029296875,134.76434790407603,132.93631805474897,133.58667908326976,1008710
2022-01-13,133.1472625732422,134.3249315121749,131.5828931683109,133.81519120793465,1252962
2022-01-14,128.1904754638672,132.00472331617493,127.96197677121788,131.67076575158512,1778749
2022-01-17,128.3135223388672,129.8427431177498,128.12017212279,129.29784095865253,1229918
2022-01-18,125.32540893554688,128.03228523403018,125.20236910379762,127.87409691192512,1669909
2022-01-19,126.85462188720705,127.6983332062216,123.9368142883852,124.62232386806237,1395792
2022-01-20,129.1044921875,129.36815279513206,126.29214366354104,127.2237328548835,1225529
2022-01-21,127.01280975341795,128.61232746117656,125.5363184589981,128.3135183765882,2280108
2022-01-24,120.79048919677734,127.08312838212382,120.01708830619026,125.7120958732642,2251036
2022-01-25,121.7396469116211,122.49546677459227,119.68310506378404,122.38999449371954,2152028
2022-01-26,124.1301727294922,125.58906992022528,122.60095172965886,122.86461237243527,1638047
2022-01-27,123.4797821044922,124.18287251384436,120.77289274520344,121.1244446550466,1765461
2022-01-28,121.58145904541016,123.77860850080792,120.26316937217148,122.7591279350227,1796990
2022-01-31,122.93489837646484,124.81565758656446,122.143916605095,123.0052087612756,2021418
2022-02-01,123.86649322509766,125.6242126955027,123.86649322509766,124.07741097893164,1438399
2022-02-02,123.49738311767578,125.16721137714843,123.49738311767578,124.5695931488189,1235051
2022-02-03,120.24560546875,122.8646039439006,120.12255222160344,122.67125371315092,2365611
2022-02-04,116.74772644042967,121.26506503715989,116.74772644042967,120.8432161103595,2608518
2022-02-07,119.17339324951172,119.57766124434936,117.13443209356748,117.8199416590193,1461680
2022-02-08,120.05223846435548,121.0013951240827,119.401877469035,119.85888826062056,1494552
2022-02-09,121.42326354980467,122.6712427575193,120.15770339259122,120.28074321841278,1644081
2022-02-10,127.15341186523438,131.1785908025368,127.04795299510744,130.07123243520076,3748849
2022-02-11,127.8403549194336,129.9734382793721,126.5749585378494,127.15342112063092,2551379
2022-02-14,126.08687591552734,127.33419135941266,122.07378604531782,124.69495518162502,2760118
2022-02-15,129.61187744140625,129.7926581859524,125.30956327891651,125.63494931081134,2214381
2022-02-16,128.83456420898438,131.0399568427303,128.2561016978079,129.26842143609232,1637099
2022-02-17,126.08687591552734,129.66612233241642,125.5988037544962,128.76227375954525,1826865
2022-02-18,123.23070526123048,126.24955604121836,122.27262802616173,125.97841251554536,2053589
2022-02-21,120.73609924316406,124.98418496113877,119.0187786054226,124.47803194509213,1875255
2022-02-22,119.34416961669922,120.79033297261464,115.51186016930438,116.596475790423,2664909
2022-02-23,118.8922348022461,121.73031875973058,118.56684876545523,119.21762083903694,1739253
2022-02-24,112.23992156982422,114.15608312095496,109.22106360227949,111.39030166291812,5173306
2022-02-25,117.24724578857422,117.24724578857422,111.51684186891885,113.19800087814326,3418900
2022-02-28,114.48146057128906,115.1322257343382,111.48067676744616,113.7945337429505,2992904
2022-03-01,108.87760162353516,114.2103097473533,108.87760162353516,112.98107509861497,3010657
2022-03-02,111.89645385742188,113.32452933337436,105.7864356953339,106.90720597260588,2987823
2022-03-03,109.9260711669922,113.55953956936985,109.45606602498616,112.38453361017244,1956787
2022-03-04,102.33374786376952,109.13068685079396,102.13490005237206,108.02799036636664,3624203
2022-03-07,102.83989715576172,105.38875004472634,95.73564629370372,97.5252696350617,4550094
2022-03-08,104.39452362060548,107.10606968867314,100.67066453796464,100.67066453796464,3811520
2022-03-09,115.43954467773438,115.43954467773438,107.44951944144158,108.69683492689668,4704208
2022-03-10,111.24568939208984,114.98762211334908,110.26953123111323,114.42723348853266,2759502
2022-03-11,115.0418472290039,117.42800695073076,111.31799545809376,111.84222239854805,3258566
2022-03-14,116.74108123779295,119.66954169332476,115.87338056734716,117.21107255063494,2310944
2022-03-15,116.01800537109376,116.81339654229396,112.80030660270732,115.24069503332124,2142367
2022-03-16,123.14035034179688,123.30303648581476,117.80763480225856,119.86840870963758,3115941
2022-03-17,121.6037826538086,124.80341437055608,119.70570889878752,123.19456499131375,1998509
2022-03-18,122.95955657958984,123.17648520699758,119.47070045735012,122.9414895376988,4267580
2022-03-21,120.2841796875,123.086102220309,119.2176311115936,122.56188214129745,1705760
2022-03-22,120.3926239013672,121.89301580186311,119.814161381995,120.01300916599492,1626654
2022-03-23,118.40416717529295,121.16994169806948,116.93993684950192,120.2841739274236,1620694
2022-03-24,117.60877990722656,119.05494323907357,117.06647900151069,118.47648066466188,1723026
2022-03-25,116.0360870361328,118.13300860482312,115.07800283630404,117.66300347377864,1379779
2022-03-28,116.7772445678711,119.3984139670476,116.05416287873147,116.05416287873147,1708571
2022-03-29,121.53148651123048,122.52571167732648,118.34993563812658,118.62109297129273,1730002
2022-03-30,117.51840209960938,120.73610099837076,117.21108308542598,120.2299479749659,1594768
2022-03-31,113.57762145996094,119.03686108339532,113.57762145996094,118.4583985154047,2432448
2022-04-01,114.51761627197266,114.78877361363902,113.07145987332656,114.21031105418058,1442314
2022-04-04,113.63185119628906,114.51761899459846,111.58915135573938,114.28262331510616,1484671
2022-04-05,110.26953125,113.4149274706352,109.41991134354323,112.45684324766768,1884275
2022-04-06,106.65414428710938,110.0345364209734,105.5333738542434,109.38376426775504,2246397
2022-04-07,104.8102798461914,106.65413176522388,104.43066509998933,106.63605782789789,2195972
2022-04-08,106.74451446533205,107.52182478521306,105.64181810941628,106.74451446533205,1593694
2022-04-11,105.02720642089844,107.17837054030228,104.90066816632384,105.55144027317482,1590609
2022-04-12,105.4249038696289,105.96721166958724,102.53259100597263,103.6172066058893,1916039
2022-04-13,105.0995101928711,105.42489622842564,103.63527992869292,104.23181639666473,1560221
2022-04-14,105.7502899169922,106.0395212033256,104.01490219899166,106.02144726485004,1954861
2022-04-19,105.8587646484375,106.31068900877708,103.8522193851988,104.90068031536102,1296302
2022-04-20,108.24491119384766,109.11260502978055,104.82836455991888,105.51528453681306,1666290
2022-04-21,108.24491119384766,108.24491119384766,108.24491119384766,108.24491119384766,0
2022-04-22,106.87105560302734,109.99837090431087,106.87105560302734,109.13067708336092,1660535
2022-04-25,104.82836151123048,106.38297527884524,103.74373907599484,104.7379711364311,1730463
2022-04-26,102.15296173095705,106.36489935173896,101.93604000629456,105.93104900659672,2018371
2022-04-27,102.15296173095705,102.15296173095705,102.15296173095705,102.15296173095705,0
2022-04-28,105.0814437866211,106.38298112629984,103.61720652168746,104.61143863677276,1693228
2022-04-29,106.45529174804688,107.37722122278356,105.53336916912806,105.84067439682838,1759425
2022-05-02,104.05105590820312,105.65990535297654,103.3822029625418,105.02720717971457,1628285
2022-05-03,103.54488372802734,105.4429711272127,102.17103701863994,104.15950099439414,1947417
2022-05-04,104.64759826660156,105.65991126295276,102.83990092042896,103.49067306838198,1533708
2022-05-05,105.37067413330078,108.62452779721406,104.79221156619698,107.10606183461216,1760697
2022-05-06,105.37067413330078,105.37067413330078,105.37067413330078,105.37067413330078,0
2022-05-09,100.95988464355467,103.83412343270864,100.9056559348706,102.67719834199818,1493160
2022-05-10,103.68950653076172,105.71412534746992,102.33373370875032,102.78565798275412,1684129
2022-05-11,105.56952667236328,105.56952667236328,102.29759202746456,104.08721541564672,2070082
2022-05-12,102.94835662841795,104.05105302063455,97.74218677629226,100.32719431665711,3124220
2022-05-13,102.94835662841795,102.94835662841795,102.94835662841795,102.94835662841795,0
2022-05-16,102.67720794677734,105.6779852674422,101.24912538742372,104.8283722033733,1660354
2022-05-17,105.2983627319336,106.12990179550714,103.27374378276654,103.8522063396714,1146696
2022-05-18,102.69528198242188,105.75028781457064,102.2614316136382,105.46105653398745,1429390
2022-05-19,101.64681243896484,101.64681243896484,99.18834315063688,101.32142639222629,1616561
2022-05-20,104.01490020751952,106.03951917309008,102.6048916797996,102.85797508433636,2287389
2022-05-23,105.4791259765625,106.96143708835228,104.1233531136462,105.840666785837,1164106
2022-05-24,103.2195053100586,105.15374072394788,103.00258358119908,104.30412774599093,1276077
2022-05-25,103.2195053100586,103.2195053100586,103.2195053100586,103.2195053100586,0
2022-05-26,107.12413787841795,107.44952394078648,103.96066763547144,104.1233606666557,1464625
2022-05-27,107.12413787841795,107.12413787841795,107.12413787841795,107.12413787841795,0
2022-05-30,107.12413787841795,107.12413787841795,107.12413787841795,107.12413787841795,0
2022-05-31,110.66722869873048,112.7280024761732,110.39607135082788,112.60146421937009,2383027
2022-06-01,110.79376220703124,112.077225554351,110.03452580293474,111.6976108002115,1501084
2022-06-02,110.79376220703124,110.79376220703124,110.79376220703124,110.79376220703124,0
2022-06-03,112.09529113769533,113.88491425297292,112.00490766427698,113.88491425297292,815594
2022-06-06,113.74030303955078,114.1018438540275,112.67376832536152,113.27030480780329,883888
2022-06-07,112.98107147216795,113.61376271408515,111.87837511126884,113.1076097205514,1088317
2022-06-08,112.22185516357422,113.57762818049088,111.06492306331808,113.36069953279514,1011625
2022-06-09,109.98030090332033,112.47492503773135,109.65491484683984,111.15530687347956,1409253
2022-06-10,104.03297424316406,109.56453025136342,103.9968194710535,109.18491548792892,2280235
2022-06-13,100.8695068359375,102.7314397233294,100.34527296978746,101.24912160970771,2006670
2022-06-14,98.71834564208984,101.97219923765196,98.71834564208984,101.61065841685225,1853503
2022-06-15,98.50142669677734,100.29104312188744,98.13988586574146,99.92950229085154,2012761
2022-06-16,92.4637222290039,98.41104127085126,92.3010291916392,98.1579647451324,2583866
2022-06-17,93.65679931640624,96.94680784093693,92.91564370144754,93.11448461136794,5348934
2022-06-20,93.58448791503906,94.57872002820982,92.46371754541843,94.54256525553588,1426148
2022-06-21,93.22293853759766,95.4825599039265,92.59024731335244,94.27140616156647,1530655
2022-06-22,91.77679443359376,92.78910742267507,90.2221736237188,91.36102487445804,1714545
2022-06-23,89.71601104736328,91.77678468497244,89.13754851385255,90.65601438827257,1883852
2022-06-24,92.75294494628906,93.25909795088964,89.58043445915614,89.92389444144688,1889141
2022-06-27,94.12679290771484,95.84410663153768,92.93371302831054,93.07833211469534,1508998
2022-06-28,94.12679290771484,96.29603093276384,93.90987117395522,95.12102499124885,1528030
2022-06-29,91.65025329589844,93.24102883001594,91.12601943072754,92.66255935739495,1657919
2022-06-30,87.7546615600586,89.95101404141427,87.02254636487933,89.71601835889865,3579211
2022-07-01,86.76947021484375,88.14331712575222,85.8746619840822,86.06446937267901,2296851
2022-07-04,87.9625473022461,89.03812936523651,87.14908216619527,87.73658514755518,1339281
2022-07-05,84.72676849365234,90.2221698092081,84.66349936549835,88.5771655813865,2400524
2022-07-06,86.81465911865234,87.89023424281027,85.95599882767611,86.03734878593667,1679657
2022-07-07,88.31504821777344,88.70370340190077,87.0858135375483,87.30273527646517,1461394
2022-07-08,90.240234375,91.7587001888013,87.42927177684075,88.33312031134588,1739031
2022-07-11,87.4925537109375,88.90255542458638,86.58870504407169,87.58293719846047,1562526
2022-07-12,87.4925537109375,87.4925537109375,87.4925537109375,87.4925537109375,0
2022-07-13,86.86888885498047,88.26081651618064,85.30522775438922,87.13100577453935,1723324
2022-07-14,86.6429214477539,88.3602350499777,85.48599642186501,86.57061190968157,1958580
2022-07-15,90.4752426147461,90.94524774390472,86.8236934782031,86.93215779165912,2190983
2022-07-18,91.469482421875,92.49986935148851,91.01755808798072,91.36102499506396,1618170
2022-07-19,95.60910034179688,96.29602718374596,90.02331592027606,90.13178023084193,2222614
2022-07-20,96.58526611328124,97.2179574022415,94.83179754699448,96.27795399020208,1891704
2022-07-21,96.83834075927734,97.83257286379904,95.2837200269114,96.67564773156886,1384930
2022-07-22,95.2837142944336,96.74795145571817,94.37986572727908,96.24179846477315,1569133
2022-07-25,94.36178588867188,95.77178735858934,93.4398565461744,94.14486417695,1279381
2022-07-26,92.9517822265625,94.09063333841095,92.33717182821898,93.89178555267996,1293851
2022-07-27,94.47024536132812,95.04871476492404,93.51216812578504,93.54832289449836,1095432
2022-07-28,95.8983383178711,96.35026263312574,94.79564188531891,95.17526355095436,1138536
2022-07-29,98.10372924804688,98.48334401037724,96.51295375889688,96.71180155701784,1524533
2022-08-01,96.72987365722656,98.08564655049024,96.5852614677702,97.88680565196496,1111550
2022-08-02,96.16949462890624,96.5310354563771,95.265646008138,96.2056494012351,1223930
2022-08-03,97.19987487792967,97.29025835468072,94.2533266442888,95.12102043356974,1238404
2022-08-04,98.75450134277344,99.82104298146623,97.43488319588532,97.65180493207878,961643
2022-08-05,98.1941146850586,99.56796846534525,98.10373120115447,98.62796506194329,1181279
2022-08-08,98.88103485107422,100.146424227136,98.30257231844324,99.06180180658993,891536
2022-08-09,96.27794647216795,98.73641568155593,96.04295080937156,98.17603398246892,1514535
2022-08-10,98.68218231201172,98.89910402735153,95.39217423012065,95.80794372444568,1448253
2022-08-11,99.35103607177734,100.47181329642028,96.53103286403494,98.37487793256612,2125667
2022-08-12,101.08643341064452,101.82759595079204,99.1341238409212,99.33297165453948,1779207
2022-08-15,101.41181182861328,101.86373613604172,100.29104147701972,101.14066138164682,1090284
2022-08-16,101.26719665527344,101.73719488700488,100.07411679461325,100.94181061183724,1079902
2022-08-17,98.1941146850586,101.68297095113634,97.83257385362433,100.74296754773437,1352544
2022-08-18,99.6583480834961,100.67065409726328,98.46526821311512,98.46526821311512,1200216
2022-08-19,97.79641723632812,99.65835006955984,97.34449292951363,98.59180842964494,1870517
2022-08-22,93.72909545898438,97.72411144349432,92.969865957959,97.03718458841128,1931875
2022-08-23,93.27717590332033,94.2714149134611,92.6444846203378,92.96987067896248,1201366
2022-08-24,94.7775650024414,94.9944867361956,92.64448174904196,94.36179547282188,1125416
2022-08-25,95.15717315673828,96.36833378576696,94.36178892429264,95.78987127202156,1003647
2022-08-26,93.00601959228516,96.7841069053467,92.59025007597336,95.7537200832224,1456141
2022-08-29,93.00601959228516,93.00601959228516,93.00601959228516,93.00601959228516,0
2022-08-30,93.76525115966795,96.25987520857834,92.44563304064472,92.49986174959358,1288156
2022-08-31,91.36101531982422,94.28948276250192,91.36101531982422,94.21717322174015,1921406
2022-09-01,90.04138946533203,90.90908319217576,88.98388148640728,90.67408065287952,1604606
2022-09-02,94.79563903808594,94.79563903808594,91.10794197719136,91.4514019639745,1928133
2022-09-05,92.24678802490234,92.62640968642984,90.4571716175176,90.74640290031805,1580919
2022-09-06,93.56640625,94.2894879054226,92.2467880902988,92.3914071797104,1457187
2022-09-07,94.41602325439452,94.9764118648878,91.37909142841208,91.68640353604307,1590396
2022-09-08,93.20487213134766,95.71757019038894,91.72256094693743,94.77756679855015,1676613
2022-09-09,94.9040985107422,95.4644870987284,92.87947967334183,92.87947967334183,1394785
2022-09-12,97.2360382080078,98.28449904309248,95.04872615731264,95.53679835389929,1342034
2022-09-13,94.50640869140624,98.3568057104694,94.4883347533208,98.01334572030436,1427780
2022-09-14,92.84333038330078,94.30756071913588,92.01179131655272,93.65679551199676,1553703
2022-09-15,92.21063232421876,93.49410259355318,91.9033271062574,93.16871654170136,1518734
2022-09-16,90.51140594482422,91.59602159867778,90.22217464407538,90.96333028323288,3818323
2022-09-19,91.28870391845705,92.0117855197024,89.48100681116085,90.36678142789556,1239974
2022-09-20,89.81544494628906,91.99371665821694,89.64371149208655,91.28871579795964,1725993
2022-09-21,91.19833374023438,91.19833374023438,88.53197598069033,89.00198115877824,1576010
2022-09-22,89.53524017333984,91.68640425620076,88.53196767495727,88.57716286331662,1556066
2022-09-23,89.14659118652344,90.18601852857228,87.50158689500736,89.71602025777543,1935233
2022-09-26,88.8031234741211,90.43908720627029,88.13427745206602,88.18850616050314,1367774
2022-09-27,88.50485229492188,91.03563110573836,88.50485229492188,90.27639470416642,1437391
2022-09-28,89.89677429199219,90.00523859847928,85.92887978258213,86.8056139631892,2055877
2022-09-29,88.81217193603516,89.75217537706288,87.5196680665993,89.75217537706288,1854808
2022-09-30,91.469482421875,91.66833023211936,89.40870856264799,89.82447812233255,2017869
2022-10-03,91.2164077758789,91.3429460403086,88.51390213439016,89.51717472795288,1410361
2022-10-04,96.0971908569336,96.25988389427778,92.30102917999356,92.55410570568048,1873322
2022-10-05,94.21717071533205,95.95256516836172,93.34947693672576,95.24755750841554,1342958
2022-10-06,95.0306396484375,95.44640916992216,94.23525537635606,94.97641094001438,1384661
2022-10-07,92.7891082763672,95.66334044259912,92.7891082763672,94.88603692632825,1553165
2022-10-10,93.89178466796876,95.48256004301024,91.63216329834844,91.7587015433818,1366474
2022-10-11,93.1867904663086,94.10871991169472,91.97563663689338,93.40371220223923,1465510
2022-10-12,92.59025573730467,94.05448610257992,91.75870975801976,93.15063747381537,1424724
2022-10-13,95.12103271484376,95.7718048647813,91.81295014708536,92.59026055997542,2395055
2022-10-14,94.14486694335938,97.12756297858525,93.85562879147524,96.44063615949456,1819480
2022-10-17,96.72987365722656,97.27218833118606,93.47602009255722,94.16294695597308,1102005
2022-10-18,97.9048843383789,99.58604335923224,97.66988176131932,98.17604168851057,1516608
2022-10-19,97.59757995605467,99.27873209564665,97.38065131574392,98.51950254201272,1059909
2022-10-20,97.52526092529295,97.72410871166495,96.51294805640704,97.25410359918256,1160256
2022-10-21,96.5671844482422,97.30834694581765,94.84987756560172,96.35026270758132,1798159
2022-10-24,99.27873229980467,100.25489049575675,96.802188932283,98.0856523589137,1351186
2022-10-25,100.54412078857422,101.03219988170054,97.97719396081864,100.50796601547398,1279041
2022-10-26,101.55642700195312,101.64681048079096,100.20065413193326,100.58026888054265,1126686
2022-10-27,101.41181182861328,101.91797174208914,99.65835020494698,100.90565881095507,1371811
2022-10-28,100.72488403320312,101.77334475928406,99.22449213893182,100.3271884668532,1205247
2022-10-31,100.0018081665039,101.39373583263162,99.96565339514528,101.39373583263162,973961
2022-11-01,101.502197265625,102.82181535157888,100.7068061099473,100.81527042094444,1192887
2022-11-02,99.71257019042967,102.062575004271,99.71257019042967,101.9541175933014,1345903
2022-11-03,97.70603942871094,99.17027675032438,96.6214237876908,98.51950460738507,1198964
2022-11-04,102.17105102539062,102.78566837601603,98.3929634368616,98.3929634368616,1564941
2022-11-07,103.54488372802734,103.54488372802734,101.42988151176972,101.53833892030585,1213440
2022-11-08,105.33451080322266,105.62374206327664,102.56873644796792,103.41834939547932,949522
2022-11-09,104.6295166015625,106.2925947272486,104.24989494607536,105.0995148427032,1142640
2022-11-10,109.0945281982422,110.43222722093331,103.90643893030808,104.62952060135484,2572164
2022-11-11,110.81184387207033,111.29992297392138,109.41991611401016,109.7272282429466,1821428
2022-11-14,111.04683685302734,112.11337845097958,109.5283709660414,111.1733751022914,1596701
2022-11-15,111.28184509277344,112.07722939956628,109.11260701555376,112.02300068877656,1800227
2022-11-16,109.4741439819336,111.44453418898142,109.3114509594868,111.39029858428748,1633670
2022-11-17,117.12071228027344,119.16340530890324,114.87916454515124,114.87916454515124,3820919
2022-11-18,119.75994110107422,120.12147502925352,117.10262397488684,117.98839175307089,3343699
2022-11-21,116.6868667602539,119.19956491530571,115.15031991080248,118.94648839549016,1709757
2022-11-22,118.11492919921876,118.63916304563784,115.81915980854852,116.5964701612892,1296715
2022-11-23,118.11492919921876,118.91032038573532,117.48223793341478,118.29570995370725,1193916
2022-11-24,118.36802673339844,119.30802327268152,117.68109292427228,117.9522502809465,635109
2022-11-25,119.36224365234376,119.48878190440593,117.73531341751962,118.33185680222763,1222111
2022-11-28,118.8922348022461,120.42878840420184,118.44031051734962,118.5126200579292,1611157
2022-11-29,120.2841796875,120.6457136299154,118.83801633456667,119.12725452180769,1366675
2022-11-30,118.60301208496094,121.89302037320664,118.00646871058908,120.66378574948656,2568502
2022-12-01,120.80840301513672,121.22416563346702,119.12724412551256,120.17571177530712,1388906
2022-12-02,121.74840545654295,121.96533408872968,119.5249455910794,120.7722472991558,1488241
2022-12-05,122.41725158691406,122.72455678836069,120.97108836937124,121.20609782241183,1233170
2022-12-06,120.89878845214844,122.29072307335908,120.627644894958,121.96533701309492,1340594
2022-12-07,120.12146759033205,121.16993522541162,119.14532328637183,120.03109100970174,1434717
2022-12-08,119.30802154541016,120.59148497067508,119.12725457412309,120.30226057494292,1089630
2022-12-09,120.60956573486328,120.60956573486328,118.78378760516742,119.72379792192872,1274430
2022-12-12,121.3868637084961,121.3868637084961,118.80185628923962,119.28992844067542,1376947
2022-12-13,121.89301300048828,123.86339617094168,121.54954614663038,121.71224605327032,1890766
2022-12-14,120.2299575805664,122.18226028515654,119.85034278268398,121.42303068939168,1605669
2022-12-15,115.25877380371094,119.41647610596368,114.21031298291815,119.19956126227568,2567796
2022-12-16,114.861083984375,116.32531433162448,113.95723536673746,115.51185609240486,3466192
2022-12-19,115.71070098876952,115.87338711587796,114.57184982828775,115.0780028348052,1108827
2022-12-20,115.49376678466795,115.71069540197377,113.79453399067572,114.5718442964785,1063824
2022-12-21,117.40992736816406,117.46416986901968,115.4576179822324,115.74684925777106,863572
2022-12-22,116.19878387451172,118.33186730694544,115.72877870014187,117.48224734268948,834797
2022-12-23,116.18069458007812,117.28339099063662,115.6383936875703,116.39762321206244,569670
2022-12-27,117.06647491455078,117.50031838230451,116.48801236033408,117.30147058632672,406724
2022-12-28,116.07222747802734,117.572619359588,115.87337969653694,117.53645769478928,544622
2022-12-29,117.89801788330078,117.91609871761692,115.51185804408668,115.602241528214,637451
2022-12-30,117.17493438720705,117.8076256620272,116.5964718228521,116.83146749874662,579335
2023-01-02,117.33763122558594,118.02455119281314,116.90377396999872,117.35569826750913,837714
2023-01-03,118.34992980957033,119.86838873390305,117.8980055404283,118.45838722084144,1426478
2023-01-04,122.27262878417967,122.50762443843114,119.1272397421668,119.97685957223352,1523962
2023-01-05,121.87494659423828,123.15841000052951,121.09763621672268,121.94725614001132,1056652
2023-01-06,123.04995727539062,123.04995727539062,120.13956345718444,121.92917996057383,1263457
2023-01-09,125.03842163085938,125.3276598250899,123.32111467543334,123.73687734009448,1323198
2023-01-10,124.85765075683594,125.21918469669968,123.35725870229354,124.06225953917284,843410
2023-01-11,126.68341827392578,127.15340959809588,124.9118690168986,125.18302634492572,1164125
2023-01-12,128.40072631835938,129.0876600617944,126.33995267132376,126.53880046109342,1128810
2023-01-13,128.74420166015625,129.73842688277978,127.9307296144072,128.8345782485935,1278327
2023-01-16,128.63572692871094,129.35879470545856,128.0753314726076,129.0334086892686,796311
2023-01-17,131.05804443359375,131.29304010000337,128.1295700619511,128.2380412701389,1381539
2023-01-18,131.0218963623047,132.28727885897567,130.44343382216442,130.8772772793609,1082084
2023-01-19,127.08112335205078,130.22651273411387,126.93650426073772,130.15420318845733,1714825
2023-01-20,128.238037109375,129.1418856623497,126.97264086022976,127.1534078124978,1284462
2023-01-23,130.08189392089844,130.11805558962183,128.23804877343974,128.72612096812023,839297
2023-01-24,129.52149963378906,131.02189153284806,128.59957025354825,130.33495781000283,829307
2023-01-25,129.08766174316406,129.8468912458273,128.38264715739405,129.25034786874835,661439
2023-01-26,130.20843505859375,130.93151674106508,129.01536200540664,130.40728286606426,913761
2023-01-27,130.20843505859375,130.20843505859375,130.20843505859375,130.20843505859375,0
2023-01-30,129.4853515625,130.73266710250175,128.94305065196917,130.02766626466664,893622
2023-01-31,129.1599578857422,130.02765859973198,128.81650480014275,129.88303951546118,1150999
2023-02-01,129.2503662109375,130.4434531344088,128.83458973382685,129.1419087784899,1073862
2023-02-02,129.901123046875,130.49766643815565,127.53304410720575,130.11805167778667,1712687
2023-02-03,131.0761260986328,131.0761260986328,128.9791907544046,129.05150029644366,1303133
2023-02-06,129.21420288085938,130.7688097960634,128.8165072872537,130.28073761676978,1032436
2023-02-07,127.3161163330078,129.5395899919997,127.1895780787,129.5215091580599,1489430
2023-02-08,126.5930404663086,128.67189513201714,126.21342568604396,128.34650906441374,1177517
2023-02-09,135.0530548095703,137.56575278917015,131.79920815701524,133.08267150121384,4102016
2023-02-10,135.58334350585938,137.90911780247518,134.78327658000754,135.5647333367745,2134958
2023-02-13,135.9740753173828,136.3089873923675,134.41114756898756,135.82522235174514,780987
2023-02-14,134.9135284423828,136.5136624016557,134.59721232827485,136.3089931141626,1132545
2023-02-15,138.15098571777344,138.5231039068671,134.50417352213935,134.6902326166862,1515198
2023-02-16,137.1090545654297,139.45342489880397,136.12292850839762,138.59754163807048,1007953
2023-02-17,135.3042449951172,136.1229220733779,134.07622937772612,136.0112752565427,1456118
2023-02-20,134.57859802246094,135.60193012513818,134.31811245484135,135.30423841731528,594858
2023-02-21,133.7227325439453,134.74606478207545,132.4202903380515,134.05764463170078,921292
2023-02-22,134.28091430664062,134.7460692107335,132.23423556771212,132.95987608246494,957683
2023-02-23,135.8065948486328,136.8299411125277,134.50416705403777,134.50416705403777,933421
2023-02-24,131.6016082763672,136.81133375722075,131.6016082763672,136.25315648894997,3946863
2023-02-27,133.77853393554688,134.98793935060309,132.97846704823883,132.97846704823883,954536
2023-02-28,134.6157989501953,135.21119653818545,132.6063267674543,133.3505773012915,1546800
2023-03-01,135.21121215820312,137.96493519289996,134.8763000890562,135.08096936439043,1160724
2023-03-02,134.39254760742188,134.7832759840778,132.86684024340363,134.113451853982,987149
2023-03-03,136.8299560546875,137.01601516060512,134.54138788524102,135.15539571062908,1076253
2023-03-06,137.23928833007812,137.5555902152161,136.84855996689606,136.9601925862626,751355
2023-03-07,137.70445251464844,138.43009298056452,137.22068747223764,137.6858423450249,1058064
2023-03-08,139.37901306152344,139.60227831567073,137.42535691533348,137.44396708497916,1720525
2023-03-09,140.62562561035156,140.86750103568423,138.91385907245828,139.08130801413466,1365518
2023-03-10,137.22068786621094,139.2115501596403,136.38341477095005,138.1696077841334,1487332
2023-03-13,131.136474609375,137.5369963295173,130.57828305566102,137.51840035435416,2206899
2023-03-14,135.4344940185547,135.8624285506868,131.3597328038178,131.9737406407727,1593475
2023-03-15,128.47576904296875,135.43448128816132,128.1036366637025,134.74604703306787,2516705
2023-03-16,131.136474609375,131.60162950566968,127.47105175530872,131.06204812251974,2031435
2023-03-17,127.78734588623048,132.3272619397796,126.80121983747756,131.5830113120076,4578830
2023-03-20,129.14559936523438,130.15032134926292,125.27550760641512,128.17806932782983,1450323
2023-03-21,132.82962036132812,133.85296672898693,129.72238931101825,130.15032383174847,1423746
2023-03-22,134.83909606933594,135.93685474941532,132.53193188743683,132.9412562491511,1232664
2023-03-23,135.06236267089844,135.41588491837337,132.58774952477472,134.33672220163956,1171187
2023-03-24,130.78294372558594,134.67163158850855,129.29444247739167,134.65303561457108,1650259
2023-03-27,131.78768920898438,133.01569075903447,130.95040187470386,132.56914603132543,1031831
2023-03-28,133.51805114746094,133.89016934659426,132.71798424346488,132.829616864125,804037
2023-03-29,136.10430908203125,136.2345518694717,134.1506530750254,134.1506530750254,1221549
2023-03-30,138.1696014404297,138.7835950575776,136.588077780104,136.7555267133081,1124328
2023-03-31,138.8580322265625,139.32318711513582,138.00214893503568,138.56034047948393,1537226
2023-04-03,137.92771911621094,138.7836023870542,137.23929898281543,138.39287399354316,874281
2023-04-04,137.27650451660156,139.45342592594028,137.03462909180843,138.2812407506195,919746
2023-04-05,133.9087677001953,138.70916870062487,133.2017233106665,138.43007297820026,1714312
2023-04-06,131.28530883789062,133.9832156601423,130.22475627890904,133.77854637723354,1654215
2023-04-11,133.3505859375,134.07622635125156,132.81100462040797,133.22034315029842,1285336
2023-04-12,134.7274627685547,135.73218479138754,133.034292235403,133.05290240483325,913835
2023-04-13,134.22508239746094,135.58334080560968,133.29477269734247,134.8949065171782,1011747
2023-04-14,135.9740753173828,136.08570794391102,134.35533125572346,134.6530371869988,1048371
2023-04-17,136.81134033203125,137.49977461092143,135.84382450329304,135.99266326474557,742557
2023-04-18,136.94158935546875,137.83469294184397,136.23455907133,136.94158935546875,857946
2023-04-19,136.36480712890625,136.68110904227655,135.69498296212174,136.58808658296792,605944
2023-04-20,135.82521057128906,137.0346159702502,134.65302550820925,136.55085097158596,1021735
2023-04-21,135.4903106689453,136.16013482085353,133.33199944255225,135.26703121984252,1464688
2023-04-24,135.50892639160156,136.0857139145032,134.89491852795743,134.9507348436704,699541
2023-04-25,137.1090545654297,137.4067463017978,134.76467003665527,135.73218592410177,1039957
2023-04-26,135.5275115966797,136.16012958042313,133.20173732412218,135.84382768625122,1247063
2023-04-27,137.0904541015625,138.11380057021643,134.05764923280802,135.88104851008086,1172609
2023-04-28,138.5231170654297,138.57894757495626,134.89491469322044,137.5369909947985,1499857
2023-05-02,137.05322265625,140.42093900260178,136.8485534002995,138.54170955951002,1235099
2023-05-03,139.0626983642578,139.9558019760716,137.27650533603057,137.7974765281718,1051465
2023-05-04,138.15098571777344,139.41620743425048,137.4067351441871,138.41147128921878,943242
2023-05-05,139.9929962158203,139.9929962158203,137.5183832635819,138.46728891340453,1044591
2023-05-08,139.37901306152344,140.64422068942528,139.28597640869526,140.19767598573048,626640
2023-05-09,140.14186096191406,140.25349359001507,138.61615353113237,139.0813084087536,906860
2023-05-10,138.76499938964844,140.56980249361914,137.2392920370319,140.10464763982873,1148237
2023-05-11,138.48590087890625,140.402336567073,136.84856093653255,138.9138495818422,817712
2023-05-12,139.63949584960938,139.75112847444032,138.43009036414108,139.24875327190125,858985
2023-05-15,140.1232452392578,141.07216512671323,139.37900882087686,139.43482513271545,888362
2023-05-16,139.17434692382812,140.5884075500209,138.783604329448,139.34179586821918,1227503
2023-05-17,142.72811889648438,143.39794304627327,140.2907119152748,142.33739050834086,2032231
2023-05-18,146.74705505371094,146.9517243203657,142.82114704118658,143.1560590961308,1197827
2023-05-19,148.64488220214844,149.79847133639288,146.33771812905894,146.9889320776649,2239570
2023-05-22,146.9145050048828,147.90063100813026,146.57959294761017,147.8820350349591,993807
2023-05-23,144.6073455810547,146.4865751957935,143.1188443464378,146.04001630816856,1300373
2023-05-24,141.64895629882812,143.26770036130642,140.30932219361176,142.80254549000347,1457352
2023-05-25,142.9327850341797,144.34685978547998,140.383731287091,142.3373873802743,920997
2023-05-26,145.76092529296875,146.05863122773462,142.44902484340008,143.71424667535445,1024963
2023-05-29,145.12832641601562,146.85870318340724,144.70037766906898,146.54240126349927,390163
2023-05-30,145.74232482910156,147.71457690227052,144.34686024252358,145.07250069191215,1046604
2023-05-31,142.6536865234375,145.31437284318224,141.64895034024025,143.17465768611768,3126518
2023-06-01,145.76092529296875,145.89118228597903,143.75146701490033,143.93752612642885,940756
2023-06-02,148.1797332763672,148.38440255345222,144.90503903840658,146.98893795263606,1134390
2023-06-05,147.4727020263672,148.53325454824895,146.31911285354496,148.3657914156361,804600
2023-06-06,147.3238525390625,147.69597076080453,146.72845486703514,146.85869766418486,615452
2023-06-07,147.41688537597656,148.1239156571434,145.63067821073426,147.62154045585655,935681
2023-06-08,147.69595336914062,148.2541448314251,146.65401111463476,147.4540779730299,846630
2023-06-09,147.1191864013672,147.73319425621867,146.67264168665724,147.6959739160092,785891
2023-06-12,149.57521057128906,149.7798798657439,147.49131148020385,147.71459094562766,1085983
2023-06-13,152.9987335205078,152.9987335205078,150.30082697884828,150.33804731481538,1735419
2023-06-14,152.8870849609375,153.96624756526953,152.18005473502967,152.2172608751727,1353507
2023-06-15,154.22674560546875,154.67329030029308,152.4777587739236,153.25922973411605,1356253
2023-06-16,152.36611938476562,155.3617177122139,152.36611938476562,154.39420188381413,7998455
2023-06-19,151.91957092285156,152.9801233716645,151.37998961445214,152.6079909889413,1031740
2023-06-20,150.2636260986328,151.60327433236853,150.24501592999775,151.58466416373346,1332909
2023-06-21,149.20306396484375,151.45441158052552,148.6262623376503,150.44967547019343,1022977
2023-06-22,149.33331298828125,149.33331298828125,146.50516362718787,146.98892863284314,953429
2023-06-23,146.04000854492188,147.04474469556817,143.36072633859752,146.05861871310026,2449388
2023-06-26,144.64456176757812,146.70985063120017,144.49572299010148,146.43075485590515,1312767
2023-06-27,146.57960510253906,147.0261498174653,145.10971396236462,145.50044236235013,1065494
2023-06-28,142.076904296875,148.51464597920358,139.91857889131973,147.8634320018033,2094689
2023-06-29,140.08604431152344,142.18853924297937,139.28597735611982,140.90472143669933,2239915
2023-06-30,141.90943908691406,142.653689705372,139.43482600898628,141.16520266385598,2318768
2023-07-03,138.41146850585938,142.2071335789623,137.7044382826397,142.15131727126058,1499077
2023-07-04,136.7555389404297,139.0254970961472,136.55086965128135,138.70919517488187,853741
2023-07-05,135.67636108398438,136.97880316051652,135.13677976311524,135.82521404051363,1156017
2023-07-06,132.30865478515625,135.3786798225448,132.17841198698343,134.72746583168063,1424185
2023-07-07,132.68075561523438,133.70410189200223,131.84348262180504,132.19700482567,1251523
2023-07-10,134.318115234375,134.318115234375,131.60161269055737,132.01093702285942,1036665
2023-07-11,135.8065948486328,136.06708040755183,134.0017919079809,135.32284406515367,1130790
2023-07-12,138.8580322265625,139.34179728539092,135.86243360851827,136.97881669741477,1497509
2023-07-13,140.01162719726562,140.21629649225585,137.23930792249058,138.98828072231447,1335566
2023-07-14,140.10464477539062,140.60700576123767,139.5092471425278,140.01160812837486,1111371
2023-07-17,139.47203063964844,139.99300180830002,138.1137864064354,139.30458170489604,648203
2023-07-18,139.73251342773438,139.73251342773438,138.35565905307948,139.26735857997534,701015
2023-07-19,138.11380004882812,140.62563368602233,138.02076339006493,140.47678071016165,938058
2023-07-20,140.84889221191406,140.84889221191406,136.66249828519454,137.68584470099725,1135077
2023-07-21,141.0349578857422,141.36986994956564,139.88136873359488,140.47676638090326,1234554
2023-07-24,140.56980895996094,140.9605373516708,139.3604034453922,140.47677230676325,761189
2023-07-25,141.2210235595703,141.2210235595703,139.4720366787384,140.5511994007581,644680
2023-07-26,140.36512756347656,141.36986371060567,138.8021999361427,140.9419150163955,1045831
2023-07-27,144.83059692382812,145.0910966809645,139.918563194772,140.4581444856287,1480774
2023-07-28,143.52818298339844,144.384066225436,142.02108577409317,143.97472767589633,1377245
2023-07-31,144.1793975830078,145.4260234062733,142.28157198501842,143.1002490876883,1227683
2023-08-01,139.97439575195312,144.88642955312545,139.8255428015179,144.88642955312545,1978397
2023-08-02,137.5183868408203,138.20680693463083,135.84382653963343,137.38812985507292,1703933
2023-08-03,136.0670928955078,137.85328583291337,135.43448910733068,135.8438276504569,1060970
2023-08-04,138.46730041503906,138.56033706862377,135.78801797568354,136.90438684169837,990973
2023-08-07,138.0393524169922,138.4114706042443,136.29036570702962,136.6252777537161,699428
2023-08-08,135.5275115966797,137.4997778326802,135.04376076867544,136.997402640384,1157200
2023-08-09,136.27175903320312,138.29984153330648,135.80660418951143,137.1276422421479,912151
2023-08-10,129.74099731445312,133.18314037350436,126.26163391789028,130.42941740902367,4133360
2023-08-11,127.8431625366211,129.31305362661624,127.67571359751534,129.0711782049968,1650124
2023-08-14,129.05255126953125,129.5921325511052,127.7315133161874,127.91757240059952,1189013
2023-08-15,128.06643676757812,130.28056420172103,127.69430437016791,128.38273865882718,1122321
2023-08-16,128.49436950683594,128.49436950683594,127.2105517908389,127.5454638461858,848423
2023-08-17,126.35468292236328,128.21530250870654,126.16860960740824,127.84317007419736,1082088
2023-08-18,125.03362274169922,125.61042443043664,124.19634965811908,125.1266593933859,1488881
2023-08-21,125.51739501953124,126.05697640056108,125.12666661162706,125.12666661162706,989605
2023-08-22,127.35938262939452,127.65708852469356,126.187197606301,126.52210964081324,1097317
2023-08-23,127.4524383544922,128.27111549374993,126.8756508402336,128.14087269390444,942142
2023-08-24,126.1500015258789,129.53632828022884,126.1500015258789,129.12698973925254,1089743
2023-08-25,126.89424896240234,128.38275029617043,125.7220637439555,125.75926988936936,1010282
2023-08-28,128.38275146484375,128.88511250720805,127.0803234324912,128.40136163542047,858925
2023-08-29,130.3177947998047,130.48524374527386,128.38274876711316,128.8106975089798,1235851
2023-08-30,128.66183471679688,130.7085132235664,128.60601840590127,130.243358372237,1257023
2023-08-31,129.201416015625,130.20615219769437,128.53159189424542,128.92232026581692,1660331
2023-09-01,127.91758728027344,129.77820673162287,127.91758728027344,129.2200152180581,1276350
2023-09-04,128.5129852294922,130.39221485434578,128.19668332893858,129.18280936913504,678173
2023-09-05,128.3455352783203,128.94093293158798,127.22915225746864,127.6012846628858,909669
2023-09-06,127.69430541992188,128.53159267442842,126.93145884090882,128.10364396273846,1001929
2023-09-07,126.9500732421875,128.49437662057272,126.4476980336549,126.68957345547425,1216437
2023-09-08,127.5640640258789,127.97340257317916,124.977804144736,127.8803801185926,1465265
2023-09-11,127.43382263183594,127.71291838945852,125.74066630761882,126.22441714573804,1203026
2023-09-12,126.44769287109376,127.9734002130942,126.3732663915572,127.89897373355764,986014
2023-09-13,124.791748046875,126.03835969248894,124.45683597241452,125.5732048221494,1260274
2023-09-14,126.87564849853516,127.21056057701377,124.82895568816583,125.12666162254692,1573747
2023-09-15,128.47576904296875,130.2247415416243,128.4013425671155,128.92231370268945,5325642
2023-09-18,127.61986541748048,128.84788091581214,127.32217372404732,128.19666702824145,806069
2023-09-19,125.1638641357422,127.28498336817482,124.81035609316996,127.22915286054776,908349
2023-09-20,126.70817565917967,127.37799976484648,125.01501942208805,125.01501942208805,936370
2023-09-21,124.3637924194336,126.00114655723058,124.04749053204982,125.29410210849124,1457225
2023-09-22,123.9544677734375,125.015020248521,123.37766611477856,123.73118833827284,1440069
2023-09-25,123.24742126464844,124.60567963056262,122.11244233016372,123.7311862683794,1186673
2023-09-26,120.86583709716795,122.67064022490663,120.810020785242,122.01942626010396,1255382
2023-09-27,124.84756469726562,125.88952126251256,120.6239647091507,120.77281767495742,2046396
2023-09-28,126.13138580322266,126.13138580322266,123.82422181387298,125.16385580435418,1225583
2023-09-29,126.20582580566406,128.1222616454236,126.20582580566406,126.55933386259224,1569182
2023-10-02,125.07083129882812,127.3966054179066,124.36378688157312,126.987266901685,1035118
2023-10-03,123.82422637939452,125.3499337150348,123.71257956285538,124.15913843821308,1119396
2023-10-04,124.23355102539062,125.40575033181756,122.61482123331452,123.17299853577543,1209107
2023-10-05,123.04275512695312,124.01028515899276,122.44735749008234,123.26603456405444,1130369
2023-10-06,125.27550506591795,125.29410103885286,123.26603274781256,123.26603274781256,0
2023-10-09,123.47071075439452,124.7545427477506,122.72646011773304,124.34520418781678,837448
2023-10-10,127.28498840332033,127.43382717668068,124.69871420615324,124.69871420615324,1324653
2023-10-11,128.60601806640625,128.81068733608288,126.85703128749678,127.2291494894182,1258359
2023-10-12,127.11751556396484,129.62934888966694,126.95006663343771,129.20141438138697,1010886
2023-10-13,124.177734375,127.28497955133724,124.177734375,127.17333273483088,1311077
2023-10-16,124.56846618652344,125.10804752911642,123.71258294512072,124.64289266778452,851512
2023-10-17,124.62429809570312,125.57320380280494,123.30324578271043,124.28938602396131,866079
2023-10-18,121.3123779296875,123.04275452135774,120.04715618313938,123.04275452135774,1772980
2023-10-19,120.81002044677734,121.31238144810348,119.6750414561297,119.97274737943388,997148
2023-10-20,118.26097106933594,119.54479589419508,118.05630180065556,119.43316327324192,2003253
2023-10-23,118.80055236816406,119.37735406667832,117.79582323129772,118.70752281260052,1238021
2023-10-24,118.55867767333984,118.93079589788552,117.77721378685352,118.46564101950324,1085431
2023-10-25,118.11212158203124,119.69365236977364,117.460907615002,118.61448968418236,1566727
2023-10-26,112.75353240966795,116.71665370527197,111.15340569328816,116.19568254634362,3032359
2023-10-27,113.88851165771484,114.20482064620532,112.32559107935536,113.20008446775284,1589625
2023-10-30,115.07930755615234,115.82355815849972,114.446696673467,115.00488817407742,1024545
2023-10-31,116.2515106201172,116.54920946929968,114.539744011743,115.41423038876006,1080670
2023-11-01,116.75386810302734,117.31205250708751,115.43283002395498,116.30731632115932,932681
2023-11-02,118.7447280883789,120.32625171996288,117.72138885043049,118.5028455819803,1504438
2023-11-03,118.89358520507812,120.06577034341304,118.74473224279438,119.34012989652956,1335839
2023-11-06,119.99134063720705,120.90305436014054,119.6564285787701,119.99134063720705,908392
2023-11-07,119.89832305908205,120.14019847957528,119.07964595064335,119.637837469197,939947
2023-11-08,120.86583709716795,121.49845508826184,118.651702519139,119.0424308980206,1417312
2023-11-09,123.73119354248048,123.7498037117101,121.59147833386888,121.62869867232814,1248007
2023-11-10,121.68450927734376,123.0427534640048,121.2193544362189,122.96832698597692,1008072
2023-11-13,123.63814544677734,123.63814544677734,121.6658935530004,122.1124382053766,876942
2023-11-14,127.0430908203125,127.43381919227802,123.39627848656816,124.0661026086232,1599539
2023-11-15,129.2200164794922,130.3549954915269,127.82455187735772,128.10364763686462,1593425
2023-11-16,136.58807373046875,137.89050160143967,134.69023403802643,136.75552265870823,3277537
2023-11-17,138.11380004882812,138.61616109810657,136.04851114381486,137.38814534035762,2249398
2023-11-20,137.35093688964844,138.61615877243435,136.49505358591102,138.61615877243435,1438680
2023-11-21,137.36953735351562,139.30458328430325,137.10905176623652,138.07656763393038,1491139
2023-11-22,139.2301483154297,139.63948684060074,137.40673512023105,137.46255142904548,1361009
2023-11-23,139.2115478515625,139.86276182545743,138.9324520926361,139.54645992319416,766912
2023-11-24,140.34652709960938,140.55119637680968,139.19293791860764,139.3604010524079,1081541
2023-11-27,139.76974487304688,140.3651425576811,139.09992070340826,139.54646541803382,881056
2023-11-28,140.86749267578125,141.1093680867596,139.19293238139417,139.60227091951094,912969
2023-11-29,142.2257537841797,142.83974740762966,140.30931804237585,140.30931804237585,1242786
2023-11-30,143.2677001953125,143.54679595685093,142.26296397101424,142.3373904537845,2336566
2023-12-01,145.12832641601562,145.61209147878122,143.36074350321164,143.5281924506685,1479952
2023-12-04,146.04000854492188,146.5051633815878,145.0352723942756,145.10969887159004,1052482
2023-12-05,147.6773681640625,148.5704575343538,144.84921870220768,145.87256505920772,1587962
2023-12-06,149.7054443359375,150.859033544522,147.86343499249162,148.25416338683468,1936825
2023-12-07,150.24502563476562,150.67297436861787,149.20308325029103,149.22167922472784,1222854
2023-12-08,151.10089111328125,151.43580315390858,150.1147651590449,150.24500794176672,1590653
2023-12-11,152.8498992919922,153.03595840842382,150.30084539113682,150.61714730861064,1367701
2023-12-12,152.44056701660156,154.30118664858966,151.75213264242151,153.31506051490018,1445642
2023-12-13,151.5288543701172,152.86850266146794,150.98927301968982,152.44055393685312,1219567
2023-12-14,154.2639617919922,155.88269159043708,153.66854995438544,153.8174029137871,2449105
2023-12-15,155.1570587158203,156.53391316885828,154.95238943552275,154.95238943552275,3856237
2023-12-18,152.01260375976562,155.0454225557618,151.93819147353494,153.98487003447602,1368852
2023-12-19,156.27340698242188,156.3292232887116,152.2916829192412,152.49635217256903,1668823
2023-12-20,157.35260009765625,157.8735713180124,155.99434153424102,156.75720238933476,1394945
2023-12-21,156.7385711669922,157.3525789636881,155.7524451758498,155.90129813178805,1174083
2023-12-22,156.36647033691406,156.86883137474348,155.75246247203307,156.1245949032037,981828
2023-12-27,157.05490112304688,157.53865197948693,156.45948924668906,156.6269523857648,752828
2023-12-28,156.7385711669922,157.63167470722254,156.608328379396,157.4642115829422,633466
2023-12-29,158.07823181152344,158.07823181152344,156.73858349352233,156.8688262913613,571937
