Date,Close,High,Low,Open,Volume
2010-01-04,37.6309814453125,37.69084306260492,37.10855618228791,37.39697807367855,27809100
2010-01-05,37.77789688110352,37.79422201536927,37.44049970130389,37.65273475048922,30174700
2010-01-06,38.10442352294922,38.4200567202379,37.73437181106131,37.79423342268042,35044700
2010-01-07,37.98470306396485,38.1261903663809,37.77790690342906,38.03912157657612,27192100
2010-01-08,37.83232498168945,37.957491295938105,37.66906944572995,37.92484101911948,24891800
2010-01-11,38.25678634643555,38.37650537139891,37.9030599108606,38.06087644832834,30685000
2010-01-12,38.06632614135742,38.08809437527949,37.83232281652789,37.94116398613819,31496700
2010-01-13,37.913944244384766,38.11529724959316,37.69082716194886,38.0717607914078,24884400
2010-01-14,37.91938781738281,37.95203808550062,37.73980303900445,37.84320109053112,18630800
2010-01-15,37.60920333862305,37.924836483005365,37.35887489193336,37.90306825044115,29411900
2010-01-19,37.69626998901367,37.739806451684416,37.23370649076749,37.40784818958484,26081900
2010-01-20,37.02146911621094,37.36431354852928,36.96705061719916,37.30989089765216,34629500
2010-01-21,36.297698974609375,37.08678191432382,36.18886195279109,37.0704567762377,39114000
2010-01-22,35.9711799621582,36.537141550007405,35.91676145699047,36.19974017498217,39085500
2010-01-25,35.83514404296875,36.33036216091805,35.748075234897435,36.21608201489912,29305100
2010-01-26,35.873226165771484,36.319464565731735,35.64466594546974,35.72085268557032,34083300
2010-01-27,35.66644287109375,35.949421667310006,35.37257787971515,35.73174758646687,35723500
2010-01-28,35.350807189941406,35.83513904440641,35.1385720695294,35.83513904440641,37349800
2010-01-29,35.06238555908203,35.81881415284112,34.83926424271662,35.45420552313183,40880500
2010-02-01,36.01471710205078,36.13988340296175,35.56303561214784,35.79159582925564,37703000
2010-02-02,36.43919372558594,36.52626667242173,36.172540091667926,36.314031554342776,34057900
2010-02-03,36.2432746887207,36.586119141365565,36.22150645745233,36.39564815573371,24024700
2010-02-04,35.22018814086914,36.1072216521744,35.19841991243732,36.063685195310754,33858200
2010-02-05,35.26373291015625,35.3181514181309,34.58893220123233,35.20931025031558,42297500
2010-02-08,35.247291564941406,35.87171878830728,35.2418129601186,35.55403075075259,30519400
2010-02-09,35.7128791809082,35.99222957240688,35.362323629555746,35.66358426538292,36243300
2010-02-10,35.52116775512695,35.72383436947457,35.14322755398082,35.64715060814338,21699100
2010-02-11,35.73480224609375,35.86626375923026,35.28017809476156,35.43354568113418,23555200
2010-02-12,35.493770599365234,35.680001331670525,35.20894171837465,35.39517662963005,30636200
2010-02-16,36.304443359375,36.35921688089908,35.64715274318252,35.84434076383063,30514900
2010-02-17,36.01960372924805,36.39754379762597,35.915531155879435,36.337291695038886,21821800
2010-02-18,36.12916564941406,36.20037080963081,35.795041734866835,36.041528850605125,22536700
2010-02-19,36.07987976074219,36.28254225935397,35.838871190552105,35.92650801128758,24264600
2010-02-22,35.822418212890625,36.21679411870178,35.740255869354904,36.20583691079014,20469700
2010-02-23,35.57046890258789,35.91006724269533,35.137750979238014,35.74574667846806,33372900
2010-02-24,35.90459442138672,36.07987220510489,35.4773509058062,35.60881237780882,21469600
2010-02-25,35.680030822753906,35.69646246813288,35.25826993519712,35.389727277182494,25668800
2010-02-26,35.60333633422852,35.822434624383455,35.559515840407066,35.74575084967207,20129700
2010-03-01,35.822418212890625,35.89910195247053,35.65261492186337,35.80050797601774,18798600
2010-03-02,35.87173080444336,36.03605557256373,35.68549996759588,35.96485040181954,24823900
2010-03-03,35.83885955810547,36.13464156762048,35.81147070985441,36.02509035356778,22279800
2010-03-04,35.822418212890625,35.94839685122173,35.647140496857936,35.795029372061926,21961100
2010-03-05,36.40850830078125,36.43589296629481,36.0305639777161,36.129157967256965,26837900
2010-03-08,36.41399765014648,36.58379683486639,36.27706174532019,36.57283962226707,20297200
2010-03-09,36.578311920166016,36.80288877124701,36.27157688352023,36.32635040021391,29003100
2010-03-10,36.81932067871094,36.92886771290267,36.57831218874735,36.78645740424372,24810300
2010-03-11,36.81932067871094,37.00555147262718,36.68786340189057,36.91243607566906,19357400
2010-03-12,36.58927536010742,37.01651471358661,36.42495060309904,37.01651471358661,23361800
2010-03-15,36.31540298461914,36.529022658026726,36.09630470500949,36.51806544562259,22070000
2010-03-16,36.46330261230469,36.52355476133841,36.151088830472375,36.45234957564097,35103700
2010-03-17,36.89599609375,37.1315259250493,36.58926112422553,36.649513233089344,38770000
2010-03-18,36.912445068359375,37.10415451437532,36.70430398110671,36.97269720552903,25925500
2010-03-19,36.7207260131836,37.18630716851731,36.38660213229614,36.7207260131836,45564200
2010-03-22,36.68238830566406,36.80836698914098,36.32635414205421,36.41946954792008,21390600
2010-03-23,36.67143630981445,36.687872129909614,36.39756448022972,36.665961882068544,24754700
2010-03-24,36.424949645996094,36.62213767764397,36.27706071173622,36.46329153109696,19748800
2010-03-25,36.31540298461914,36.65500134800961,36.28253552635883,36.59474921664315,21095600
2010-03-26,36.44685363769531,36.63308442510068,36.24418703467948,36.39208012251441,30553400
2010-03-29,36.8631477355957,36.9617417555253,36.474246083296784,36.51259214894651,26122200
2010-03-30,36.72621154785156,36.8631474534305,36.58379703594285,36.80289532065959,17745900
2010-03-31,36.68786239624024,36.80288803267403,36.47971718644933,36.66595215421217,22352500
2010-04-01,37.03293228149414,37.13700486665012,36.80288105226043,36.84669734905454,19614700
2010-04-05,37.35063552856445,37.44375093289744,37.093195380977605,37.15892193511769,20901100
2010-04-06,37.19179534912109,37.43827832453566,37.13702181891257,37.24109027262301,19776800
2010-04-07,36.88505935668945,37.16440981837509,36.68239685889738,37.15345678293479,24531500
2010-04-08,37.16988754272461,37.36707560758942,36.616665239689866,36.70430623694212,24060800
2010-04-09,37.662864685058594,37.783368989137486,37.28492012752999,37.30683038090374,21099600
2010-04-12,37.63546752929688,37.82170255245356,37.56426235573989,37.68476663326141,18170300
2010-04-13,37.60807418823242,37.66284770749938,37.28490332033955,37.50400157635904,19177100
2010-04-14,37.5806770324707,37.6957026511921,37.44374117509512,37.640929144032015,18777800
2010-04-15,37.38896942138672,37.64093090930008,37.32871730699972,37.52042668052609,16712900
2010-04-16,37.20822143554688,37.62998215203637,37.08771717970649,37.312294052673,33855100
2010-04-19,37.37254333496094,37.4875689761543,37.0110305949662,37.10962459869644,25686000
2010-04-20,37.777870178222656,37.91480605436297,37.52043006244665,37.58616078741647,22989500
2010-04-21,37.750484466552734,38.0298348471851,37.55877505982528,37.79430495350519,21119200
2010-04-22,37.55330276489258,37.64642236005282,37.36707193247678,37.531392517734425,21654700
2010-04-23,37.92576217651367,37.94219381435742,37.34515535162601,37.520433120212,24340000
2010-04-26,37.9531478881836,38.08460515901835,37.755959892455806,37.81073340705768,18237100
2010-04-27,37.39445495605469,38.34205325377992,37.356113069958994,37.79978824215449,36374700
2010-04-28,37.89838409423828,38.090093533992544,37.58069177752985,37.72310629518404,33243500
2010-04-29,37.60807418823242,38.155817738805325,37.37801872098855,37.49304436513466,47200900
2010-04-30,37.12059020996094,37.96411604351436,37.09868413855437,37.7395432904969,43762100
2010-05-03,37.1589241027832,37.36706934690713,36.79741549706869,37.30681721612937,30734900
2010-05-04,36.40850830078125,36.84122613382446,36.15106820703838,36.78097401916333,31646100
2010-05-05,36.24419021606445,36.66595509577628,36.05795941231242,36.11821153798554,30260300
2010-05-06,34.995330810546875,36.277052734407214,32.02108352933959,36.03604426451271,58336300
2010-05-07,34.891258239746094,35.559503828991616,34.63381814919448,35.32945258256499,69004800
2010-05-10,35.72930908203125,36.01413385323469,35.3404075332874,35.833377501669425,38337600
2010-05-11,35.547332763671875,35.84512352553308,35.42049852884137,35.635568933408,29790600
2010-05-12,35.795501708984375,36.03262700080997,35.56939962980219,35.64660419163682,25390700
2010-05-13,35.70173263549805,35.99400750945486,35.47011906073956,35.7734255567312,26791600
2010-05-14,35.07305908203125,35.696215197891746,34.692550226973154,35.56937680920719,38815400
2010-05-17,34.891082763671875,35.22747570863281,34.33410366027788,35.15027118428089,31923700
2010-05-18,34.62638473510742,35.44254814840353,34.42234177811763,35.32122974386716,34457000
2010-05-19,34.43890380859375,34.70911980684222,34.190744756562765,34.44441751923143,36722500
2010-05-20,33.26979446411133,34.014269358818744,33.20361732847833,33.8984625269605,57194500
2010-05-21,33.57307815551758,33.61168040886784,32.6245608362481,32.6245608362481,52802900
2010-05-24,33.19260025024414,33.63928661673737,33.15951377368939,33.49590697644351,27847800
2010-05-25,32.927879333496094,32.96648160346586,32.238550078798895,32.530827113283344,50533800
2010-05-26,32.70729064941406,33.34147221263886,32.60251127104145,33.13191766322492,34028900
2010-05-27,33.8929328918457,33.9425646714968,33.14294248985821,33.36352864467764,31911500
2010-05-28,33.34148025512695,34.0087505362148,33.24221666412772,33.755077849735045,32078700
2010-06-01,32.6742057800293,33.56206217241073,32.613544470686584,33.297359998278246,32972000
2010-06-02,33.51242446899414,33.52896769456228,32.66317049540464,32.81757954381527,28668400
2010-06-03,33.94807052612305,34.19622724793388,33.41866433055329,33.76608668621925,32383700
2010-06-04,32.82861328125,33.66683784430174,32.696263252364126,33.495885548352,45019200
2010-06-07,32.701778411865234,33.313903107712896,32.64663291465941,33.07677368312928,28389500
2010-06-08,33.7716178894043,33.88190888107579,32.745895678999155,32.87824571047128,48460700
2010-06-09,33.10433578491211,33.970132855319434,32.98852901582544,33.95910544235754,31693200
2010-06-10,34.13006591796875,34.19072722220757,33.727497930534255,33.914995551060734,33020100
2010-06-11,34.113525390625,34.14661184743504,33.73853011989484,34.01426181286315,21227100
2010-06-14,33.84331512451172,34.44441043642042,33.815742369659574,34.22382629393691,24667800
2010-06-15,34.471981048583984,34.50506961454967,33.90949015283088,34.13007428160345,24532600
2010-06-16,34.471981048583984,34.53264236768796,34.13559009443084,34.174192369557694,20652700
2010-06-17,34.5216064453125,34.57675404503081,34.16315651363969,34.42234286948536,23310200
2010-06-18,34.79734420776367,34.94623959749826,34.41132146067347,34.62087606518924,32747000
2010-06-21,34.81388473510742,35.56938899765915,34.65947355392709,35.34880279806778,24877600
2010-06-22,34.15764236450195,34.852487429114376,34.07492411639681,34.81388515926545,26147000
2010-06-23,33.69440078735352,34.33409801727288,33.58410982992945,34.03079367702636,38058900
2010-06-24,33.12640380859375,33.749557993323215,33.01611071605475,33.54000132786569,34188500
2010-06-25,32.591487884521484,33.22015796205149,32.591487884521484,33.17052616918507,118023500
2010-06-28,32.24406433105469,32.751409628208904,32.24406433105469,32.70729365194872,43013000
2010-06-29,31.593334197998047,32.03450443452613,31.43340932986111,31.98487265143762,52525000
2010-06-30,31.472007751464844,31.835973415119884,31.38928742186196,31.61538937562113,43944900
2010-07-01,31.218334197998047,31.582299850444468,30.97568902725689,31.422375006758767,47746400
2010-07-02,31.19627952575684,31.427895211699383,30.84885704867582,31.350688580608136,32767900
2010-07-06,31.687091827392575,31.75878267056455,31.306582774248323,31.52716690941906,36912100
2010-07-07,32.22200393676758,32.233033456285504,31.57679071879644,31.637452024312143,41797200
2010-07-08,32.43155670166016,32.64662704724155,32.05656149779216,32.6080247854021,40430300
2010-07-09,32.4150276184082,32.541863985686895,32.15032536013096,32.40399809468833,25976500
2010-07-12,32.50325012207031,32.50325012207031,32.09516840818647,32.14480019540648,23515000
2010-07-13,32.76795959472656,32.93340032480441,32.55840498298282,32.86722319130676,30514200
2010-07-14,32.67972946166992,32.72384755598913,32.326793121782366,32.657672518176845,26061100
2010-07-15,32.68524169921875,32.8065643416562,32.310246353199624,32.73487349806441,24737300
2010-07-16,31.96281623840332,32.596999951760175,31.8800979955736,32.44810459026772,35805700
2010-07-19,32.22200393676758,32.39295833379676,32.04002002022047,32.16685844284371,20960000
2010-07-20,32.50877380371094,32.53083284863019,31.80289909195896,31.808414905021927,23807300
2010-07-21,32.078636169433594,32.6080428170775,31.764302089967934,32.6080428170775,26859700
2010-07-22,32.74589920043945,32.97199912354575,32.34884485599287,32.37641760687588,27051400
2010-07-23,32.93339920043945,32.983030997035094,32.426051712609976,32.67972440469161,19281400
2010-07-26,33.30287551879883,33.330448269000705,32.8837642461987,32.92236651721453,20236500
2010-07-27,33.53449249267578,33.58412428634688,33.30287675432197,33.42971309288898,22400800
2010-07-28,33.58964538574219,33.78817260410785,33.49038177655935,33.49038177655935,23511100
2010-07-29,33.275291442871094,34.12454532349547,33.247718702053994,33.87087063844845,33763000
2010-07-30,32.91133499145508,33.3690485071873,32.86721691088693,33.170523455628256,29354600
2010-08-02,34.15764236450195,34.21278996690465,33.42419713370655,33.44074036259439,28144000
2010-08-03,34.58779525756836,34.73669067164398,34.12456578166641,34.179711296361134,31075800
2010-08-04,34.58779525756836,34.68154305328271,34.33963623410901,34.664999819607594,21033800
2010-08-05,34.582271575927734,34.582271575927734,34.10801268425435,34.34514213009104,19985300
2010-08-06,34.1741943359375,34.46646932262009,33.777139936167686,34.14661947754633,23097300
2010-08-09,34.43890380859375,34.560224375623626,34.29000837737516,34.49956514394208,14731300
2010-08-10,34.152130126953125,34.28448017108776,33.88742793501784,34.1080120431309,23188500
2010-08-11,33.54117584228516,33.691136645777085,33.43564881111034,33.6300412682005,24281300
2010-08-12,33.45230484008789,33.63559094226505,33.08018159319757,33.15793856307205,16951300
2010-08-13,33.27458190917969,33.57450353729705,33.21348652729811,33.30235195947521,14651300
2010-08-16,33.25790786743164,33.46340870524348,32.907999432127404,33.10239183023074,14301100
2010-08-17,33.779998779296875,33.96883805580146,33.402320226287706,33.59671478314992,20122200
2010-08-18,33.40787887573242,33.72446208904621,33.11906571085129,33.696689921894674,20071500
2010-08-19,32.93022918701172,33.357894748771244,32.71361982479877,33.28569092179391,21174500
2010-08-20,32.70806121826172,32.8080350858456,32.51922192601649,32.78026503789871,21008800
2010-08-23,33.046871185302734,33.352346041422976,32.71362627293873,32.75250477542388,21337700
2010-08-24,32.7358283996582,33.01908837258148,32.65251826311268,32.746936841608004,25679100
2010-08-25,32.719181060791016,32.99133271041542,32.44702941116661,32.59699026478991,20944000
2010-08-26,32.480350494384766,33.04686849424674,32.39704033243758,32.96911149560831,22320900
2010-08-27,33.213478088378906,33.302343497976985,32.2415117439606,32.613637103271515,28279500
2010-08-30,32.7691535949707,33.269022887127214,32.746936711159606,33.08018361217016,16265100
2010-08-31,32.830257415771484,33.06908368141204,32.49145726596888,32.630309647447376,26985400
2010-09-01,33.82999801635742,33.857768072092355,33.169061367500355,33.346792266667286,26286200
2010-09-02,33.913307189941406,33.913307189941406,33.53007325232385,33.59672392243427,18662600
2010-09-03,34.057708740234375,34.213222714800146,33.74112550988605,33.99106019666604,21982900
2010-09-07,33.63004684448242,33.91886005627584,33.574506738595666,33.8188861707043,19435700
2010-09-08,33.741119384765625,34.02437723254969,33.67447085329619,33.69113245648389,17380600
2010-09-09,33.907745361328125,34.20766696275986,33.82998837993149,34.1576800291879,16525200
2010-09-10,33.991065979003906,34.146579980024704,33.85221358702981,34.09103987072281,14488400
2010-09-13,33.87997817993164,34.168791362924885,33.62449032837882,34.096587537496816,23141800
2010-09-14,33.885536193847656,34.06882236493239,33.74113064103611,33.79111758599382,17977500
2010-09-15,33.87997817993164,33.89663978629234,33.52451645277658,33.746678972888986,18769900
2010-09-16,33.86330795288086,33.87441639386642,33.57449484341169,33.79665730696749,16432500
2010-09-17,33.75779724121094,34.04661050825731,33.674487066442715,33.98551510886217,26447200
2010-09-20,34.185447692871094,34.33540848312848,33.852202904778245,33.90218983486404,21788100
2010-09-21,34.179901123046875,34.37984888195158,34.01883185962708,34.24099650701432,20525200
2010-09-22,34.129913330078125,34.43538812355944,34.107696442151,34.1910087125182,18207700
2010-09-23,33.96329879760742,34.196569818873066,33.824446393886575,33.87443334397486,18097800
2010-09-24,34.29653549194336,34.50759168821203,34.07992613309455,34.16323628411077,25145300
2010-09-27,34.27431869506836,34.47982172930182,34.25765708856474,34.429834791071926,16642800
2010-09-28,34.468711853027344,34.57979205006085,34.02993787110057,34.229885615711204,18806700
2010-09-29,34.207672119140625,34.44649838012685,34.02994124380936,34.30764600135435,21158000
2010-09-30,34.31875228881836,34.67976717970399,34.14102142465826,34.40761772089841,25460200
2010-10-01,34.735313415527344,34.75753030579613,34.3243094204318,34.613122637768264,24160200
2010-10-04,34.54090881347656,34.84083038920101,34.34651637664701,34.72419492710328,16902500
2010-10-05,35.13520812988281,35.21296724866329,34.6742192929264,34.7630847385276,25185400
2010-10-06,35.51287841796875,35.51287841796875,35.09076818071274,35.09076818071274,21645200
2010-10-07,35.462894439697266,35.54620670915947,35.19629814362486,35.52398982147368,19468400
2010-10-08,35.75727462768555,35.84058692939801,35.3407194752828,35.440693389849805,22370500
2010-10-11,35.851688385009766,35.996091818010726,35.7183870411708,35.74615921383023,13848900
2010-10-12,35.93498992919922,36.0405190812936,35.50732651468247,35.71838058143338,20732000
2010-10-13,36.123836517333984,36.2626889005168,35.86279335896014,36.01275206832466,22560500
2010-10-14,36.26823425292969,36.35154227008082,36.02940804974276,36.129381907761406,17778100
2010-10-15,36.207157135009766,36.46264507042489,36.001654035083945,36.45708978733516,25500700
2010-10-18,36.81252670288086,36.95693430334961,36.11826509717645,36.20713261667616,22481700
2010-10-19,36.168270111083984,36.67924586158583,35.87389950080077,36.42930903067801,25367400
2010-10-20,36.66257858276367,36.873632645993645,36.29600631577513,36.3626569745288,20543900
2010-10-21,36.834747314453125,37.10134566252456,36.462624073080846,36.8180857122181,21291200
2010-10-22,36.84586334228516,36.96250306352815,36.729227858480265,36.94028617555034,13332800
2010-10-25,36.76810073852539,37.10690081293482,36.74588809137761,37.03469911611087,16516600
2010-10-26,36.95138931274414,36.97360619880513,36.5514938385219,36.63480610189116,17652900
2010-10-27,36.47374725341797,36.65147815513297,36.15160866985985,36.62926126273873,23358900
2010-10-28,36.779205322265625,37.04579941908739,36.68478675620111,36.89584076930474,20464200
2010-10-29,36.929176330566406,36.968054825923645,36.651471581603786,36.71256696537061,19265600
2010-11-01,37.184661865234375,37.32906951214499,37.00693100651282,37.05692006166716,22372700
2010-11-02,37.6789665222168,37.90668637912335,37.32906017342524,37.39015553808618,26192200
2010-11-03,37.75118255615234,37.91780285558227,37.3901655512305,37.89559020560869,26545300
2010-11-04,38.5343017578125,38.65649250098443,37.92890755974457,37.99000293133054,31221400
2010-11-05,38.878662109375,38.878662109375,38.54541728163937,38.567634168480126,26531700
2010-11-08,39.056400299072266,39.111940407882265,38.57874773591662,38.59540934481575,23628000
2010-11-09,39.47557830810547,39.74385539775053,39.17935844219967,39.28555207870163,33938100
2010-11-10,39.75502395629883,39.77179473575098,39.20729788952306,39.66001085999756,25482400
2010-11-11,40.146263122558594,40.18538641498898,39.53146669974427,39.68236960937033,23788900
2010-11-12,39.67678451538086,39.90593830382368,39.36379813518541,39.89475778217692,24598100
2010-11-15,39.39175796508789,39.805347853792455,39.36940117865508,39.68797792311093,18779600
2010-11-16,38.53102111816406,39.02285737512087,38.31863388802002,38.91107776439576,27543400
2010-11-17,38.57015609741211,38.776948866336106,38.318645500879526,38.47513870896908,17471800
2010-11-18,39.29671859741211,39.34143214529147,38.922252228189386,38.92784248770396,18322900
2010-11-19,39.42526626586914,39.45320903328004,38.76575640449173,39.23523583253074,24116400
2010-11-22,39.22965621948242,39.29113628755376,38.447186114671865,39.179352407369954,18907900
2010-11-23,38.55337524414063,38.64838833314053,38.18449487867958,38.45277189575294,22672000
2010-11-24,39.0564079284668,39.12347828346477,38.670765113560456,38.70429815899908,19335600
2010-11-26,38.693119049072266,38.80489870171633,38.50867878450117,38.73224235390973,7324600
2010-11-29,38.81605529785156,38.922248898952056,38.173316224567,38.4863025047138,20021200
2010-11-30,38.8775520324707,38.98374567912582,38.18450885879543,38.31305928706846,27524300
2010-12-01,39.866817474365234,39.9897776353741,39.33585353038332,39.33585353038332,26590200
2010-12-02,39.95064926147461,40.05125262914832,39.65442515479359,39.78856582110477,21274800
2010-12-03,39.78856658935547,39.85004666323867,39.62089288528866,39.68796321973927,19457100
2010-12-06,39.85562515258789,40.01770856555769,39.71589851355723,39.794145090284914,15985400
2010-12-07,39.93946075439453,40.34187414462416,39.91710398114639,40.19097125534729,23694600
2010-12-08,40.15743637084961,40.36423333770353,39.95064366811442,40.1686168902032,22654900
2010-12-09,40.24128341674805,40.31953001559547,39.8668169416754,40.26923045810205,17971600
2010-12-10,40.341888427734375,40.341888427734375,40.02890201968399,40.341888427734375,17699500
2010-12-13,40.442481994628906,40.66045522791709,40.28039856862404,40.470429030330045,21170500
2010-12-14,40.341888427734375,40.520738412923166,40.20216174355188,40.36983547021888,20625900
2010-12-15,40.15743637084961,40.41453288243844,40.123903341026335,40.1686168902032,20979000
2010-12-16,40.3642463684082,40.42572645234419,40.000956126273785,40.196572636924586,18513900
2010-12-17,40.33629608154297,40.4592562395273,40.11832280661431,40.3027630435908,36761300
2010-12-20,40.3642463684082,40.52073957692885,40.17421585511877,40.375422627251055,16045800
2010-12-21,40.6436767578125,40.78340336698313,40.36981379779102,40.48159337948044,21772800
2010-12-22,40.68839645385742,40.80017605246341,40.60455962284376,40.766643025705285,14606600
2010-12-23,40.91195297241211,40.91195297241211,40.70516030211869,40.76664035656216,11390900
2010-12-27,40.80577087402344,40.96785429500712,40.69398699880082,40.69398699880082,9757200
2010-12-28,41.03492736816406,41.11317396213144,40.77783080739704,40.91196721646688,14423400
2010-12-29,41.00699615478516,41.1858461720124,40.990225367818205,41.02935293995365,11797700
2010-12-30,41.00138092041016,41.08521774770069,40.8281212710297,40.96225763622366,10790400
2010-12-31,40.86725997924805,41.08523325399954,40.81136589721349,40.88961675923792,15273700
2011-01-03,41.6664924621582,41.8006288642016,41.157885363892994,41.202598919280575,23320700
2011-01-04,41.86210250854492,41.89004527828181,41.59382548153502,41.7559088968362,20028500
2011-01-05,41.75032806396485,41.84534544205634,41.43734168188362,41.7335615455133,16550800
2011-01-06,42.01860427856445,42.15833094825054,41.73356067845136,41.862111090775166,22525300
2011-01-07,42.247745513916016,42.42100944994768,41.96829222934998,42.03536255272856,19297700
2011-01-10,41.99064636230469,42.06889293593142,41.68325032709064,41.99064636230469,20766400
2011-01-11,42.30364990234375,42.39866301888671,41.92917916894074,41.92917916894074,15805400
2011-01-12,42.801063537597656,42.82342031072525,42.29245654321136,42.44336369579303,17363000
2011-01-13,42.87371826171875,42.93519831950935,42.46571889360113,42.84018523533054,20438100
2011-01-14,43.50529861450195,43.59472573972002,42.75636562934079,42.85137875179496,23478700
2011-01-18,43.99155426025391,44.06980087209177,43.43823771536597,43.477361021284906,23883600
2011-01-19,43.72885513305664,44.11450208634831,43.6673750603835,43.94682838558168,21844100
2011-01-20,43.45499420166016,43.68414798634984,42.9072637811694,43.583544613774784,29121600
2011-01-21,44.14243316650391,44.20949921126992,43.62823599329693,43.71207281337225,25084400
2011-01-24,43.92446517944336,44.25422227225869,43.6450118951437,44.069782081232425,24871600
2011-01-25,43.97477340698242,44.14803309614109,43.55559343840955,43.71767687128536,21626300
2011-01-26,44.52251434326172,44.63429398909867,43.86859019634302,43.99155036523577,25555400
2011-01-27,44.645450592041016,44.70134465447125,44.34364056421454,44.623093819892574,17003500
2011-01-28,44.148040771484375,44.651057674047486,44.08097469388922,44.58957759350533,26300600
2011-01-31,45.09257888793945,45.1708254607965,44.159206008774376,44.66780873234519,34514400
2011-02-01,46.89784622192383,46.92578898831,45.29378304004505,45.34967283693557,40829600
2011-02-02,46.61840057373047,46.9369771584752,46.53456373266736,46.71899966606356,18176900
2011-02-03,46.63516998291016,46.696650052563456,46.08743961621327,46.42278273715544,19647700
2011-02-04,46.54574203491211,46.67987842803996,46.305412020826886,46.528975518786005,16558300
2011-02-07,46.90903854370117,46.948161841337495,46.59046190177117,46.6407614569666,15304300
2011-02-08,46.62250518798828,46.998945195748114,46.43147317922222,46.91466649442759,17463500
2011-02-09,46.3808822631836,46.51010581697724,45.94263412183147,46.31907820298998,15890900
2011-02-10,46.7460823059082,46.80788636568951,45.85273972894434,45.89206919547878,21050500
2011-02-11,46.53257751464844,46.86407238838438,46.201086927502615,46.201086927502615,15993500
2011-02-14,47.70685958862305,47.81922828390554,46.01006399835706,46.11119753874769,33108300
2011-02-15,46.61686706542969,47.695622014094894,46.44830972931713,47.639437664254416,25684600
2011-02-16,47.02138900756836,47.116902806103,46.55505088071335,46.66741955115528,16673500
2011-02-17,47.12815475463867,47.178723674972936,46.661820748175664,47.178723674972936,17853500
2011-02-18,47.47649383544922,47.47649383544922,46.914641837396566,47.145003214161626,22839500
2011-02-22,48.0046501159668,48.71258075407954,47.60573559514688,47.74057891384571,32580400
2011-02-23,48.92045593261719,49.572206343008766,48.02149354465535,48.31927443379982,38624600
2011-02-24,48.30242538452149,49.17891328267292,48.01587961528301,48.99350106218971,28577100
2011-02-25,47.94845962524414,48.454127409144704,47.92036959016679,48.201295660490246,22230300
2011-02-28,48.05521011352539,48.633917098936536,48.03273551481342,48.24624205928142,24507000
2011-03-01,47.645050048828125,48.60019670881607,47.58886142104845,48.54963208772292,23001800
2011-03-02,47.8023681640625,47.93721144092656,46.942735308344574,47.527057603619,17423600
2011-03-03,48.21815490722656,48.29119414895474,47.78553060583474,48.01588777534175,17153500
2011-03-04,47.8023681640625,48.31927096420013,47.58886166522138,48.27432177638195,20028600
2011-03-07,47.60010528564453,48.36422439929553,47.58325041038017,48.22937682399886,18062700
2011-03-08,47.53267288208008,47.81921856940679,47.0550995942623,47.532672882080085,17658200
2011-03-09,47.40908432006836,47.50460244629191,46.948365714477546,47.263005842958194,13306600
2011-03-10,45.72352600097656,47.08321144921192,45.62239244344818,47.08321144921192,25996300
2011-03-11,46.1392936706543,46.5831573216832,45.00435008534212,45.5212529625184,17607100
2011-03-14,46.28538131713867,46.431464085042606,45.7684783372841,45.88646678138621,16383200
2011-03-15,45.729148864746094,46.122443678495735,44.8077116268824,45.043688515132175,23191300
2011-03-16,44.56049728393555,45.965127805170106,44.27395574395006,45.639256782053735,33396500
2011-03-17,45.59989929199219,45.79092686798892,45.07737688755646,45.16165123779647,21941300
2011-03-18,45.42574691772461,46.25729001232303,45.42574691772461,45.9426498834143,28895900
2011-03-21,46.54381561279297,46.81912616725098,45.99320307705774,45.99882279706046,18207000
2011-03-22,46.38652420043945,46.76296849668678,46.25730057281136,46.68992495476471,16209700
2011-03-23,46.40896987915039,46.63371151485325,46.07185956889117,46.43706419108456,15390600
2011-03-24,46.48201751708984,46.89778679390158,46.38088398634207,46.51010754493667,17009000
2011-03-25,46.98207092285156,47.15624369019649,46.532587559043385,46.62810138071053,16497300
2011-03-28,46.89780044555664,47.20120112611801,46.886561001873744,47.11692244486344,14608200
2011-03-29,46.774200439453125,47.13378554134554,46.414615337560704,46.72363579383976,16277400
2011-03-30,47.47088241577149,47.678769234573736,46.92026976189291,47.0832073842096,15770400
2011-03-31,47.26862335205078,47.72372654228261,47.257388194315496,47.65630273609477,15317800
2011-04-01,47.57764053344727,47.66753464898637,47.29109473489488,47.600115133979976,15531500
2011-04-04,47.68439483642578,47.71810459465153,47.23491138932054,47.3416646724912,13096100
2011-04-05,47.993408203125,48.285573712965295,47.5102150255051,47.577638824681685,17122600
2011-04-06,47.85857009887695,48.257484642580096,47.73496193023247,48.16759052048815,13339700
2011-04-07,48.1844367980957,48.20129167506684,47.70686337535132,47.84732639889916,16006700
2011-04-08,48.29119110107422,48.4428935837092,47.95970038654671,48.319285423515296,15943200
2011-04-11,47.84733200073242,48.40356443885845,47.633825436524525,48.29119143490908,13026500
2011-04-12,46.73486709594727,47.33604879042728,46.448321268008655,47.33042906806985,20728800
2011-04-13,46.723628997802734,47.1674884444906,46.38651426304408,46.95960588286027,14489400
2011-04-14,46.88093948364258,47.10567688903849,46.28537335688794,46.28537335688794,15717500
2011-04-15,47.3585205078125,47.45965407112356,46.83599781180401,47.08321414136258,17022500
2011-04-18,46.68991088867188,47.195578660206685,46.31909071394071,46.69553061018658,15107300
2011-04-19,47.08321762084961,47.18996662747261,46.61687925075295,46.61687925075295,12770800
2011-04-20,48.12263488769531,48.139489765424,47.68439092038365,47.78552447334722,15447600
2011-04-21,48.52155303955078,48.560882519416005,48.07206959544094,48.19005803503661,12797200
2011-04-25,48.44289779663086,48.60021572816207,48.25748554021529,48.48222727951366,9852800
2011-04-26,49.11710739135742,49.15082143075563,48.46536121307114,48.56087503708523,17908800
2011-04-27,49.31938171386719,49.38680551595988,48.48222319919394,49.15082863852314,17755800
2011-04-28,49.072147369384766,49.16204573915681,48.61704866053687,48.89797463618919,18705300
2011-04-29,49.4317626953125,49.44299785417867,48.898000487431226,49.12274224408689,17352300
2011-05-02,48.8642692565918,49.51601534930846,48.58334325584018,49.499160475117854,18651200
2011-05-03,48.10577774047852,48.757523939258505,47.77990249779288,48.65077066989118,18417100
2011-05-04,47.650665283203125,48.09452886394677,47.14500192802293,47.86417178005653,22867000
2011-05-05,46.42023086547852,47.18996564531732,45.84151949178087,46.92589442228656,27491200
2011-05-06,46.45954895019531,47.25175813833647,45.98759098328031,46.78541989235611,26314700
2011-05-09,46.73486709594727,47.038267804366,46.16177972666224,46.63935324883179,18254600
2011-05-10,46.82475280761719,47.06073395171628,46.352799092601856,46.67867434530754,17695700
2011-05-11,45.83594512939453,46.72305579789313,45.45171860547072,46.6213486500632,24192000
2011-05-12,45.796382904052734,46.10149997211211,44.87536717378697,45.55341611955904,21853600
2011-05-13,45.69468307495117,46.2032144768619,45.3274070428686,45.93199830396329,17628500
2011-05-16,45.33869934082031,45.92068845122928,45.27089746288697,45.32740046479899,16435100
2011-05-17,45.43476486206055,45.64947802051063,44.97708057432013,45.197445326938265,18067800
2011-05-18,46.18626403808594,46.48573387170724,45.4460646900104,45.70033039114835,17957000
2011-05-19,46.51963806152344,46.66089773912245,45.960246634381015,46.48573280748547,15229100
2011-05-20,46.09020614624024,46.47443263100565,45.71163125547372,46.321874080260514,19003400
2011-05-23,45.5816650390625,45.77378041405343,45.24264272479319,45.327399381086174,16288500
2011-05-24,45.932010650634766,46.40099395134437,45.73424790663208,45.79640252773357,15687300
2011-05-25,46.31056213378906,46.63263395636426,45.67771736359642,45.75117513897999,19347200
2011-05-26,46.55353546142578,46.65524259399218,45.875490784918426,46.10715439687899,16873700
2011-05-27,46.68912506103516,46.97164428294584,46.41790902210558,46.7512796347276,11949100
2011-05-31,47.16378021240234,47.32199035608716,46.740001194288126,47.05642148165775,23630700
2011-06-01,46.3501091003418,47.26547305455755,46.19755059675674,47.20897006474463,19550200
2011-06-02,45.95458221435547,46.51396912199552,45.57035586213061,46.20319622280569,18152600
2011-06-03,45.86983871459961,46.21451264299881,45.30480005307998,45.33870099328224,17281200
2011-06-06,45.3669548034668,45.87549046272725,45.24829720145651,45.7285792031847,15954300
2011-06-07,45.20309448242188,45.81898457551142,45.18614401173545,45.54776842272258,16188100
2011-06-08,45.632511138916016,46.259704228022535,45.496898793070166,45.54775450048779,23567300
2011-06-09,45.86983871459961,46.15235804535942,45.745529519320826,45.90373965480187,17665100
2011-06-10,45.07879638671875,45.73989077174908,45.044895436995375,45.73989077174908,18965900
2011-06-13,44.76801681518555,45.54211705302941,44.547647762468245,45.20309470492309,17854200
2011-06-14,45.417816162109375,45.666434607960575,45.16920202716201,45.23135663862481,16443400
2011-06-15,44.44594192504883,45.14093704492057,44.2820802005426,44.937522787664754,21713900
2011-06-16,44.76236724853516,44.92622899157,44.25948314204004,44.40639010263411,19037500
2011-06-17,44.64935302734375,45.17483915370863,44.46289354578423,45.11833614987536,25441200
2011-06-20,45.03922271728516,45.174830763479385,44.4233327613556,44.44028322826712,15836400
2011-06-21,45.52515411376953,45.8359270291122,45.20873391698564,45.333043083122696,17897300
2011-06-22,45.10139846801758,45.5816806031355,44.96013876292972,45.2935139086072,18599700
2011-06-23,44.32164001464844,44.49680064404382,43.63794365856901,44.491149049607486,30032800
2011-06-24,43.38366317749024,44.42898372914648,43.38366317749024,44.383783917266406,36292700
2011-06-27,44.02780151367188,44.34422602397431,43.34975699755592,43.44016092128383,20606900
2011-06-28,44.994022369384766,45.0109771486194,44.287724116193296,44.395082830167176,18421500
2011-06-29,45.34434127807617,45.48560090822594,44.762352291603406,45.118325007656175,18899900
2011-06-30,45.98284149169922,45.99979627151195,45.35564827660801,45.42345446315121,19942100
2011-07-01,46.33883666992188,46.38403650102434,45.53647823746742,45.8755049916136,18050100
2011-07-05,46.10714340209961,46.400965853182925,45.91503237023135,45.9376344288456,18859600
2011-07-06,46.09020614624024,46.14106187042403,45.68337759638237,45.99415060277467,15042600
2011-07-07,46.53659439086914,46.67220249138091,46.259726594977344,46.48573865886236,18379200
2011-07-08,46.57047653198242,46.6326311177224,46.02804003808058,46.09584621640658,18336500
2011-07-11,46.276668548583984,46.39532615354846,45.83593906988653,45.93764620427079,20717000
2011-07-12,46.270992279052734,46.90383681227868,46.050627657221526,46.05627924803535,22639600
2011-07-13,46.60440444946289,47.158140087025,46.37838805598882,46.48574250193829,19015100
2011-07-14,46.4687728881836,46.96035801820737,46.38401623667572,46.926457081965175,19413200
2011-07-15,46.898216247558594,46.94906766582224,46.48008877963336,46.5704927379588,22705100
2011-07-18,46.700462341308594,46.81346838822121,46.37839036561286,46.49704800814241,17343500
2011-07-19,47.25419235229492,47.32765015381253,46.78521343390885,46.841716450604345,16424900
2011-07-20,47.06772232055664,47.4010930622687,46.99426453543828,47.37283940477658,12808400
2011-07-21,48.039588928222656,48.163898133393005,47.32199166778912,47.384146270374295,21359700
2011-07-22,48.15259552001953,48.25995424541027,47.76836905698747,48.1412923326611,13152600
2011-07-25,47.78532409667969,48.10174439852805,47.57625821958514,47.57625821958514,14007600
2011-07-26,47.672306060791016,48.08478180588303,47.48584229667436,47.84181504652253,16226700
2011-07-27,47.073360443115234,47.60449806210992,47.033807916864696,47.34458084519181,19820600
2011-07-28,46.02804946899414,46.58743654436753,45.85288886105669,46.18625960660253,24556600
2011-07-29,45.08443069458008,45.70032070321665,45.06748022621796,45.64946929813029,26609000
2011-08-01,44.97706985473633,45.86983184076905,44.49113633377686,45.66641760823243,22864500
2011-08-02,43.98260498046875,44.98272577173216,43.971306104642665,44.58154886091498,28410500
2011-08-03,43.91481018066406,44.12952334318236,43.20286018361424,44.03911938929694,28373000
2011-08-04,41.72246551513672,43.58144379995037,41.53600597583829,43.327178048513474,42624200
2011-08-05,42.27619171142578,42.8242798928482,40.72233542058616,42.38355043464541,47167500
2011-08-08,39.660064697265625,41.496440331726006,39.49620296949775,41.10091068545438,58857600
2011-08-09,40.47936630249024,40.60932708160021,37.87453792517329,39.99908433873191,61753300
2011-08-10,38.69342803955078,40.376986963956256,38.36922926592154,40.2347944432527,47758300
2011-08-11,40.71256637573242,41.178957702215,39.03469191214665,39.13707070768535,50328600
2011-08-12,40.95145034790039,41.57709663811895,40.72394142253769,41.15620794678964,31129000
2011-08-15,42.253936767578125,42.30512400036424,41.37803017847072,41.54297404973498,23388200
2011-08-16,41.80460739135742,42.28237225007437,41.42353241985148,41.71929099819454,26341400
2011-08-17,42.17999267578125,42.51556495169902,41.804602327088666,42.25393122656699,18269400
2011-08-18,40.34854888916016,41.40077261779056,39.93334484175665,41.18464156014159,35457700
2011-08-19,39.70014953613281,40.94006836593742,39.626206655582266,39.85371553377384,34935300
2011-08-22,39.91629409790039,41.04246103957199,39.57503283476041,41.03677212236414,27202900
2011-08-23,41.89561462402344,41.97524210413076,40.10967222046335,40.15517487748816,38059600
2011-08-24,41.82735824584961,42.009364524165406,41.105017709860206,41.4974705103485,22752900
2011-08-25,40.82064056396485,42.04349751819263,40.53625542760363,41.88424253613,30924500
2011-08-26,41.31546401977539,41.52022162425022,39.9333523592563,40.31442732449536,26974400
2011-08-29,42.15724563598633,42.21412178386182,41.508848003587424,41.70791669083763,18967100
2011-08-30,42.03780364990234,42.31649980692304,41.503158323094944,41.8557930370557,22437000
2011-08-31,42.10036087036133,42.58381892660227,41.71359702899147,42.293744960732006,29189000
2011-09-01,41.79893112182617,42.57814805073734,41.77617978747402,42.17432162957666,23393500
2011-09-02,41.03108978271485,41.34391518870841,40.667077131762206,41.01402736772849,21071800
2011-09-06,40.46800231933594,40.56469221599968,39.76272845635864,39.89354317787489,25416300
2011-09-07,41.88991928100586,41.88991928100586,40.80925520899102,41.08795134661376,23108400
2011-09-08,41.41784286499024,42.28237159860284,41.258587914538325,41.74204168251645,22434800
2011-09-09,40.38836288452149,41.275642783127566,40.14947616312118,41.04813389289312,27969100
2011-09-12,40.86045455932617,40.88889480888532,39.73998076028488,40.00729914502581,26205800
2011-09-13,40.75238037109375,40.94007555400928,40.27461120906983,40.8149454320656,22825400
2011-09-14,41.31546401977539,41.95248816029395,40.47368661415395,40.92870013791983,26042800
2011-09-15,42.094669342041016,42.12310523870704,41.3382041929183,41.7647816972456,21858300
2011-09-16,42.40181350708008,42.51556579352148,41.844416889025474,42.384746758679455,34652600
2011-09-19,41.918365478515625,42.145874445246406,41.23584291769591,41.469040801922425,19822500
2011-09-20,42.094669342041016,42.64637694193697,41.77047061232711,42.01504188838292,20420000
2011-09-21,40.93437576293945,42.253921930329554,40.85474831365156,42.02072415786462,23806200
2011-09-22,39.381629943847656,40.07552997399068,38.77304627369063,39.7797715106589,43223000
2011-09-23,39.42146682739258,39.87648478840206,38.63656540099274,38.93801295592805,26583200
2011-09-26,40.79220199584961,40.88889189446244,39.52953137838435,39.81960541359536,30342400
2011-09-27,41.469032287597656,42.28236940821858,41.1903317993726,41.70791470090052,26689900
2011-09-28,40.99125671386719,42.25392690018988,40.8718155258868,41.19601427593957,26026500
2011-09-29,42.02072525024414,42.1117305314364,41.33251408386757,41.58846318269283,27713900
2011-09-30,41.30978012084961,42.42456924763594,41.30978012084961,41.38372302772984,30917000
2011-10-03,40.46800231933594,41.577102520766864,40.468002319335945,40.979896388985765,31004200
2011-10-04,41.42352294921875,41.605529187980665,39.36457384748557,39.95609520830457,36500000
2011-10-05,42.0605354309082,42.0889756637264,41.070876947892906,41.33251060021326,28239800
2011-10-06,42.02642440795898,42.08898946918453,41.30977283170285,41.690852115359846,24869800
2011-10-07,41.83872604370117,42.38474480431169,41.53727859309686,42.35630890369831,23573900
2011-10-10,43.385780334472656,43.3914692502083,42.45868668064082,42.50418932778345,20465800
2011-10-11,43.380104064941406,43.60761302760687,43.06159412083328,43.1014078638468,17862100
2011-10-12,43.88631057739258,44.17069567650153,43.40285243740956,43.64742379621815,22239000
2011-10-13,43.43697738647461,43.67585980510402,43.13552556558874,43.35166099714358,19540300
2011-10-14,44.4266357421875,44.49488972079207,43.835114279063205,43.8521766888714,17870600
2011-10-17,44.0626220703125,44.64276568575382,43.86355339537536,44.29013098711423,18836200
2011-10-18,44.87025833129883,45.22289724143299,43.806657026082135,44.11948221566648,23878500
2011-10-19,44.608646392822266,45.06934886036992,44.31857237948342,44.688273872660815,20910900
2011-10-20,44.76790237426758,44.99541132444412,44.26738615537703,44.546082341172834,22227600
2011-10-21,45.57555770874024,45.59262446099061,45.03522771720399,45.2684212588218,27855300
2011-10-24,45.59829330444336,45.785988460076574,45.24565865499179,45.45610079369778,19861100
2011-10-25,45.183101654052734,45.780307701974536,44.96128164491438,45.40492166319109,23433400
2011-10-26,46.11019515991211,46.22394745236984,45.09209608673971,45.59261658804607,27170500
2011-10-27,46.57090377807617,46.75291007383298,45.89407017102211,46.587970529648814,35489500
2011-10-28,46.34339904785156,46.63346873328069,45.75187750326742,46.064698518031214,21753400
2011-10-31,44.41525650024414,45.86562203913037,44.36406927244355,45.83718179743784,30616900
2011-11-01,43.192413330078125,43.85787346813267,42.91371278867268,43.12415933923693,35835000
2011-11-02,44.00574493408203,44.13087071309961,43.51091337664447,44.00574493408203,21761300
2011-11-03,44.85320663452149,44.93283409462809,44.04555420237091,44.47213174124396,24480600
2011-11-04,44.65980911254883,44.71100065827188,44.01141179585566,44.40386440204304,18192800
2011-11-07,45.13189697265625,45.21152442257874,44.43231232842711,44.830449578039584,17998100
2011-11-08,45.63540267944336,45.70405896512231,44.98886022112187,45.3436003696277,19023800
2011-11-09,44.27938079833984,45.15478329354316,44.0734032270889,44.57118308514973,24130100
2011-11-10,45.02891159057617,45.21200229611619,44.42242444695487,44.931645608151385,18668800
2011-11-11,45.61253356933594,45.74412774498247,45.39511027269284,45.561036969783686,15134500
2011-11-14,45.177677154541016,45.62968331876733,44.85154667721659,45.50380763186544,13589900
2011-11-15,45.25205612182617,45.68689821202529,44.91448438544833,45.12046198789913,19475000
2011-11-16,44.77145004272461,45.62968870169058,44.662738415716106,44.76572722940112,20376800
2011-11-17,44.54831314086914,45.4466028594387,44.11347095120669,44.69707574671671,25964300
2011-11-18,44.57120513916016,45.017488642617934,44.119198821106416,44.75429591917434,23104500
2011-11-21,44.0047607421875,44.24506652890664,43.5184219899631,43.78733747924641,20204200
2011-11-22,43.50124740600586,44.11345735203013,43.4154226842736,43.70150217989666,18925100
2011-11-23,42.671630859375,43.09502741212691,42.6430211555125,42.92910073322583,23331800
2011-11-25,42.28256607055664,43.026370417005104,42.28256607055664,42.63158353439577,10254500
2011-11-28,43.39255142211914,43.77590140183234,43.10075337449951,43.39255142211914,20148600
2011-11-29,44.01620101928711,44.34233154117438,43.56419479329814,43.71868019932391,19768400
2011-11-30,46.02449035644531,46.07598259239321,44.840120912129606,44.86872625480226,33953000
2011-12-01,45.6525764465332,45.97298415502088,45.412270665167455,45.88715941446807,17261100
2011-12-02,45.6525764465332,46.19612586132159,45.57247451941129,46.15607489776063,19461300
2011-12-05,46.03020095825195,46.44787905016624,45.658301010312094,46.276229562480296,18295000
2011-12-06,46.24190521240234,46.71107557005441,45.93866154242613,46.1331935702493,20122700
2011-12-07,46.39065170288086,46.83693501420135,45.97297372176778,46.12173628061682,19643400
2011-12-08,45.69835662841797,46.25907019685869,45.51526586001696,46.20185515021367,18443600
2011-12-09,46.539432525634766,46.77401991962404,45.96727326056291,46.133199971261206,21842300
2011-12-12,45.80133819580078,46.39637982482775,45.32072227669125,46.190406562612296,17846500
2011-12-13,46.075958251953125,46.80832098896333,45.85281661693365,46.12173201432282,21873600
2011-12-14,45.45232772827149,45.87000149499647,45.00604425578037,45.53814811511346,23934400
2011-12-15,45.7899055480957,46.11603615644948,45.6468657310067,45.73269049430586,17954200
2011-12-16,45.8642692565918,46.29338852269662,45.70406106378873,46.19611817147374,33465700
2011-12-19,45.50382614135742,46.03593443819729,45.41800137762929,45.9100587000932,16048400
2011-12-20,46.91704559326172,46.91704559326172,46.12174480376487,46.15035450448589,21163300
2011-12-21,47.5578727722168,47.68374412544636,46.91705291699041,46.92849417992832,19160300
2011-12-22,48.227298736572266,48.53626522356114,47.66086235970676,47.8096206064128,19841300
2011-12-23,48.759395599365234,48.76511841220629,48.18151372878035,48.22156468821333,10243800
2011-12-27,48.79372787475586,48.9939826888658,48.60491432206896,48.61635994871956,10147100
2011-12-28,48.16435623168945,48.885277965142606,48.067090226247146,48.71935129191454,12767500
2011-12-29,48.78801727294922,48.822349796266806,48.11286918408527,48.11286918408527,10865900
2011-12-30,48.4962043762207,48.79944798726519,48.38749275519445,48.725068879063045,9768900
2012-01-03,49.2056770324707,49.58902253844128,49.14846200198998,49.188512959849184,20906800
2012-01-04,49.21711730957031,49.29150077641408,48.69073205529676,49.08552317861539,16130900
2012-01-05,49.06836700439453,49.17707426806639,48.58775107709522,48.99970633900102,17452800
2012-01-06,48.702186584472656,49.20568504601972,48.69646377092448,49.159911268089694,15942100
2012-01-09,48.91959381103516,48.99969572068889,48.61635024374221,48.63351431506419,11664200
2012-01-10,49.04547882080078,49.32583555793931,48.85094245660338,49.24573363304258,13080800
2012-01-11,48.67929458618164,48.862385313457,48.33027720524623,48.69073584684942,14831400
2012-01-12,48.48476028442383,48.58774909570042,48.02703562948253,48.2845054750603,17357200
2012-01-13,48.56486511230469,48.587752001204485,47.95837783475703,48.15291420779146,15551600
2012-01-17,49.028316497802734,49.28006354280315,48.86238982880948,49.0626446482056,15627900
2012-01-18,49.46316146850586,49.49177117481384,48.61064547631346,48.80518187570543,16754200
2012-01-19,49.79500961303711,49.915162509471855,49.07408786920079,49.400218406731625,16383500
2012-01-20,50.05819320678711,50.0581932067871,49.617632666515824,49.82361027021402,19220300
2012-01-23,50.046756744384766,50.315672217505,49.79500534568029,50.063920818800526,15348400
2012-01-24,49.880836486816406,49.90372337738486,49.58331563988256,49.82362144300928,12363800
2012-01-25,49.90373611450195,49.99527933491265,49.09698938566006,49.646261803811726,18202300
2012-01-26,49.64625549316406,50.1840865773604,49.49749723325203,50.14403560504122,15658200
2012-01-27,49.10841369628906,49.49175922296268,49.07408118396485,49.342996643497074,15976700
2012-01-30,48.91389846801758,48.9196212834143,48.39895421304108,48.788022720664536,17867000
2012-01-31,47.912593841552734,48.82804737622299,47.75239001863879,48.58774164185207,27225800
2012-02-01,48.04420852661133,48.38178035792584,47.706632330068565,48.192971140268895,22266100
2012-02-02,47.79243850708008,48.25588588018804,47.59790655079208,48.22155773854347,18020500
2012-02-03,48.58776473999024,48.63353852979085,48.089988962902375,48.19869625714276,16145400
2012-02-06,49.06263732910156,49.11985235964695,48.341715721594056,48.55913894898435,15000900
2012-02-07,49.40022659301758,49.4574460090924,48.59920715071284,48.75941103917379,15818400
2012-02-08,49.08382797241211,49.60159075053163,48.74440838899721,49.37722761153351,14762600
2012-02-09,48.830692291259766,49.29668092661386,48.70988172331506,49.08957584181681,17073400
2012-02-10,48.2093620300293,48.381946605176985,47.95047858362823,48.3359222961564,15328900
2012-02-13,48.56604766845703,48.66960018671234,48.26114425057204,48.52002335165013,11473700
2012-02-14,48.70986557006836,48.73287772620575,48.23812734205178,48.56604288604965,12961900
2012-02-15,48.39345550537109,48.85368543419395,48.27264498446311,48.81916939654017,13911600
2012-02-16,49.13558578491211,49.25639631748954,48.37044802280159,48.583302794386505,14769600
2012-02-17,49.25638961791992,49.54403495801474,48.85368350831543,49.51526866835743,16597200
2012-02-21,49.80293273925781,49.92374330083995,49.49802926634271,49.49802926634271,15481300
2012-02-22,50.0042724609375,50.19411946761361,49.84894588491539,49.95824814614568,11983200
2012-02-23,50.06180191040039,50.14809640551062,49.74539461382332,49.808676950962806,12404600
2012-02-24,50.24587631225586,50.32066689544429,50.05603375975298,50.2631387162277,10767100
2012-02-27,50.18262100219727,50.52779462216736,49.92373749537917,50.13659668243573,13323500
2012-02-28,50.13083267211914,50.30342164267383,49.79141325624671,50.18261111893349,14317600
2012-02-29,49.76264953613281,50.332186145800826,49.59581469307449,50.30917398926312,18293200
2012-03-01,49.95249557495117,50.15384645438327,49.710874519632654,49.7453905592153,12638500
2012-03-02,49.66484451293945,49.90646554055404,49.3887030605803,49.854691487116405,11343400
2012-03-05,50.05604553222656,50.10206545295183,49.42322663377652,49.57279905709323,12803100
2012-03-06,49.39446258544922,49.75114441926264,49.141333258928725,49.613071483458754,16507900
2012-03-07,49.37721252441406,49.5440473902277,49.00902674783247,49.48076504839768,14767700
2012-03-08,48.80191421508789,49.17009993520063,48.68685343435266,48.89971258687284,19032000
2012-03-09,48.49701690673828,48.97450494200791,48.353194204629474,48.93423476098226,17042500
2012-03-12,49.21611404418945,49.33117041195162,48.399198032249366,48.61205714064037,19014000
2012-03-13,49.9697494506836,50.01001962323035,49.25063609154886,49.41171678173591,16853300
2012-03-14,49.48649978637695,49.95248819752132,49.32541910662111,49.81441528134259,16187300
2012-03-15,49.52677154541016,49.59005387007602,49.043529490637525,49.41171516735557,14523600
2012-03-16,49.7281379699707,49.98701707335136,49.428984297185465,49.59006501832192,30991300
2012-03-19,50.04453659057617,50.15384322771559,49.49225804718491,49.52102433773309,10770400
2012-03-20,49.820159912109375,50.10780518225911,49.659079263084486,49.73961958759693,13613800
2012-03-21,49.48074722290039,49.81441244520371,49.34267431458272,49.81441244520371,14212400
2012-03-22,49.089542388916016,49.44046996628096,48.95722363469708,49.175836846961545,13884400
2012-03-23,49.21611404418945,49.46348918508528,48.911206330293446,49.106807422432034,12557700
2012-03-26,50.06757354736328,50.1941382658806,49.515294730387474,49.57857708964613,17336800
2012-03-27,49.83169937133789,50.1941310584961,49.78567504591808,50.13084870832417,12509200
2012-03-28,49.39446258544922,49.75114441926264,48.98025255627749,49.6821079513607,16155300
2012-03-29,49.52102279663086,49.549784697164256,48.847933754299376,49.08380065079932,13199700
2012-03-30,49.89496994018555,49.91222796086266,49.52677981288626,49.75114724904934,12968300
2012-04-02,50.0905647277832,50.43573829514133,49.65334253493221,49.82017737679799,13853300
2012-04-03,49.37721252441406,49.923737052087176,48.89972008664959,49.90647902961002,17714900
2012-04-04,48.88821029663086,49.10681920347229,48.60631466648254,49.07230316268683,17112800
2012-04-05,48.796165466308594,49.118326909696776,48.5257780881276,48.64658862939817,11954700
2012-04-09,48.25538635253906,48.531527842736864,48.14032995861003,48.31291893862367,11027000
2012-04-10,47.27163696289063,48.18059734530119,47.104802128970725,48.18059734530119,19993700
2012-04-11,47.5765495300293,47.95048944456069,47.26014220936479,47.81242087534565,15856200
2012-04-12,48.09431076049805,48.16910137471441,47.38095138620396,47.54778624752897,15266200
2012-04-13,47.72036361694336,48.146081911235264,47.668589558759685,47.73187188928632,13856500
2012-04-16,48.330177307128906,48.54878621281768,47.82391863630421,47.8872009701573,17526100
2012-04-17,49.15859222412109,49.244886713378285,48.65233795046298,48.69836226328282,14208000
2012-04-18,49.33118438720703,49.50377337686288,48.9112201865753,48.934232344470765,12997500
2012-04-19,49.06078338623047,49.42896903201268,48.888198833649554,49.19310216008304,15973800
2012-04-20,49.07231903076172,49.42899660520071,48.916988018758914,49.21614176603462,17216600
2012-04-23,49.29669189453125,49.43476051874074,48.54881176757856,48.62935216412763,15197200
2012-04-24,49.6533432006836,49.69936751404711,49.26789945178432,49.26789945178432,11632500
2012-04-25,49.9639892578125,50.153836214997966,49.31391244004541,49.84893288994687,18476800
2012-04-26,49.5152587890625,49.590044982482745,48.98599252227604,49.06077871569629,17262400
2012-04-27,49.52102279663086,49.87195046262309,49.45198633493549,49.76264382888531,11372900
2012-04-30,49.67061996459961,49.935257671743386,49.4002368970775,49.45201097730883,11735400
2012-05-01,50.07330322265625,50.34944030167546,49.54978657712274,49.73963356214828,13816900
2012-05-02,49.590065002441406,49.84894849485963,49.377210216345176,49.7971700407278,11108700
2012-05-03,49.27364349365234,49.69935733224962,49.07804239648979,49.682099315553934,9998600
2012-05-04,48.65233612060547,49.07805002537741,48.55453775138162,48.96299363677522,15055500
2012-05-07,48.60055541992188,48.77889411461654,48.38194216668917,48.49124879330552,12018100
2012-05-08,48.3359260559082,48.47399899370982,47.7031071195709,48.18059948728142,19602400
2012-05-09,47.92746353149414,48.36468566251659,47.680088371864,47.77213698434007,17424000
2012-05-10,47.98540115356445,48.41984167090079,47.81742137589565,48.29240949807574,13234600
2012-05-11,48.13600158691406,48.53568822017976,47.811620794325584,47.89850976929946,12061700
2012-05-14,47.56834411621094,47.7652883716677,47.47566134703764,47.65522868811382,12675900
2012-05-15,47.37718200683594,47.921682144442855,47.22657473953588,47.498824808339336,15757400
2012-05-16,47.59729766845703,48.16496850374353,47.37718275075989,47.47565486504358,15034500
2012-05-17,47.446685791015625,47.85216172524856,47.31345545870696,47.58570547998745,17698200
2012-05-18,47.19181823730469,47.9158856475509,46.93694509470385,47.71314765655331,21747200
2012-05-21,47.52199935913086,47.57413009857303,46.96012226412604,47.16286028310784,13730400
2012-05-22,47.469852447509766,47.98538803357779,47.22077310889832,47.57991209600392,13790000
2012-05-23,47.52199935913086,47.54517004977984,46.31714996152848,47.377185857092805,17582200
2012-05-24,47.8521842956543,47.95065643764912,47.33085469191948,47.66682314981062,14113600
2012-05-25,47.545166015625,48.05490790857926,47.313463548152335,47.99698339655034,12756500
2012-05-29,47.45829391479492,47.869563841618174,47.10494852059944,47.869563841618174,15931100
2012-05-30,46.21866607666016,47.13967759390377,46.102812652903694,46.96590408730344,19593100
2012-05-31,45.54673004150391,46.421404619442974,45.41929790282661,46.27079737637088,38954600
2012-06-01,45.13546371459961,45.50618586433852,44.87480122221829,45.10650367064426,22870900
2012-06-04,45.083343505859375,45.32662914477656,44.71841062812595,45.2339463760323,17711200
2012-06-05,44.95009613037109,45.34978268554216,44.67784612434767,44.94430235467638,17715600
2012-06-06,46.44458770751953,46.47934153468015,45.22815514396567,45.39613934083778,23880900
2012-06-07,46.739994049072266,47.05279165490416,46.54304544420503,46.907978194020295,18409400
2012-06-08,46.8268928527832,46.87323423502629,46.0275238961984,46.38666297954619,18150000
2012-06-11,46.49669647216797,47.411918455927264,46.43877198115841,47.278692568540826,18031800
2012-06-12,47.07018661499024,47.21500013141151,46.6994643665004,46.76897202599362,14162100
2012-06-13,46.70523834228516,47.290285993354765,46.50250036994114,46.88481004866673,15098100
2012-06-14,47.57411956787109,47.78844509441434,46.76316767145099,46.838469084873886,16942300
2012-06-15,48.20551681518555,48.338742755448415,47.62626283647744,47.82900084515386,27342800
2012-06-18,48.14179611206055,48.18234371176438,47.70156187287826,47.79424462611955,13885100
2012-06-19,48.93536758422852,49.02225212693907,48.25763721559282,48.50092719325096,21053300
2012-06-20,49.2192268371582,49.46251252447762,48.6921034286076,48.889052141693696,23274300
2012-06-21,47.562538146972656,49.4509071009503,47.52778432711967,49.25975225304582,33751900
2012-06-22,47.562538146972656,48.20551033039209,47.56253814697265,47.89271269364562,84747800
2012-06-25,47.058570861816406,47.16863048254445,46.21286096297993,47.04698773196063,28761600
2012-06-26,47.73051834106445,48.06069286029264,47.04120484223383,47.214982765767054,22853700
2012-06-27,48.19392395019531,48.460384640073535,47.910090769324434,47.96801527694101,15301400
2012-06-28,48.13600158691406,48.34453335910862,47.510406270330414,47.88113285817605,19140300
2012-06-29,49.5667839050293,49.64208536338381,48.923811361100746,49.10917253650796,24906300
2012-07-02,49.43351745605469,49.50882327887707,48.97011706499326,49.491446371873685,14447800
2012-07-03,49.97803115844727,49.97803115844727,49.59572584140792,49.63627344199325,9787700
2012-07-05,49.5667839050293,49.83903409814342,49.32349819093714,49.42776412831364,10797100
2012-07-06,49.120750427246094,49.25977017659798,48.77319442482912,48.80795267668571,13259400
2012-07-09,48.45458984375,48.97591924004081,48.08965705666816,48.958537910700656,22361600
2012-07-10,48.14179611206055,48.8832404605632,47.979605713245206,48.70367315035434,14106100
2012-07-11,48.877437591552734,49.05121551187583,48.2170885652947,48.35611266929562,18337600
2012-07-12,48.726837158203125,48.975916499194106,48.26343229424344,48.315567440633146,15566400
2012-07-13,49.50883102416992,49.56675552969499,48.807934342796685,48.91798957748737,13642000
2012-07-16,49.26557159423828,49.479892820355424,49.0396628092528,49.13813496283953,11269200
2012-07-17,49.6594352722168,49.71156599823122,48.7152486537419,49.34084388205234,14059400
2012-07-18,49.9374885559082,49.943282333530846,49.27713932636547,49.43353596731719,14203500
2012-07-19,49.9374885559082,50.035960678705855,49.595730805249005,49.82742887786526,14902300
2012-07-20,49.7868766784668,49.90273012344044,49.39298380427049,49.74053971983439,16838300
2012-07-23,49.35821914672852,49.50303260664241,48.8484773587998,49.12072737053489,13597800
2012-07-24,48.99330139160156,49.38719426434474,48.36770604912291,49.35822979836893,13948300
2012-07-25,49.375614166259766,49.555185927583736,49.03965017473541,49.31768964491817,16566000
2012-07-26,50.11706161499024,50.22132752732524,49.38720464800309,49.56097822232281,19149300
2012-07-27,50.655757904052734,50.88746037590263,49.52621443040047,50.157599136350434,24079300
2012-07-30,50.7194709777832,50.875872008422746,50.44143157564541,50.55728058997672,11183500
2012-07-31,50.30820083618164,50.77739950505445,50.27344701602683,50.609415342045246,12212200
2012-08-01,50.34295654296875,50.655749747338746,49.92009926848044,50.406670403594966,14312300
2012-08-02,49.74631881713867,50.250271255277966,49.526203946124106,49.87375537064673,14530100
2012-08-03,50.71367645263672,50.91062064080166,50.279236064131055,50.43563265947638,13982500
2012-08-06,50.655757904052734,50.90483728790389,50.60942094516841,50.71368683653301,9626400
2012-08-07,50.928009033203125,50.97435041240557,50.78898931495293,50.904838343601895,12399800
2012-08-08,51.13655090332031,51.263987511576325,50.78899932948632,50.82954693944432,12864500
2012-08-09,51.42221832275391,51.58546720231962,51.01993867317914,51.21233135424657,12213700
2012-08-10,51.56212615966797,51.59127439806846,50.81003221895856,51.11319969716117,11149000
2012-08-13,51.387245178222656,51.44554613287086,51.1715267531388,51.36392390674783,8716300
2012-08-14,51.42221832275391,51.67874782828002,51.24731548104923,51.40472848339115,8675700
2012-08-15,51.30559921264648,51.696220320931886,51.253129712164416,51.41637408887618,8510100
2012-08-16,51.69623565673828,51.812841994749405,51.282293164971975,51.41638934166553,11311300
2012-08-17,51.53881454467773,51.83615509968752,51.39889140917512,51.82449224368448,11177700
2012-08-20,51.27644729614258,51.4338646961082,51.08988165594032,51.34641107924683,8813700
2012-08-21,50.99077987670898,51.54464992938704,50.87417799618551,51.38723249779607,10767100
2012-08-22,51.14818954467773,51.25313300045048,50.734242701074855,50.8391861568476,10160400
2012-08-23,50.90332794189453,51.18317869180211,50.71093527741464,51.18317869180211,9666300
2012-08-24,51.33476257324219,51.48051714676294,50.681780482561614,50.81587664735441,9762300
2012-08-27,51.1540412902832,51.42222926308372,51.078250487560695,51.34643846036121,8252100
2012-08-28,51.3639030456543,51.53881028663927,50.96745048775416,51.05490410824664,9646800
2012-08-29,51.24729919433594,51.416375001237775,51.15401414994496,51.34641121794454,8377300
2012-08-30,50.83919143676758,51.14819485668936,50.7342479700959,50.94413490343925,8915800
2012-08-31,50.89749526977539,51.2181526401026,50.804210214212105,51.07822950483393,14178800
2012-09-04,50.79256439208984,50.990788512164976,50.44274979512393,50.91499772179696,10602900
2012-09-05,50.91499328613281,51.10155897915843,50.75757584159673,51.025763747316255,10113100
2012-09-06,51.88279342651367,52.03437941874112,51.21815296961619,51.24147423365705,15713500
2012-09-07,52.42502975463867,52.47167230867417,52.04606678723805,52.04606678723805,15623900
2012-09-10,52.16846466064453,52.47163213359659,52.12182214232102,52.36668869140638,10750700
2012-09-11,52.2501106262207,52.44250331774416,52.20929951613059,52.32590141693738,9349400
2012-09-12,52.20930099487305,52.41335655110316,52.12767877238101,52.25593908767028,9982900
2012-09-13,53.18877029418945,53.381162984583696,52.13933540077826,52.30257984018058,19870900
2012-09-14,53.81258010864258,53.87088103736916,53.20040923682417,53.34616378267849,21388800
2012-09-17,53.585227966308594,53.92920671732011,53.37534096810308,53.591054948202576,11893700
2012-09-18,53.43362045288086,53.76594065849368,53.28786589869846,53.30535573350819,10950100
2012-09-19,52.80397415161133,53.49193601341264,52.80397415161133,53.33452300900125,16302100
2012-09-20,53.35784149169922,53.45695799927368,52.52412500988779,52.553277708835104,12238400
2012-09-21,53.59103393554688,53.77177260918284,53.42778954496681,53.65516629585705,19599100
2012-09-24,53.56772232055664,53.76011943613835,53.22957507120082,53.23540205185953,11023700
2012-09-25,53.4860954284668,53.97000166538994,53.36949355242394,53.701813792030194,14035800
2012-09-26,53.18877029418945,53.66101377218581,53.11297505584025,53.47444806314352,11616500
2012-09-27,53.52106857299805,53.78342496432552,53.165427141507145,53.538558406009805,10632700
2012-09-28,53.31702423095703,53.43363056521634,53.01385665803651,53.33451851715356,12507600
2012-10-01,53.52106857299805,53.92917950352423,53.40446227279376,53.51523714596895,10343500
2012-10-02,53.47443771362305,53.74262559046102,53.21790824530999,53.70764591680979,9507800
2012-10-03,53.4627685546875,53.52690091420567,53.1537696123232,53.43362031277304,10328100
2012-10-04,53.76595306396485,53.95251875844176,53.585218798462,53.68433085063601,11507100
2012-10-05,53.95833969116211,54.22069611895886,53.77177403297691,53.981656506368616,9890100
2012-10-08,54.03413772583008,54.14491262929774,53.661006359291015,53.72513872992212,8765200
2012-10-09,53.71348190307617,54.4305964696993,53.70182349259652,54.121597439100086,13799200
2012-10-10,53.07215118408203,53.64933801262722,52.8622642558699,53.52107773256541,15332500
2012-10-11,53.15377807617188,53.56772054110876,53.15377807617188,53.38698628900191,9789900
2012-10-12,53.07215118408203,53.47443520450131,52.76898364781802,53.35200190439029,9943700
2012-10-15,53.35200500488281,53.45694847508755,52.78647655145044,53.25871994333348,10651100
2012-10-16,53.85923767089844,53.91754306879764,53.5210903827007,53.57355990311717,9069300
2012-10-17,54.448089599609375,54.53554325176175,53.99333594611005,53.99916737574088,10759100
2012-10-18,54.50055313110352,54.55302264349843,54.20321254996903,54.20321254996903,11815500
2012-10-19,53.725135803222656,54.61132163845839,53.49192759982067,54.55302069962703,15928100
2012-10-22,53.74845886230469,53.78926996565643,53.10130818910091,53.44528685334034,11445400
2012-10-23,52.576602935791016,53.27622328241314,52.47749086883379,53.13046867286039,14085500
2012-10-24,52.40167617797852,52.83311286475739,52.33754381772966,52.73982781418594,11332500
2012-10-25,52.722354888916016,52.93807330149303,52.2850910822894,52.83895679145213,10387200
2012-10-26,52.83311080932617,53.09546721971852,52.477469351991566,52.798126692684896,11583000
2012-10-31,53.15377807617188,53.29370567271591,52.53578009303746,53.072155868892864,14848500
2012-11-01,53.40449905395508,53.44531017511545,52.588272182669066,52.6174248898173,15771900
2012-11-02,52.62906265258789,53.60270664349817,52.50662933714868,53.49776316625358,12742400
2012-11-05,52.83894729614258,52.94389076879743,52.296740095438665,52.494968631820775,11222600
2012-11-06,53.41030883789063,53.66683832297261,52.89725431580346,52.97304509636096,12026500
2012-11-07,51.7324447631836,52.9409808206051,51.45084182529778,52.9409808206051,19423500
2012-11-08,51.08121871948242,51.87908812202622,51.05775144576939,51.7852190271741,13743000
2012-11-09,51.163387298583984,51.59752097249324,50.81138690147032,50.81138690147032,13407000
2012-11-12,51.22790145874024,51.44497044989475,51.01083246758573,51.19856623866422,9004300
2012-11-13,50.72922897338867,51.620963177810495,50.71162963347437,50.89349544715645,12260300
2012-11-14,50.49456405639648,51.104699911328574,50.38309559488287,50.89349886631646,14524100
2012-11-15,50.53561019897461,50.78200982633117,50.08387754882092,50.50627499175036,13783600
2012-11-16,50.71748733520508,50.87002239034556,49.90201852168222,50.53562154218098,17405200
2012-11-19,51.4332275390625,51.74416113527943,51.09295872678055,51.27482900971776,12911000
2012-11-20,51.3335075378418,51.55644001638683,50.90523744840408,51.33937547767701,10288100
2012-11-21,51.63270950317383,51.63857296704795,51.321775832633584,51.515373086792,13905300
2012-11-23,52.26628875732422,52.26628875732422,51.63269024884389,51.77348942007008,11931000
2012-11-26,51.99057388305664,51.99643734649575,51.64443707531863,51.81457150950494,16423600
2012-11-27,51.245513916015625,51.94365115398299,51.18097999607273,51.86151788786063,11841600
2012-11-28,51.68549346923828,51.73829596122344,50.6177569883065,50.76442411192859,15959900
2012-11-29,51.69723510742188,52.03163600751296,51.40976429041701,51.843902247390346,11579100
2012-11-30,51.70896911621094,51.86150420272773,51.52123534662339,51.667902493986354,15522100
2012-12-03,51.39803314208984,51.96710236412197,51.31589990137654,51.94950302338711,10937300
2012-12-04,51.1516227722168,51.60922343977264,51.1516227722168,51.26308673231053,11980000
2012-12-05,51.46842575073242,51.78522277899817,51.09882175788051,51.19855432144288,12717800
2012-12-06,51.62682342529297,51.66202209987784,51.18095415154279,51.48602425102846,12077000
2012-12-07,51.97883987426758,52.00230715664713,51.491903835726426,51.72657218359548,10603100
2012-12-10,51.86738204956055,52.184179209563965,51.76764496859816,51.96711465459596,11549400
2012-12-11,52.207618713378906,52.50095290804481,51.86148651211694,51.98468633676567,12634600
2012-12-12,52.47751235961914,53.01725095436986,52.16071520686415,52.26631127383123,14729500
2012-12-13,51.96710205078125,52.477500832718434,51.78523175379046,52.30737088935664,12290300
2012-12-14,51.67377471923828,51.89083925074723,51.57990558869544,51.62684015396686,13363600
2012-12-17,52.13723373413086,52.17830035208489,51.68549646071078,51.83803153136535,15672500
2012-12-18,52.54205322265625,52.64765377951706,51.95538445696897,52.066852954746345,15396600
2012-12-19,51.88496017456055,52.57136120038882,51.84975702323656,52.53029458711513,15092500
2012-12-20,52.14897537231445,52.17831059486552,51.61510923411223,51.849773110814525,15789000
2012-12-21,51.175086975097656,51.97881982594544,51.04601920975502,51.4273545684697,33057000
2012-12-24,50.99323272705078,51.2279010580449,50.922835360900834,51.11643259373932,6385200
2012-12-26,51.08121871948242,51.43908681073772,50.787884511956754,51.16335193951562,10737800
2012-12-27,50.95804214477539,51.18097463290002,50.30683954880995,51.069510626801126,14258500
2012-12-28,49.92549896240234,50.62363605663215,49.90789961984637,50.51216758587576,13358700
2012-12-31,50.77615737915039,50.840691268302,49.69081713937797,49.89028674473526,19810800
2013-01-02,52.04337310791016,52.04924104741067,51.18096951431653,51.50363904794897,16143700
2013-01-03,51.94951629638672,52.14898151024602,51.7207158565236,51.89671378476528,13268200
2013-01-04,52.19002532958984,52.26629061756741,51.84389308885501,51.920158376832575,11427900
2013-01-07,51.58578109741211,51.91431415066403,51.37457999862811,51.80871360127203,11799800
2013-01-08,51.90844345092773,51.90844345092774,51.210306334148775,51.52123999848432,14226400
2013-01-09,51.70896911621094,51.9436374471769,51.48016872439881,51.86150420272773,10892200
2013-01-10,52.27215194702149,52.4950887967988,51.843886534630016,52.0668189084828,13099600
2013-01-11,52.571380615234375,52.630046587873096,52.13137910655376,52.19591301923439,11645600
2013-01-14,52.55375671386719,52.65348926834295,52.4012216755412,52.4833548940418,9606700
2013-01-15,52.524444580078125,52.57137914724924,52.21351090544118,52.31911144361285,9195400
2013-01-16,52.48924255371094,52.49511049321572,52.25457420870979,52.307376712400085,9645000
2013-01-17,52.9175033569336,53.35164132249393,52.56550310923208,52.65937222911301,13400300
2013-01-18,53.26951599121094,53.28711533482066,52.7004466762211,52.8529773047898,17196000
2013-01-22,53.33991241455078,53.35164829403244,52.923378211483474,52.95857689807529,11897500
2013-01-23,53.21085357666016,53.31645413018529,53.0465870436049,53.093521617599926,10906800
2013-01-24,53.592166900634766,53.80923585826736,53.240166693712666,53.31643198783605,11100000
2013-01-25,53.81511306762695,53.85617969091058,53.46310832413733,53.72124394244939,11090600
2013-01-28,53.45138168334961,53.77991469888706,53.251912012539975,53.77991469888706,11617500
2013-01-29,53.83271789550781,53.93245049422767,53.50418039983256,53.51004833973569,11700600
2013-01-30,53.1932373046875,53.80924108356404,53.023102885036586,53.48657158492853,15645400
2013-01-31,52.78258514404297,53.51005309930388,52.64764936982882,53.20498733610643,15991500
2013-02-01,52.82365036010742,53.09351742537933,52.42471546450396,53.05831873562599,15699200
2013-02-04,52.30150985717773,52.57724483257596,52.11963953617007,52.4540449559797,13347300
2013-02-05,52.64763641357422,52.91163995660781,52.4599026495158,52.72976965560441,11679700
2013-02-06,52.67695999145508,52.7356259405226,52.30736048399716,52.43056031981647,11768700
2013-02-07,52.104278564453125,52.67698353681998,51.7264122020812,52.67107810801101,13463300
2013-02-08,52.31681060791016,52.42899119332514,52.02160233430927,52.251864427356296,11412300
2013-02-11,52.12199401855469,52.25779186359444,51.938966253282686,52.16332301408458,8764700
2013-02-12,52.22824478149414,52.3227135867968,51.90941932037854,52.10425785292484,9752100
2013-02-13,52.35225296020508,52.41129373522401,52.0983735735535,52.2282659813086,8940300
2013-02-14,52.26367568969727,52.43489704502504,51.99208459299426,52.15740052102903,13238900
2013-02-15,52.16920471191406,52.31680884373715,51.83857289807695,52.29319164210298,15696900
2013-02-19,52.73600769042969,52.78914752391755,52.18101467488565,52.275483487965886,12158900
2013-02-20,52.52937698364258,53.03123030127789,52.488047992884894,52.629746746265205,13936400
2013-02-21,52.30501937866211,52.558898769392265,52.16922604438928,52.42310543511943,10939800
2013-02-22,52.665157318115234,52.71239172576525,52.19282675517832,52.558882153163246,10260200
2013-02-25,51.77952194213867,53.24966217652689,51.77952194213868,53.06663001013936,15302900
2013-02-26,52.25777053833008,52.53526703987163,51.8149581221308,52.25186511151493,15073200
2013-02-27,52.86000061035156,52.93085222817864,52.13969159493461,52.25187219703046,11195200
2013-02-28,52.87181854248047,53.02532364487032,52.56479932865668,52.94266566526901,14552000
2013-03-01,52.800968170166016,52.94857235217984,52.49985437759161,52.58841778770434,11301600
2013-03-04,52.51755142211914,52.69467819264226,52.228248567817545,52.62382658352884,10994000
2013-03-05,52.90724563598633,53.2260712233858,52.7183124550669,52.83049307966737,13072600
2013-03-06,52.877723693847656,53.10798587036355,52.576614388879136,52.901340904839344,13234400
2013-03-07,52.3758659362793,52.99580528515905,52.35815415565794,52.91904822977045,12905300
2013-03-08,52.52937698364258,52.68288659410917,52.16331699084443,52.55299419329299,11896300
2013-03-11,52.64155960083008,52.87182177300617,52.27549959414182,52.55299618741104,12454800
2013-03-12,52.64155960083008,53.08437216340292,52.55299618741104,52.8127764943786,11470000
2013-03-13,52.70058822631836,52.84228695241082,52.446708902120335,52.55888499570461,10539900
2013-03-14,53.03712844848633,53.08436286130246,52.78915453798396,52.78915453798396,13775500
2013-03-15,52.76552581787109,52.90722452087857,52.42308315645919,52.665151586408605,29240100
2013-03-18,52.41128921508789,52.7773491958708,52.28140132305719,52.393577434561976,11553700
2013-03-19,52.29910659790039,52.60021583842882,51.96847021929841,52.48213431326333,11987900
2013-03-20,52.328643798828125,52.6710866529461,52.13380966174722,52.5175770106651,11319000
2013-03-21,52.057037353515625,52.334533912554434,51.897626832643205,52.02751922236535,13447500
2013-03-22,52.71828842163086,52.71828842163086,52.14558371115898,52.192818110986,10786600
2013-03-25,52.55888748168945,53.07845700947242,52.3463416347582,52.84228945180031,12900800
2013-03-26,53.2142333984375,53.31460761909244,52.75961471066654,52.78913733518624,12329600
2013-03-27,53.47992706298828,53.57439135959888,52.8245643948334,52.87769971707929,12350800
2013-03-28,53.20246505737305,53.71612936112772,53.1316134106238,53.51538528093315,17485200
2013-04-01,53.59211349487305,53.722005869280586,53.12568833880413,53.21424722633542,9414200
2013-04-02,53.47992706298828,53.68066650861103,53.302800313127904,53.48582798466869,9991800
2013-04-03,53.09615707397461,53.62753283537481,53.054828098339065,53.52125768309477,12197100
2013-04-04,53.00168991088867,53.33232623073013,52.67696352213305,53.19652844685443,11582000
2013-04-05,52.5529899597168,52.67107149393426,52.19283542447521,52.31682238676008,12771600
2013-04-08,52.31090927124024,52.61202299512233,52.045223606034405,52.61202299512233,11013900
2013-04-09,52.41128921508789,52.747826558646274,52.3050140274104,52.364059301859456,10753400
2013-04-10,52.3581657409668,52.6415678071831,52.074763674750486,52.22236788528495,14823700
2013-04-11,52.67697525024414,52.70649338060082,52.09246401673072,52.51756022913579,14979900
2013-04-12,52.541160583496094,52.65924658061154,52.198722453161785,52.476214411212645,11505100
2013-04-15,51.06515121459961,52.35226010558395,50.93525878911595,52.12790332808136,19626200
2013-04-16,51.1359977722168,51.502057798132526,50.82897852350745,51.47844058634546,14578800
2013-04-17,50.82306671142578,51.0001890051011,50.19722199444588,50.8998192548996,17341200
2013-04-18,51.14189147949219,51.41348259601053,50.64593915468191,50.94114747757421,14730400
2013-04-19,51.631954193115234,51.65557140878436,51.029730959384246,51.525678974865855,18393300
2013-04-22,52.00980758666992,52.14560541656788,51.5374769053547,51.72641007878522,11262000
2013-04-23,52.724220275878906,52.83639640104627,51.92125309441145,52.18693884370356,15567700
2013-04-24,52.800968170166016,53.0725593245288,52.75373375083628,52.81277452273737,13028800
2013-04-25,51.99799346923828,52.48804036307487,51.75001956073838,52.48213493539015,16328700
2013-04-26,51.95665740966797,52.1219733261572,51.72048988417439,51.84447682154132,10791800
2013-04-29,52.08065414428711,52.44671410289027,51.962572611587625,52.11017677972284,11093000
2013-04-30,52.541160583496094,52.54116058349609,51.81495084544692,52.11015908145525,14572600
2013-05-01,51.66735458374024,52.45260518748858,51.649642807609794,52.26367206789577,11616500
2013-05-02,52.328643798828125,52.4526307967971,51.803173162640206,51.94487644991025,11330100
2013-05-03,53.1493034362793,53.24967768754392,52.4998460394709,52.54708045129879,13036600
2013-05-06,53.47992706298828,53.65704930832829,53.09615544130437,53.28508853904594,10613400
2013-05-07,53.81648635864258,53.81648635864258,53.22016419433395,53.50356620945279,11088900
2013-05-08,54.14121627807617,54.22977969492377,53.74563812128236,53.757448979274045,13638300
2013-05-09,54.11741638183594,54.43250113417801,53.91528825228893,54.18281184390867,13771900
2013-05-10,53.58832550048828,54.06986991049976,53.38025103540204,54.02231327253944,10975400
2013-05-13,53.56453704833984,53.58831763166968,53.16622248285071,53.38618947688982,9810100
2013-05-14,54.16498947143555,54.21255064263238,53.51698098700672,53.59426902412231,9890300
2013-05-15,54.242279052734375,54.28984022926221,53.74884658722926,53.88557930014249,10399400
2013-05-16,53.92124557495117,54.2720035670196,53.80234717447424,53.98069931087287,10469600
2013-05-17,54.551414489746094,54.62275170881811,53.820176244478326,54.1412073373508,12721300
2013-05-20,55.00322723388672,55.10429584495941,54.373057663003294,54.46223371480512,12417700
2013-05-21,55.169677734375,55.5442116169356,54.9199839436533,55.09238972518538,12519900
2013-05-22,54.80704879760742,55.58584365840837,54.5811355141267,55.1875290758371,19253300
2013-05-23,54.56926345825195,54.90812894695165,54.313627771290136,54.43252619214884,15357300
2013-05-24,54.414676666259766,54.55735563852876,54.09959185697782,54.325500607710616,12771900
2013-05-28,54.92002868652344,55.39563154274911,54.55144078184927,55.2529525001554,15197800
2013-05-29,54.74165344238281,54.94378160626617,54.45034468523415,54.551413302858535,11563200
2013-05-30,54.747589111328125,55.09834702271367,54.45628492218847,54.67625190172456,9734700
2013-05-31,53.78450012207031,54.91405280165161,53.778553842750654,54.66435896272956,17917400
2013-06-03,54.37306213378906,54.40278899872808,53.79045368071972,53.820176009975945,14177500
2013-06-04,53.974754333496094,54.3909032808975,53.63588889470257,54.20660939500307,12481300
2013-06-05,53.29702377319336,54.1709411036222,53.27324318524551,53.90935917187931,12888000
2013-06-06,53.6418342590332,53.6418342590332,52.91059593745537,53.17811960825908,15393300
2013-06-07,54.36709976196289,54.39682661810328,53.79637950238259,54.03418074446141,12504700
2013-06-10,54.1709213256836,54.6584118614219,54.02229610703555,54.652465582685096,10372300
2013-06-11,53.77856063842773,54.12337231162537,53.64182794657253,53.730999469224734,10739400
2013-06-12,53.35051727294922,54.2898299204371,53.26134121781358,54.17687328155313,10864500
2013-06-13,54.29579162597656,54.52170043224366,53.27324891270173,53.28513694011205,13501300
2013-06-14,53.84988784790039,54.27792918375209,53.6774820578667,54.19469942796776,12158400
2013-06-17,54.40277862548828,54.55734559378735,53.96284469382563,54.08174759522712,12026400
2013-06-18,54.65249633789063,54.7297798622328,54.25418161632943,54.31363083010681,10678200
2013-06-19,54.09957885742188,54.85459296225959,54.09957885742187,54.56923508629008,14189500
2013-06-20,52.94032287597656,53.81423565174886,52.78575132551312,53.64777607541128,21077700
2013-06-21,53.19595718383789,53.58832552738558,52.8214186108115,53.36241675599043,25493800
2013-06-24,52.60145568847656,53.20784477286902,52.327981209974624,52.880867376192654,17653000
2013-06-25,52.97599411010742,53.279190945255344,52.60146004481894,53.25541035664732,15790100
2013-06-26,53.38618850708008,53.487252582634085,52.75007265553072,53.16027523739181,14446000
2013-06-27,53.52887344360352,53.90340746076402,53.52292716329474,53.64777183568157,12348000
2013-06-28,53.71315383911133,53.950955099302455,53.24349759754632,53.41590339779285,22984200
2013-07-01,53.683441162109375,54.1768735362387,53.481308467139534,53.73694407403273,13182200
2013-07-02,53.88556289672852,54.15903277499089,53.57642441476994,53.72504964441354,12320700
2013-07-03,53.915283203125,54.022293536887766,53.58830592338279,53.87961006808308,5674000
2013-07-05,54.43844985961914,54.462230441049,53.84394893091928,54.159033697421066,8917900
2013-07-08,54.84270858764648,55.00916811564513,54.634634177648174,54.67030278059589,12086700
2013-07-09,55.490718841552734,55.55017256761177,54.84271495578809,55.07456997323438,12940000
2013-07-10,55.18159103393555,55.52045647406344,54.92000910271984,55.45506099125952,12430000
2013-07-11,55.4491081237793,55.77013921876907,55.31237542920095,55.76419747426241,16184700
2013-07-12,55.52638626098633,55.55610858526976,55.12212545813916,55.43721021677201,11370300
2013-07-15,55.43720626831055,55.58583148618806,55.34208395174173,55.40153766743809,8256200
2013-07-16,55.466922760009766,55.56798680071512,55.15183354702348,55.401527313510805,11413500
2013-07-17,55.56207275390625,55.72853233767146,55.37183258164838,55.62152195729619,9393300
2013-07-18,56.10899353027344,56.38246340106932,55.71067901426738,55.764186454032846,10555400
2013-07-19,56.57867050170898,56.626231679872944,56.12685291620219,56.29331250409244,14431700
2013-07-22,56.37653732299805,56.5964998151491,56.34681045534797,56.40031790998146,9530400
2013-07-23,56.59648132324219,56.76888712077903,56.38246064600209,56.39435320344971,7377400
2013-07-24,56.47163772583008,56.66187782736588,56.13277240322937,56.66187782736588,8222800
2013-07-25,56.459739685058594,56.66186777271195,56.13276244246523,56.29328019271324,10059800
2013-07-26,56.35275268554688,56.39436757585591,55.78797399057241,56.34086012506837,9721000
2013-07-29,55.900909423828125,56.19221354544937,55.6512201767242,56.18627180314771,8844700
2013-07-30,55.77012634277344,56.0792693416933,55.56205194100918,56.01387388175571,10470700
2013-07-31,55.7344856262207,56.239810722094965,55.51451855676963,55.841496020050414,14400800
2013-08-01,55.128074645996094,55.34803709289103,54.248211251369575,55.1042940639054,23117700
2013-08-02,54.66437530517578,55.009187037886434,54.30172926485656,54.96757214157194,14408600
2013-08-05,54.45034408569336,54.55141270220489,54.10553695488405,54.34928000486447,12625900
2013-08-06,54.37899017333984,54.6405719828748,54.26603356728043,54.29576042224805,11689200
2013-08-07,54.30172348022461,54.42657269155172,54.17687880458054,54.2066056712171,8163800
2013-08-08,54.56330108642578,54.676257727910766,54.26605058625072,54.65247714361484,11529500
2013-08-09,54.30589294433594,54.68900292968674,54.13229551862522,54.593223149833406,9467800
2013-08-12,53.80904006958008,54.13228994274191,53.68931992412643,54.13228994274191,10133700
2013-08-13,53.515743255615234,53.827018494643816,53.36010335258465,53.78511597079319,10892700
2013-08-14,53.24635314941406,53.56362025876603,53.216425392175815,53.47981066421712,9797300
2013-08-15,52.77345657348633,53.1984690995207,52.71359192351202,53.07276155523151,11273400
2013-08-16,52.62380599975586,52.97099632028479,52.46816612480939,52.68366608487935,11872500
2013-08-19,52.03117370605469,52.59985587634751,51.94736868172208,52.5699235532153,11745600
2013-08-20,51.97731018066406,52.59986516205998,51.97731018066407,52.15689045006559,16498800
2013-08-21,51.73187255859375,52.28858001388382,51.7139149902024,52.049135112258654,12766900
2013-08-22,52.06709289550781,52.33047815495123,51.74982580133092,51.82764801389731,10199900
2013-08-23,52.39034271240234,52.492109878532894,51.93540242218431,52.16885994577904,9206400
2013-08-26,52.13296127319336,52.4981138685925,51.97133852513097,52.37839365277099,10654700
2013-08-27,51.97132110595703,52.37238871827051,51.82765598171661,51.851600930262,13960200
2013-08-28,53.18050765991211,53.27030006901647,52.24667756610271,52.24667756610271,17738800
2013-08-29,52.24067687988281,53.05478659885533,52.21673650611639,53.05478659885533,11407800
2013-08-30,52.17485809326172,52.408315665042565,51.95337071389133,52.31253585762858,12480400
2013-09-03,52.16887283325195,52.67769052147327,51.97731777767336,52.4981056587915,10546700
2013-09-04,52.53403472900391,52.66572970949058,52.01922956911977,52.08507705936312,9822300
2013-09-05,52.2885971069336,52.8572795050736,52.276626913103534,52.71360977691414,11740100
2013-09-06,52.2287483215332,52.516083273083645,51.95937551516989,52.372413513791365,12950600
2013-09-09,52.701602935791016,52.79139531169317,52.26461580881652,52.28257337059096,9297000
2013-09-10,52.56993103027344,52.91712593305109,52.24668107600101,52.91712593305109,11823100
2013-09-11,53.18050765991211,53.18649503839417,52.60584263548851,52.60584263548851,11201200
2013-09-12,52.66572189331055,53.15658202325402,52.59388703269702,53.03086987542213,10917200
2013-09-13,52.9171257019043,53.204455948647855,52.767473199674384,52.767473199674384,8254200
2013-09-16,53.07876205444336,53.384054516327225,52.97101204242748,53.204469640623046,9421300
2013-09-17,53.24036407470703,53.485791750125685,53.06676666183485,53.10268179310808,8941200
2013-09-18,53.62347412109375,53.79707153425525,52.89915671468047,53.22240659777111,15134700
2013-09-19,53.44390106201172,53.7192611190828,53.26432079889508,53.65940103137725,11757500
2013-09-20,53.0727424621582,53.72522489545509,53.03083539543975,53.593530020139774,20651100
2013-09-23,52.52803421020508,53.22242409108536,52.46218673643083,52.85128419954254,12227700
2013-09-24,52.2945671081543,52.71957963688915,52.2466772146832,52.43224484309419,12129200
2013-09-25,52.16284942626953,52.43820934304295,52.03714193602708,52.432221967213415,13577400
2013-09-26,52.1209602355957,52.34843033786344,51.96532039350157,52.318502585134695,9787100
2013-09-27,52.01920318603516,52.085050642882,51.84560576044178,51.9892708630934,10867100
2013-09-30,51.5044059753418,51.89948620836544,51.24700348752642,51.51637616608654,17486100
2013-10-01,51.480445861816406,51.68397101374657,51.34875096725896,51.47445848469181,11885100
2013-10-02,51.52834701538086,51.54630458365184,51.04945721534058,51.33080463033687,11841400
2013-10-03,51.18115615844727,51.51039349271205,51.08537636410407,51.50440611380761,13923400
2013-10-04,51.67203140258789,51.73189150816324,51.288921246465705,51.66604402192037,11325500
2013-10-07,51.42060470581055,51.65406226220626,51.043477447761866,51.22306229131193,10985800
2013-10-08,51.187137603759766,51.45052287360812,51.16319265794965,51.39665017080894,15335700
2013-10-09,50.97764587402344,51.235043870873845,50.78010341561734,51.09137870432091,13575100
2013-10-10,51.5044059753418,51.50440597534181,50.756143460417086,51.19312621159523,17532400
2013-10-11,52.04913330078125,52.04913330078124,51.18115070050918,51.4205955938009,12661800
2013-10-14,52.4382209777832,52.522025989872425,51.78573844551274,51.78573844551274,9742100
2013-10-15,51.9533576965332,52.42626010132668,51.863565291339,52.36041264198636,12018000
2013-10-16,52.26464080810547,52.5938781548846,51.911463078862525,52.36640798522129,11668100
2013-10-17,52.36640167236328,52.37837186215216,52.08505425849295,52.1568845312894,10438200
2013-10-18,52.40830612182617,52.52203891362952,52.25865362526702,52.49211115453675,12425100
2013-10-21,52.21673583984375,52.46815086445744,51.98327381181056,52.37835847937243,10730900
2013-10-22,52.66572189331055,52.76748452057169,52.15689962293901,52.25267943709037,12710600
2013-10-23,52.44422149658203,52.46816644418352,52.049136711704975,52.39034422272072,11449100
2013-10-24,52.92909622192383,53.11466843142531,52.65972354304667,52.66571092194206,12288900
2013-10-25,52.65971755981445,53.066772504844025,52.56992515471369,52.81535742418702,11382000
2013-10-28,52.81536865234375,52.95304641134029,52.444228763640325,52.57592371018129,9921900
2013-10-29,53.2343864440918,53.29424652951757,52.94106882858328,52.94705164020361,10340000
2013-10-30,53.16254806518555,53.5636202016271,53.09071779426521,53.25832784912128,14305900
2013-10-31,53.64742660522461,54.44956176462125,53.39600694945959,53.54565944042448,19185200
2013-11-01,53.76713943481445,53.89883433961922,52.83929229062155,53.71924954815255,19023500
2013-11-04,55.1319694519043,55.23373203618714,53.87488960779527,53.87488960779527,20591600
2013-11-05,55.06610870361328,55.820358254778654,54.61715139861506,54.67701145920885,21122500
2013-11-06,55.80242156982422,55.83833670621091,55.14395152288931,55.323531771854334,13464600
2013-11-07,55.42272567749024,56.03746488524666,55.30219092206272,55.83255028329246,16572100
2013-11-08,55.88679504394531,55.94103430533129,55.133441315098416,55.32629968575897,12330100
2013-11-11,56.02541732788086,56.188144330827456,55.748183668975535,55.95912182269623,7924700
2013-11-12,55.85064315795898,56.242388102291535,55.748188131964895,55.85064315795898,10727300
2013-11-13,55.80241012573242,55.89281348460106,55.489017026174416,55.57942038504305,9280000
2013-11-14,56.18210983276367,56.30264459317156,55.85666046193474,55.85666046193474,7909200
2013-11-15,57.417625427246094,57.429681665973696,56.67029955990876,56.74262319795089,18374500
2013-11-18,57.52608489990234,57.85756235681396,57.29103892067626,57.84551072115624,14243700
2013-11-19,57.50800323486328,57.73099757101569,57.35130898599425,57.49595159960636,12697300
2013-11-20,57.06204605102539,57.82745169844533,56.87521572881198,57.70691689665112,10455400
2013-11-21,57.06808090209961,57.48995735625038,57.0319167788092,57.16450783528758,9128400
2013-11-22,57.26094055175781,57.29710007768816,56.827007848159305,57.2308045480768,8534700
2013-11-25,57.30913162231445,57.70690466048591,57.15243733282901,57.38145524692026,10515100
2013-11-26,56.814937591552734,57.14038703896527,56.74261855753269,57.104227521955245,11857900
2013-11-27,56.53168487548828,56.90534550927147,56.3388264392463,56.8691859893848,8828100
2013-11-29,56.33881378173828,56.78479795320444,56.23033064834308,56.44126879713742,6770500
2013-12-02,56.36293029785156,56.67632813377283,56.00132130095676,56.21225949930307,9310500
2013-12-03,56.88724136352539,56.94148521821056,56.18813155612541,56.41112129731487,12599500
2013-12-04,57.05601501464844,57.19463416792235,56.60400263386629,56.766729665888185,13074000
2013-12-05,56.73054885864258,57.043946592057225,56.60398598103117,56.69438935021256,10586000
2013-12-06,57.646629333496094,57.68278884176576,57.00778223272516,57.236804713383286,12063400
2013-12-09,57.761138916015625,58.00824116338719,57.61649627746768,57.82743441662231,15516700
2013-12-10,57.68279266357422,57.84551965778198,57.48993427651415,57.797303911490296,9868100
2013-12-11,56.80889892578125,57.580332403717165,56.74863154746242,57.483900919922064,12811800
2013-12-12,57.47184753417969,57.7852406507623,56.82094883269339,56.95353981982276,15562600
2013-12-13,57.441707611083984,57.80934455998703,57.04996739172357,57.33322450160267,10629500
2013-12-16,58.59285736083984,59.593309012178736,57.935930327554765,58.026333720883045,23226000
2013-12-17,58.30957794189453,58.53859581751088,57.87564546337414,58.47230032228658,14920900
2013-12-18,59.9910888671875,60.23818659882871,58.46630104112069,58.71942689249211,21331300
2013-12-19,59.92477416992188,60.0272291820116,59.66562028174358,59.96696179831804,12905900
2013-12-20,59.4727668762207,60.02723420961171,59.42455112598488,59.90067131382292,23331000
2013-12-23,59.37031936645508,59.84041149545798,59.29799573195171,59.6656328273222,10127600
2013-12-24,59.79821014404297,59.93080114450353,59.261822622620905,59.261822622620905,4168300
2013-12-26,60.81072998046875,60.88907713365264,59.89464902919073,59.918756906656725,9531200
2013-12-27,61.17837905883789,61.3169936338077,60.86498118844738,61.01565200356749,10209000
2013-12-30,60.45514678955078,61.20247722453851,60.45514678955078,61.19042098630226,9007900
2013-12-31,60.99152755737305,61.10603881716018,60.52746359600072,60.56362311041471,8509600
2014-01-02,60.11763000488281,60.72634112999605,59.90066375430991,60.62990964169411,11028100
2014-01-03,59.97299957275391,60.37076804766399,59.75000515926467,60.1296938759662,9295600
2014-01-06,60.06340408325195,60.35268941620418,59.59933548940104,60.23215462715866,11848500
2014-01-07,60.91316223144531,61.00356558860782,59.91873449886919,60.03324572448208,11187000
2014-01-08,60.71427917480469,60.9854892615224,60.358698440931285,60.9854892615224,11180400
2014-01-09,60.1236686706543,60.50335737671707,59.68370797477536,60.38884611379503,11674300
2014-01-10,60.58167266845703,60.64796814390668,59.73792043201578,60.26225152207501,10535400
2014-01-13,59.39442443847656,60.32858053327841,59.22566929927503,60.214073865025895,12110900
2014-01-14,59.73793411254883,59.82833287422337,59.45467239768625,59.54507575746668,9265000
2014-01-15,59.53303909301758,59.876568294620384,59.442635703520544,59.76206162615771,9425500
2014-01-16,59.62946701049805,59.689734400497706,59.21361420271826,59.539063626444985,9421700
2014-01-17,59.76204681396485,60.47320831987271,59.46672884159611,59.77409845046064,15998000
2014-01-21,59.36428451538086,59.5993305532277,59.087050845051415,59.40647214786344,13847300
2014-01-22,58.9906005859375,59.63547110489582,58.966492718169214,59.593283485827726,11642800
2014-01-23,58.44217300415039,58.69529876822111,57.86359785851455,58.61092351353087,15393200
2014-01-24,57.16448593139648,58.00824311450149,57.1464061757332,57.96605548525157,14584300
2014-01-27,57.20668411254883,57.60445720293821,57.104229079487645,57.30311562468234,12474600
2014-01-28,57.646629333496094,57.80935171881593,57.11626535564049,57.46582259593507,10773600
2014-01-29,57.3211784362793,57.97810067556188,57.04394481802284,57.21269531625666,13191500
2014-01-30,56.64616394042969,57.224738967109865,56.08566866487927,56.65219205684146,14628400
2014-01-31,55.54327392578125,56.21827602124079,55.2660356673096,55.95912211727488,17361400
2014-02-03,54.27162170410156,55.633682367862455,54.024519395459706,55.398636297651166,20377900
2014-02-04,54.25352478027344,54.62718991724183,53.87383612359263,54.46446752098053,17414400
2014-02-05,53.98833847045898,54.60910115838251,53.86779912448469,54.428294438474,16393600
2014-02-06,54.5042610168457,54.734900981011855,54.17043575098473,54.32824447945298,13646100
2014-02-07,54.977664947509766,55.00800974243177,54.47389411894815,54.69846782859749,12573800
2014-02-10,54.33431625366211,54.94733879102467,54.23720638584653,54.8987815417798,12237700
2014-02-11,55.13549041748047,55.23260491257775,54.26148311497492,54.3585929793982,13422800
2014-02-12,55.28114700317383,55.75456846028567,55.014086845552704,55.238660580886176,10752400
2014-02-13,55.49358749389648,55.627117592869496,54.86842805840776,54.98374571878801,9775300
2014-02-14,57.120208740234375,57.31443304420447,55.59675910650705,55.72421837186186,18260400
2014-02-18,57.09592819213867,57.490447598610025,56.66499317698989,57.09592819213867,12979300
2014-02-19,57.02310180664063,57.83641937055602,56.93206276983985,56.93206276983985,12227800
2014-02-20,57.88497543334961,58.12775236744504,56.90171217983964,56.962406413363496,14424300
2014-02-21,57.678619384765625,58.0124446724674,57.62399595441842,57.95175042852362,11282200
2014-02-24,58.534427642822266,59.02605707339154,57.90926808773433,58.03065658420166,16012500
2014-02-25,58.455509185791016,58.85609947871069,58.24307704439727,58.59511009623455,10663000
2014-02-26,58.139892578125,58.78933058544443,57.9820838702636,58.607243258629495,9087600
2014-02-27,58.17021560668945,58.29767946615621,57.75749313097368,58.01241158856449,9101200
2014-02-28,58.43123245239258,58.77112852027351,58.13382744483609,58.24307892546327,12651400
2014-03-03,57.963863372802734,58.59509343537045,57.55720701338101,58.12167204611267,11896700
2014-03-04,58.58297729492188,58.78934328527006,58.18846238605384,58.62546372960031,12566100
2014-03-05,56.932071685791016,57.83642842813563,56.68929007806337,57.78180036682676,19829600
2014-03-06,56.90779876708984,57.0170502699863,56.61038906823731,56.85317070030438,12610400
2014-03-07,57.654335021972656,57.69682145157148,57.04738338160461,57.27802796857552,12659100
2014-03-10,57.963863372802734,57.99421279751805,57.45402637842423,57.75143129181169,9964500
2014-03-11,57.05952835083008,58.01850847948843,56.76211869553892,57.878912187201706,12143600
2014-03-12,57.1809196472168,57.33872838731209,56.78033392934293,56.834957360140905,9705400
2014-03-13,56.8349609375,57.39942624464493,56.64680737867646,57.320524184967965,9872500
2014-03-14,56.73176956176758,57.18698328398481,56.6225180832085,56.79853461147998,11723300
2014-03-17,57.2476806640625,57.375139957600815,56.901718401408885,57.02310688172908,8676100
2014-03-18,57.4843864440918,57.81214086926766,57.095937784033,57.30230373944296,8757300
2014-03-19,56.88956832885742,57.8424820354201,56.52539371025961,57.447962619054216,9914700
2014-03-20,57.40547561645508,57.5025854512714,56.45256191953991,56.71355125720063,10405000
2014-03-21,57.24162673950195,58.261306019329886,57.24162673950195,57.72111925038221,24479800
2014-03-24,57.44191360473633,57.72111085578181,57.34480373208652,57.51474948222948,9539800
2014-03-25,57.60577774047852,58.158101280491366,57.53901269499619,57.7210953939427,9796600
2014-03-26,57.47832107543945,58.01244150661429,57.30230916681,58.00029988008374,11033300
2014-03-27,58.41302108764648,58.570829801316265,57.089866405353554,57.42369163991015,15427500
2014-03-28,59.29917144775391,59.46305097840292,58.552623548003375,58.552623548003375,12321800
2014-03-31,59.28702545166016,59.99715762819519,59.06852253108436,59.77865470761938,12375200
2014-04-01,59.31735229492188,59.43874070205682,59.04422143286189,59.26879507979953,9475300
2014-04-02,59.450931549072266,59.51769662268246,58.98358066447607,59.19601288474707,9551000
2014-04-03,59.43876266479492,59.809003463233374,59.21418893487685,59.37806843880081,10113000
2014-04-04,59.09281921386719,59.91220310119383,59.044261965411394,59.66335530653755,12496100
2014-04-07,58.74078750610352,59.19600130219009,58.72257969516792,59.02605555922564,10120700
2014-04-08,59.14742660522461,59.40841595655437,58.72256237314028,58.88037107248853,10243000
2014-04-09,59.074615478515625,59.3538127303852,58.649746471229776,59.32953410448249,10463900
2014-04-10,58.74078750610352,59.34773923421895,58.41303301724028,58.86218063013112,13443400
2014-04-11,58.7043571472168,59.141363022662766,58.43729697207248,58.57689787199056,13352500
2014-04-14,59.396278381347656,59.51766683770494,58.71649098599765,59.17170464334663,9610200
2014-04-15,59.89398193359375,59.906118927663954,58.9167895220488,59.22633612357915,12961600
2014-04-16,60.65875244140625,60.75586230235255,60.070008570312304,60.11856581612236,12508100
2014-04-17,60.95008087158203,61.28390611650841,60.5070087799598,60.5070087799598,15435700
2014-04-21,61.25962066650391,61.25962066650391,60.62839049326121,60.71336334055611,8002100
2014-04-22,60.91974639892578,61.21715144804413,60.828702713901016,61.01685626712448,8212100
2014-04-23,60.9986457824707,61.271772194898745,60.89546510494669,61.05326921268672,8686000
2014-04-24,60.70123672485352,61.05933598100903,60.61019304985127,60.98650474554617,9057800
2014-04-25,60.94401550292969,61.04112535595782,60.65267668249842,60.68909229854978,10391500
2014-04-28,61.405303955078125,61.58132050828069,60.8833251092151,61.13217753533138,12710800
2014-04-29,61.57525634765625,62.25504400961204,61.44173084556502,61.64809222843978,10094600
2014-04-30,62.15791320800781,62.15791320800782,61.12609274895773,61.38101129987352,13966700
2014-05-01,61.55094909667969,62.1457589276871,61.423485216506,61.88476961756325,11161700
2014-05-02,61.915138244628906,62.46139564810149,61.28997879480555,61.47206150884739,11168100
2014-05-05,62.46139907836914,62.594924557063386,61.65415223949787,61.72091729418189,7614200
2014-05-06,62.31571960449219,62.69810207577852,62.15791552271909,62.2732331777574,9669800
2014-05-07,62.582801818847656,62.78916321257659,62.38857742388373,62.58887263356758,11007400
2014-05-08,62.10329818725586,62.69204208122575,62.01225450549291,62.57064896198381,8922500
2014-05-09,62.29883575439453,62.43938447225119,61.87719892505039,62.15217966862757,8948800
2014-05-12,62.46992874145508,62.54325444011376,62.04217529679384,62.53103504437467,8830500
2014-05-13,62.54936218261719,62.76323655923525,62.29271293067551,62.43936898005479,7528800
2014-05-14,62.506591796875,62.74490964252559,62.39659858641225,62.54936667527095,6999200
2014-05-15,61.58388519287109,62.58604370995609,61.30890443544542,62.32939438141038,13658700
2014-05-16,61.55942535400391,61.71830546554416,61.30277609374711,61.46776357188022,10369200
2014-05-19,61.63888168334961,61.78553777065351,61.36389627477773,61.36389627477773,5851400
2014-05-20,61.51665115356445,61.76719304998267,61.38221449325341,61.52887521110834,6134100
2014-05-21,62.34771347045898,62.463818713203416,61.54721015371508,61.62664788384367,7747900
2014-05-22,62.02384567260742,62.311050432989965,62.005514247410616,62.21327661579071,5304300
2014-05-23,61.91385269165039,62.28660721242496,61.88329720813291,62.05440138887368,5410900
2014-05-27,61.93828582763672,62.26826541378229,61.67552456434181,62.09105389554977,8359700
2014-05-28,61.75497817993164,62.37216263858388,61.74887081236304,61.85886403606232,7586700
2014-05-29,61.883331298828125,62.115541912413335,61.73056312130725,62.048323541334966,6113700
2014-05-30,61.431129455566406,61.80999615655688,61.33336026112266,61.59612167297923,11499000
2014-06-02,61.07058334350586,61.64498828754297,60.90559116798439,61.43111385826783,7761300
2014-06-03,61.345550537109375,61.52887410006174,60.85669081064432,60.85669081064432,9384200
2014-06-04,61.13166809082031,61.38831731540796,61.08278119220041,61.23554925380418,7148800
2014-06-05,61.44333267211914,61.61443220093039,61.08279752602758,61.16834729043321,12296100
2014-06-06,62.08495330810547,62.10328473369522,61.47388092384831,61.47999295308232,9340900
2014-06-09,62.03609085083008,62.30496429775931,61.8344404277473,61.99331595355626,6404800
2014-06-10,61.9993896484375,62.164381765982384,61.718296974147215,62.01161370416519,7917500
2014-06-11,62.29883575439453,62.53104627414789,61.718318779236974,61.83442403911365,10270300
2014-06-12,62.121612548828125,62.909891716888005,62.06661361727064,62.61046759386695,11421000
2014-06-13,62.7265853881836,62.73269741782801,62.103288903607286,62.28661249603858,8240300
2014-06-16,62.891563415527344,63.09321840439499,62.43325916561649,62.67768903132466,8977600
2014-06-17,62.58604049682617,62.68992169655484,61.993299462201705,62.6838143286505,9355400
2014-06-18,62.77549362182617,62.90992568487257,62.36607141462413,62.67771976275876,9575100
2014-06-19,62.71434783935547,62.84267246161036,62.133831025043634,62.702128444807606,11105600
2014-06-20,63.44766616821289,63.58821024876447,62.90381195297163,63.11157438930482,17674400
2014-06-23,63.78374099731445,63.9242897129036,63.4782047706634,63.61875348625253,8553700
2014-06-24,62.77549362182617,63.838758697556194,62.61661343189873,63.66154707458216,9708400
2014-06-25,62.41493988037109,62.70825670868921,62.04218531164587,62.53715250593783,10714800
2014-06-26,62.34771347045898,62.56158786858382,61.62664788384367,62.29271919470355,8424200
2014-06-27,61.84663391113281,62.20105700408321,61.510546905427866,62.12772664143797,15147400
2014-06-30,61.52277374267578,61.88330424620208,61.42499991398969,61.846641391501166,9454800
2014-07-01,61.93828582763672,62.07882983933432,61.58997481927942,61.80996121004313,8399600
2014-07-02,62.06663513183594,62.10941002138057,61.7427674449818,61.80998579456813,6954400
2014-07-03,62.68994140625,63.10547099791991,62.13386771478673,62.298855280221176,6922600
2014-07-07,62.7265853881836,62.7265853881836,62.3416067765004,62.531042398576105,7979600
2014-07-08,62.83658599853516,63.081015929808814,62.43327591261664,62.53104974997137,9613600
2014-07-09,63.27655792236328,63.36210769761299,62.82436092505698,62.91602273057113,7655300
2014-07-10,62.67770004272461,62.98323626300934,62.35383239516084,62.867131007425066,8533700
2014-07-11,62.17049407958984,62.63491032986596,61.91384483421816,62.57380403269818,7680800
2014-07-14,62.74491882324219,62.98934873360302,62.42716320325203,62.433270570979296,8253100
2014-07-15,62.56769561767578,62.69602024777246,62.170497669979255,62.65324537107357,8755800
2014-07-16,63.41096115112305,63.423185206099554,62.65934494395187,62.67156433681741,8870200
2014-07-17,62.5188102722168,63.48430569849605,62.50659087661733,63.1726574964212,8145700
2014-07-18,62.77549362182617,62.91603771659283,62.24385875290406,62.751050157059325,8208300
2014-07-21,62.98934173583984,63.05656007027432,62.36604530055881,62.54936887849141,6632400
2014-07-22,63.27046203613281,63.66766018663411,63.2460185709512,63.33156836802972,7426300
2014-07-23,63.70429992675781,63.82651254618473,63.26432703744074,63.33154537675933,7007200
2014-07-24,63.72264862060547,63.99152205073736,63.52099354800655,63.80819840980856,7943000
2014-07-25,63.05045700073242,63.54542420452929,62.916020312759706,63.50876134857779,7775500
2014-07-28,63.77759552001953,63.86925260355607,62.836543944794016,63.117636545896175,9197800
2014-07-29,63.27655792236328,64.0159550725147,63.258221831569976,63.67986333966719,8055400
2014-07-30,63.093223571777344,63.643189649135394,62.67769416467485,63.386540367072406,11072100
2014-07-31,60.45952606201172,62.31718737235696,60.45341403046552,62.31718737235696,18291800
2014-08-01,60.37394332885742,60.83224754037574,59.99507683564214,60.26395013160857,14915000
2014-08-04,61.18667984008789,61.37000343124407,60.07452822028481,60.33728954781528,12148200
2014-08-05,60.00730514526367,60.8261445491297,59.75065586758969,60.789481698636905,13069400
2014-08-06,60.48393630981445,60.89335361839996,60.007296015366194,60.007296015366194,9911300
2014-08-07,60.05009460449219,61.00947827625168,59.659008563909545,60.966703386254,10017100
2014-08-08,60.948360443115234,60.97891592824722,60.08063874587144,60.38006291929254,11199300
2014-08-11,60.75145721435547,61.17603119262743,60.63454315786563,61.089885475610544,8589600
2014-08-12,60.603797912597656,60.7268666227976,60.19152829625818,60.431506412909,9583700
2014-08-13,60.97296905517578,61.10834223226513,60.59762255677708,60.80683223439567,7645800
2014-08-14,60.97296905517578,61.08988310713282,60.67145905730632,60.97912366174965,6547300
2014-08-15,60.936073303222656,61.182206016570255,60.38843048068453,61.06529192144716,9226900
2014-08-18,61.23758316040039,61.24373776922129,60.97914592501493,61.08990541083599,7135400
2014-08-19,61.2191047668457,61.50215565386598,61.18218651471814,61.22525937373015,8888100
2014-08-20,61.34831237792969,61.4713810206724,60.942197593350464,61.25601676410852,6751800
2014-08-21,61.08990478515625,61.576015596026,61.07760026223149,61.40987871629149,6826200
2014-08-22,60.60993957519531,60.90529972199365,60.35150238086569,60.84991764058572,8095000
2014-08-25,60.76377487182617,60.85607521561287,60.60994253037851,60.80069313150465,7569800
2014-08-26,61.311405181884766,61.72367464654711,60.92989936251077,60.99143604226656,8536500
2014-08-27,61.24370574951172,61.50829745538305,60.97295943803727,61.397538027469736,5848700
2014-08-28,61.268341064453125,61.372945923619504,60.92375814268611,60.94221727141074,6072700
2014-08-29,61.200645446777344,61.32986402340375,60.74530312515247,61.15141798103695,8873700
2014-09-02,60.603797912597656,61.280659387627935,60.18537368710036,61.18220911405925,8957100
2014-09-03,60.985294342041016,61.28064981118259,60.83146199927421,60.83146199927421,8475100
2014-09-04,60.52379608154297,61.19450282894795,60.28381800727968,60.917606495441206,9662900
2014-09-05,61.077598571777344,61.102212311536576,60.36996881111944,60.75762464949807,9476900
2014-09-08,60.16075134277344,60.86838106781872,59.96384612919994,60.86838106781872,10080100
2014-09-09,59.92691040039063,60.32072071274435,59.66231865666023,60.11151103818922,9756400
2014-09-10,59.57002639770508,60.01306423269424,58.9670063292064,59.90845938126343,12113700
2014-09-11,59.70539855957031,59.76078063528203,58.96085070319572,59.26851533944587,10181100
2014-09-12,58.93624877929688,59.43466408763182,58.84394843100762,59.39774582615241,10257500
2014-09-15,59.25006103515625,59.317747636207926,58.702418313621926,58.90547811677695,10689400
2014-09-16,59.9515266418457,60.33303245179443,59.08391018029101,59.21313344891401,11574100
2014-09-17,59.736175537109375,60.259204555431154,59.563884067035424,60.24690003382178,8774200
2014-09-18,59.44697189331055,59.88385519061176,59.36698076380716,59.77925032250948,8636600
2014-09-19,59.76079177856445,60.03153351662733,59.606959431755065,59.73617803972408,18178100
2014-09-22,59.40388107299805,59.68693193946336,59.23773956131,59.62539995885597,8816900
2014-09-23,59.0900764465332,59.7854016132429,59.0900764465332,59.24390878329689,10300700
2014-09-24,58.96084976196289,59.22544153269775,58.357825018919584,58.99161810293264,12200000
2014-09-25,57.99476623535156,59.00390555873385,57.96399790327996,58.862382498216526,12854200
2014-09-26,58.72085189819336,58.92391161301601,57.71786722873583,58.04399087670596,11256800
2014-09-29,58.10554122924805,58.32090552769656,57.71788549204072,58.27783266800686,14015000
2014-09-30,57.87172317504883,58.33937006805279,57.60713138537473,57.90864143118334,15576500
2014-10-01,57.13947296142578,58.17322626082085,57.05332724435865,57.90863450280337,14028600
2014-10-02,57.41022109985352,57.77941771220258,56.64720944713052,56.85026922702888,13756500
2014-10-03,57.79172134399414,57.90863540236834,56.96718241223175,57.59481617412629,11563000
2014-10-06,58.16091537475586,58.65933523155719,57.78556887237911,57.84710085500205,10595400
2014-10-07,57.45329666137695,58.57319576509824,57.42868292678431,58.00708925864705,10787900
2014-10-08,58.2163200378418,58.35169326890134,56.86874703086507,57.48407648506943,15583700
2014-10-09,56.49952697753906,58.14245481545768,56.38261292722638,57.871713159676176,17915600
2014-10-10,56.36415863037109,57.391757356079104,55.93343003114906,56.88103764402716,18173100
2014-10-13,55.89651870727539,56.93642686326023,55.8472959246925,56.1918788757258,14451100
2014-10-14,55.71807098388672,56.751824414057566,55.41655624141892,56.29647734385357,23120500
2014-10-15,55.51501083374024,55.75498888792493,53.4782723296532,54.76430832799733,24703500
2014-10-16,55.74884796142578,56.16111757162489,54.25975179961959,54.505884521762304,25212600
2014-10-17,56.124210357666016,56.76415368340999,55.68732691976806,56.07498286462599,18189200
2014-10-20,56.4687614440918,56.54260264183895,55.76728649655695,55.76728649655695,10821700
2014-10-21,57.625606536865234,57.85943004838437,56.83183094712504,57.1394956860356,15757000
2014-10-22,57.30562973022461,58.20401015982552,57.21333406881341,57.81635429812513,12733600
2014-10-23,57.90863800048828,58.44397615567376,57.760960290109104,58.031701976705975,11345100
2014-10-24,58.1424674987793,58.16708123550859,57.36100130963294,57.95787151519501,9734100
2014-10-27,57.66249847412109,57.748644186113935,57.08408752680694,57.748644186113935,11387700
2014-10-28,58.517826080322266,58.57935808253895,57.797891795746345,58.11171111001951,12564100
2014-10-29,58.2039909362793,59.05930290445762,57.607125513057376,58.714715335498354,12409100
2014-10-30,58.11784362792969,58.25321680904037,57.360991307486415,57.76095624406177,9767900
2014-10-31,59.508487701416016,59.61924714768018,58.0316966494236,58.450120702578296,17493700
2014-11-03,58.61626815795898,59.748471772622125,58.3332172542932,59.41619340016495,13410000
2014-11-04,58.16091537475586,58.38858887450903,57.77325965910091,58.14861085606701,13498500
2014-11-05,58.49934768676758,58.9300762550472,58.2409105457998,58.67779372065179,12480000
2014-11-06,59.23161315917969,59.330063428309714,58.01325880338203,58.56705623783551,14731400
2014-11-07,59.8637809753418,60.21705558870863,59.324582309646246,59.37416520925761,13233500
2014-11-10,59.671634674072266,60.17984741651907,59.54148314925487,60.03730253487892,9087600
2014-11-11,59.75219345092773,59.81416967687439,59.25637418638856,59.36173424334618,7990000
2014-11-12,59.11382293701172,59.74599271782066,58.94648665884629,59.436106868380186,11592800
2014-11-13,58.667606353759766,59.00847803860309,58.15319457673268,58.85353507408776,12355400
2014-11-14,58.9340934753418,58.94649155830029,58.6613971205368,58.7977476621809,9352500
2014-11-17,58.946510314941406,58.965102716811984,58.37632125798161,58.78536828458852,8704400
2014-11-18,58.79777145385742,59.34316911263799,58.5870465146452,58.92792300668625,9263200
2014-11-19,59.256385803222656,59.33695443989999,58.33912140254629,58.92790748567465,8333200
2014-11-20,59.38654708862305,59.43612997864848,59.039476315414326,59.10765160707813,8422400
2014-11-21,60.00011444091797,60.24182509685133,59.56007697169355,60.24182509685133,12374900
2014-11-24,59.32454299926758,59.993897515028216,59.03324956767828,59.70879839542161,10172400
2014-11-25,58.74196243286133,59.516677077161525,58.48785848834199,59.504283723385214,13747400
2014-11-26,58.55604553222656,58.958893445497885,58.481671209161576,58.655206567829325,9822100
2014-11-28,56.1141471862793,56.92604684469856,55.847645085872976,56.70912763006184,19556700
2014-12-01,57.235931396484375,57.55821541766704,55.9530038114135,56.00258669597763,27584200
2014-12-02,58.37632751464844,58.67381543343136,57.02522433492253,57.21735214615672,20885300
2014-12-03,58.84733200073242,59.08284831689362,58.258550667296845,58.67379664891914,16220400
2014-12-04,58.48786544799805,58.63660935342798,57.68216023065925,58.33911681408463,12868600
2014-12-05,58.147010803222656,58.62423317871258,57.85571719688448,58.22757946367322,11831900
2014-12-08,56.83309173583984,57.71936590411715,56.62857056507217,57.57682098899074,15735900
2014-12-09,56.63475036621094,57.05619541644196,56.25049484262182,56.54178837081615,15883800
2014-12-10,54.95515823364258,56.23189121442287,54.663864763617546,56.22569217313979,22279400
2014-12-11,55.28366470336914,56.73393375222358,55.06674543260696,55.07294447705316,21522200
2014-12-12,53.67223739624024,55.1596906747389,53.67223739624024,54.979956283773966,24568300
2014-12-15,53.858184814453125,54.911795265716094,53.61027508224865,54.24863945094791,21373600
2014-12-16,53.55450439453125,55.283664229857486,53.41815378879561,53.53590726135195,26372400
2014-12-17,55.17208099365234,55.71748317855708,54.0131108076965,54.06888799743447,23323000
2014-12-18,56.498416900634766,56.49841690063477,54.787844883575865,56.00879646092104,22882700
2014-12-19,58.03544616699219,58.03544616699219,55.53776591567447,55.90962814732867,38469000
2014-12-22,57.84330368041992,58.05402382439289,57.29790146593246,57.613986410375546,17871800
2014-12-23,58.62421417236328,58.989882004901446,57.669769730820505,57.96105851423571,13706500
2014-12-24,58.122188568115234,58.41348202015761,57.62637405118764,58.39488962593921,6875700
2014-12-26,57.7689323425293,58.52505474000653,57.40326922847804,58.25235361869111,10585000
2014-12-29,57.68218994140625,58.17181047447548,57.57063077275141,57.84333201357122,9892100
2014-12-30,57.65117645263672,57.880493743552265,57.33509620790941,57.49623348732504,8743400
2014-12-31,57.29791641235352,57.71936153871896,57.05620572369384,57.27932400991583,11337200
2015-01-02,57.53342819213867,57.66977877044138,56.90125818882328,57.1739593454287,10220400
2015-01-05,55.95919799804688,57.26691691191785,55.469577694554,57.08098347517949,18502400
2015-01-06,55.66170501708984,56.65334370076007,55.17208471736068,55.92820708584157,16670700
2015-01-07,56.225704193115234,56.69673213318187,55.779467694997805,56.18232035182516,13590700
2015-01-08,57.16157150268555,57.18635822069162,56.39924989066299,56.55419288486812,15487500
2015-01-09,57.08098602294922,57.50243106701451,56.62855522370031,57.20494322913544,14488400
2015-01-12,55.983985900878906,56.609951992813926,55.66790096978873,56.54797576064496,15176300
2015-01-13,55.77946090698242,56.66573475275493,55.22786439406983,56.324858378041085,17469000
2015-01-14,55.61833190917969,55.71129864476933,54.08130016423797,55.12871151499317,23272100
2015-01-15,55.13490676879883,56.18852181892411,54.85601130968334,56.04597220368633,18759600
2015-01-16,56.47361755371094,56.51700139782005,55.14730605839315,55.14730605839315,17713100
2015-01-20,56.45500564575195,56.88264966036664,56.01496827684376,56.48599612421043,16761000
2015-01-21,56.93844604492188,57.012815646547786,56.40544183367596,56.85787267184802,14276400
2015-01-22,57.5582160949707,57.62019233716308,56.59756779129415,57.21114062742184,13559000
2015-01-23,56.33106994628906,57.3165097669237,56.26909369941851,57.192552544698046,14706300
2015-01-26,56.87028884887695,56.98184801528842,56.07078227767571,56.15754999283065,10672500
2015-01-27,56.36825180053711,56.77110447685249,56.15133258359322,56.547986217000414,12301500
2015-01-28,54.50891876220703,56.35584049649418,54.42835014399502,56.32485002030653,17829700
2015-01-29,54.279632568359375,54.7010777149639,53.31898408274337,54.6762862676948,22683000
2015-01-30,54.18046188354492,54.800233823814665,53.455329848265634,54.01932458358373,22679900
2015-02-02,55.519168853759766,55.52536316835334,54.23004214563303,54.44696136851867,20306300
2015-02-03,57.1739616394043,57.22354452959186,56.2814885299668,56.337270463548975,21900900
2015-02-04,56.684326171875,57.18633979826203,56.09554487496388,56.79588528090361,19632200
2015-02-05,57.24212265014648,57.35368176099367,56.833071000879,57.2607150472071,12809000
2015-02-06,57.1359977722168,57.62305797458006,56.798801148101326,57.5106590998749,12331200
2015-02-09,57.17344284057617,57.6292838881293,56.97362321684447,57.07353541074813,11360700
2015-02-10,56.83000564575195,57.28584193125518,56.38665600250437,57.28584193125518,12952900
2015-02-11,56.57400131225586,56.71762394400128,56.06820877677479,56.211826644443136,12240600
2015-02-12,57.679237365722656,57.8603246358927,56.836243751188704,57.110997507870906,14843000
2015-02-13,58.30368423461914,58.35363557377517,57.62304542928932,57.88530782514431,12061000
2015-02-17,58.1038703918457,58.11635703686339,57.62929689186959,57.91653736804346,11758700
2015-02-18,56.83000564575195,57.44195116186668,56.4428530387682,57.44195116186668,19177900
2015-02-19,55.84962463378906,56.46156998298144,55.31260864584306,55.97451007858259,19350600
2015-02-20,56.14936065673828,56.16185206167553,55.48121341484884,55.824655589496494,15959900
2015-02-23,55.58113479614258,55.9183313241241,55.412534150113856,55.737244035166846,12771800
2015-02-24,55.83715438842773,56.06195208549489,55.65606709000829,55.78095734619902,9990700
2015-02-25,55.94953918457031,56.01198191494437,55.62483412818025,55.93080684186559,9925700
2015-02-26,55.3563346862793,55.68728549626336,55.00040582745626,55.6560617441957,13984000
2015-02-27,55.287635803222656,55.74971770930132,55.16274558261033,55.50618773420075,13090600
2015-03-02,54.97542190551758,55.27514893141373,54.54455894620728,55.16275010568389,13793700
2015-03-03,54.713165283203125,54.96293624285396,54.40718775870221,54.90673920615522,13493800
2015-03-04,54.43839645385742,54.92545636016907,54.28228726521527,54.92545636016907,13467600
2015-03-05,54.16366195678711,54.44466145439377,54.02628505983399,54.36972730221678,12527600
2015-03-06,53.47053146362305,54.076236035093046,53.27695754394419,53.95759626048776,16070500
2015-03-09,53.17705154418945,53.93886060124406,53.1520734951601,53.77651042866683,14503800
2015-03-10,52.61505889892578,53.4080917316136,52.6025674920058,52.96474206747149,17195500
2015-03-11,52.46517562866211,53.0334153794695,52.45268898938123,53.0334153794695,13004700
2015-03-12,52.590065002441406,52.90228338429957,52.49015283349107,52.7211961511329,10792900
2015-03-13,52.37152099609375,52.5650948975718,51.628439610561664,52.39025333958193,16799900
2015-03-16,52.92726516723633,52.98970789520629,51.99685089340724,52.2716046133648,13516200
2015-03-17,52.50265884399414,52.98347318963565,52.46518938817575,52.78989926353106,12979700
2015-03-18,53.74529266357422,53.932625670125375,52.09677935659851,52.16546780806218,18745700
2015-03-19,52.70872497558594,53.38935896096346,52.65876887645479,53.195785031925055,12738500
2015-03-20,52.78990936279297,53.32692561286102,52.696242851441255,52.871084465123566,36083500
2015-03-23,53.34562683105469,53.5641787206158,53.08336456358136,53.08960550037318,17450700
2015-03-24,52.77741622924805,53.56420822918636,52.7649295847116,53.26448111954658,10174300
2015-03-25,52.98972702026367,53.43307674216143,52.933525209954006,53.10837158108014,11934700
2015-03-26,52.65250778198242,53.433053737457776,52.508885229982205,53.264457907267854,14400700
2015-03-27,52.1904411315918,52.48392725869749,52.034331894967565,52.47768155529128,11579300
2015-03-30,53.47053146362305,53.58917600230394,52.60881023361736,52.62129687575848,15653200
2015-03-31,53.07714080810547,53.28944708458148,52.73994428304722,52.98347431268776,13354000
2015-04-01,52.73993682861328,53.70157016843474,52.615051361758624,53.51423720407757,14522300
2015-04-02,52.64004135131836,53.03968065281669,52.35904184102729,52.5089053880701,11297400
2015-04-06,53.15829849243164,53.476762566955365,52.57757212786452,53.17078989523807,10916400
2015-04-07,53.54545974731445,53.80772208024981,52.92726860137394,53.08337781346523,11836100
2015-04-08,52.49015808105469,53.63912431847628,52.46518003631999,53.57668158867698,16257100
2015-04-09,52.85858917236328,52.90854527212146,52.33405965305421,52.45270419896091,13281800
2015-04-10,53.42682647705078,53.72655832360361,52.93352069122855,53.30818669043861,13372400
2015-04-13,53.28945541381836,53.85769541451376,53.22701266180525,53.65163004520159,9880500
2015-04-14,54.094970703125,54.625745916387984,53.40809101805477,53.45180141353899,15693800
2015-04-15,55.00041198730469,55.28140673108118,54.41343968403904,54.41343968403904,15332800
2015-04-16,54.781856536865234,55.05036461993356,54.39470390702284,54.8755182695017,9570800
2015-04-17,54.28230285644531,54.55081092859502,53.80148851351832,54.41343404087996,14430100
2015-04-20,54.47586441040039,55.01288043274752,54.37595700098039,54.407175982141474,11593600
2015-04-21,54.251068115234375,54.71315478287308,54.1324283613918,54.56328651895388,10100500
2015-04-22,54.61326217651367,54.8255732444393,53.91389098650917,54.35099976679066,8663600
2015-04-23,54.663230895996094,55.1877558364769,54.51960824948679,54.55083201388199,9866100
2015-04-24,54.30726623535156,54.550796192670006,54.11369236263035,54.44464308595672,8405700
2015-04-27,54.332252502441406,54.70066796294903,54.17614328749916,54.58202819916404,10534600
2015-04-28,54.82557678222656,54.86304148201123,54.35100327395462,54.46340213738542,9633800
2015-04-29,54.869258880615234,54.994144324855874,54.30101915194936,54.63821556828828,12534100
2015-04-30,54.55706405639648,55.3688293225212,54.46339755074615,55.3688293225212,13947700
2015-05-01,55.48122024536133,55.54366298550981,54.76311682346456,54.85678331572513,12257100
2015-05-04,55.6435546875,56.12436885004282,55.543642528799495,55.83712853988979,10343700
2015-05-05,55.331336975097656,56.25550063335411,55.27513519416269,56.18057127753947,11895000
2015-05-06,55.06909942626953,56.17435079743202,54.8193236785716,55.980776855902285,11273500
2015-05-07,54.70068359375,55.0129021128514,54.27606621720904,54.95045936184643,9992500
2015-05-08,55.568641662597656,55.61859776091148,54.838051590042014,55.24393655170928,11390300
2015-05-11,54.636817932128906,55.76380520449269,54.5549714655861,55.73862056783067,11997800
2015-05-12,54.787933349609375,55.06495961211672,54.41017332113168,54.70608686454101,9788900
2015-05-13,54.49831008911133,55.23494757296547,54.39757633622485,54.95162398579734,8629400
2015-05-14,54.7564582824707,54.989407827309535,54.61794514582083,54.73127363912713,8791300
2015-05-15,54.99571228027344,55.1657074438922,54.52351096452384,54.64943419747851,8422200
2015-05-18,54.680908203125,55.06496563507098,54.63683627504004,54.97052441675183,6395400
2015-05-19,54.76905059814453,54.90756374085333,54.27796204016224,54.44165982731626,9777100
2015-05-20,54.85720443725586,55.02719961733423,54.71869607281506,55.02090225420671,7276600
2015-05-21,54.90755462646485,55.05236510711706,54.75015422741978,54.95162654605831,8357400
2015-05-22,54.47311019897461,54.83828015834239,54.460520284693175,54.769023621101006,7598400
2015-05-26,53.73650360107422,54.37870001865034,53.53503125121262,54.170930306876905,11289000
2015-05-27,53.58540725708008,54.076495871213694,53.371340156559086,53.705033131003,10778300
2015-05-28,53.58540725708008,53.87502349609528,53.40282216658522,53.58540725708008,8038900
2015-05-29,53.64207077026367,53.88132252551029,53.4405983889131,53.579111551744205,14631300
2015-06-01,53.59798431396485,53.81205136310367,53.39021942949493,53.67353823780429,9077500
2015-06-02,53.604286193847656,53.88760502604,53.45948049863097,53.59169627388604,9328300
2015-06-03,53.48466491699219,54.045010071102986,53.42800306709514,53.66095743590299,8179500
2015-06-04,53.02505111694336,53.44688306471885,52.74802485704097,53.32725721549203,12607300
2015-06-05,53.06282806396485,53.51614203564705,52.873950444750285,52.96838685261779,11388500
2015-06-08,53.42170715332031,53.64836416601411,52.842474700205095,52.99987513660467,12244700
2015-06-09,53.25170516967773,53.78686557590456,53.19503852713564,53.69872173504268,8105500
2015-06-10,53.64836120605469,54.12685985128347,53.516145423191446,54.045008554644426,10147000
2015-06-11,53.572784423828125,53.9568416879394,53.4468660567494,53.70500495378194,7759300
2015-06-12,52.89912414550781,53.31466350581907,52.79839038764626,53.25170430672072,8347300
2015-06-15,52.710235595703125,52.87393332212773,52.37654758668689,52.59060977983769,9563900
2015-06-16,53.31465148925781,53.35872339904121,52.50876239408834,52.76689649325455,9100100
2015-06-17,53.34614944458008,53.5979862595615,53.14467711050734,53.535027055816144,9090200
2015-06-18,53.81835174560547,54.120557850970464,53.33985314138489,53.390222426772205,10247800
2015-06-19,53.64836120605469,53.8183563579359,53.4657761334874,53.4657761334874,16129600
2015-06-22,53.623146057128906,53.89387483093154,53.49722770797857,53.76165912328055,9465100
2015-06-23,53.56022262573242,53.69243842161704,53.258011661224494,53.654663852358674,10223900
2015-06-24,53.31465148925781,53.73018595243298,53.30206157366737,53.446867218608,11800100
2015-06-25,52.84247589111328,53.42170835728263,52.84247589111328,53.42170835728263,10259400
2015-06-26,52.79839324951172,52.94949629623388,52.56543891639398,52.77950596910635,19023300
2015-06-29,52.14360046386719,52.54024771328288,52.131010546328966,52.28841093468928,11739200
2015-06-30,52.38283920288086,53.45316455986258,52.13100246333495,52.722824565441314,14981100
2015-07-01,51.86029052734375,52.5906259560342,51.69659275056783,52.43322554084028,13529100
2015-07-02,52.3450927734375,52.43323664032673,51.97363002061581,52.12473310621442,9188000
2015-07-06,51.96102523803711,52.29471335574592,51.70289105024484,51.89176866981684,11694400
2015-07-07,52.17509078979492,52.4017477694853,51.306237433155296,51.746961472988566,15641500
2015-07-08,51.60845184326172,52.24435090185629,51.57067727857601,51.784739549768,10057000
2015-07-09,51.37548065185547,52.35136488328907,51.36289073557887,52.17507723454761,11980500
2015-07-10,51.765846252441406,51.93583657725463,51.45104544069314,51.68399496716018,8628700
2015-07-13,51.89175415039063,52.01137997175034,51.67139458747393,51.69657922373272,8026700
2015-07-14,52.32619094848633,52.458406712081874,51.791030532938905,51.86657965300542,9310200
2015-07-15,52.105838775634766,52.52137340571597,51.879181776143255,52.0113975586,9289200
2015-07-16,52.20028305053711,52.55915585350795,52.13102647421992,52.37027340837378,8267600
2015-07-17,52.01139831542969,52.156204020640914,51.4951250987377,51.94843910431699,12156000
2015-07-20,51.47622299194336,51.88546495154476,51.37548444038919,51.7217672070085,12957100
2015-07-21,51.41324615478516,51.898037058201446,51.26843573749221,51.583236397846825,8677100
2015-07-22,51.495113372802734,51.92324263575179,51.3628976185289,51.84768871753296,13181500
2015-07-23,51.08587265014648,51.60844312290468,50.978841532635705,51.45734008621423,10496100
2015-07-24,50.33034896850586,51.098463620803976,50.19183586025819,51.098463620803976,14888500
2015-07-27,49.90222930908203,50.44997968336352,49.71964424982836,49.88334202769018,14996100
2015-07-28,51.92953109741211,52.049152109744185,50.09738852327643,50.17923498471185,19777300
2015-07-29,52.3450927734375,52.38286734396704,51.57068525669917,51.74067562756255,13913800
2015-07-30,52.26322555541992,52.45840049710738,51.89175814634539,52.370256665153136,11139900
2015-07-31,49.870731353759766,51.419550377749374,49.694443712513824,51.419550377749374,26232700
2015-08-03,49.14669799804688,49.69445310413234,48.875969125404026,49.54964262661129,15767700
2015-08-04,48.58635711669922,49.492985010014856,48.43525406897304,49.03337370202032,18874400
2015-08-05,48.58635711669922,49.2537381174918,48.416366788442176,49.02708114416289,16544400
2015-08-06,49.16558074951172,49.27261665933551,48.42265556183559,48.441542839016726,13005200
2015-08-07,48.372291564941406,49.09003699700828,48.24007580676898,48.82560548066343,12187600
2015-08-10,49.58111953735352,49.58111953735352,48.53597871191238,48.53597871191238,14876000
2015-08-11,49.24431610107422,49.61290294189297,48.50714726786007,48.939282393683314,14486400
2015-08-12,50.07046127319336,50.12130184353303,48.907508680897614,49.212547254511975,16492400
2015-08-13,49.98149108886719,50.38820594163256,49.74000081174661,49.77177737929094,13154100
2015-08-14,49.79719161987305,50.38184354371249,49.72728705849845,49.975128740309145,9129300
2015-08-17,50.05775451660156,50.31830883351717,49.21890440232628,49.52394301134648,9365400
2015-08-18,49.5048713684082,49.99419850605204,49.30151394324897,49.90522993557133,9815300
2015-08-19,48.44359970092773,49.3015136822635,48.25294999466493,49.25702939725864,17010100
2015-08-20,47.38868713378906,48.4118306971711,47.38868713378906,48.29744182522701,17811200
2015-08-21,45.83807373046875,47.59203444354487,45.79994573075725,47.08999477084317,25488800
2015-08-24,43.67104721069336,45.36145481054,42.292029591372085,43.20713553289485,35531200
2015-08-25,43.6646842956543,45.39958076334353,43.34058179870571,45.31696364443013,30409700
2015-08-26,46.07320785522461,46.23208098575987,43.9443088757368,44.88483509338855,34436000
2015-08-27,47.56660079956055,47.59202107503543,46.39729721824709,46.899336749926825,24571000
2015-08-28,47.70642852783203,48.28472911185987,47.287005939696144,47.47765080760384,18997300
2015-08-31,47.81445693969727,48.01146292232617,46.58160471965704,47.20438468836922,19570100
2015-09-01,45.80630493164063,46.61337835029579,45.44407436603579,46.581606631319886,24092900
2015-09-02,46.53711700439453,46.5434684384066,45.7554591112709,46.4290795966915,16936900
2015-09-03,46.893009185791016,47.60476278969334,46.60703454788684,46.79768430648963,13451900
2015-09-04,46.04778671264648,46.47992181356976,45.91433386729971,46.34646896822298,14902500
2015-09-08,46.70870208740234,46.84851122313959,46.37189181408446,46.84851122313959,13626900
2015-09-09,45.755462646484375,47.45858283892934,45.66013779628621,47.261581704030206,17246200
2015-09-10,46.085914611816406,46.37824543252077,45.62836407808682,46.27020802120695,12353900
2015-09-11,46.19395446777344,46.21301846830151,45.76181934491824,46.009661048629845,12172300
2015-09-14,46.06684112548828,46.12403796069003,45.602934404646255,45.95245230350687,10738500
2015-09-15,46.30199432373047,46.58796407350625,46.01602457395468,46.03508857748319,11979800
2015-09-16,47.21710968017578,47.47130288214035,46.62610127360153,46.71506986397404,15214200
2015-09-17,47.31876373291016,47.96061241732668,46.931112979310086,47.286992021822016,15603000
2015-09-18,46.18760299682617,46.74683474708075,45.83172868742997,46.55618987351443,23180200
2015-09-21,46.638797760009766,46.778606896467885,46.2193751990588,46.45450433908074,10853000
2015-09-22,46.22572326660156,46.72140664272142,45.76816788913,45.977881578541634,14245200
2015-09-23,45.94611358642578,46.51805300619812,45.93975730332821,46.30834414821252,13784800
2015-09-24,46.21936798095703,46.4862736460997,45.577519249465965,45.75545635956108,14584200
2015-09-25,46.53711700439453,46.727761841637744,46.23843475944829,46.57524500215859,15175300
2015-09-28,46.13676071166992,46.68328472276647,46.00966413401086,46.14947327849002,14571900
2015-09-29,46.37189865112305,46.51170780747365,45.844438597045446,46.168541200546926,13754400
2015-09-30,47.24886703491211,47.24886703491211,46.600666809580886,46.64515109123673,18176500
2015-10-01,47.06456756591797,48.03051876953667,46.58159681253106,47.789028544420766,14397800
2015-10-02,48.22117614746094,48.23388871442136,46.41002322949747,46.63880095054798,18811300
2015-10-05,48.81217575073242,49.02824571472909,48.16397555558812,48.71049947529264,18486700
2015-10-06,49.49851608276367,49.92429494270508,48.46266493505019,48.90750779641829,18757900
2015-10-07,50.331016540527344,50.38821340088963,49.269744965999806,50.18485594440277,18666300
2015-10-08,50.85847091674805,50.90931148728463,49.91158832051661,50.40091547876613,14344700
2015-10-09,50.369140625,50.94743632150054,49.96242578285668,50.87118031886327,17384700
2015-10-12,50.39455795288086,50.57884651406072,50.025971133675,50.57884651406072,9931800
2015-10-13,50.30559539794922,50.553437118432775,49.87981168084086,50.02597710881961,12326600
2015-10-14,50.94106674194336,51.14442409058015,50.06408423660461,50.184829329002646,14486000
2015-10-15,51.77994155883789,51.81171328124246,50.7758620411128,50.96015548538568,13640900
2015-10-16,52.41542053222656,52.42812824819285,51.76085922202858,52.27561141448374,14304400
2015-10-19,51.468544006347656,52.21842546376663,51.32238342434557,52.11674916955958,14155800
2015-10-20,51.36684799194336,51.51300851783309,50.96648470706739,51.18891090907487,12340100
2015-10-21,50.97285461425781,51.5702191365088,50.90930633173441,51.38592572329471,10274900
2015-10-22,52.67599487304688,52.720479172634604,51.25884872302008,51.27155644500585,14823500
2015-10-23,52.7331657409668,52.74587345668655,52.040476447885965,52.37093523767104,13215700
2015-10-26,51.61470413208008,52.57429921123501,51.582927566167854,52.44084151314226,12576400
2015-10-27,51.53208160400391,51.57657073099173,50.66781631308537,51.20162765586647,13579400
2015-10-28,52.288330078125,52.47897979649501,51.430416042307456,51.67190148360889,12473000
2015-10-29,52.25655364990234,52.8856899063707,51.97693538106161,51.97693538106161,10341200
2015-10-30,52.58064270019531,53.305103688026605,51.64011661176496,52.40906187609738,18758600
2015-11-02,54.19478225708008,54.60785321939263,52.167560280225,52.301017929069616,21266500
2015-11-03,55.19253921508789,55.56748242376448,54.38546563124253,54.43630621011808,20115900
2015-11-04,54.639644622802734,55.33868536908057,54.46170265879173,55.1416794067455,14245400
2015-11-05,53.8961181640625,54.7985212121006,53.699117037668216,54.36638611182504,12291100
2015-11-06,53.6800651550293,53.68006515502929,52.88569933906976,53.33689854072387,12491700
2015-11-09,52.53260803222656,53.59031256717996,52.43645707597678,53.56467068195017,13551200
2015-11-10,52.789024353027344,52.95569416912482,52.47491980363151,52.51979188211663,14238000
2015-11-11,52.32107925415039,52.92364653426256,52.18005130858469,52.83390236720989,9598000
2015-11-12,50.90438079833984,52.10310815190335,50.84668534420613,51.64797577442288,16050600
2015-11-13,50.06462860107422,51.01335868866539,49.962065961995954,50.82104701569627,17527300
2015-11-16,51.85951614379883,51.91720670559973,49.94283085873764,49.96206104600461,14548100
2015-11-17,51.2569580078125,51.84670673283533,51.04541610948154,51.73773238182478,10011700
2015-11-18,51.756961822509766,51.85952936834038,51.0197734815939,51.21208518468144,10884600
2015-11-19,51.47491836547852,51.78261126649778,51.30824852452363,51.60953462101075,9453300
2015-11-20,51.14796447753906,51.88515255273463,51.05822035263053,51.64796885651178,10144400
2015-11-23,51.46207427978516,51.7377183752232,50.68001406060334,51.026172103061946,11868400
2015-11-24,52.48774337768555,52.78902945837645,51.41080849920008,51.50696435973615,15055500
2015-11-25,52.08387756347656,52.67362614181466,51.98772173445242,52.11593113671415,8980400
2015-11-27,52.07105255126953,52.09028273652975,51.5774549730467,51.654380604775554,4156600
2015-11-30,52.34669494628906,52.981315493046,52.083869380959584,52.19284368774543,17729200
2015-12-01,52.49413299560547,52.64797937334731,52.09669122152687,52.41080055988868,13917000
2015-12-02,50.994140625,52.33389628900402,50.91080326457572,52.12235437657491,16300000
2015-12-03,50.26335525512695,51.18643862996756,50.01334810763816,51.10310617459752,14870300
2015-12-04,50.55182266235352,50.62874832196877,49.378732029342345,49.58386223095989,20156400
2015-12-07,49.23130035400391,49.68002116958217,48.55821423994644,49.57104681304032,17676100
2015-12-08,47.84024429321289,48.94282075859382,47.30177944678344,48.25050462116548,24217600
2015-12-09,48.48128509521485,49.48129909779973,47.90435977108441,47.97486884502212,22036300
2015-12-10,48.51974868774414,49.68001588071171,48.41076945211399,48.59026264992677,20142400
2015-12-11,47.65435791015625,48.42359991249113,47.65435791015625,47.96205568922826,20473100
2015-12-14,48.73770523071289,48.85950298332439,47.49410048713544,47.62872162985887,21976500
2015-12-15,50.91720581054688,51.026180149239416,49.57103869361573,49.63514095810021,24366800
2015-12-16,50.73771286010742,51.03258716224189,50.000524659426816,50.66719890843517,17233900
2015-12-17,49.97488784790039,50.7890017759139,49.96847615418275,50.65438066129014,17362900
2015-12-18,49.538970947265625,50.500519311585805,49.39794307132193,49.7248708845834,28836000
2015-12-21,49.526180267333984,50.0646453062155,49.135149988326425,49.86592676434599,14460500
2015-12-22,49.77616882324219,49.93642692963338,49.49411299097312,49.80821751010686,13855800
2015-12-23,51.404396057128906,51.423626248988974,50.20566356072501,50.43643564442512,15184200
2015-12-24,50.853118896484375,51.45568623335538,50.71850263322519,51.45568623335538,5848300
2015-12-28,50.47489547729492,50.55182113458534,49.94284224244421,50.07745847468521,9715800
2015-12-29,50.744136810302734,51.33388555702412,50.53900170811441,51.27619008686115,8839000
2015-12-30,50.07105255126953,50.635159431010415,49.981308386099165,50.20566879902508,9314600
2015-12-31,49.96846771240234,50.28257707253901,49.635133055739374,49.68641681543784,10285500
2016-01-04,49.65437698364258,49.96207473629298,49.01334448208661,49.6800188705876,20400100
2016-01-05,50.07743835449219,50.09025684687887,49.30819676272406,49.48127819941415,11993500
2016-01-06,49.66078567504883,49.76976001995806,49.09667397775007,49.12872755716552,18826900
2016-01-07,48.86590576171875,49.99411935118287,48.65436387968568,48.75692652841448,21263800
2016-01-08,47.87871551513672,49.13513853706677,47.75691778395566,48.94282684474821,19033600
2016-01-11,47.2376823425293,48.15435893267224,46.51331255108781,48.08384497260821,21353000
2016-01-12,48.20564270019531,48.34667063462622,46.89152899171344,47.5133313076916,21864100
2016-01-13,48.49411392211914,49.39796728445938,48.038981393466926,48.62231847726135,26052700
2016-01-14,50.71847152709961,51.23129437394531,48.59024473050492,48.853065400242194,33806700
2016-01-15,49.73127365112305,50.109480259015314,48.910753310005504,48.9299834913306,28342100
2016-01-19,48.974876403808594,50.15437367385943,48.19922778565121,49.95565519461348,22684500
2016-01-20,46.91073989868164,48.53896238834852,45.86585909966848,48.122290450837,33300800
2016-01-21,47.50050735473633,48.07102588947652,46.54537029746305,46.897940129354126,22265600
2016-01-22,49.0838508605957,49.212055384811705,47.89794189418589,48.98769502208916,22530300
2016-01-25,47.42358016967773,48.93641216824242,47.37229640275982,48.558205391273546,17086600
2016-01-26,49.16717147827149,49.21204354001578,47.5966444265331,47.92997904367819,18724700
2016-01-27,48.263328552246094,49.66077933844999,47.89794029070461,48.71846095587223,18106100
2016-01-28,49.35309219360352,49.78258769760685,48.47488077394637,49.583864291348895,16157700
2016-01-29,49.90435791015625,49.90435791015625,48.878707324757904,49.18640494572129,25161900
2016-02-01,48.90436553955078,49.22488176023938,48.35948894251802,49.14154930350853,16754200
2016-02-02,47.81461334228516,48.47488094638258,47.14794382497144,47.55820424671373,21404200
2016-02-03,50.308231353759766,50.34028004345517,47.60307349642992,48.41718259690104,25873700
2016-02-04,51.17361831665039,51.28259265227107,49.71847201135628,50.37232780645865,23658700
2016-02-05,51.33387756347656,51.34669606002227,50.36591723618567,50.89797532058371,26719900
2016-02-08,52.02620315551758,52.42364019921851,50.58387994435482,50.83388224303449,26601200
2016-02-09,51.7998046875,52.18144422758832,50.9006826189037,51.73512060520629,18418100
2016-02-10,51.32758712768555,52.68597221553921,51.28230778925968,51.59926315824072,16610900
2016-02-11,51.489295959472656,51.84506568878714,50.18266019331995,50.67426299281964,19331600
2016-02-12,52.41429138183594,52.44016599214787,51.62513304009267,51.79978542592887,16767200
2016-02-16,52.53720474243164,52.94471883000288,51.929163619797954,52.84769025627308,15912200
2016-02-17,53.041748046875,53.54629071429372,52.498395923525095,52.81535132881254,17006700
2016-02-18,53.332820892333984,53.72740008578765,52.9511814723155,53.62390657369424,14873700
2016-02-19,53.36517333984375,53.397517843171954,52.33668327704072,53.16465123742819,13615900
2016-02-22,53.29402923583984,53.9732244507039,53.17112602255911,53.36518320825719,14595200
2016-02-23,52.54365921020508,53.28106825802111,52.31725762625085,53.03526195203122,11041600
2016-02-24,52.731239318847656,52.892951909286445,51.53456713661591,51.68981477669232,13777500
2016-02-25,53.0482177734375,53.087027229250815,51.7609815580751,52.75713204960272,13706400
2016-02-26,52.88004302978516,53.74035561762448,52.84123356825464,53.61745240933914,14343300
2016-02-29,51.84506988525391,53.30048354740033,51.78038582061851,52.96411851517182,18903600
2016-03-01,52.57601165771485,52.89296704384564,51.95503572495578,52.11027847437604,15730600
2016-03-02,53.49454498291016,53.50748475911936,51.94857237617968,52.36255638345855,14094400
2016-03-03,53.30048370361328,53.50747567209987,52.74419186297849,53.46866622022045,13216200
2016-03-04,53.229339599609375,53.669198230905245,52.88650955104088,53.468676112326406,18402700
2016-03-07,54.63300323486328,54.63300323486328,53.17758932755908,53.2422734030902,18945600
2016-03-08,53.44923782348633,54.47126246873213,53.35221422779775,54.33542449969203,14003900
2016-03-09,53.30048370361328,54.23841498126986,53.19698525183109,53.83090093130253,14139300
2016-03-10,53.15818786621094,53.46867835695727,52.3496245346703,53.31343064404464,15898300
2016-03-11,53.16465759277344,54.03143511270736,53.048224275983024,53.83091298632122,15370200
2016-03-14,53.30696105957031,53.45573393600485,52.40783417273678,52.70538979576284,13344600
2016-03-15,53.57216262817383,53.59156735516079,52.73125493483265,52.78300416351661,9213000
2016-03-16,53.6045150756836,53.79210235616053,53.00294377452611,53.70153872500028,11492100
2016-03-17,54.40013122558594,54.77530573560884,53.50747922750075,54.12845517422238,13673900
2016-03-18,54.4648323059082,54.72357359829202,53.850326054691344,54.71710370883552,19637000
2016-03-21,54.08965301513672,54.42601318099007,54.012029160672654,54.2319560123693,8385400
2016-03-22,54.41307830810547,54.891746405994446,53.6950736937326,53.74035304170752,13005100
2016-03-23,54.17372512817383,54.529494849315135,54.02494735340275,54.24487907240209,12748900
2016-03-24,54.32250213623047,54.35484169719224,53.64330720002959,53.649777086252826,9368300
2016-03-28,54.47775268554688,54.56831136537173,54.14138764470203,54.35484950503688,7490400
2016-03-29,54.67827987670898,54.73002910860568,53.79209772210035,54.12198797151544,9977900
2016-03-30,54.67180252075195,55.01463743392734,54.33544242952717,55.00169766018156,10807000
2016-03-31,54.07023239135742,55.04697805464701,54.07023239135742,54.38072281120526,13896900
2016-04-01,53.66271209716797,53.9408579847402,53.294007542486376,53.30047742873054,12235300
2016-04-04,53.79210662841797,54.27077476501918,53.546300203749865,53.7274176102974,8050200
2016-04-05,53.177581787109375,53.77268309373766,53.03527388007262,53.436322987623655,10446800
2016-04-06,53.88910675048828,53.986135300214734,53.235791381489406,53.48806264973195,9320200
2016-04-07,53.28108978271485,53.798567341333325,53.07409777225168,53.5333611412456,8267100
2016-04-08,53.82443237304688,53.9796751194748,53.59156578586602,53.882651487381054,9376200
2016-04-11,53.89559173583984,54.49069310277224,53.86971711965864,53.90206162365475,9925000
2016-04-12,54.56184768676758,54.7429650670265,53.92793685586136,54.13492885259705,9986100
2016-04-13,54.87233352661133,54.92408275520518,54.36132099817265,54.65887165997022,9235700
2016-04-14,55.26042556762695,55.56444602157263,54.82703701778276,54.98227971987628,10625800
2016-04-15,54.96289443969727,55.40922291804622,54.83999125056854,55.1763563150014,11280200
2016-04-18,55.48685073852539,55.53859997752878,54.244898612918426,54.9629032650835,9097000
2016-04-19,55.76499938964844,55.82968347394896,55.1246185654384,55.53213273810309,10354500
2016-04-20,56.14663314819336,56.5606171307081,55.60974597443637,55.77792850954497,15247100
2016-04-21,56.14016342163086,56.81935358157581,55.997855501905725,56.01079034229966,12075300
2016-04-22,56.61882019042969,56.68997413610764,56.15955695428493,56.43123296410396,9150800
2016-04-25,56.48945999145508,56.53473933277281,55.85554427792871,56.33421230544163,8076400
2016-04-26,56.68350601196289,56.88403301741579,56.31480143429471,56.76112984650055,9425900
2016-04-27,57.220401763916016,57.38858429668291,56.489462384514106,56.890506586009714,10463500
2016-04-28,56.94225311279297,57.42739102517289,56.59942311099032,56.83228970373892,11276200
2016-04-29,57.18159866333008,58.07425078707855,56.75467486387722,57.36271605640263,17885900
2016-05-02,57.6537971496582,57.880198827152455,56.974606922412,57.078100461053815,10273700
2016-05-03,56.99400329589844,57.33036341601516,56.50886537539203,57.18159055070362,10137400
2016-05-04,56.88402938842773,57.40150678043306,56.66409767214063,57.11689594210716,10601100
2016-05-05,56.94871139526367,57.55028248143142,56.67703540411103,57.41444448585509,8721100
2016-05-06,57.25275039672852,57.362713818936406,56.573555264120046,56.573555264120046,7968400
2016-05-09,57.29153823852539,57.41444139054917,56.424761093936205,57.31094296040772,11159500
2016-05-10,58.2100715637207,58.216541450147936,57.45325770928735,57.50500693055049,12509100
2016-05-11,57.92961120605469,58.49710273001792,57.87090776041465,58.1579156543577,11660200
2016-05-12,58.49055480957031,58.6601507670849,58.151367871094365,58.57535527660422,10720500
2016-05-13,57.83176040649414,58.48404732300382,57.73391637370684,58.23617510973543,9721100
2016-05-16,58.42534255981445,58.49057026022631,58.0535391932569,58.18399459408061,8638700
2016-05-17,58.39923095703125,58.64710310289013,58.15788804855125,58.22963501142564,9835600
2016-05-18,58.2818489074707,58.70583649972424,57.82524994753946,58.57538107590258,9680300
2016-05-19,58.777565002441406,58.810181333648906,57.69476650623636,57.79913478485761,14397900
2016-05-20,58.536224365234375,58.96673610321948,58.30140068570688,58.96021184085647,13191900
2016-05-23,58.44490814208984,58.64059621241271,57.93612513111564,58.05353697799848,11766100
2016-05-24,58.49055480957031,58.96672635224669,58.41228358037375,58.63405869850163,10056600
2016-05-25,58.87542343139648,58.947175396374114,58.43838737838142,58.60798338437898,9578400
2016-05-26,58.57536697387695,59.00587375008824,58.22965072852547,58.86889409508672,7867900
2016-05-27,58.71234893798828,58.73844101280822,58.26226935631476,58.31445350595462,7505900
2016-05-31,58.06657791137695,58.83627665592611,57.87741908888762,58.70582126595675,13178800
2016-06-01,58.2100715637207,58.34705119200498,57.48603283096576,57.68172085797373,7994800
2016-06-02,57.74695587158203,57.74695587158203,57.146853144861495,57.53822427200298,9837500
2016-06-03,57.6426010131836,57.94265242054549,57.4208208567959,57.688260901770086,9367100
2016-06-06,58.27530288696289,58.37967116829998,57.85132042955328,57.96873225778072,8573000
2016-06-07,59.16894912719727,59.30592879064484,58.51666217179672,58.54275424719928,12889100
2016-06-08,59.22112655639648,59.5537942593282,59.05153057380624,59.37767401448919,9983000
2016-06-09,59.14286422729492,59.377687957853446,58.77758508045062,58.82324497380616,8974300
2016-06-10,58.69276428222656,59.30591044659229,58.562303945566725,58.96672352438272,10353800
2016-06-13,59.09067535400391,59.63859900709452,58.51014033772219,58.65364427011628,11370000
2016-06-14,58.98631286621094,59.27332073509403,58.60798521660229,58.99935641636253,10161000
2016-06-15,58.810184478759766,59.29287535181331,58.705816194557,58.85584435896005,10655800
2016-06-16,59.50160598754883,59.612493555317165,58.1252803652013,58.510127209769166,12824800
2016-06-17,59.17548370361328,59.74297026872152,58.82977235324725,59.67774255712413,17483200
2016-06-20,59.43638229370117,59.74295294697801,59.40376595908148,59.54726986892177,9388500
2016-06-21,59.70382690429688,59.77557887072739,58.86890036025613,59.17547603926744,8557500
2016-06-22,59.46901321411133,59.96475279939124,59.36464986679511,59.90604437307445,8785400
2016-06-23,59.87994384765625,60.056059134022384,59.48204841104833,59.96473935938002,9464500
2016-06-24,58.30791091918945,59.22763760547831,58.15136349602111,58.62753002631941,20010500
2016-06-27,57.962215423583984,58.11876288909671,57.4730002393718,57.98830749726181,14169400
2016-06-28,59.29941177368164,59.31245532360486,58.39272829254467,58.52971293778936,13254300
2016-06-29,60.31044769287109,60.466995159371166,59.43638561364528,59.62554941658689,13920600
2016-06-30,61.14535140991211,61.20405979836263,60.20606198367522,60.22562978764127,14073700
2016-07-01,61.21059799194336,61.301922732918754,60.70833928762527,60.89750307865658,9946300
2016-07-05,60.675724029541016,61.054051618314645,60.17346531631354,60.74095669947399,10744100
2016-07-06,61.37368392944336,61.393256720542965,60.29741431705352,60.89099292330964,13144400
2016-07-07,60.6365852355957,61.63458332407341,60.23868985728641,61.53673930084831,12240700
2016-07-08,61.01491928100586,61.171466748850506,60.61049959780672,60.917075247395104,9807600
2016-07-11,61.24322128295898,61.58241328352812,61.08667380853334,61.151901508164485,8335700
2016-07-12,61.93462371826172,61.93462371826171,61.37365672603912,61.75198422805954,9870800
2016-07-13,61.88899230957031,61.915084388249824,61.38673348051649,61.7389690778571,9458200
2016-07-14,61.93462371826172,62.31295122028213,61.71937287712508,61.999856373236376,9293500
2016-07-15,62.04552459716797,62.32600813103259,61.73242473142583,62.25425618214488,10334500
2016-07-18,61.84983444213867,62.06509028143445,61.575875179336784,61.91506212710768,9865900
2016-07-19,61.621559143066406,61.92813485646361,61.44543885059958,61.81072298700416,5901800
2016-07-20,61.26930236816406,61.58892152261429,61.18450687150891,61.47803395547595,7383800
2016-07-21,61.21711730957031,61.48455729559891,60.96272584686451,61.24320937966238,6854600
2016-07-22,61.32148361206055,61.50412312026064,61.1323198424095,61.3867112969101,7139700
2016-07-25,60.14083862304688,61.0670896250907,59.85383582630026,60.96924561359732,10845900
2016-07-26,59.70382690429688,60.02997039659746,59.42986756513752,59.76905460744605,12143500
2016-07-27,59.29941177368164,59.88646607476591,59.11676723887362,59.69078296658939,10037900
2016-07-28,58.83625030517578,59.18196638921299,58.45140359353798,59.058030340660935,12439200
2016-07-29,58.02092361450195,58.0600642165052,56.1749552835581,57.146861469118136,23928100
2016-08-01,56.00535583496094,57.49909349190002,55.82923557816336,57.45343360616626,22908400
2016-08-02,56.77506637573242,56.95770595652853,55.8227278640418,56.390214422007496,18919200
2016-08-03,57.06856918334961,57.06856918334961,56.48803434529444,56.75547431475184,14632900
2016-08-04,57.06206130981445,57.17294889059488,56.76852921318167,57.07510485838395,13451400
2016-08-05,57.11422729492188,57.29034750755224,56.84679231027809,57.2251198266552,9617300
2016-08-08,57.78610610961914,57.981794210970506,57.42082696208873,57.4338754896749,10492700
2016-08-09,57.85783386230469,57.896974452123736,57.518646935375614,57.80565470346772,9654600
2016-08-10,56.84477233886719,57.838121376435474,56.58163155990485,57.74602285664759,12714800
2016-08-11,57.04869079589844,57.41050489123855,56.74608072708986,57.02895612038793,11616000
2016-08-12,57.79205703735352,57.87758065412225,57.16710224200087,57.206571591899305,9986900
2016-08-15,57.76575469970703,58.21967239564906,57.65392150531317,58.16704323864278,6432600
2016-08-16,57.83811950683594,58.009161760481504,57.47630533907704,57.77891546845444,6817900
2016-08-17,57.96310806274414,58.00915731762269,57.66707785552379,57.83811507707706,7104600
2016-08-18,58.489383697509766,58.509118373479645,57.96968214800511,58.14071935240524,10342700
2016-08-19,57.75918197631836,58.37755702776083,57.75260207669868,58.30519318892296,8615300
2016-08-22,57.8841552734375,57.95651909392107,57.13420751478203,57.4368175736262,8235400
2016-08-23,57.706539154052734,57.903890924979954,57.60128086103156,57.785477854826965,6514800
2016-08-24,57.90388870239258,57.99599221474662,57.46313091001572,57.56180930118747,7985400
2016-08-25,57.53549957275391,57.9104734755818,57.39077192271649,57.90389357721868,6935300
2016-08-26,57.41049957275391,57.96309553081469,57.23288249062193,57.64732569492406,6474400
2016-08-29,57.78549957275391,57.83812873904448,57.2592229668288,57.2592229668288,7027200
2016-08-30,57.57497024536133,58.055202457045205,57.47629686261094,57.80522152242423,6441100
2016-08-31,57.32499313354492,57.37104238822997,56.71977292368652,57.32499313354492,12491400
2016-09-01,57.12764358520508,57.12764358520507,56.63425649980962,57.0487048636973,8434700
2016-09-02,57.50919342041016,57.61445173366748,57.18684861929667,57.50919342041016,7099600
2016-09-06,58.26571273803711,58.311761988623445,57.66707248041482,57.78548053707233,9851200
2016-09-07,58.04861068725586,58.33148603760532,57.87099361563688,58.3183312622595,7470400
2016-09-08,58.581485748291016,58.79199733638054,57.9170565094179,58.25256107821413,9579500
2016-09-09,57.12764358520508,58.3249343973313,57.10133402403113,58.3249343973313,12820200
2016-09-12,57.42367935180664,57.69997491749464,56.989496303731485,57.088174725475206,10889000
2016-09-13,56.05533981323242,56.88423135965503,55.96982120868571,56.8776514611539,13214300
2016-09-14,55.65406036376953,56.46321736505909,55.43696884891224,55.9435157169126,13957000
2016-09-15,55.969818115234375,56.34479200520209,55.60141910441241,55.70009750050743,9062600
2016-09-16,55.279083251953125,55.95009243812258,54.96989323665863,55.59485316644332,21538400
2016-09-19,55.147499084472656,55.66720054951113,55.13433928997034,55.64088597949754,7929100
2016-09-20,54.29889297485352,55.22645806845832,54.29889297485352,55.08173540869188,17522000
2016-09-21,54.79884338378906,55.00935493861623,54.14756902626858,54.48307354205264,15055900
2016-09-22,54.95674514770508,55.621174515566615,54.851486823730006,55.44355234860696,10738500
2016-09-23,54.89751815795898,55.46326891708619,54.33176739883178,54.39097644148028,12667100
2016-09-26,54.64094924926758,55.5882536392562,54.55543066589001,54.943559258516,10860300
2016-09-27,54.7593879699707,54.82517191256239,54.13443298686006,54.33178481463511,9595000
2016-09-28,57.16712188720703,57.38421342423407,54.82517428159959,54.90411802751669,28117900
2016-09-29,56.87765121459961,57.36445830274115,56.36452955155962,57.213155770814986,19082900
2016-09-30,57.417091369628906,57.76575072758365,57.002648079436106,57.12763604499071,15961500
2016-10-03,57.26577758789063,57.36445095738503,56.930273074635664,57.19341377093384,7111200
2016-10-04,56.739501953125,57.561813575634055,56.62108887872402,57.48286985303612,8222000
2016-10-05,57.23289489746094,57.34472808523115,57.03553807987275,57.121061709690736,8796200
2016-10-06,57.259220123291016,57.5420956043131,56.86451143370034,57.39736791369808,7718300
2016-10-07,57.06186676025391,57.496049858663866,56.85135511165945,57.20001455911337,6614900
2016-10-10,58.1801872253418,58.33148973687346,57.56838724364686,57.58812191741262,10060000
2016-10-11,57.71971130371094,58.01574657769019,57.43026094876702,57.94338273420592,9309000
2016-10-12,57.31840896606445,57.70654267149877,57.01579888367076,57.37761801424581,8172600
2016-10-13,56.94344711303711,57.14738385662388,56.20007903710427,56.80529933002267,9890300
2016-10-14,56.930294036865234,57.58814351034092,56.89082467453451,57.35789719842306,7991700
2016-10-17,56.930294036865234,57.09475640523415,56.62110398129275,56.89082467453451,7263100
2016-10-18,57.08159255981445,57.44999165176813,56.8250316848606,57.34473333435484,5429300
2016-10-19,57.3447151184082,57.79205278732911,57.15393824294284,57.35787491340097,9373400
2016-10-20,57.37104415893555,57.5618210825167,56.96975563329803,57.09474862229767,6866900
2016-10-21,56.982906341552734,57.114474189727744,56.37768119056931,56.85133347438604,10736200
2016-10-24,57.17369842529297,57.44341409141053,56.62110227435586,57.06186020373884,8354900
2016-10-25,57.04869079589844,57.66049083168301,56.96974707486466,57.01579632405309,6835900
2016-10-26,57.29210662841797,57.52893283374396,56.54215865121667,56.73951549531934,8488100
2016-10-27,57.18025970458984,57.66707179816237,57.10132100108541,57.41708585308679,9071100
2016-10-28,55.7724838256836,56.8118873151369,55.35146051686596,56.10140859938448,19072200
2016-10-31,54.81200408935547,55.52248254587373,54.594912613365125,55.18039809540557,16663800
2016-11-01,55.02910232543945,55.20671945189258,54.77911634577409,54.93042391341326,13050600
2016-11-02,54.89751815795898,55.18039353752258,54.562018652586325,54.79884478519732,11226100
2016-11-03,55.035682678222656,55.1804053288623,54.63439414660338,55.04883745773805,8836500
2016-11-04,54.97645950317383,55.47642631922478,54.44360323728519,55.01592885057557,13877100
2016-11-07,56.21323394775391,56.226393747496,55.52249503108514,55.58169907294545,13576200
2016-11-08,56.61806488037109,56.96317842484215,56.07385204187518,56.23313755321604,9735200
2016-11-09,57.24190902709961,57.5471986009655,55.52299500096563,55.7818275758396,15901300
2016-11-10,57.772857666015625,58.39670814938502,56.85035066913177,57.01626926660633,14106100
2016-11-11,56.85699081420898,57.56048919782761,56.33932553607836,57.42775126533618,13812200
2016-11-14,56.59814453125,56.84370584958685,55.96765596006687,56.611420853015865,12607500
2016-11-15,57.6202278137207,57.77950829786969,56.923367467486514,56.923367467486514,12883500
2016-11-16,56.91007232666016,57.59365605874362,56.79724890870007,57.56710847861775,8201200
2016-11-17,56.56497573852539,57.66003453293245,56.42559964786543,57.36802121735988,8200500
2016-11-18,56.59814453125,56.84370584958685,56.29949311614919,56.551687531935805,8457800
2016-11-21,57.40120697021485,57.53394491031745,57.16892190432864,57.36802628276521,8861500
2016-11-22,57.52728271484375,57.89893866499863,57.05607461705952,57.5339208749344,9390200
2016-11-23,57.68659591674805,57.792786284853705,57.28175399935726,57.43440138765028,5996300
2016-11-25,57.81930541992188,57.83257667768565,57.434373120144365,57.54719653315169,5042300
2016-11-28,57.38794708251953,57.82596971308986,57.32158063103138,57.70650807503692,7449600
2016-11-29,57.0096321105957,57.12909370542205,56.46541930381658,56.691066169914194,9181100
2016-11-30,57.93878555297852,58.52945544961702,57.87241405260016,58.13788486380989,22696200
2016-12-01,57.89894485473633,58.73517589541538,57.898944854736335,58.39006748529639,13005600
2016-12-02,57.7662353515625,58.39672416955647,57.474216919598064,57.86578755004449,9706600
2016-12-05,58.05824279785156,58.28388967917476,57.68658166473956,57.99850946469095,11741100
2016-12-06,58.11134338378906,58.31708594240309,57.54058285190388,57.91887715201986,11293600
2016-12-07,58.449806213378906,58.50290138242699,57.87240764270744,58.15778784704842,11182600
2016-12-08,58.615718841552734,58.967465439616326,58.1710582388472,58.436528993581405,9086700
2016-12-09,59.06703567504883,59.06703567504883,58.522822739906005,58.82811242904124,8021700
2016-12-12,60.381107330322266,60.72621583722371,59.8236181257159,59.8236181257159,15545400
2016-12-13,61.44300842285156,61.86775984984492,60.50722461237665,60.98507123360329,18829300
2016-12-14,60.11563491821289,61.23724133330285,59.84352595411209,61.23060823425238,16325400
2016-12-15,60.32135391235352,60.381087229556535,59.57140381111965,59.79705063216189,11155100
2016-12-16,60.51383209228516,60.83903113104897,60.1554473080942,60.7394789582014,20560400
2016-12-19,60.00943756103516,60.75275470602804,59.86342838403354,60.64656437241457,9674400
2016-12-20,60.01608657836914,60.29482865937227,59.9231725513681,60.069181754779656,7221000
2016-12-21,59.91653060913086,60.32801060520554,59.85016417452124,60.18200141100374,7308000
2016-12-22,60.308101654052734,60.328011078248295,59.743974296861545,59.743974296861545,8003100
2016-12-23,60.20190048217773,60.36781907188612,60.07580073370063,60.32136206930511,4266500
2016-12-27,60.22845077514648,60.467373960155655,60.11562734429042,60.28154594146714,4960600
2016-12-28,59.929813385009766,60.46738814567742,59.90326579562144,60.18200788904652,6745900
2016-12-29,59.96299743652344,60.128916081928,59.750621772943,59.79707879111887,6684700
2016-12-30,59.90325927734375,60.195272601970565,59.73734065929705,59.75061192082965,9117800
2017-01-03,60.32135391235352,60.62000530807008,59.83023637098943,60.35453965118106,10360600
2017-01-04,59.65769958496094,60.49393086129915,59.56478556130498,60.47402143672066,9434200
2017-01-05,58.76839447021485,59.92982515094292,58.69538985092278,59.85682053165085,14443200
2017-01-06,58.73517608642578,59.053741981245786,58.28387735576677,58.927642242795535,16518100
2017-01-09,57.7662353515625,58.549371549020194,57.44103622906084,58.549371549020194,13762300
2017-01-10,57.029541015625,57.945409858703655,57.01626975562407,57.8524958483957,13283100
2017-01-11,57.61359024047852,57.70650427913723,56.983101397660754,57.00964898919686,11183700
2017-01-12,57.3016471862793,57.99186919302731,57.12245732018381,57.91886460150552,10407000
2017-01-13,57.30828475952149,57.52729853183688,57.188823162207086,57.2551895910631,8415600
2017-01-17,57.97860336303711,57.99851278741986,57.241924280268464,57.46093807534768,13237300
2017-01-18,57.2618408203125,58.011796321486095,57.10919850545361,57.77950617232978,11831700
2017-01-19,56.23313903808594,57.142369804686616,56.14021995563311,57.05609394800776,16382900
2017-01-20,57.00300598144531,57.04946299682684,56.44552179686698,56.70435446305477,18739700
2017-01-23,56.39241409301758,56.99635515883641,56.24640491612425,56.86362230535182,11433900
2017-01-24,56.4720573425293,56.72425687780032,56.299505628688834,56.3990578103256,11858100
2017-01-25,56.63798522949219,56.99637010399412,56.57825694879276,56.63798522949219,9578500
2017-01-26,56.8105354309082,56.963182791787005,56.49197451067307,56.87026876809888,8779400
2017-01-27,56.75080108642578,56.91008152950487,56.43887329879684,56.61143006580234,10947900
2017-01-30,56.319435119628906,56.71100075990297,55.86813612371535,56.69109132916851,12789200
2017-01-31,55.675662994384766,56.45879924187823,55.17126886970199,56.438889813596816,19128100
2017-02-01,55.04515838623047,55.85484199423905,54.779687603753786,55.74865165587477,15111800
2017-02-02,55.38362884521485,55.43672401453903,54.78632591233679,55.2243484006763,12200100
2017-02-03,55.44337844848633,55.56284008280921,55.01862709610176,55.54956375486472,12746300
2017-02-06,55.29069900512695,55.51635087845093,55.038504618172,55.44998446750832,9938200
2017-02-07,54.932315826416016,55.49644299358334,54.719940267477135,55.237610439358846,11705200
2017-02-08,54.57069396972656,54.99932933293736,54.36307004304816,54.91225942152053,14006300
2017-02-09,54.811767578125,54.95241811215984,54.57066478627605,54.57066478627605,9603000
2017-02-10,55.26718521118164,55.43462094633513,55.00598587312085,55.09305572562986,8739800
2017-02-13,55.588680267333984,55.70923423615855,55.1533462071489,55.434637097828016,9071600
2017-02-14,55.46813201904297,55.65565929883575,54.95912575265172,55.5284115645393,11370500
2017-02-15,55.69584274291992,55.70923535762132,55.22701947261573,55.34757344386713,11768500
2017-02-16,55.119873046875,55.8699822374381,55.03280315173062,55.669062322709685,10615000
2017-02-17,54.75819396972656,55.04618368967085,54.54387639509831,54.97920529594061,15646000
2017-02-21,54.84526062011719,55.0193952523022,54.450114654093206,54.99930377738359,16419600
2017-02-22,54.20231246948242,54.71801243847487,54.162129516238366,54.684528347349705,12917400
2017-02-23,54.77159118652344,55.06627979255795,54.26928384972886,54.53048325608328,13847000
2017-02-24,54.30276870727539,54.784984529596976,54.08845113176958,54.65103285132206,11338700
2017-02-27,54.61085891723633,54.72471403026335,54.12194415286308,54.336261763745966,13465900
2017-02-28,54.46352005004883,54.91224679432808,54.28269162360665,54.60416551722283,16834200
2017-03-01,55.60206604003906,55.8096898611937,54.71800541401906,54.71800541401906,17482100
2017-03-02,55.78961563110352,56.425869684542405,55.44804513759872,55.45474400092819,14170300
2017-03-03,55.2270393371582,55.99054639313034,55.09309270302632,55.78962644193252,12190400
2017-03-06,55.47482681274414,55.52170862925356,55.13995523489549,55.21362739080097,9617200
2017-03-07,55.26718521118164,55.78289013690495,55.01268473325226,55.66233620320511,12711500
2017-03-08,54.2692985534668,55.17345098272144,54.25590593580684,55.153359501363575,16817700
2017-03-09,54.69792556762695,54.73141477130668,53.787074412677086,54.00809089359913,14721800
2017-03-10,54.6577377319336,55.23371723761119,54.35635536465945,55.21362576109086,11355200
2017-03-13,54.53048706054688,54.87875636647368,54.28268536066974,54.58406773987944,9571400
2017-03-14,54.24249649047852,54.40323852608822,53.87414082244281,54.24919535272928,11335700
2017-03-15,54.9189338684082,54.9591168190506,54.28267997114354,54.483599834089816,11970300
2017-03-16,54.9658317565918,55.05289654502559,54.69793341791024,54.93904141175006,9923800
2017-03-17,54.9189338684082,55.09306850408242,54.79837990674672,54.939025343729405,18834100
2017-03-20,54.9189338684082,54.94572420541457,54.54387936978772,54.73140661909796,7700300
2017-03-21,54.80509185791016,55.15335610270264,54.65104866076594,55.02610835869884,13387700
2017-03-22,54.75819396972656,54.97920529594061,54.53717753377848,54.89214053771896,11168400
2017-03-23,54.82517623901367,55.06628418870236,54.55727794938903,54.67113306181567,8928000
2017-03-24,54.403228759765625,54.939020119743205,54.34964809084772,54.939020119743205,9128500
2017-03-27,54.416622161865234,54.53717611381318,54.10854097571689,54.12863244941924,8481200
2017-03-28,54.811767578125,54.9323215289164,54.22239554633029,54.46350344791309,11028600
2017-03-29,54.93235778808594,55.10649252299983,54.61758264577247,54.71134632386367,8495500
2017-03-30,56.05750274658203,56.17136297184899,54.87875841566009,54.93903284985876,44704900
2017-03-31,54.925628662109375,55.79629155652751,54.82516618320968,55.76280747005024,21750400
2017-04-03,54.9658317565918,55.126568715906416,54.48361576891215,54.93234254810567,11438700
2017-04-04,55.166751861572266,55.20023595733241,54.4702182870959,54.98591832747317,9270900
2017-04-05,55.27391815185547,55.9570592339403,55.2337351857574,55.48823582060563,13809100
2017-04-06,55.59538269042969,55.72932928226563,55.22702189827842,55.42124803325501,9554900
2017-04-07,55.42796325683594,55.82980826069418,55.37438256039179,55.74943721602795,8909600
2017-04-10,55.6757698059082,55.90348523043729,55.53512429799475,55.66907605058153,8885300
2017-04-11,55.48152542114258,55.702541908202825,55.20023449746693,55.64226747158742,8576500
2017-04-12,55.56859588623047,55.82309647080792,55.38776235503615,55.49492372311208,9516100
2017-04-13,54.7113151550293,55.40784858813511,54.63094414399367,55.401149726448566,8667900
2017-04-17,54.63764953613281,54.898848966050025,54.543885900251496,54.81847794540822,9577200
2017-04-18,54.282691955566406,54.7983920050248,54.26929422923814,54.463520383114414,8821400
2017-04-19,53.90763092041016,54.590771873527466,53.78038318187679,54.36305651924326,10764400
2017-04-20,54.25590896606445,54.74481873886474,54.04828505772021,54.215720891368335,11649100
2017-04-21,54.04156875610352,54.24918746808873,53.89422446641053,54.20230565861678,9816700
2017-04-24,54.3228759765625,54.517102134234,54.12195095559597,54.43673110390028,8729700
2017-04-25,54.73811340332031,54.87205999800463,54.43672590067803,54.5371884015588,10733800
2017-04-26,54.517086029052734,55.13994727836357,54.51038716773665,54.5974519259096,9445900
2017-04-27,54.42333221435547,54.45012255471226,54.20901460123611,54.29607937509447,12385300
2017-04-28,54.68452835083008,55.24711013522128,54.62424881122551,55.22701865859798,12072200
2017-05-01,54.95913314819336,55.0595956643825,54.57068592052362,54.590777401814286,8664100
2017-05-02,54.95242691040039,55.31408371094434,54.85196441703389,55.01270134057949,9102900
2017-05-03,55.38776016235352,55.63556698391753,54.85866753506384,54.89885049163392,10289000
2017-05-04,54.67784881591797,55.16006486426686,54.51711183638049,55.1131830323294,16164500
2017-05-05,54.93235778808594,55.0797021707256,54.65776561931521,54.67115824058371,10213000
2017-05-08,55.51501083374024,55.548500036062535,54.9189398224944,54.9189398224944,8097100
2017-05-09,55.12656784057617,55.58869233972061,55.02611043618454,55.56190199530426,8647100
2017-05-10,55.376712799072266,55.687703350284536,55.20093373691309,55.51868640997432,9520300
2017-05-11,55.8499641418457,55.91756989360263,55.50516810250071,55.83643989670138,10047300
2017-05-12,55.80939102172852,55.91755917220223,55.60656864735785,55.70121771326756,7480200
2017-05-15,55.97841644287109,56.23532035247218,55.877005240295816,56.113627940979455,10881500
2017-05-16,55.80939102172852,56.26911726671309,55.74178012494679,56.0460136865028,9574200
2017-05-17,55.43077850341797,56.14065151361864,55.41049730163844,55.80937984925189,11151100
2017-05-18,55.26852798461914,55.53895606445925,55.04542443190206,55.282047067517176,9905800
2017-05-19,55.39023208618164,55.49840024621989,55.227977267130434,55.43755662332107,13028500
2017-05-22,55.63362884521485,55.6606721805309,55.39024398535916,55.511936415287,9218700
2017-05-23,55.82967376708984,56.03925311052812,55.599808059265314,55.65389471498725,6857200
2017-05-24,55.63362884521485,55.80264582244858,55.44433065599127,55.72151581650042,8136000
2017-05-25,55.26852798461914,55.91755228144344,55.11303016236543,55.66064844248797,12370900
2017-05-26,55.13331985473633,55.30233677009973,54.64655031321183,55.173882263867725,8227100
2017-05-30,54.82908630371094,54.99134109819808,54.788523894585886,54.95077868907303,8973600
2017-05-31,54.423439025878906,54.72766736717692,54.40315782419053,54.72091040527159,13572300
2017-06-01,54.55868148803711,54.69389817279647,54.21389054737628,54.33558298466514,9884100
2017-06-02,53.74739456176758,54.54515483831209,53.58513972053484,54.48430604910706,21687300
2017-06-05,54.16655731201172,54.34909335968217,53.679787640906106,53.70683097352178,11527100
2017-06-06,54.90346145629883,54.97782932157025,54.23415582684363,54.28824248485696,12208600
2017-06-07,54.70064926147461,55.03192104582482,54.31528565614377,54.79529834271752,13096500
2017-06-08,54.50457763671875,54.81556814724093,54.416685538145146,54.70063788078454,11720700
2017-06-09,55.5254135131836,55.532175631396,54.551879967978685,54.86287035194545,13553900
2017-06-12,56.0662841796875,56.5800969807277,55.52542805669926,55.52542805669926,18172900
2017-06-13,56.08656692504883,56.29614622843052,55.82290097628269,56.01219907714182,12175500
2017-06-14,55.4848861694336,55.991937037982574,55.1400901345836,55.98517491549857,13714000
2017-06-15,55.61334228515625,55.707991370666086,55.15361594497062,55.28882745055944,11862600
2017-06-16,56.44488906860352,56.47869451574422,55.57276114384122,55.84995136803126,39726100
2017-06-19,55.95136642456055,56.44489297586088,55.80939282111851,56.44489297586088,10445700
2017-06-20,55.64714431762695,55.75531765186149,55.03868736551737,55.48488947426363,13232600
2017-06-21,55.058963775634766,55.863480957407766,54.856141370623206,55.46460342766986,11422300
2017-06-22,54.81557083129883,55.15360468424272,54.69387843791954,55.06571258136546,8139900
2017-06-23,55.17388153076172,55.22796818087621,54.59922505775912,54.660068670647775,10611200
2017-06-26,54.92374801635742,55.26854404731127,54.70064955678786,55.14685163391509,7718700
2017-06-27,54.83585739135742,55.25502126681032,54.83585739135742,55.065717957968914,9221600
2017-06-28,55.11979675292969,55.27529458779401,54.8899362191156,55.0386719329892,9189700
2017-06-29,54.55868148803711,55.3293985382035,54.36262632161701,55.01165093449454,20525100
2017-06-30,54.57894134521485,54.923732118378986,54.55865498386406,54.81556398110786,14000600
2017-07-03,55.50516128540039,55.76882729546088,54.57218964656999,54.6195141827863,8422300
2017-07-05,54.66008377075195,55.22122131523624,54.4369801458864,55.22122131523624,9830800
2017-07-06,54.16655731201172,54.8155818208231,54.14627094405874,54.66684607043102,9822400
2017-07-07,54.23416519165039,54.4910691245928,53.95697488995936,54.220640945817976,10777800
2017-07-10,54.1935920715332,54.36260900515253,54.05837542984526,54.08541875818285,6338300
2017-07-11,54.49105072021485,54.59246189775229,54.11245449259424,54.30851472703684,9681100
2017-07-12,54.73443984985352,55.11303610767874,54.59246625316906,54.88993768888154,7974000
2017-07-13,54.7412109375,54.82233577290079,54.57895610871042,54.7412109375,5582300
2017-07-14,54.950775146484375,55.03866723790495,54.60597921718909,54.76147703878864,7497200
2017-07-17,54.66683578491211,55.052194175701146,54.64655457876332,54.76148485226469,7914700
2017-07-18,54.49105072021485,54.815565456737325,54.36260137612171,54.77499789093029,8046100
2017-07-19,54.66008377075195,54.673608016010135,54.26796318607703,54.38289863881849,9393200
2017-07-20,54.66683578491211,55.092756587998736,54.59246792370832,54.7412036461159,9681000
2017-07-21,54.16655731201172,54.65332182512904,54.08542731416468,54.52487244268993,12268600
2017-07-24,53.997535705566406,54.23415839810859,53.92316783676917,54.12598507695339,9403000
2017-07-25,54.26795959472656,54.79529680714377,54.26795959472656,54.60599349197486,11465300
2017-07-26,54.3355598449707,54.69387488050766,54.22062442237512,54.47753343501439,10465100
2017-07-27,54.64654922485352,54.68034951246087,54.01780610590444,54.247666630386966,11149700
2017-07-28,53.81498718261719,54.03132863746037,52.915815915492914,53.84879263036871,22800800
2017-07-31,54.11247634887695,54.34909908671286,53.815004816746765,53.97050270617541,12820200
2017-08-01,54.20035171508789,54.450498646088604,54.06514022470183,54.19359475116,10421200
2017-08-02,54.49105072021485,54.51809404475728,53.950199703326376,54.01780543568909,10410100
2017-08-03,54.416690826416016,54.63979441803305,54.288241463535385,54.31527963404578,10136700
2017-08-04,54.22739410400391,54.46401678706835,54.11922594516915,54.38289195743919,8292200
2017-08-07,54.1935920715332,54.200349035127,53.99076968799503,54.200349035127,7893800
2017-08-08,54.05838394165039,54.234163024528414,53.97049697920553,54.09894636154982,9028400
2017-08-09,54.22739410400391,54.32204317722968,53.93668476252826,54.2544374332095,8087100
2017-08-10,53.906551361083984,54.459472398436574,53.8655957903118,54.44582227750653,12580300
2017-08-11,53.38778305053711,54.09770945253802,53.38095538290682,54.07040399000131,10192400
2017-08-14,53.40141677856445,53.78368268343729,53.32632808896695,53.66763842059837,8862500
2017-08-15,53.271728515625,53.415078260439415,53.02598460794788,53.32633943021624,10350900
2017-08-16,52.88263320922852,53.360465676999,52.77341138346195,53.271726849551136,9117100
2017-08-17,52.05665969848633,52.752930569904,52.02252657789459,52.7392804464571,13400400
2017-08-18,52.31605911254883,52.6368917305172,51.91331532947096,52.00205416100077,14324300
2017-08-21,52.13856887817383,52.302401601222456,51.93378578633724,52.20000745131277,10084900
2017-08-22,52.38431167602539,52.78706060191439,52.24096195229691,52.25461728292783,9503600
2017-08-23,52.29556655883789,52.568615850752536,52.20000008786508,52.3569999153281,7054300
2017-08-24,52.10442733764648,52.32286570325719,52.01568333387932,52.22047158013123,8678300
2017-08-25,52.37066650390625,52.650538312503656,52.172705854906525,52.26144468046508,6844900
2017-08-28,52.200008392333984,52.5208409707761,52.056658663069335,52.49353551644242,8229700
2017-08-29,52.18635940551758,52.213664863170806,51.93379303619639,52.02253186758173,7060400
2017-08-30,51.94743347167969,52.18634967160284,51.92012801911953,52.04299995164895,8218000
2017-08-31,52.10442733764648,52.21364391646112,51.9132944187348,52.06346656360724,15641700
2017-09-01,52.26826858520508,52.45940155449002,52.09761340434599,52.13174652371093,7361100
2017-09-05,52.684669494628906,52.80754143748484,52.29557587691562,52.31605366606111,12784800
2017-09-06,53.77687072753906,54.07722557366688,52.957727775533584,53.16933857640516,18574400
2017-09-07,53.94752883911133,54.15231719209768,53.66082931131775,53.94070117188267,9836400
2017-09-08,53.80418014526367,53.95435757937582,53.67448050526059,53.933879785266754,8436000
2017-09-11,54.097686767578125,54.213731028709546,53.85877058054805,54.2069085719246,12955800
2017-09-12,54.26836013793945,54.39805977211961,54.09087725032199,54.20009909131244,7644400
2017-09-13,54.4526596069336,54.4526596069336,54.18643790823576,54.26835428013642,8369700
2017-09-14,54.67109298706055,54.76666468273957,54.45265455690058,54.50726546643632,9072600
2017-09-15,54.65744400024414,54.75301048992745,54.30248349684658,54.6915771214095,16043700
2017-09-18,54.67109298706055,54.705226107516125,54.40487131305256,54.46630988827601,8594400
2017-09-19,54.75984954833984,54.87589385167171,54.60284444949117,54.65062770427396,9277100
2017-09-20,54.98512268066406,55.06021140600207,54.78716196913523,54.8008120973854,10606900
2017-09-21,54.53457260131836,54.971449475097685,54.44583377657614,54.94414401948858,11984200
2017-09-22,54.5550537109375,54.81445295101794,54.38439850898288,54.41853163256719,10205800
2017-09-25,55.27862930297852,55.29227942613916,54.59600856932247,54.63013648121554,10496600
2017-09-26,55.217193603515625,55.292282304765685,54.99192749976543,55.09432165674127,8755100
2017-09-27,55.58581161499024,55.59946173939471,55.14893472228015,55.21719576026922,9724500
2017-09-28,56.1046142578125,56.28209194465865,55.67455975141517,55.72234300679441,15581700
2017-09-29,55.96125793457031,56.01586364290242,55.688208560975255,55.93395247641244,9944000
2017-10-02,55.72232055664063,55.85202014383668,55.46292659023066,55.49705970517135,6777900
2017-10-03,55.811065673828125,55.95441538504044,55.49706080050844,55.57214948847426,6082000
2017-10-04,55.83155059814453,55.8861615069167,55.59945683985424,55.83837826373678,6357100
2017-10-05,55.98857116699219,56.138748617690766,55.69504393371354,55.78378799529989,7375900
2017-10-06,55.776947021484375,55.89981897838235,55.53803077417821,55.81790260445584,6070600
2017-10-09,55.995361328125,56.097755449377615,55.81105607625536,55.86566176067292,7489900
2017-10-10,56.15239334106445,56.48004843703889,56.03634383692232,56.206999051737625,7218500
2017-10-11,56.38447952270508,56.48004602227707,56.07047456582802,56.08412989890038,7023700
2017-10-12,56.26841354370117,56.31619677506985,56.090930738053984,56.18649720079133,6647500
2017-10-13,56.25477981567383,56.7121344788948,56.220646694186776,56.473218252434826,7180000
2017-10-16,56.5278205871582,56.62338707204741,56.343515282866974,56.452731890747714,5734000
2017-10-17,56.63020706176758,56.63703472632932,56.34350764595975,56.40494100306909,6444100
2017-10-18,56.49369812011719,56.923747343563456,56.34352071282325,56.63022019512076,6367100
2017-10-19,56.48004531860352,56.69166131471955,56.20017348991059,56.21382361482925,7945500
2017-10-20,56.73259735107422,56.746247471289934,56.39811472198059,56.55511454037929,9574100
2017-10-23,56.82135391235352,57.17631964469047,56.68483183559832,56.7599205402087,9829900
2017-10-24,56.97835159301758,57.21044013497707,56.869129779401774,57.03296249982547,7551200
2017-10-25,56.7735710144043,57.15584220604367,56.62339360425848,56.96470400623227,9153300
2017-10-26,56.97835159301758,57.10122352934399,56.73260772036474,56.91009056349906,9154500
2017-10-27,57.14219284057617,57.503981071170834,55.98173943587813,56.657532644120685,14866200
2017-10-30,57.026161193847656,57.3060331066344,56.93742233525384,57.14220551846691,7811100
2017-10-31,56.89643478393555,57.12170086675391,56.77356284857849,57.10122307885818,9754200
2017-11-01,57.25140380859375,57.29918705246664,56.83500473713731,56.92374355919182,9430000
2017-11-02,57.01930618286133,57.14217811706241,56.596084682377416,57.06708942349604,7775500
2017-11-03,56.780399322509766,57.094404270917074,56.76674919778923,56.944226859073694,6903500
2017-11-06,57.16947555541992,57.251391902731015,56.69846567234941,56.862298366971615,9276700
2017-11-07,57.05346298217773,57.217290559784814,56.678019358510696,57.16267963125419,8471800
2017-11-08,56.97835159301758,56.998829381074856,56.56195254257709,56.90326289815239,8691600
2017-11-09,57.31964874267578,57.43569298692,56.71211686636009,56.86229422149098,10528800
2017-11-10,57.14054489135742,57.23699583388808,56.78229402808739,57.18877036262276,8693700
2017-11-13,57.10610580444336,57.24389138739645,56.90631302983323,56.94076205366304,6720400
2017-11-14,56.65827178955078,57.00963171657393,56.55493001616975,56.78228086637184,9251700
2017-11-15,55.94868087768555,56.55494471292472,55.90734626006401,56.32070820482628,9663600
2017-11-16,55.50086212158203,55.70065483900496,55.21840018052311,55.41819289794604,10527200
2017-11-17,55.2804069519043,55.56976502858079,55.2252958833687,55.33552327662192,9536400
2017-11-20,55.49397277832031,55.55597469186266,55.1219455285226,55.27351276986773,8468600
2017-11-21,55.71443176269531,55.97622637536413,55.55597367069768,55.5904226817088,8838400
2017-11-22,55.87289047241211,56.08646490200813,55.83844671396103,55.91423034120773,7941600
2017-11-24,56.093360900878906,56.28626280375436,55.95557532916292,56.107142611760096,3851300
2017-11-27,55.87978744506836,56.0795801882147,55.817780263176346,56.02446386124007,9127500
2017-11-28,56.26559448242188,56.49294540223174,56.0175762528443,56.08647429364672,9794600
2017-11-29,56.67893981933594,56.706497976336095,56.13468330117094,56.25180152628589,9725000
2017-11-30,57.38166427612305,57.457447899895165,56.77540054212749,56.802953445152426,18592700
2017-12-01,57.49877166748047,57.96035892073247,56.77538983540951,57.48499521856596,13779300
2017-12-04,57.57456207275391,57.994814772686354,57.1818675300837,57.32654391357472,12597700
2017-12-05,57.10610580444336,57.71236972809326,56.98209667731235,57.46435673001431,9357200
2017-12-06,56.685848236083984,57.31967027492718,56.63762276043684,57.07854289669147,13398900
2017-12-07,56.87183380126953,56.92005925085173,56.61003399824065,56.768492050399175,11359600
2017-12-08,56.9476318359375,57.112975525531645,56.67205551582651,56.83050835196807,11988600
2017-12-11,57.20252990722656,57.35409713102417,57.00273722641886,57.20942075999389,8760700
2017-12-12,57.01653671264648,57.44367510617375,56.97519683933121,57.10609680182879,11307000
2017-12-13,57.26454162597656,57.38855070475214,56.82362162503696,56.9131816934156,10172700
2017-12-14,57.11297607421875,57.40921970135239,57.10608522069997,57.20253614523825,9492400
2017-12-15,57.20252990722656,57.37476443314555,57.09230254385232,57.29209522466002,26582300
2017-12-18,57.14054489135742,57.64346691224129,57.11987758312687,57.30588861338397,9363500
2017-12-19,56.79607009887695,57.2989920698298,56.72028647210077,57.20254113687496,10285100
2017-12-20,57.09233093261719,57.27834200038295,56.85119827148458,56.90631460866822,10620300
2017-12-21,57.76747894287109,58.0568317851145,57.15432423880092,57.42300977176729,13578100
2017-12-22,57.85013961791992,57.88458337309352,57.595230599965696,57.788132448717576,10161400
2017-12-26,57.85704803466797,58.11884272941931,57.801931702241546,57.84326632346998,4777200
2017-12-27,57.80191802978516,57.93970357207667,57.69168539100673,57.86391994696188,7000600
2017-12-28,57.88460159301758,57.9052741600461,57.73303956142155,57.85704868267853,7495300
2017-12-29,57.62279891967773,58.00860268521856,57.62279891967774,57.87081712786315,8523400
2018-01-02,58.58042526245117,58.69754351687457,57.63658311586202,57.7468105152657,11469300
2018-01-03,59.73093795776367,59.91695420937119,58.43573607474963,58.66997778859221,13957700
2018-01-04,59.8135871887207,60.08916339498514,59.54490183306209,59.79291989308219,10863000
2018-01-05,59.76539993286133,59.85496002324402,59.04890344125288,59.76539993286133,11047600
2018-01-08,60.0340690612793,60.0409599144056,59.662041835172,59.730934597892414,10927100
2018-01-09,59.779178619384766,60.0409785576668,59.69650938092308,59.89630213417633,8131600
2018-01-10,59.30379867553711,60.06852046138475,59.23490591007484,59.93762052767969,10822300
2018-01-11,59.88940048217773,60.19253498504217,59.2004622528906,59.49670590173133,14366000
2018-01-12,60.2958869934082,60.61968888528733,60.06165045828546,60.07542691368796,9834500
2018-01-16,59.91695785522461,60.46121967995565,59.66204882151063,60.447437972089226,10882800
2018-01-17,60.62656784057617,60.77124424672663,59.88940410094372,60.07541512137091,10546000
2018-01-18,60.23386764526367,60.75746215428844,60.171860473422434,60.46810411266497,9223700
2018-01-19,60.04096603393555,60.46121876239847,59.66893876991027,60.3303188205614,13090000
2018-01-22,60.79881286621094,60.82637103252962,59.97208890138146,60.05475814415474,10270400
2018-01-23,60.83324813842773,60.94347552260575,60.4474391533507,60.79879912426996,10281800
2018-01-24,60.99171829223633,61.26040385911272,60.6334726217955,60.964160124328096,10316100
2018-01-25,60.8814811706543,61.22595033031498,60.76435766167116,61.00549027837943,11271900
2018-01-26,61.31550216674805,61.31550216674805,60.95036574764298,61.06748398468016,10514400
2018-01-29,60.63346481323242,61.52219590313278,60.59212493860241,61.033045055984886,9315700
2018-01-30,59.78606796264648,60.888368249112446,59.78606796264648,60.309662569786205,12408000
2018-01-31,60.144309997558594,60.26142823598526,59.47603906884636,59.63449191938088,14404700
2018-02-01,61.36373519897461,61.487744305299806,60.178760462129816,60.28210226009785,17971000
2018-02-02,58.23593521118164,59.2555658849233,57.181860787059655,58.64929700900864,29822100
2018-02-05,54.922157287597656,57.86392125720361,53.82674275370448,57.37477573795679,30452700
2018-02-06,53.97832489013672,55.35620174888269,52.97936627001913,54.08855756180428,36262800
2018-02-07,53.00690841674805,54.70858666396118,52.99312670886354,54.04031574846308,21994500
2018-02-08,52.407527923583984,53.44782606262228,52.37996976523144,53.351375136479,25650800
2018-02-09,52.74161148071289,53.22880295686956,51.43316484147031,53.06872446800627,29491600
2018-02-12,53.1870346069336,54.022217628767,52.78336307854397,53.62550741912351,19340400
2018-02-13,53.10349655151367,53.41668672757383,52.70678651720439,52.96429678776512,11926600
2018-02-14,53.21487808227539,53.35407791672839,52.31705906229384,52.74857058420202,17188400
2018-02-15,53.04085922241211,53.38188937624631,52.51191070121017,53.326214776589616,14432400
2018-02-16,53.270545959472656,53.674217423128326,52.790315931677824,52.99911298113546,13722400
2018-02-20,52.72071838378906,53.91781013265326,52.51888265311502,53.22182705167914,13387300
2018-02-21,52.12218475341797,53.20096090631575,52.10826742489814,52.76944938317048,11715000
2018-02-22,52.79727554321289,53.47933597086586,52.33096816574594,52.40752672741119,14020200
2018-02-23,53.9595832824707,54.02222453933827,52.859928416849606,52.9573656520382,13378800
2018-02-26,54.871315002441406,54.93395625396059,53.98045732253327,54.10573451564101,16940400
2018-02-27,53.93870162963867,55.58818383621044,53.938701629638665,54.98267649988974,14629500
2018-02-28,52.71375274658203,54.46067162345644,52.68591278843287,54.39803570006762,17087800
2018-03-01,52.337928771972656,53.36798613129388,52.10129705870944,52.56760447714919,15696700
2018-03-02,52.58153533935547,52.80424976135827,51.836833492977576,52.12218385713867,15630300
2018-03-05,53.08262634277344,53.28446206999973,52.282250061268776,52.358808623662526,14891000
2018-03-06,53.01998901367188,53.57677757819255,52.79727464984946,53.36101922172792,10754300
2018-03-07,51.68370819091797,52.36576867776737,51.19651681895285,52.19873421505953,27255500
2018-03-08,51.58626556396485,52.03865029840207,51.28699264014663,51.85073721132053,19299800
2018-03-09,51.89250183105469,52.24049340515764,51.64890879116862,52.07345893636863,19714100
2018-03-12,52.36577606201172,52.60241311831902,51.98298847641457,52.10826566859359,14226700
2018-03-13,51.87162399291992,52.76944290526028,51.67674955798032,52.428412644116,13739700
2018-03-14,51.224365234375,52.05258698644236,51.17564662013167,51.94818843879787,14820700
2018-03-15,51.79505920410156,52.19873066227288,51.57234483233971,51.74634060121395,15640600
2018-03-16,52.28225326538086,52.28225326538085,51.75330461367916,51.75330461367916,32109700
2018-03-19,51.60714721679688,52.20569309935439,51.40531148338287,52.198731781669885,12744800
2018-03-20,51.49578475952149,51.98993209144572,51.46794480012626,51.65586319856168,13003200
2018-03-21,52.226600646972656,52.644189670352205,51.488859862004375,51.6628557309069,15418500
2018-03-22,51.15476608276367,51.98994381320393,51.07820750464808,51.7950693634299,17737000
2018-03-23,50.73021697998047,51.648914627019415,50.577099820485536,51.37052027429506,20157300
2018-03-26,51.50275802612305,51.60715657059454,50.63277900541151,51.25916496230992,15032700
2018-03-27,51.29394912719727,52.12217066340167,51.00163751792371,51.502746168066565,15821900
2018-03-28,50.674537658691406,51.50972072693856,50.6536590112231,51.3218022798624,18163900
2018-03-29,51.92730712890625,52.12218157588824,50.98773086814001,51.03644947988551,14882900
2018-04-02,50.95989227294922,51.78115268583217,50.22215175813135,51.69067146877902,17891100
2018-04-03,52.2126579284668,52.29617782500285,50.876371443472806,51.11996450428986,15999200
2018-04-04,52.10826873779297,52.240501946820665,51.11301246073042,51.53756267534716,13122200
2018-04-05,52.90863037109375,53.11742741498446,52.21264730469724,52.24048726454463,14200000
2018-04-06,52.10826873779297,52.97824781529761,51.65587855550438,52.64417351316624,14299600
2018-04-09,52.10826873779297,52.74857206445297,52.059550121849945,52.35186181750809,11103100
2018-04-10,53.6394157409668,54.12660177279303,52.93647134367794,52.950393978832686,19006100
2018-04-11,53.88999176025391,54.31454203451495,53.41672286320544,53.66727729752119,13734000
2018-04-12,53.74381637573242,54.38411955983223,53.59766056044419,54.18924513944791,13270400
2018-04-13,54.175323486328125,54.41892182615639,54.00828902438773,54.14748883427957,10925000
2018-04-16,54.66251373291016,55.03834524700124,54.08484648107037,54.37020210303811,10743600
2018-04-17,54.51636505126953,54.81563803813452,54.31452928711124,54.66252088532959,10478100
2018-04-18,55.13577651977539,55.51160799339583,54.94090212084534,55.01049936190192,12061400
2018-04-19,55.27498245239258,55.55337678421885,54.85043229109183,55.20538519691857,11291500
2018-04-20,54.98268127441406,55.26107565930873,54.51637373292594,55.20539572034355,12072200
2018-04-23,55.37937927246094,55.40025791746237,54.80867329939146,54.92698916101963,11729800
2018-04-24,54.5302848815918,55.62993965681565,54.26581316638241,55.53946374870127,14102000
2018-04-25,55.330665588378906,55.41418548574767,53.93173783955255,54.42588528497408,13867500
2018-04-26,56.27720260620117,56.30504257170419,55.35154366546527,55.40026227761292,14554400
2018-04-27,54.14052581787109,54.739071706804616,53.22878965888313,53.555897254525256,16346800
2018-04-30,54.11268615722656,54.6764307704266,54.10572483942924,54.224046002264906,15028800
2018-05-01,53.55589294433594,53.77165129805304,52.88079385410781,53.77165129805304,16231000
2018-05-02,53.45152282714844,53.75079587681608,53.1035311559038,53.20792440933199,13883700
2018-05-03,53.270545959472656,53.319264563022166,52.47712566742092,53.16614743474384,12243100
2018-05-04,53.52109909057617,53.74381346035258,52.852955981246936,52.9851891536605,9887200
2018-05-07,54.10573959350586,55.03835996526412,53.86910782316683,54.10573959350586,15071500
2018-05-08,54.34932708740234,54.39805101032347,53.15224040964426,54.14749662639186,17430400
2018-05-09,55.62993621826172,55.84568930654577,54.94787036023909,54.96875431614137,17142100
2018-05-10,56.87574768066406,56.92446629203307,56.0266473311497,56.124084553887705,17710300
2018-05-11,57.14289093017578,57.627988553736216,56.88277047073098,57.07258824826504,14751000
2018-05-14,57.52956771850586,57.87405463839927,57.37489858931868,57.4381693983037,11852100
2018-05-15,57.501441955566406,57.670169466002015,57.22725773970196,57.5436224922376,12595700
2018-05-16,57.66314697265625,57.684242608175765,57.06556602964457,57.48036104150087,9570000
2018-05-17,57.564720153808594,57.845936283152746,57.255387238906415,57.7896919845336,11224100
2018-05-18,57.15696334838867,57.508482174974695,57.12884119861159,57.33272276168168,10030900
2018-05-21,57.8459358215332,57.89514824149434,57.31162571641836,57.45926834005326,8822400
2018-05-22,57.39599609375,58.10606565645401,57.1921145217359,57.95842838646143,10753400
2018-05-23,57.75453186035156,57.81077614781002,56.64373131992412,56.91088363972609,15140900
2018-05-24,56.43283081054688,57.19914465184616,56.20785897309008,57.19211277337046,13360500
2018-05-25,55.33609390258789,55.77197918531932,54.900208619856464,55.7368251566105,14562000
2018-05-29,55.13222503662109,55.35017041006868,54.50652180047916,54.9424071836214,14644800
2018-05-30,57.29756546020508,57.4100540528871,55.69464056074557,55.71573083093562,16627500
2018-05-31,57.11479187011719,57.33273724500873,56.72812428144403,56.81248538833484,15803100
2018-06-01,57.52956771850586,57.89514490806094,57.332718049995336,57.55768986597182,9906100
2018-06-04,56.92495346069336,58.02169036427436,56.81246487378708,57.684235331057614,10954700
2018-06-05,56.72106552124024,57.40301275211618,56.53124775693736,56.65778935730565,12059300
2018-06-06,57.69126892089844,57.71235919259237,56.85465774911255,57.28351115272831,11603300
2018-06-07,58.26777267456055,58.55602075577705,58.04280078638668,58.16232129241101,13502500
2018-06-08,58.7739486694336,58.81613457736533,58.00060829820784,58.42946170987656,14350400
2018-06-11,58.42243194580078,58.90752967643488,58.30291682379736,58.85831725185982,10831600
2018-06-12,57.94437026977539,58.87941176783684,57.87406756728069,58.42946803536789,12351800
2018-06-13,57.30459213256836,58.0709004865348,57.276469986952506,57.958417267822206,12049300
2018-06-14,57.57174301147461,57.85999097392005,57.29755880335615,57.60689703354136,11477300
2018-06-15,56.70701599121094,57.522536826697866,56.60155927734375,57.452234138703496,23797500
2018-06-18,56.81949996948242,57.213199318450194,56.45392276883397,56.52422545775659,9192600
2018-06-19,56.73513412475586,56.9179254088896,56.03912837868117,56.16567536558125,8759700
2018-06-20,56.55937576293945,57.037441570749166,56.432828773703015,56.84059189054837,8917700
2018-06-21,56.02506256103516,56.510154810068144,55.77196862077851,56.2570608698115,10990700
2018-06-22,57.21320724487305,57.606912012136746,56.88981054002392,57.05854345331641,16012200
2018-06-25,56.06023025512695,57.11478690969764,55.75089728380459,56.7913901792796,10557200
2018-06-26,56.69296646118164,56.95309237215992,56.22193243329763,56.34847944894212,10382800
2018-06-27,57.44520950317383,57.986551532857725,56.98823392797043,56.98823392797043,12725900
2018-06-28,57.62798309326172,57.698285768511,56.96712614566779,57.45925559991338,9390700
2018-06-29,58.16230773925781,58.73176652517999,57.85296945369433,57.96545268969364,17323200
2018-07-02,57.4803581237793,57.74047861404727,57.17101985021581,57.571751084717846,9998300
2018-07-03,57.81782150268555,58.668496513649686,57.705338254862895,58.05685712040604,7197300
2018-07-05,57.86701202392578,58.19040861415439,57.684226144938,58.063861655912746,9035700
2018-07-06,57.881103515625,58.14122406951678,57.41006947566977,57.620977597980456,7637100
2018-07-09,58.28181838989258,58.44351403496079,58.042782815605285,58.21854221644106,7158600
2018-07-10,58.816139221191406,59.139535934192246,58.71068248866342,58.84425601036345,8806200
2018-07-11,58.06386566162109,58.724722640668666,57.670166370486655,58.37320388394133,10405300
2018-07-12,58.134185791015625,58.52085328555985,57.86702804755602,58.35915762754642,9762200
2018-07-13,58.57005310058594,58.87939132064081,58.04277496935632,58.12714140130324,8720000
2018-07-16,57.99357604980469,58.20448949686312,57.64908909244424,58.01466632176018,8306900
2018-07-17,57.86701202392578,58.1763502249054,57.67719426843841,57.83186336892822,7373300
2018-07-18,57.80376052856445,57.874063225785314,57.29054064772344,57.50848598198567,8711900
2018-07-19,57.6561279296875,58.08498139038117,57.45224633659114,57.78970145611087,8659100
2018-07-20,57.22724914550781,57.59985813348178,57.12179245591612,57.45222091355342,9196300
2018-07-23,57.22724914550781,57.64907054012457,57.07258004927333,57.61391652234399,8425900
2018-07-24,58.35915756225586,58.36618407694307,57.283510802429134,57.31162758868132,11121000
2018-07-25,58.76690673828125,58.87236344444371,58.00763025416353,58.359149032204456,9523600
2018-07-26,59.223880767822266,59.33636934863283,58.612241541854765,58.93563816605901,13210100
2018-07-27,57.59284591674805,57.91624260847212,56.81247365663601,56.92496226093231,18220800
2018-07-30,57.4662971496582,57.740481409499694,56.74216921398701,57.740481409499694,11282800
2018-07-31,57.30459213256836,57.75453573492038,57.25537971867832,57.39598508300677,11716800
2018-08-01,56.51720428466797,56.8968453132596,56.397689154487,56.86872315961366,8936300
2018-08-02,56.17974090576172,56.42580300928354,55.8563388682741,56.165677149131,8364300
2018-08-03,56.38362121582031,56.4539292765991,55.98288994264031,56.22192554903384,7811100
2018-08-06,56.36956405639648,56.5453234846886,56.060225746201695,56.41877648176819,10041800
2018-08-07,57.13587188720703,57.360843738106965,56.46095633450724,56.882783248227625,10698100
2018-08-08,56.75623321533203,57.10775204882194,56.489075469078585,56.96010941865465,7275000
2018-08-09,56.46798706054688,56.882782086902886,56.32034978925972,56.75623508812077,9828500
2018-08-10,56.41114807128906,56.48217588368649,56.01338798660368,56.47507689579905,12954300
2018-08-13,55.80029678344727,56.64554234692847,55.7079611731216,56.432453499623705,10308500
2018-08-14,55.62273788452149,56.162559119780674,55.45937442562349,56.10573469100059,8005900
2018-08-15,54.6496467590332,55.3315236655927,54.34422221993173,55.24628702011928,16307800
2018-08-16,55.40254592895508,55.47357375017712,54.83431252102794,54.891136945635736,11519900
2018-08-17,55.58722305297852,55.75058650121471,55.26049073743071,55.64404205897456,10178400
2018-08-20,55.97788238525391,56.11283904871583,55.52329779357518,55.58722663066401,8152100
2018-08-21,55.99209213256836,56.52480896783403,55.87844327322193,56.148356604631765,9192200
2018-08-22,56.794715881347656,56.85864471837471,56.12704239211911,56.19097122914616,10098200
2018-08-23,56.16967010498047,56.56032590566437,56.04181783479313,56.51060587942909,7203900
2018-08-24,56.55320739746094,56.85863185866044,56.41114635790619,56.48217416814629,6545200
2018-08-27,57.10724258422852,57.15696260260266,56.7236858343098,56.75920245560944,6671900
2018-08-28,57.02199172973633,57.4055483840395,56.965167317452696,57.23508056626283,8823400
2018-08-29,57.43397521972656,57.561827470394064,56.8941540036776,57.13565510786093,8004800
2018-08-30,57.18538284301758,57.377158535358966,56.908370499037616,57.14276180766012,7450900
2018-08-31,56.9438705444336,57.14985501454368,56.659753847072274,56.993590560041184,10700000
2018-09-04,57.029109954833984,57.31322666602259,56.68816881759256,57.114346593913226,8855000
2018-09-05,57.78912353515625,57.83884355704997,56.539013160159264,56.75210206489005,13878400
2018-09-06,57.14986801147461,57.98800947880791,57.06463135715925,57.61155707229894,13320600
2018-09-07,58.122955322265625,58.19398314474613,56.69527278838298,56.92966947973657,16417800
2018-09-10,58.037715911865234,58.76931274471552,58.0022047118588,58.41416823019983,10817900
2018-09-11,58.85454177856445,59.08893842845278,57.98088400128731,58.21528065117563,11891900
2018-09-12,59.04633331298828,59.50802233041957,58.86166204127655,59.131569959292456,11556300
2018-09-13,58.47099685668945,59.1315659179412,58.25080897596408,59.06053809374678,11162700
2018-09-14,58.89717102050781,59.06053989831469,58.43548202052399,58.54202646960884,9442600
2018-09-17,59.24522399902344,59.38727966953664,58.946898420423366,58.95400282967197,8403300
2018-09-18,59.4014778137207,59.756622377660605,59.2736255539393,59.5932589129308,9219900
2018-09-19,60.11176300048828,60.21120303834578,59.408578327331504,59.408578327331504,10413600
2018-09-20,60.246700286865234,60.61604810598471,60.04782027510291,60.275112491270406,11198200
2018-09-21,60.49533081054688,60.68000752277963,60.03364173950328,60.38168735468745,26639400
2018-09-24,61.511043548583984,61.85908373874689,60.885991004341705,60.93571103150784,13549500
2018-09-25,61.44001388549805,62.05086301198981,61.34767824324283,61.81646628271536,12200700
2018-09-26,60.92860412597656,61.44001319534843,60.86468070184323,61.09907200940841,10275500
2018-09-27,60.921485900878906,61.354762629776445,60.79363366253087,61.14877816693376,7895400
2018-09-28,60.388790130615234,61.03515595440989,60.367482319998174,60.55215904380764,9884900
2018-10-01,60.94991683959961,61.10618133660428,60.55926101616467,60.6231844454429,8566900
2018-10-02,61.41160583496094,61.560765922144576,60.81496548622638,60.94281776368046,8453100
2018-10-03,61.19142150878906,61.71703404965388,61.07067363383366,61.44712607873996,10206700
2018-10-04,60.78654861450195,61.14169320035101,60.552151887263264,60.72972418018779,10204600
2018-10-05,60.61607360839844,60.8717781365512,60.324857874104346,60.5947658008984,9217400
2018-10-08,61.177188873291016,61.3050411084953,60.12596420078904,60.22540422605071,13242400
2018-10-09,61.44711685180664,61.7099203732378,60.90019116300837,61.35477579264328,10177900
2018-10-10,60.03362655639648,61.6672934964333,60.01942316015997,61.60337008475612,16573400
2018-10-11,57.959598541259766,59.78504159700213,57.65417396372731,59.62167811313397,20320100
2018-10-12,57.8033332824707,58.41418242944818,57.01491183507133,58.33605018373642,15216300
2018-10-15,57.40556716918945,58.05903186706551,57.40556716918945,57.80332734718775,10558800
2018-10-16,57.67547607421875,57.72519609731937,56.83023568150821,57.18538025196296,9781800
2018-10-17,57.888553619384766,57.90275701502105,57.064615776529536,57.49079351266846,12247700
2018-10-18,58.137168884277344,58.57755013117684,57.675479828815625,57.675479828815625,17448600
2018-10-19,58.22239685058594,58.57043698301824,57.89566452353665,58.00220896952733,12098700
2018-10-22,57.639949798583984,58.37154655539171,57.27770091408926,58.24369432669208,9474100
2018-10-23,56.70947647094727,57.14985764306576,55.91395618463711,56.8657409326369,15465100
2018-10-24,55.13264846801758,57.0078114821245,55.082928441850974,56.91547041990336,16085700
2018-10-25,55.62273788452149,56.14835572212355,55.217873312846045,55.750590139738776,12315500
2018-10-26,55.06871795654297,55.6937758883757,54.66385335027688,55.31021908995368,18160100
2018-10-29,54.72776794433594,55.70796478349954,54.13822679178307,55.45226031779167,15707000
2018-10-30,55.9565658569336,56.13413810472486,54.99057239542308,55.13263344510106,17758200
2018-10-31,56.5958366394043,57.071729043685146,56.04181199930708,56.354335523496665,16629100
2018-11-01,57.29901123046875,57.35583564995691,56.325918787339965,56.70237108306788,14159300
2018-11-02,58.20819854736328,58.56334315209174,56.98650565912175,58.07324728253857,19350400
2018-11-05,57.988014221191406,58.86167238737486,57.84595853812469,58.5988634127168,15815000
2018-11-06,58.236610412597656,58.31474265868987,57.7820257548302,58.059038111311104,9063200
2018-11-07,58.97529602050781,59.05342824564688,58.00220353862608,58.39285924524626,12699800
2018-11-08,58.037715911865234,59.48670618137828,57.91696807750795,59.04632503251174,16865500
2018-11-09,58.02337646484375,58.40364501501825,57.17673865588512,57.58570744226282,15070100
2018-11-12,57.27718353271485,58.64041456884229,57.205435683236566,58.59019052680649,11906600
2018-11-13,55.96417617797852,57.29153054380806,55.7058795423132,57.255659356305095,15530200
2018-11-14,55.526512145996094,56.74624211032212,55.067319302437326,56.58122259023625,18552100
2018-11-15,56.10052108764648,56.10052108764648,54.46464545644153,55.00993368416854,18976000
2018-11-16,56.6529541015625,56.81797904804995,56.035912869666845,56.22963804484815,13704900
2018-11-19,56.83951568603516,56.939963772141446,56.27269835785814,56.29422216573661,9430800
2018-11-20,55.22516250610352,56.60991733005814,54.79466994132181,56.26551999382681,15533700
2018-11-21,55.64847946166992,56.23682058612042,55.43323591312073,55.555207804699606,9685300
2018-11-23,54.163272857666016,54.67268967087595,53.596455579134215,54.565070640909504,10875400
2018-11-26,55.23233795166016,55.47628172689787,54.61529661263437,54.70139183965481,13741100
2018-11-27,55.28255844116211,55.569549811475895,54.81618925338794,54.93816113317225,10344500
2018-11-28,56.28703689575195,56.28703689575195,55.131878612994726,55.27537976632408,11482100
2018-11-29,56.72471618652344,57.06193711588086,56.10050384614805,56.12202765457337,10255200
2018-11-30,57.04042816162109,57.11217603305978,56.19379014101644,56.28706182648556,14040100
2018-12-03,58.27449035644531,58.446686280941805,57.49960048519649,57.57134833090255,19415100
2018-12-04,56.99018478393555,58.7982557116892,56.93278431663928,58.38928696172052,18540700
2018-12-06,56.24399566650391,56.27987232740805,55.18928533443699,55.96417522828329,23218100
2018-12-07,55.70589065551758,57.65746319254112,55.483470636992905,56.96149742282202,16224700
2018-12-10,54.91664505004883,55.86373093768603,53.66821489680213,55.86373093768603,17946200
2018-12-11,55.01708984375,55.82067997792729,54.29960041202348,55.74892665554668,15742400
2018-12-12,54.543548583984375,56.10767589007655,54.543548583984375,55.992880418240354,14559800
2018-12-13,55.23233795166016,55.40453387971088,54.49331925100567,54.55071971835919,13749700
2018-12-14,54.22785186767578,55.15341387960523,53.87627810935483,55.04578937142556,12669300
2018-12-17,53.12293243408203,54.242214496180566,52.72113999620285,53.998270651471465,15464100
2018-12-18,51.65923690795898,52.9937676326687,51.386592906032696,52.82874266175956,18681200
2018-12-19,50.78390121459961,52.57044837084543,50.43950935205123,51.982107254482834,21679600
2018-12-20,49.241302490234375,50.69781077564757,48.82516273984108,50.288836504967314,28723700
2018-12-21,48.87538528442383,50.489736612315866,48.55251173443924,48.88973266544056,47287300
2018-12-24,47.00273513793945,48.45206141022585,46.95251109568225,47.97852122237368,14262800
2018-12-26,49.24847412109375,49.26282697516373,46.38569282324445,47.4834507771711,24887700
2018-12-27,49.46372222900391,49.46372222900391,47.411702055586495,48.602731642991024,22077000
2018-12-28,48.9112434387207,49.922905962108246,48.66012328277627,49.63590915216796,19710600
2018-12-31,48.92560577392578,49.61439496689578,48.54533725349536,49.01887742878289,15807000
2019-01-02,50.0018424987793,50.13099082126213,48.25834288226625,48.32291430650257,16727200
2019-01-03,49.234130859375,50.40363675944872,49.04758205893029,50.22426438663929,13866100
2019-01-04,51.04938507080078,51.13548031763914,49.76507805668772,49.965974264658726,16043600
2019-01-07,51.314849853515625,51.73099510340806,50.75520888421721,51.12113008491649,10844200
2019-01-08,51.68793487548828,52.08255074461166,51.61618703328489,52.046679560514704,11439000
2019-01-09,51.96058654785156,52.08973487251607,51.408122059793016,52.08973487251607,13473500
2019-01-10,51.69512176513672,51.71664557475327,51.02785629697095,51.70946914687755,13151100
2019-01-11,51.45833587646485,51.58030774940238,50.99196671486985,51.55160751918016,9790100
2019-01-14,51.393775939941406,51.50140047026766,51.02786020044756,51.0924316342367,11012400
2019-01-15,51.42247009277344,51.91753958926643,51.17134986774452,51.62336627279658,10298300
2019-01-16,51.40094757080078,51.93188827044041,51.16417472098469,51.24309900425672,12595600
2019-01-17,51.75249862670898,51.90317071522437,50.86998989768908,51.07806244106994,10141700
2019-01-18,52.36955261230469,52.58480163357752,51.752511256933225,52.570448779354,15759200
2019-01-22,51.5803108215332,52.16865189110742,51.42963870939939,51.93905550966406,15035600
2019-01-23,51.157005310058594,51.87449483488965,50.89153221522727,51.666422215807366,13187200
2019-01-24,51.22875595092773,51.63772478333973,50.683462349708094,51.01350689217997,11272500
2019-01-25,51.45833587646485,51.852951725499686,51.32918757746945,51.709456048397776,8996200
2019-01-28,51.11394500732422,51.14264524115097,50.48973271212456,50.95609645828205,13678400
2019-01-29,51.30765914916992,51.795552070957626,51.2861353469454,51.44397838792812,10513200
2019-01-30,51.86731719970703,52.06821338614217,51.30767625920615,51.49421959003276,11524700
2019-01-31,52.57762908935547,52.72830122576968,51.67359079685979,51.86731602511407,19876700
2019-02-01,54.471797943115234,54.88076671225309,53.3238159134309,53.75430849031126,22968700
2019-02-04,53.68255233764648,54.35699407066079,53.38120812783514,54.35699407066079,15483800
2019-02-05,54.23503875732422,54.27091542859626,53.81889893023054,53.94087085413711,12786700
2019-02-06,53.99826431274414,54.36418003685382,53.9049871691779,54.2278607465821,10866900
2019-02-07,53.58209991455078,53.94802098188427,53.02245914922239,53.77581961254568,14418900
2019-02-08,53.66917419433594,53.73446250085034,52.762355260856765,53.50957317647824,11959500
2019-02-11,53.7562141418457,53.84327073396056,53.248397858131646,53.59661315702632,10434800
2019-02-12,54.699317932128906,54.73558736777423,54.27855262820264,54.46717251182189,12599200
2019-02-13,55.31596374511719,55.52634643533832,54.779128400805845,54.829910047770646,13214600
2019-02-14,55.33045959472656,55.60613608272556,54.92420649845435,55.32320902856694,12772900
2019-02-15,56.375125885009766,56.41140086082616,55.67868952065194,55.81652778701317,14330300
2019-02-19,56.75236892700195,56.93373274680157,56.18650916000813,56.266309683502726,13551500
2019-02-20,56.9699821472168,57.17310866836467,56.58549187007509,56.803130591180725,12633100
2019-02-21,56.45491027832031,57.064295382310114,56.30256538601852,56.73783729756401,10266000
2019-02-22,56.89019393920898,57.27468429939473,56.30983311554922,57.10057660577517,9519300
2019-02-25,56.9482307434082,57.2021389454985,56.73059197888297,56.89744910299014,9274400
2019-02-26,57.06430435180664,57.405263620675214,56.86842836321422,57.0788110193992,10990600
2019-02-27,57.65190887451172,57.85503538591276,57.06429210441837,57.22388755281752,12398200
2019-02-28,57.332706451416016,57.85503492501897,57.100561078123846,57.63739621609032,14597900
2019-03-01,58.03641891479492,58.03641891479492,57.33272644988756,57.586634675682944,15419400
2019-03-04,58.26128005981445,58.43539321730675,57.31819202991476,58.210498439241256,18089900
2019-03-05,58.17427062988281,58.32661560057996,57.85506848092566,58.123488972983765,13745500
2019-03-06,57.51408004760742,57.58662445141412,56.483935123116034,57.20213412993376,18633600
2019-03-07,58.1524772644043,58.2250216597029,57.5430921673743,57.70994925786543,16541700
2019-03-08,57.31821823120117,57.54310757728649,56.7668707166735,57.23116161265973,16211300
2019-03-11,57.87681198120117,58.24679566383168,57.78250480259419,58.02190633457767,11060900
2019-03-12,58.03641891479492,58.45718428027539,57.95661839600434,58.1162194335855,11320000
2019-03-13,58.55147552490234,58.587750490760094,58.18149190532762,58.46441892771338,10260200
2019-03-14,58.35560607910156,58.69657083866913,58.29031224641832,58.61677034026894,9976700
2019-03-15,58.14522171020508,58.435404828905824,58.108946744824,58.16698447552067,25316400
2019-03-18,58.81991195678711,58.94323801875506,58.35562104779135,58.35562104779135,9840600
2019-03-19,58.66755294799805,59.48731517681525,58.50069584817324,59.18262537864774,13936500
2019-03-20,58.99399185180664,59.42926368193736,58.44264458175753,58.58048278296521,13133600
2019-03-21,59.33498001098633,59.40752442224306,58.616780930412254,58.62403149718927,10117000
2019-03-22,58.38463973999024,59.08107610131934,58.25405757631702,58.92873116616462,12497700
2019-03-25,57.97837066650391,58.35561042060366,57.738969153492505,58.03640840325513,11320400
2019-03-26,58.732852935791016,58.957742278988064,58.16699875949908,58.2758181475823,9472800
2019-03-27,58.28305816650391,58.986750475998775,57.90582396217606,58.74009840678115,7258700
2019-03-28,58.5732307434082,58.60950570459197,58.050902297141256,58.058158396334406,7412300
2019-03-29,58.61677551269531,59.11008521234372,58.38463009725978,59.00126583812447,10889200
2019-04-01,59.29145050048828,59.32771993629581,58.81990355672296,58.92872293371241,10816400
2019-04-02,59.03752899169922,59.451038141910345,58.84165856677088,59.30594934824362,7646000
2019-04-03,58.68932723999024,59.32046972660042,58.47894456619218,59.32046972660042,8562900
2019-04-04,59.52360534667969,59.54536811856677,58.59501797948476,58.8489317442588,9360600
2019-04-05,59.84279251098633,59.87181138054802,59.451046074078754,59.59614042188717,10059100
2019-04-08,60.21276092529297,60.357849701561584,59.91532173872566,59.97335946314592,9108200
2019-04-09,59.43654251098633,59.908089480120985,59.29870425706507,59.86455840611317,8561600
2019-04-10,59.16810989379883,59.54534960516725,59.05929606819503,59.42927414481309,10324300
2019-04-11,59.4510498046875,59.53810641883544,58.776376265696406,59.15361605888701,9115100
2019-04-12,58.70381546020508,60.074924925113606,58.45716342451167,60.074924925113606,16638700
2019-04-15,58.50795364379883,58.80538735021388,58.41364094059794,58.682061314256,8536100
2019-04-16,58.90695190429688,59.015771276250206,58.536973788352,58.62402485808813,7005700
2019-04-17,59.07380676269531,59.26967719692479,58.81989859433008,59.16086336389895,8311400
2019-04-18,58.856178283691406,59.3640002437008,58.81265274289606,59.16812424055388,9493900
2019-04-22,60.14023208618164,60.37237750910094,59.22615706196913,59.393014179122126,10770600
2019-04-23,60.48843383789063,60.56823432794288,59.98061756917832,60.35060115625855,10595100
2019-04-24,59.31322860717773,60.270829409707794,59.29146583310874,60.220047758618506,11684000
2019-04-25,59.646915435791016,60.09669402708802,59.05204251279915,59.233406276330605,11135000
2019-04-26,58.391868591308594,58.49343184364028,57.71719525237259,58.23226761342104,18053500
2019-04-29,58.01465606689453,58.31208983535351,57.7897667150267,58.12347545917336,10023700
2019-04-30,58.23952102661133,58.42088475952169,57.98561290749319,58.30481484854564,13721500
2019-05-01,57.07156753540039,58.22504434883052,57.0352980910089,57.992898872543,13909800
2019-05-02,56.07041549682617,56.948215349504544,56.03414053428304,56.78861436996626,15360400
2019-05-03,56.20101547241211,56.73785077299229,56.1792527018835,56.43316091602386,12180700
2019-05-06,55.95434188842773,56.33883768579615,55.64965211824058,55.80199700333416,13367100
2019-05-07,55.65692138671875,55.70770302709853,54.96773565609755,55.4973203641584,13498800
2019-05-08,55.74397277832031,56.0704309266991,55.43928293432709,55.52633954751818,11352900
2019-05-09,55.69316864013672,55.77296911963017,55.10555195912264,55.38847891922434,13221600
2019-05-10,56.17747116088867,56.34624084953914,55.15753055070427,55.898640369015055,11056000
2019-05-13,55.55377197265625,55.93533582322333,55.29695337990462,55.509747527677526,12176100
2019-05-14,55.62715530395508,56.35359233196635,55.590470127674216,55.861961705412185,10548400
2019-05-15,56.03806686401367,56.170145805669,55.18689021818469,55.45104810149535,8918000
2019-05-16,56.030723571777344,56.463645539463,55.92799613543752,56.06007506762093,8105200
2019-05-17,55.70052337646485,55.986693434058495,55.46571143359329,55.50974147199413,9279400
2019-05-20,55.69317626953125,56.03070999259216,55.52440660888877,55.80324295271338,7154300
2019-05-21,55.95001602172852,56.10410719734548,55.71520962104178,55.96468897254748,8489900
2019-05-22,55.44368743896485,55.92797857095155,55.31894781947384,55.78122113782362,7858300
2019-05-23,54.14493942260742,54.88604938065589,53.59461140982635,54.86403155763477,14657200
2019-05-24,54.37240219116211,54.482468904553805,53.888116489754495,54.40175368794827,7056400
2019-05-28,53.279090881347656,54.4824743793775,53.19103638214078,54.47513510488705,14912900
2019-05-29,52.94889068603516,53.14700629043924,52.55265387900143,52.75076948340551,13645200
2019-05-30,52.80947494506836,52.92687533881095,52.48661406538106,52.84616011888912,9362100
2019-05-31,51.92894744873047,52.50129326938804,51.82622000358765,52.237135382384814,13983300
2019-06-03,52.74342727661133,52.83882103487833,52.07569895986855,52.163747846607016,11831000
2019-06-04,53.99818801879883,54.04955734675069,52.95623487395842,53.16168979285917,10423000
2019-06-05,53.55059051513672,54.034876287455326,53.25708110252396,54.034876287455326,10617800
2019-06-06,54.5264892578125,54.75396194127452,53.99817355176871,54.086228035517735,11738900
2019-06-07,54.72461700439453,55.00344783900791,54.61455028607514,54.6732532822756,9095500
2019-06-10,54.966758728027344,55.274941038667215,54.62921932316412,55.172213601787256,7760400
2019-06-11,54.91539001464844,55.62714840529694,54.90071706560101,55.407020580232526,9415100
2019-06-12,54.32102966308594,54.7466179001369,54.15959925605112,54.65122974971845,7920800
2019-06-13,54.7979850769043,55.15753108007561,54.57785167189532,54.81265802473321,8986400
2019-06-14,54.55584716796875,54.89338099802836,54.46779827209067,54.79799282808515,8575900
2019-06-17,55.09882354736328,55.17220507512994,54.32836788983463,54.41642236421987,9355700
2019-06-18,55.575782775878906,55.9279951213904,55.289612694374384,55.340976411613006,10091500
2019-06-19,55.2676010131836,55.65649853297032,55.15753430424528,55.326304004380745,9757400
2019-06-20,56.21417236328125,56.47833025650616,55.82527479776292,55.94267519573731,16229700
2019-06-21,57.00664520263672,57.05800892566076,56.40495347654404,56.60306909442934,23108100
2019-06-24,56.46364212036133,57.05800007830861,56.36091469024206,56.88923038698405,10011800
2019-06-25,55.96468353271485,56.66176899072112,55.90598613691825,56.55904155029504,9740000
2019-06-26,56.206825256347656,56.595722767671774,56.11143709639701,56.2655282462674,11365500
2019-06-27,55.63447570800781,56.31688245550183,55.590451272112816,56.19947649548276,8147800
2019-06-28,56.22882843017578,56.30220995488019,55.72253061870629,55.90597323401863,14781300
2019-07-01,56.17747116088867,57.18273882338497,55.97935557686202,56.59572014781159,11437900
2019-07-02,55.56111145019531,55.96468192650783,55.33364435266961,55.86929376262861,10475400
2019-07-03,56.08943176269531,56.13345621142884,55.49507371366302,55.6344919322871,5246100
2019-07-05,55.86194610595703,56.023376511546736,55.46570936447991,55.90597614271535,6880800
2019-07-08,56.118778228759766,56.280203059048766,55.70786288393427,55.869293312448704,7876100
2019-07-09,56.08207702636719,56.33155629804232,55.56843993866876,56.096749972490976,7863000
2019-07-10,56.87456512451172,56.96261402038336,56.309558584281454,56.35358863044311,8077400
2019-07-11,56.91859817504883,56.94794967751746,56.53703983940988,56.80119776340095,6404000
2019-07-12,56.96260833740234,57.14605098313455,56.8672201769827,57.050662822714905,6139000
2019-07-15,56.55904769897461,57.043333456741856,56.419629472571714,56.96261823074294,7116400
2019-07-16,55.7151985168457,56.551696502464914,55.61247108690826,56.441629799467634,10197400
2019-07-17,55.38499450683594,55.73720117814915,55.28960076809452,55.57577078787055,7419300
2019-07-18,54.91539001464844,55.23091160231039,54.43110432092632,55.05480822261375,11424500
2019-07-19,55.02545928955078,55.216241225407565,54.69526473745992,54.95942261842291,11243100
2019-07-22,55.08416748046875,55.25293720853462,54.66591839586568,55.20890715873736,8368800
2019-07-23,55.30429458618164,55.59779836059738,54.8493547786762,55.1428641513176,8551200
2019-07-24,55.29695510864258,55.803258634628136,54.92273051994778,55.3189673318201,8260200
2019-07-25,54.98142623901367,55.60513007216227,54.88603808512386,55.60513007216227,9083900
2019-07-26,54.89337921142578,55.09150041715493,54.73928805042847,54.93740925615762,7677300
2019-07-29,55.282264709472656,55.31161620015878,54.812652054943605,54.94473096391893,7091900
2019-07-30,55.28960418701172,55.44369531501772,54.952070440204594,55.07681007741549,6961200
2019-07-31,54.563175201416016,55.51707909723662,54.489799270558585,55.06213936876108,13104600
2019-08-01,53.16901779174805,54.49714080598797,53.02959958425087,54.108243277943714,17132800
2019-08-02,52.64804458618164,53.75603984462751,52.22979553604623,53.27908779841764,21376700
2019-08-05,51.56940078735352,52.03901355914777,51.0777757916042,51.93628611520689,19080900
2019-08-06,52.068355560302734,52.105046325686295,51.56939138150028,51.576730654221954,12282400
2019-08-07,51.73081970214844,52.00965047383463,50.9236732803414,51.26120703497981,15231100
2019-08-08,53.11030578613281,53.1323236032317,51.81887376089111,51.98763783774422,14304100
2019-08-09,51.98030853271485,53.01492780399649,51.7088169835726,52.92687331338988,13686600
2019-08-12,51.72772216796875,52.12146086303507,51.5048573040913,52.04716690724285,9542600
2019-08-13,52.36662292480469,52.46320282100192,51.20027898236608,51.46029088013884,12403300
2019-08-14,50.25679397583008,51.326557774221904,50.25679397583008,51.31170238400566,18114400
2019-08-15,49.95963287353516,50.18992825225688,49.42474816491322,50.115639968911104,12874400
2019-08-16,50.73967361450195,50.85853373334286,49.97448786541431,50.3533654756455,12649000
2019-08-19,51.5940055847168,51.742587841721765,51.15570067917768,51.23741950357201,10032800
2019-08-20,51.28199005126953,51.48257467620067,51.0442641139006,51.48257467620067,9743500
2019-08-21,51.79457473754883,51.98772878002054,51.53456295027838,51.97286772484401,10134200
2019-08-22,51.68315124511719,51.97287954077799,51.44542531873312,51.935738230056415,8972000
2019-08-23,50.13793182373047,51.6534367883256,49.796201145610986,51.125982545934654,15371900
2019-08-26,50.40536880493164,50.7099581382369,50.167642894867946,50.60595340682359,7343900
2019-08-27,49.915069580078125,50.84368745041544,49.75163192804536,50.61338636444488,9490900
2019-08-28,50.27908706665039,50.50195762651412,49.89278451976488,50.16765178671853,9647400
2019-08-29,50.83625411987305,51.01454715416216,50.58366712578289,50.7396799070984,9004100
2019-08-30,50.87339401245117,51.31912936999393,50.561374161121925,50.969968211771786,9180800
2019-09-03,50.93283081054688,51.02198016594527,50.24193889275191,50.43509299553159,9849700
2019-09-04,51.475135803222656,51.71286170205975,51.32655357405416,51.6311428929752,6959200
2019-09-05,52.20317459106445,52.41118973462255,51.7797251103863,51.883729848248784,9901500
2019-09-06,52.6934814453125,52.7083368342291,52.09173900712173,52.262601484908814,10418500
2019-09-09,53.10951232910156,53.54039238670066,52.73064031402343,52.86436151576682,12840200
2019-09-10,53.540374755859375,54.11983121665449,53.20607469550278,53.59237711342222,13810800
2019-09-11,53.43638610839844,54.11241695998961,53.15408832072121,54.06784511662836,10525700
2019-09-12,53.47352600097656,53.607247181167,52.52261668193742,52.730631814992535,9100700
2019-09-13,53.96384811401367,54.02328102557966,53.53296800691189,53.68155028582685,7337200
2019-09-16,54.77361297607422,55.85080771421927,54.67703306542781,55.74680293955017,19830200
2019-09-17,54.35757446289063,55.03361099510976,53.95641086154637,54.84045689049948,14452200
2019-09-18,54.09754943847656,54.20898468972744,53.73353290770056,53.971258798714,7292200
2019-09-19,53.73354721069336,54.37243677557251,53.62954245993013,54.20899911927777,8050200
2019-09-20,53.54781723022461,53.85983144521348,53.384379593468594,53.85240091595189,19736600
2019-09-23,53.584957122802734,53.75582528429852,53.08721936427828,53.13179120300197,7495200
2019-09-24,52.84947967529297,53.39179479907931,52.61175381764876,53.34721730413685,13307100
2019-09-25,53.0054931640625,53.09464249692381,52.611760195964806,52.730625973113206,8035200
2019-09-26,52.72319793701172,53.00549566933347,52.507757956621774,52.90892147171004,8420200
2019-09-27,53.10207748413086,53.24322352155687,52.47061290870995,52.52261527362116,8224000
2019-09-30,52.45575714111328,53.07978551554946,52.433471223145226,52.92377842194041,9768900
2019-10-01,51.22255706787109,52.67863480823468,51.19284628510184,52.61920190702934,10279100
2019-10-02,49.885345458984375,50.95510922702637,49.781340726922416,50.717383315480056,14503700
2019-10-03,50.50194549560547,50.51680088437226,49.2613079898631,49.77390675371972,10788400
2019-10-04,51.23741912841797,51.31170742245973,50.38308957735381,50.59852959755841,10534800
2019-10-07,50.53165435791016,51.281978988423816,50.53165435791016,51.03682257432051,10993000
2019-10-08,49.55105209350586,50.45738412959442,49.506480245119285,50.17508631008906,9748700
2019-10-09,50.10079193115234,50.293940362627374,49.92249322355972,49.99678718564008,8580900
2019-10-10,50.70253753662109,50.78425636556471,50.05621743529452,50.09336441857212,7100100
2019-10-11,51.24484252929688,51.62371447655356,51.17797910647746,51.24484252929688,10101900
2019-10-14,51.39341354370117,51.53456523497652,50.95510308187191,50.96253360978959,6234600
2019-10-15,51.57170867919922,52.002588630992925,51.267125035919086,51.30426634138466,6645700
2019-10-16,50.68767929077149,51.65343845545317,50.67281823116343,51.41571251222637,9765800
2019-10-17,50.62080383300781,51.17054388340783,50.57623200043901,50.87339077583953,9757200
2019-10-18,50.22708511352539,50.62824872394874,50.22708511352539,50.42023922250712,13472700
2019-10-21,51.0665397644043,51.08882568095151,50.38307854040582,50.38307854040582,10199300
2019-10-22,51.32655715942383,51.82430057711707,50.99968756808497,51.096261772916215,9536000
2019-10-23,51.81687545776367,51.82430598747501,51.0962671072683,51.2299883029049,8641800
2019-10-24,51.32655715942383,52.03974057358638,51.2745547925404,51.97287714883174,9003600
2019-10-25,51.44541549682617,51.61628363058954,51.18540370008372,51.18540370008372,7607200
2019-10-28,50.99225616455078,51.75743626463979,50.94768432736744,51.60142916666529,11209600
2019-10-29,50.84366989135742,51.28197465422623,50.69508768271669,50.87338633308558,13894400
2019-10-30,50.30879592895508,50.791678290583775,49.97449013959695,50.791678290583775,12840600
2019-10-31,50.1973762512207,50.30881154893874,49.87793142060748,50.11565741074978,16169100
2019-11-01,51.7054443359375,51.71287486624559,50.7471099682161,50.80654287501292,14108700
2019-11-04,53.24322891235352,53.39181116130974,51.95802504892343,52.05459925987003,15858200
2019-11-05,54.29813003540039,54.32042162060569,53.37694288771856,53.51809458818967,14930400
2019-11-06,53.10951232910156,54.134710098412086,52.894072300302014,54.03070534903765,13996500
2019-11-07,54.238712310791016,54.25356770236376,53.488387510114094,53.510673431389954,13073800
2019-11-08,53.20866775512695,53.98308165063873,53.125969150396806,53.84022765520282,12106000
2019-11-11,52.88536834716797,53.08837198873504,52.6071862448386,52.78762946475313,8674000
2019-11-12,52.15607833862305,52.93800665165251,51.86285593826036,52.83274188642195,13918600
2019-11-13,51.7275276184082,51.9906752191849,51.57715346354475,51.89293058447679,11773700
2019-11-14,51.50195693969727,51.855328948898105,51.2613640856308,51.7726246175453,11279800
2019-11-15,52.02073287963867,52.10343720346842,51.62976594222789,51.65984076327376,11252800
2019-11-18,51.51699066162109,51.7425489682914,51.35158773774036,51.65232449838607,10095600
2019-11-19,50.99070358276367,51.54707356054517,50.96062875475023,51.4267799846783,12605500
2019-11-20,51.148582458496094,51.5320292729466,50.61476726859111,50.87791479372936,16930700
2019-11-21,52.38163757324219,52.44178723636318,51.065893807455296,51.14107801826274,14080900
2019-11-22,52.15607833862305,52.76507782611681,52.12600351086959,52.41170577024719,12143600
2019-11-25,51.81022262573242,52.20870402592767,51.65984849798844,52.156074515263896,10670000
2019-11-26,51.68239974975586,51.90795805829439,51.4568471774034,51.81773358764176,15457000
2019-11-27,51.6523323059082,51.9455547071901,51.43429984233911,51.69744741577326,8393900
2019-11-29,51.22376251220703,51.52450497503039,51.12602364966822,51.37413661171139,7980800
2019-12-02,51.441802978515625,51.78765481872337,51.40421375408027,51.50195262103497,11116900
2019-12-03,51.03580856323242,51.31399639626861,50.76514087059896,51.12603303950573,12245800
2019-12-04,51.6147346496582,51.69743897869534,51.23128782741201,51.313992156449146,11049700
2019-12-05,51.434303283691406,51.85533942935662,51.28392913439149,51.79518976963666,13109000
2019-12-06,52.261322021484375,52.53198965559897,51.69743207310984,51.69743207310984,13710800
2019-12-09,52.37410736083984,52.6071800648572,51.89291593728441,51.93803103910308,12397700
2019-12-10,51.9229850769043,52.74250812538247,51.652317440359695,52.374101628602126,14281800
2019-12-11,51.84779739379883,52.44928226463171,51.62975927152653,51.68238876751055,13748400
2019-12-12,52.88536834716797,52.91544317318481,51.80270329149426,51.84781266242626,17068500
2019-12-13,52.05080032348633,53.03572619435571,51.96809601137832,52.99061683727307,12274500
2019-12-16,52.62973785400391,52.817701203482486,52.40417954015512,52.40417954015512,15208700
2019-12-17,52.38915252685547,52.91544768657391,52.11096466461171,52.614710873127386,14450700
2019-12-18,52.5319938659668,52.84777088568119,52.08839742154221,52.35154493797087,13652300
2019-12-19,52.17111206054688,52.667338106362585,52.058332892299056,52.622222997351386,13273200
2019-12-20,52.58462524414063,52.80266340443721,52.17110360630471,52.5244755993307,35092000
2019-12-23,52.84778594970703,52.85530609123019,52.276375653879946,52.52448869845862,14172500
2019-12-24,52.64477157592773,53.00566372521277,52.5620729807399,52.89288457004957,3979400
2019-12-26,52.72747802734375,53.005665856440096,52.63725928853461,52.772593132934674,8840200
2019-12-27,52.54703521728516,52.86281227791614,52.53951507693117,52.7801079425814,10516100
2019-12-30,52.23877716064453,52.96055574189421,52.17862751149383,52.69740246090643,12689400
2019-12-31,52.46432876586914,52.47936904597049,51.88540417806252,51.89291858192704,13151800
2020-01-02,53.30641555786133,53.39663430883521,52.810189482756506,52.810189482756506,12456400
2020-01-03,52.87784576416016,53.65977391109727,52.75003207549748,53.63721349293416,17386900
2020-01-06,53.28386306762695,53.65226970040057,52.80267725529768,52.870341321318655,20081900
2020-01-07,52.84778594970703,53.020709051428696,52.26134110702091,53.00567450456966,17387700
2020-01-08,52.05080032348633,52.84776289159836,52.00568523021892,52.71242908416568,15137700
2020-01-09,52.44928741455078,52.55454641685403,51.599689520864686,51.98313630707536,14811800
2020-01-10,51.98315048217773,52.59967012214998,51.96811593611416,52.57711543496113,11995600
2020-01-13,52.47936630249024,52.53199580772132,51.960585653651,52.02824970201132,9953900
2020-01-14,52.02825546264648,52.313963439408525,51.79518273312923,52.16358931053732,16261000
2020-01-15,51.945556640625,52.321483398433614,51.79518823197639,52.02826098623786,11390300
2020-01-16,51.74254989624024,52.313960076849575,51.72751535241273,52.10344204614775,13340300
2020-01-17,51.54706954956055,51.9380365471265,51.34407164649911,51.68992353746194,18144100
2020-01-21,50.81025695800781,51.44181109555736,50.75762744654535,51.41173626955215,17982600
2020-01-22,50.51704025268555,50.90048142092999,50.37418624715104,50.7952223861742,17033100
2020-01-23,50.20124816894531,50.3215474643374,49.6599185482393,50.15613880126634,19605900
2020-01-24,49.862918853759766,50.13358654531383,49.6524008128147,50.02832752484129,18238600
2020-01-27,48.674991607666016,49.41933066638372,48.64491678079176,49.186252192154925,21231000
2020-01-28,48.607330322265625,49.02084630895659,48.59229003987714,48.95318224676948,19664700
2020-01-29,48.20132446289063,48.968212447221184,48.043435928945705,48.89302825051215,14202800
2020-01-30,48.712589263916016,48.78025332597767,47.69006803850184,47.95321561794218,18544700
2020-01-31,46.70514297485352,47.51714620730403,46.50966230857493,47.51714620730403,34282900
2020-02-03,45.66005706787109,46.17883488624361,45.38938938242696,46.14876292971114,27389300
2020-02-04,45.088653564453125,46.54724826538167,45.02850391010058,46.20139635713471,31922100
2020-02-05,47.16374969482422,47.3141209046263,45.562301616402735,45.67508074077736,32099200
2020-02-06,46.524696350097656,47.3742887577294,46.44950927767877,47.31414196788785,16055400
2020-02-07,46.2164306640625,46.35928178140729,45.908170876460346,46.17131842633053,15112500
2020-02-10,45.72833633422852,46.15541991555754,45.46903610793391,46.124913322047846,20934500
2020-02-11,46.16304397583008,46.43759749213824,45.88849045952191,46.201178671415285,14908700
2020-02-12,46.7274055480957,46.92569258777805,46.185926603896895,46.78079063221284,17862100
2020-02-13,46.46810150146485,46.84179705956596,46.18592280728889,46.56724646779048,16949400
2020-02-14,46.25456619262695,46.64351508838948,45.97238455861776,46.63588989443173,10855300
2020-02-18,45.66732406616211,46.05627293401804,45.33938547339767,45.87323919947481,18948500
2020-02-19,46.01814270019531,46.23168303411942,45.62919381922372,45.84273415314782,12804900
2020-02-20,45.65206909179688,46.170669502719015,45.54529893236032,45.9342477859176,14817200
2020-02-21,45.0953369140625,45.38514080142522,44.83603670850152,45.38514080142522,20315700
2020-02-24,42.98280715942383,44.08101834841199,42.98280715942383,43.94374158612985,32096600
2020-02-25,41.33548355102539,43.28023355166962,41.16007502406917,43.28023355166962,36414500
2020-02-26,40.42794036865234,41.80833331155994,40.366930084983,41.60241814929621,29801000
2020-02-27,37.99508285522461,39.99321768275058,37.97982956227944,39.4364855819588,48141300
2020-02-28,39.23058319091797,39.23058319091797,36.614702244000426,37.19431592647794,62446700
2020-03-02,41.0914306640625,41.09905585574576,38.99415092972628,40.10761510864044,38127600
2020-03-03,39.123809814453125,41.29735658203149,38.879762886827805,41.14482652494845,50580700
2020-03-04,39.97797775268555,40.02373764681656,38.98653665399998,39.833075785174366,24079600
2020-03-05,38.21625900268555,38.666221053539424,37.40022657458477,38.45267781819384,40788200
2020-03-06,36.37064743041992,37.37734159882415,35.996951895548605,37.247692958761824,55640500
2020-03-09,31.924415588378903,33.991189017795364,31.11600842469562,31.810017332735665,72896300
2020-03-10,33.10652160644531,35.2800654072627,31.61173348696147,35.21142702885432,60445900
2020-03-11,32.01594161987305,33.15991286697829,31.84053304442923,32.32862697771104,51986100
2020-03-12,28.355226516723636,31.00161354788908,28.21794977157987,30.429628079546248,65725300
2020-03-13,29.072118759155277,30.61266689260586,26.692659629624107,30.51352191367193,79891500
2020-03-16,26.30370330810547,28.88907686045419,25.358019496431226,26.235064943473724,48924700
2020-03-17,28.07304573059082,28.50775442122493,26.082535984388155,26.85280841064225,41204400
2020-03-18,25.258878707885746,27.996782733849084,23.81747572235759,26.34946462049281,54036400
2020-03-19,26.257946014404297,26.61639116603189,24.671638279708,25.7240923379481,49412400
2020-03-20,24.96907615661621,26.829934690792943,24.06915057326244,26.570634468801455,76534600
2020-03-23,23.985261917114254,24.93857119117072,22.963314258954977,24.808919617079145,56952500
2020-03-24,27.028221130371094,27.58495334868905,25.419037660077755,26.250320481561836,61835600
2020-03-25,28.439117431640625,29.43055830201115,26.829931224470677,27.84425058200354,56607700
2020-03-26,29.605966567993164,30.17032682366488,28.00440847663761,28.599272411837944,46722000
2020-03-27,28.17982292175293,28.736555192617,27.607837353284072,28.31709969092698,51558600
2020-03-30,28.599271774291992,29.09499364875373,27.348530754179222,27.630709421090437,45835000
2020-03-31,28.95772361755371,30.08644145585648,28.500133417634828,29.23990234981214,41491600
2020-04-01,28.622150421142575,29.51444921832044,27.71460123908913,28.11117815902725,36045900
2020-04-02,30.81094741821289,32.00067516412853,28.904329456919225,29.54495320828462,62000200
2020-04-03,29.903398513793945,32.1684618181262,29.37717294913638,31.61172966469381,48425700
2020-04-06,30.864334106445312,31.13888757274792,29.91865026798836,30.4143721276201,41301900
2020-04-07,31.45157814025879,33.037883122811856,31.390564955526205,32.717572630772125,48921800
2020-04-08,33.442081451416016,33.58698629389225,31.626983052953747,31.993053391532737,33355600
2020-04-09,32.892974853515625,35.62325034184003,31.83289570123597,34.66994133306074,60107300
2020-04-13,32.610809326171875,34.08271939217031,32.00831994743809,33.8996856016817,29651900
2020-04-14,32.35912322998047,33.36581737283069,31.962546308665477,32.79383193215359,30769000
2020-04-15,30.87196159362793,31.314298413169432,30.03305074802174,31.26853852896112,33125000
2020-04-16,29.857643127441406,30.871962529353954,29.689859789527272,30.871962529353954,30934000
2020-04-17,32.96162033081055,33.03788390426137,30.406749890444075,30.414377993350463,40829100
2020-04-20,31.40581512451172,32.59554592491204,30.91772133232753,31.077876562400128,39260800
2020-04-21,31.238046646118164,32.13034589802251,30.22372679741564,30.810965829514934,44381600
2020-04-22,32.13032913208008,32.74044634405475,31.924414027550814,32.48877135765175,27074200
2020-04-23,33.13702392578125,34.059826409286465,32.64893014638241,32.89297703608183,35271000
2020-04-24,33.350563049316406,34.23523372055549,32.89297587460486,33.86153820670366,28653800
2020-04-27,33.51072692871094,33.80053376585744,32.20660052545527,33.243801492700385,28274400
2020-04-28,34.29624557495117,34.61655600306268,33.64036851632111,33.83865550858992,26545100
2020-04-29,36.19524765014648,36.302017828758906,35.20380653682791,35.280070118902735,29502500
2020-04-30,35.440223693847656,36.36302629975671,34.90636996084225,36.36302629975671,37076300
2020-05-01,32.90061569213867,35.37922029372121,32.79384549786133,34.799609420814384,35399300
2020-05-04,34.22761154174805,34.27336851768669,32.198969845858834,32.42013535118893,27465600
2020-05-05,34.18947982788086,35.9588213297127,34.059828274165746,35.28006278947441,29276200
2020-05-06,33.54885482788086,34.525042406603234,33.48021645692266,34.26574221734654,22659000
2020-05-07,33.73951721191406,34.525042985509415,33.53360209558675,34.28862127951839,22160300
2020-05-08,35.219051361083984,35.24955795028143,34.30387405003993,34.55554904701614,19977400
2020-05-11,34.88349151611328,35.23430860338453,34.708080063208854,35.16567022463417,22258000
2020-05-12,34.300418853759766,35.505442070924055,34.300418853759766,35.311083391843425,25439100
2020-05-13,32.59783935546875,34.10606170517103,32.34128446404407,34.00499732280211,30827900
2020-05-14,32.88548278808594,33.079841436911124,31.252871324225424,31.929238591747332,24856500
2020-05-15,32.652252197265625,33.437459814254126,32.5356358245758,32.94767816658298,22445600
2020-05-18,35.24889373779297,35.43547939356486,34.253778148818604,34.518106097849724,32026100
2020-05-19,34.16047668457031,36.25177774403914,34.15270364314349,35.41214691740977,21771600
2020-05-20,35.27220153808594,35.435465032850935,34.65025454702961,34.689125677906155,19352400
2020-05-21,34.64249420166016,35.598738606883785,34.51032874943603,35.32663465968271,19130700
2020-05-22,34.673583984375,34.7280041722765,33.77953592193768,34.2459955227156,15406400
2020-05-26,35.6920280456543,35.99522711338212,35.34995783487795,35.5598655661537,20356500
2020-05-27,35.94858169555664,36.648271143476656,35.303309473496455,36.27510284478371,20788300
2020-05-28,35.015655517578125,36.11961123935164,34.930137236039506,36.096289150087536,19698000
2020-05-29,35.34995651245117,35.520990128601994,34.494776568985046,34.84462277469037,25874700
2020-06-01,35.979679107666016,36.11184455668204,34.82907603908995,35.233342463023945,19031000
2020-06-02,36.78042984008789,36.889270203206685,36.34506542193526,36.43058369743645,22319000
2020-06-03,38.280879974365234,38.40526938837653,37.277988655705535,37.31685979151952,23418000
2020-06-04,38.17203521728516,38.21090931732565,37.441247807956685,38.001001632952295,18731400
2020-06-05,41.26624298095703,41.553893043111295,40.11563680098283,40.1545109157614,41328900
2020-06-08,42.556766510009766,43.03877507726661,41.56164831756288,42.54121746388183,33579400
2020-06-09,41.60829162597656,41.95813771745918,40.776437011605125,41.110734058391074,27276900
2020-06-10,39.37706756591797,41.59275520851142,39.33819345953589,41.59275520851142,31156800
2020-06-11,35.90192413330078,37.96989970898907,35.83972795205198,36.95145948361855,39183000
2020-06-12,36.67159271240234,37.79887360015518,35.69202631301257,37.34796302446083,30978100
2020-06-15,36.64825820922852,37.130266720882176,34.790190413602524,35.25664988092194,27929300
2020-06-16,37.47234344482422,38.67736632513519,36.726007037548975,38.53742787806142,26203400
2020-06-17,36.251766204833984,37.41791778239492,36.22844115662252,37.31685048195013,19279400
2020-06-18,36.47722625732422,36.795977257595865,35.583178338670585,35.84750619411543,21478700
2020-06-19,35.7464485168457,37.518998751600286,35.7464485168457,37.4879036163267,48899900
2020-06-22,36.08851623535156,36.10406528475247,35.295535475651064,35.52098927776932,17565400
2020-06-23,36.30619430541992,36.71046062983201,36.150706801311046,36.4616818095288,18916600
2020-06-24,34.59584045410156,35.73089428308022,34.40148179986504,35.69202314536846,27626900
2020-06-25,35.116722106933594,35.17114526146155,33.966119168037885,34.24599611965428,19353600
2020-06-26,33.91168975830078,34.937902991405885,33.81839845502133,34.89125882260469,31518600
2020-06-29,34.455902099609375,34.658036761462554,33.84950404540527,34.0594117485554,17052100
2020-06-30,34.76687240600586,34.96123103445504,33.55407349683915,33.76398117144554,22153600
2020-07-01,33.98167037963867,35.27998788433165,33.95057227955162,34.588071468624,17290100
2020-07-02,34.269317626953125,35.13226751749462,34.15270125396445,34.68913004522174,18216600
2020-07-06,34.51031875610352,35.046750486737245,34.082730352238855,34.72799947828682,22692000
2020-07-07,33.61627578735352,34.20712482025975,33.51520845181295,34.129382541030296,17407600
2020-07-08,33.53853225708008,34.152706377696646,33.30530244179017,33.54630826480728,18291400
2020-07-09,32.15470123291016,33.50743601602832,32.100281038513344,33.35195144099638,25882000
2020-07-10,33.157588958740234,33.20423313963604,31.952562880516208,31.96811192937409,18951000
2020-07-13,33.16535949707031,33.65514411925304,32.83106238605263,33.41413832866334,20028300
2020-07-14,34.26153945922852,34.354830772328256,32.854381893952855,33.0642895726853,21444100
2020-07-15,34.696895599365234,35.05451468580424,34.3703716327686,35.00786755752568,17332400
2020-07-16,34.424808502197266,34.836850921052225,34.04386714962797,34.44813356049199,14673700
2020-07-17,33.833953857421875,34.743550908087855,33.73288652989978,34.46367694565975,17958900
2020-07-20,33.04097366333008,33.8261813796074,33.025424613960105,33.5929515704136,18553900
2020-07-21,34.71245574951172,35.13226817564488,33.515205765019175,33.54630386048908,28821800
2020-07-22,33.903926849365234,34.32374228808099,33.71734122137669,34.32374228808099,21345400
2020-07-23,33.97389602661133,34.06718735759489,33.44524020824122,33.74066621631344,17934400
2020-07-24,33.76398468017578,34.53364326803763,33.5773990725767,34.113830840875536,16415300
2020-07-27,34.26153945922852,34.27708850569137,33.406362663513285,33.60849433617561,18547900
2020-07-28,33.857269287109375,34.40147398853804,33.78730006884459,34.13714616016852,19190500
2020-07-29,34.230438232421875,34.27708536753977,33.69400952411304,33.98165944314731,14143200
2020-07-30,32.55118942260742,33.56962992735267,32.52009428913027,33.53075878624776,29901100
2020-07-31,32.71444320678711,32.784409460509295,31.80484335459661,31.99920196785268,32116200
2020-08-03,32.846614837646484,33.040973505324864,32.24021674350686,32.691127310368195,23033600
2020-08-04,33.79508590698242,33.89615027835492,32.838841622921336,32.916583903312166,17724000
2020-08-05,34.090511322021484,34.448133547517564,33.841732448610884,34.323744110812264,17175100
2020-08-06,33.92724609375,34.12938075424874,33.62404706867959,33.740663447096374,14434900
2020-08-07,33.77175521850586,33.83395140498893,33.281973595499984,33.6084946775039,18757900
2020-08-10,34.60361099243164,34.6735802215229,33.896145660810035,34.199347630657144,24367800
2020-08-11,34.96123504638672,36.08851284820943,34.7746494367661,35.37327443696529,28987500
2020-08-12,34.95330047607422,35.62715513625424,34.58862626054582,35.246625125591954,22503200
2020-08-13,34.097110748291016,34.77889491939325,34.02576117168301,34.48557022630885,17338700
2020-08-14,34.247737884521484,34.31115804764892,33.62144751864901,33.77207305223767,13595700
2020-08-17,33.80378341674805,34.22395143276452,33.66901368488763,34.22395143276452,15554600
2020-08-18,33.637306213378906,34.23981142382426,33.52631865020615,33.76414957474552,13014000
2020-08-19,33.26469802856445,33.8196387937458,33.19334845840994,33.57387849117272,14473100
2020-08-20,32.757328033447266,33.20920768301707,32.74147223575553,33.05065273028391,15678500
2020-08-21,32.511566162109375,32.773182275327265,32.27373525639205,32.74147068144921,25517700
2020-08-24,33.470829010009766,33.70073055180608,32.574995958411776,32.725621523614144,18208900
2020-08-25,32.40851211547852,33.3519094712379,32.26581294917079,33.02687315335572,31285600
2020-08-26,31.718795776367188,32.37679776781105,31.710869389660807,32.218242816025914,26795000
2020-08-27,31.504749298095703,31.94869952320607,31.163857218566477,31.710868613442077,32034300
2020-08-28,32.25788116455078,32.44021830271157,31.520603200926956,31.584026392035508,33477100
2020-08-31,31.663305282592773,32.281669356304455,31.631596708292665,32.218246159335266,25259600
2020-09-01,31.258989334106445,31.51267604397225,30.95773523207176,31.51267604397225,22464100
2020-09-02,31.0687198638916,31.488890894689177,30.87845636150132,31.1004314556846,26413400
2020-09-03,31.005300521850582,31.73464900721348,30.822963400509863,31.07665009317382,28817200
2020-09-04,30.981521606445312,31.544388826135823,30.64062951019686,31.28277269563547,24632500
2020-09-08,30.26802062988281,30.664406439049237,29.61001873505836,30.323514401231414,38496400
2020-09-09,30.0856876373291,30.791253990321778,30.061902429079545,30.40279451354317,25886100
2020-09-10,29.332555770874023,30.41865225940234,29.25327980278864,30.339376291316952,34381200
2020-09-11,29.25328254699707,29.57831888533328,28.928246208660862,29.435619710045717,26838600
2020-09-14,29.063011169433597,29.34048006209602,28.92824142847874,29.261204099673645,26129900
2020-09-15,28.753835678100582,29.633812925131704,28.706268277871867,29.17400379547469,23724200
2020-09-16,29.974708557128903,30.244251141446306,28.753839026739204,28.904464608728198,30890900
2020-09-17,29.96677017211914,30.10946932251556,29.30877122234372,29.610022296128086,24696200
2020-09-18,29.48318290710449,29.98263000064573,29.094726408715907,29.752725446963392,46853800
2020-09-21,28.880678176879883,29.10265332283242,28.286099300920267,28.880678176879883,35351800
2020-09-22,28.167177200317383,29.205709203747904,28.11961283435739,28.90445511453728,27303200
2020-09-23,27.26342391967773,28.37330573897551,27.23171231931273,28.262318161882664,31251400
2020-09-24,27.20792388916016,27.604309730230884,26.76397065845471,27.271347075339776,26796000
2020-09-25,27.46161651611328,27.699447467280827,26.859111238209856,26.95424301383995,23486000
2020-09-28,27.99277687072754,28.46051241257832,27.8262924733886,27.858004075185047,23396500
2020-09-29,27.176218032836918,27.83422011952365,26.946316494864615,27.747014732210022,20770500
2020-09-30,27.215858459472656,27.683590937398517,27.05730348814659,27.461615792052747,22223700
2020-10-01,26.264524459838867,27.03351087018161,26.11389591746473,26.78775360493323,36890200
2020-10-02,26.145612716674805,26.438937425980924,25.53517808842174,25.5668896851533,32694300
2020-10-05,26.748126983642575,26.756053372518963,26.296244188878727,26.41516119131948,22965200
2020-10-06,26.47064781188965,27.28720173317832,26.40722764551182,27.049370816939152,26731800
2020-10-07,26.557849884033203,26.74811640787312,26.32794538311358,26.668837429529905,23779300
2020-10-08,27.95313262939453,28.01655582566565,26.763974916971005,26.85910971137769,34413700
2020-10-09,27.5408878326416,28.500140781777645,27.469538264777874,28.286092078186467,29228600
2020-10-12,27.453689575195312,27.53296554925936,27.13657963057002,27.38233998886385,17912800
2020-10-13,27.128644943237305,27.643944665374523,27.03351017444403,27.532957125966004,20995100
2020-10-14,27.073150634765625,27.612235550464955,26.97801586786557,27.00180107168237,17743000
2020-10-15,27.31098747253418,27.318913859416394,26.37551656285248,26.71640865828823,23251600
2020-10-16,27.033519744873047,27.461617283447325,26.859111988708666,27.247568514160186,22627200
2020-10-19,26.49443626403809,27.247570197117568,26.47065407404328,27.033521414609616,23645800
2020-10-20,26.71640968322754,26.89874683035598,26.42308497038478,26.684698086113634,23040600
2020-10-21,26.288312911987305,26.65298721619387,26.272457112997746,26.565781833843516,28619300
2020-10-22,27.636022567749023,27.715298529859314,26.177322485957266,26.304165839844195,31831500
2020-10-23,27.081079483032227,27.8104309746851,26.843248592517718,27.72322560918688,27429100
2020-10-26,26.43893814086914,26.771903867185,26.121831237532188,26.645060501013337,30888700
2020-10-27,26.018768310546875,26.32002241904737,25.923636548351425,26.28038443681461,27100700
2020-10-28,25.027803421020508,25.669949614794717,24.98816543912476,25.447971472646994,42136400
2020-10-29,26.13768196105957,26.26452530260151,24.66312622551965,24.900957112887813,38622800
2020-10-30,25.86021423339844,26.27245591578824,25.37662297089916,25.6937328878711,47885700
2020-11-02,26.94631004333496,27.31891066694189,25.820572714006605,26.27245231809236,40130300
2020-11-03,26.48650932312012,27.34270443529796,26.26453415663764,27.34270443529796,36773000
2020-11-04,26.34380531311035,27.065227496240823,25.78886447435208,26.375516909424373,35410100
2020-11-05,26.296236038208008,26.890814817748623,26.27245385476528,26.45479098425565,30824100
2020-11-06,25.9870548248291,26.684694753280294,25.86021147640016,26.240741521687,33985600
2020-11-09,29.277063369750977,30.133255357371137,28.58735273747578,28.872748050559515,76879400
2020-11-10,29.92658042907715,30.389362345226,29.212108852665168,30.08084003541106,49055400
2020-11-11,29.61805725097656,30.137671801444167,29.382605939937488,30.11331583724944,34124500
2020-11-12,28.603179931640625,29.463793340723413,28.310896015456034,29.11467678496366,30933700
2020-11-13,29.29330062866211,29.43132189297787,28.7249710347476,28.741209377104823,29241500
2020-11-16,30.982051849365234,30.990169472986487,30.1214381795796,30.519269874266147,38596800
2020-11-17,31.3961181640625,31.428594852193708,30.34877129758439,30.697887952126244,26521100
2020-11-18,30.21074676513672,31.76959371873933,30.202629141719683,31.68028437541477,31068000
2020-11-19,30.36500740051269,30.44619601770101,29.683012485830304,29.926581434542467,26954400
2020-11-20,29.991535186767575,30.373128545527194,29.861631525913943,30.324413511276735,18351000
2020-11-23,31.95633125305176,32.01316391059056,30.267580580048552,30.44619927354054,29367600
2020-11-24,34.08350372314453,34.1646954434978,32.654563513548965,32.89001175970482,46979300
2020-11-25,33.133575439453125,33.86428215484884,33.00367181690633,33.831805474925474,28178200
2020-11-27,32.63020706176758,33.2391310760138,32.37039973012767,33.04427712585772,14971900
2020-11-30,30.957687377929688,32.37850960173706,30.82778375563888,32.31355624201833,45614300
2020-12-01,31.258094787597656,32.191779377254925,31.233738821707423,31.631567384601667,32472900
2020-12-02,32.42722702026367,32.81693795318572,31.12819057719018,31.16878488532113,29369500
2020-12-03,32.64644241333008,32.99555906392101,32.25673145160827,32.532777103304646,27038900
2020-12-04,33.83993148803711,33.90488176089922,33.00367698062436,33.1011039384911,28723600
2020-12-07,33.20664596557617,33.7262604486415,33.019906607149615,33.62883041020678,24899400
2020-12-08,34.29459381103516,34.578757045587864,32.83317404148702,32.906245029964424,32573800
2020-12-09,34.74925994873047,35.504325905109475,34.408264018570875,34.67618894981807,37824800
2020-12-10,35.731651306152344,36.10512696668007,34.7167781901305,35.074015509144246,38058700
2020-12-11,35.56114196777344,35.6666896052103,35.082121886662726,35.47995338337337,25478800
2020-12-14,34.27835464477539,36.09700549645228,34.24587796242301,35.99957854654203,30595000
2020-12-15,34.94411087036133,35.0902528426421,34.14845074191428,34.45696993037647,27138400
2020-12-16,35.47996520996094,35.812843472393546,34.87915895483655,35.52055951569233,34273000
2020-12-17,35.30134582519531,35.756010092657576,35.236395556784665,35.72353340987878,21204600
2020-12-18,34.69242858886719,35.54492154323948,34.44073889496212,35.130854598709234,46596800
2020-12-21,34.05914688110352,34.16469456627898,32.90624925886872,33.37715193338434,27869500
2020-12-22,33.48269271850586,34.01854556006137,33.47457199977882,33.758738309437284,21792900
2020-12-23,33.91300201416016,34.416378236218044,33.66131235455766,33.70190666168139,19085900
2020-12-24,33.77497863769531,33.97795327637653,33.59636306171594,33.81557604314931,8039000
2020-12-28,33.88864517211914,34.54628098308336,33.710026508821684,33.84804776889916,23877500
2020-12-29,33.507049560546875,34.19716200742975,33.45021691655167,34.132211741641,20287700
2020-12-30,33.77497863769531,34.440735204797924,33.50705372515265,33.55576875340913,23807300
2020-12-31,33.46645736694336,33.839929935925355,33.26348274069483,33.66943199319188,22786500
2021-01-04,33.693790435791016,34.30271435932941,33.28784115343209,33.65319612698457,27764700
2021-01-05,35.317588806152344,36.37305635794122,33.96171964206412,33.96983726525173,44035100
2021-01-06,36.21879577636719,36.61662434206792,35.47996820006143,36.056415442609904,36484800
2021-01-07,36.502960205078125,36.99821884516174,36.15384356033549,36.53543689229775,29528100
2021-01-08,36.90890121459961,37.20118513963822,36.49483438555935,36.697808989375424,28628200
2021-01-11,38.029327392578125,38.272896332939645,36.33245933548202,36.567910653261904,38246200
2021-01-12,38.87370300292969,39.10915122594333,38.086160427221536,38.532704005257656,36915100
2021-01-13,39.31212615966797,39.54757748161664,38.71944059200721,39.40143549538279,29000300
2021-01-14,40.84660720825195,41.47176931101318,39.3770700760096,39.3770700760096,35474800
2021-01-15,38.88181686401367,39.84797801632491,38.39467902549229,39.70995366721751,42411300
2021-01-19,39.65312957763672,40.14026752125623,39.25529788253437,39.33648960456929,24932600
2021-01-20,40.21333694458008,40.38383800558936,39.77491405138483,39.87234101685629,22342400
2021-01-21,39.06044006347656,40.09966922510104,38.71132343627824,40.050957293866894,29044500
2021-01-22,38.50834655761719,38.678844501315766,37.86694599172594,38.16734757307301,23264800
2021-01-25,38.07804489135742,38.199827820870205,37.47723857546018,38.07804489135742,26395800
2021-01-26,37.241790771484375,38.85747047216228,37.2255524265811,38.37032941650699,23976800
2021-01-27,36.81959533691406,37.88318347535471,36.15383882190448,36.53543210385398,32410300
2021-01-28,37.39604187011719,37.826347036221456,37.09563722854756,37.29861183099624,24967200
2021-01-29,36.40552520751953,37.37980392909785,36.13759724279815,36.981972341309145,38961100
2021-02-01,36.47048568725586,37.00634176681236,35.95899177028427,37.00634176681236,24412400
2021-02-02,37.04693603515625,38.151118687798665,36.76276965114376,37.19307803901466,31940400
2021-02-03,38.5002326965332,38.70320736008848,36.87643538809103,37.04693645930961,28459300
2021-02-04,39.23905944824219,39.27965375738879,38.36220750436878,38.87370447162827,25280300
2021-02-05,40.554317474365234,40.69233868774195,39.81549020409708,39.92915546150049,34980100
2021-02-08,42.29991149902344,42.51100684785668,41.171373055878746,41.34187100114225,36998700
2021-02-09,41.80449676513672,42.07697159658607,41.09440606841543,41.83752182215808,28977000
2021-02-10,42.20908737182617,42.45679265885958,41.6063366851389,41.804502804611786,25723800
2021-02-11,41.15221786499024,42.05221633238271,40.276988986231984,42.019188114374266,26972200
2021-02-12,41.713680267333984,41.87055956056355,40.79716779430935,40.81368190145097,19756700
2021-02-16,42.96871566772461,43.37330018954816,42.62192578498974,42.902659252063394,28060100
2021-02-17,43.63752365112305,43.98431356642827,42.77055358747533,43.224680463696174,25509700
2021-02-18,42.95220565795898,43.71183561201038,42.82009596378728,43.60449865094457,20627600
2021-02-19,43.24119567871094,43.39807810979456,42.869636170544005,43.02651860162762,22607200
2021-02-22,44.83477020263672,45.25587202403676,43.42284723622304,43.42284723622304,36435100
2021-02-23,45.454044342041016,45.62743776310726,44.37239696798984,45.39624653501893,33527900
2021-02-24,46.8164291381836,47.064134479177774,45.30542120355378,45.56964065391348,28728600
2021-02-25,46.04027557373047,47.27054978368216,45.70174425148774,47.04761406175492,29670900
2021-02-26,44.8925666809082,45.46229228729688,43.86045872700816,44.925594891371446,35291000
2021-03-01,46.56871032714844,47.567790031695374,46.34577463981473,46.62650811833754,36998300
2021-03-02,46.29623794555664,47.03109836536805,46.25495425394526,46.775137587531226,30302600
2021-03-03,46.66779708862305,47.85678440594215,46.13935828092567,46.58522655633049,35358900
2021-03-04,48.47604370117188,49.103567076123454,47.14668820528741,47.16320230986439,52137500
2021-03-05,50.30907440185547,50.40815589146808,48.80632535213179,49.40082058929501,51429800
2021-03-08,50.25952911376953,50.870538421404966,49.39255904394032,50.845768837900685,38154600
2021-03-09,49.4833869934082,50.68888840070158,49.10357199928733,50.044854006345005,35645900
2021-03-10,51.00264739990234,51.1264984654276,49.565951731707216,49.9705394384742,31579100
2021-03-11,50.62284469604492,51.64669427808683,50.581557847785824,51.010915241777184,24802600
2021-03-12,51.16778945922852,51.49806214386221,50.77971582629653,50.82099951815777,20422700
2021-03-15,49.86319732666016,51.0769572484878,49.43384005397457,50.77145418609853,31243600
2021-03-16,48.80632400512695,49.260450898873735,48.25311247475842,49.16136941199567,30624800
2021-03-17,49.02099609375,49.31824367386263,48.40173135176316,48.459529142369135,25575500
2021-03-18,46.9072380065918,48.69072021901077,46.66778823299672,48.55861054215541,38622800
2021-03-19,46.643028259277344,47.45220059038797,46.08156122956895,46.824677133775616,84439400
2021-03-22,46.16411972045898,46.94852231524622,46.15586424355821,46.65127475092742,29315100
2021-03-23,45.59439468383789,46.47787869903039,44.95861590799733,45.363200397332136,33493300
2021-03-24,46.5191764831543,47.295320641680526,46.30449938390031,46.30449938390031,29781800
2021-03-25,46.38706207275391,46.65128146802696,44.99990867269857,45.58614525910167,31495900
2021-03-26,47.65036392211914,47.70816172121335,46.667798187773776,47.31183260610571,34226500
2021-03-29,47.39440155029297,47.74118833322376,46.84944864158479,47.34485923141269,21144400
2021-03-30,46.80815887451172,47.36137037665143,46.6430241213892,46.948527194358086,20303400
2021-03-31,46.09807205200195,46.75862052526119,46.07329931880602,46.52742619731278,23686500
2021-04-01,47.38614273071289,47.43568504939289,46.35403471462403,46.50265852092032,23194500
2021-04-05,46.65127182006836,47.32833427415009,46.35402427442408,47.31182017164285,23264800
2021-04-06,46.5191764831543,47.51000089067848,46.45312005277217,46.93201972381071,18926300
2021-04-07,46.72559356689453,46.87421737108047,46.436604586390565,46.560455656716414,22385000
2021-04-08,46.23844528198242,46.304501715691,45.67697819443597,46.18064747735948,21999300
2021-04-09,46.1310920715332,46.60173300415144,45.8503586073624,46.23843217100113,20020700
2021-04-12,45.82559585571289,46.89073208289227,45.66871657137584,46.86595934871212,20238800
2021-04-13,45.99898910522461,46.2219248137003,45.487064413397306,45.66045780340828,19370600
2021-04-14,47.32834243774414,47.89806489867089,46.4448582745456,46.576967967647896,28051100
2021-04-15,47.04761505126953,47.41091596700834,46.88247712602682,47.41091596700834,23250300
2021-04-16,46.78339767456055,47.62559829532125,46.6017456338835,47.36137886328778,22752000
2021-04-19,46.63476943969727,47.179722360443705,46.20541211581465,46.85770515496769,21123300
2021-04-20,45.65220260620117,46.62651282713184,45.23110077101835,46.62651282713184,21782100
2021-04-21,46.23844528198242,46.34578541188681,44.83477756311628,44.99991549764361,16625600
2021-04-22,45.63568878173828,46.23018401167028,45.42926717687231,46.23018401167028,21600100
2021-04-23,45.883392333984375,46.18889541564816,45.56137514658964,45.63568704750716,15337900
2021-04-26,45.974212646484375,46.47788178479401,45.77604655200035,45.80081928240037,16083800
2021-04-27,46.576961517333984,46.75861350134699,46.08155102424427,46.24668575544544,19278600
2021-04-28,47.98063659667969,48.26962557310048,46.89073081454472,46.989812299354185,24729800
2021-04-29,48.66595458984375,49.111825995439936,48.013664736927424,48.64944048410942,27318400
2021-04-30,47.26228713989258,48.62466770102678,47.19623072130155,48.1622853698632,30518400
2021-05-03,48.566871643066406,48.707239962710624,47.67513200846364,47.873294971822695,20509600
2021-05-04,48.87237930297852,49.12834323356537,48.31091227118683,48.71550001311523,23522200
2021-05-05,50.34210586547852,50.40815914623729,49.04577833942999,49.35128145614523,31526200
2021-05-06,50.82099533081055,50.89530722993543,49.5659516732255,50.25127287068209,26836800
2021-05-07,51.54759979248047,51.58062800287382,50.24301382963464,50.42466583705456,33610600
2021-05-10,51.67146682739258,52.86045119913092,51.630179979284975,52.21641983512348,31956600
2021-05-11,50.02833938598633,51.51457428447453,49.86320147510016,50.88705400279948,34563800
2021-05-12,50.2964096069336,51.670261702188085,50.05347148882346,50.27127598378587,34426500
2021-05-13,49.67649459838867,50.63986804397818,49.21575202704846,49.42518075907845,24268200
2021-05-14,50.90793228149414,51.00008142713373,50.204251673261965,50.204251673261965,20735400
2021-05-17,52.09749603271485,52.14776008442755,50.6231190010633,50.715268164722,25282500
2021-05-18,50.62311553955078,52.18964162774495,50.5979851132274,51.938327777624174,25170800
2021-05-19,49.40842819213867,50.14561825521829,48.93930666188274,49.50895309304031,28889800
2021-05-20,49.2911491394043,49.55084193146211,48.78852143385326,49.38329829773543,20692500
2021-05-21,49.3581657409668,50.12048945066024,49.29952594724101,49.77702323651049,20792700
2021-05-24,49.93619155883789,50.09535625808482,49.16549209869212,49.49220363235021,18400300
2021-05-25,48.805274963378906,49.8775523467209,48.68799537355146,49.84404297944758,25616100
2021-05-26,49.37492370605469,49.52571267012319,48.50370248609467,48.7969014742116,21698700
2021-05-27,49.05659484863281,50.01158950153901,48.60422795126799,49.61786240246636,33556000
2021-05-28,48.897422790527344,49.25764048980762,48.679618300455786,49.19900069649493,19246800
2021-06-01,50.64823913574219,50.84929210610334,49.8021485421211,49.8021485421211,28474200
2021-06-02,51.05035018920898,51.36030703544533,50.40530926534099,50.89118549200613,22978300
2021-06-03,51.25139999389648,51.44407404552721,50.55609506374186,50.72363868991649,20272800
2021-06-04,51.47758865356445,51.68701740870863,50.91631792805087,51.48596439769337,20427800
2021-06-07,51.14249801635742,51.71214444867815,51.11736758998794,51.37706037977883,15477900
2021-06-08,52.0472297668457,52.34042871562175,50.82416353399552,51.51946846341995,28953400
2021-06-09,52.48284530639648,53.127883035370935,52.09749398301852,52.49959679401245,29133000
2021-06-10,52.56661605834961,53.59700512111746,52.14775855987671,53.28705146702367,27488700
2021-06-11,52.08074188232422,52.935211596418206,52.05561145402503,52.784422635364606,17631700
2021-06-14,51.99697113037109,52.59174802870243,51.57811361960888,52.18964520184621,16997200
2021-06-15,53.89020156860352,53.94884135651655,52.23152323851596,52.340427071338205,30717100
2021-06-16,53.69752502441406,54.28392930241148,53.24516139687606,53.88182332917732,24803200
2021-06-17,51.92994689941406,53.99910048325935,51.32679116225888,53.4964728327158,28491800
2021-06-18,50.59798049926758,51.56135070282031,50.463946245050295,51.1006081536752,39590700
2021-06-21,52.43257522583008,52.52472437526424,51.01683820856783,51.041968632730345,33145400
2021-06-22,53.43784332275391,53.6221416546871,52.1310067061563,52.65038913767886,25140400
2021-06-23,53.83156967163086,54.20015993914675,53.26192319500615,53.655650282104496,20701600
2021-06-24,54.04936981201172,54.08287917947367,53.45459611552249,53.73941934769076,19568400
2021-06-25,54.16665267944336,54.39283290773437,53.91533563355737,54.124764374709706,18438300
2021-06-28,52.7844123840332,54.082869789260286,52.56660792460546,54.082869789260286,20570000
2021-06-29,52.45771789550781,53.42109152458723,52.43258746547895,52.95196992506195,19579300
2021-06-30,52.843048095703125,52.968703391139634,52.315286907110895,52.52471559513325,17875500
2021-07-01,52.993839263916016,53.96558834850301,52.583360782707686,53.8901970808606,22530300
2021-07-02,52.91845703125,53.04411556428676,52.29017075732465,52.78442275397109,14555300
2021-07-06,51.41056442260742,52.57498766544015,51.01684057805039,52.56661192220653,22110800
2021-07-07,50.60636138916016,51.779163629566696,49.94456579356463,51.25140230182085,21671400
2021-07-08,50.38018035888672,50.85767766053613,49.68487855998443,49.802158150476686,18935900
2021-07-09,51.29328918457031,51.47758750759577,50.463953122214,50.84930125614984,20086000
2021-07-12,51.24302673339844,51.51947422656497,50.39693596112033,50.614740462342766,21809400
2021-07-13,51.00008392333984,51.527842008623736,50.69012710999424,51.10060881639934,17147300
2021-07-14,49.869171142578125,51.71214471574381,49.72676113157696,51.243023182107216,21573600
2021-07-15,49.383296966552734,50.01158317936987,49.23250801982631,49.56759208261809,15851100
2021-07-16,48.01781463623047,49.64298028430819,47.87540464655192,49.57596475846785,27049500
2021-07-19,46.367523193359375,47.07958284878323,45.739236953906655,46.61046130623207,37969100
2021-07-20,46.8785285949707,47.414665660361095,46.09945342319124,46.49318047867498,26756100
2021-07-21,48.386417388916016,48.838784259559816,47.60734537253501,47.63247580013884,20908700
2021-07-22,47.84190368652344,48.36966502606215,47.46493130113864,48.361286086593,13493800
2021-07-23,47.78326034545898,47.992689077833234,47.305763091296015,47.992689077833234,14088200
2021-07-26,48.98957443237305,49.13198764879748,47.749756574954986,47.88379085155074,18387600
2021-07-27,48.44505310058594,48.595838839182754,47.92566757352987,48.595838839182754,16861400
2021-07-28,48.771766662597656,49.11522967308233,48.26913576232781,48.58746834626915,16855300
2021-07-29,49.36654281616211,49.70163007819453,49.05658917594094,49.42518260767344,18607800
2021-07-30,48.22725296020508,49.32466077578305,48.01782420731357,49.32466077578305,28652800
2021-08-02,48.235626220703125,49.47544390837157,48.084837280724514,48.2104926002875,20873800
2021-08-03,48.755008697509766,48.930928062728285,47.69111037186683,48.22724740622542,18208200
2021-08-04,47.615718841552734,48.48694317399062,47.59058841514958,47.908917801686165,20868300
2021-08-05,47.91728973388672,48.33614715604372,47.607336136266525,47.85864995043502,15180200
2021-08-06,48.47018814086914,48.64610751567777,48.19374066991647,48.30264450959136,14888500
2021-08-09,47.91728973388672,48.18535822841692,47.607336136266525,47.85864995043502,17828200
2021-08-10,48.73825454711914,48.88904348913013,48.00106451902419,48.10158941515524,16340200
2021-08-11,48.88067626953125,49.00633481654346,48.35291804159102,48.74664197734538,18278600
2021-08-12,48.77012634277344,49.14430202245013,48.36193734639704,48.81264866564417,19225500
2021-08-13,48.27688980102539,48.53200746865231,47.87720340054503,48.497990914569485,20063000
2021-08-16,47.57106018066406,47.69862063454241,47.00129750640089,47.63909328779841,16959500
2021-08-17,47.2479133605957,47.877203391017055,46.77169133552232,47.19688852948162,16243700
2021-08-18,46.25294876098633,47.46051044009933,46.1849188990065,47.12885391445768,21890500
2021-08-19,44.84130096435547,45.674687173341695,44.30555152857949,45.47059431285396,30923500
2021-08-20,44.84980392456055,45.18995975212652,44.31405452224742,44.45011750207327,16918300
2021-08-23,46.695159912109375,46.822720379372896,45.87878200481565,45.87878200481565,21632600
2021-08-24,47.07783126831055,47.494522679041154,46.78019130236314,47.018303923920456,17915600
2021-08-25,47.16287612915039,47.426499580462064,46.66114326632975,46.97579155324939,13270300
2021-08-26,46.52507400512695,47.230902871155386,46.45704414415865,46.941768663046886,11842600
2021-08-27,47.42649459838867,47.80066695488194,47.1118495885194,47.1118495885194,15822500
2021-08-30,46.907745361328125,47.91121080720542,46.87372881373989,47.82617268223136,14086100
2021-08-31,46.3635139465332,47.03532645858923,46.31248910273218,46.712175602511984,27104100
2021-09-01,45.7257080078125,46.56759666062443,45.58113927062427,46.33799302367372,21644100
2021-09-02,46.83972930908203,47.3159481396248,46.15090861547877,46.16791689428351,23293300
2021-09-03,46.6611328125,47.04381088383203,46.43152596970078,46.87373138057372,13840000
2021-09-07,46.38901519775391,47.001300221342085,46.32098533068704,46.491061620352845,14354400
2021-09-08,45.96382141113281,46.92476809054784,45.92980485306559,46.59311475938626,18756700
2021-09-09,45.997833251953125,46.77169202663391,45.32602089701124,45.598146845646426,19110800
2021-09-10,45.904296875,46.96729004988606,45.87878607688201,46.933273489730254,15123700
2021-09-13,47.08633804321289,47.56256008540368,46.4485422293489,46.4740562678216,22052300
2021-09-14,46.41451644897461,47.42648436727202,46.26994774979133,47.35845127495132,19940300
2021-09-15,47.97925567626953,48.0727995894189,47.03532051521079,47.086342108566775,23240900
2021-09-16,47.46901321411133,48.01326508889344,47.19688727672027,48.01326508889344,17907200
2021-09-17,46.907745361328125,48.25987230999353,46.85672053994577,47.06081658147866,30000400
2021-09-20,45.65766525268555,46.06585409569971,45.03687785118505,45.73420086350049,27555100
2021-09-21,45.61516189575195,46.35500422570384,45.28350854935965,46.235949510998665,19696800
2021-09-22,46.95027160644531,47.54554830432103,46.23594021779385,46.28696504698218,25690600
2021-09-23,48.54050827026367,48.67657122869762,47.009795932885744,47.128850616015846,23069400
2021-09-24,48.974220275878906,49.16981062515809,48.20036139655792,48.21736967614711,22328600
2021-09-27,50.42838668823242,50.85358388331701,50.02019777023088,50.04570856385686,32972200
2021-09-28,50.95563125610352,51.43185329135581,50.60696967936439,50.93862622269916,37619300
2021-09-29,50.92161560058594,51.18523577817869,50.21578671890854,50.88759904734911,23422800
2021-09-30,50.02019882202149,51.16822997529101,50.01169630529975,51.12571090368792,31289600
2021-10-01,51.81453704833984,51.86556188608426,50.5219370214595,50.5219370214595,24407300
2021-10-04,52.48634338378906,52.78398012606378,51.83153930678749,52.14618432633464,33946700
2021-10-05,52.40129852294922,53.31972597078133,51.89106321459603,53.16665472947598,29641600
2021-10-06,51.44035339355469,51.976099474783936,50.811060174908505,51.42334511802405,25284900
2021-10-07,51.58491516113281,51.94208243360576,51.14270976111691,51.54239609736133,19513600
2021-10-08,52.87752532958984,53.08161817388442,52.08665825895451,52.08665825895451,22186900
2021-10-11,52.35028076171875,53.62587236975676,52.29925592955824,53.600358331677896,22121500
2021-10-12,52.07815933227539,52.70744943022919,51.74650276043772,52.35878782352574,20198600
2021-10-13,51.933589935302734,52.20571590572143,51.20225017330347,51.6869747608616,14991700
2021-10-14,52.72445297241211,52.911540779103,52.01862406098535,52.477837817046336,18594500
2021-10-15,53.2261848449707,53.63437376170321,53.09862438924304,53.34523954018471,16092600
2021-10-18,53.2006721496582,53.69389918991298,52.9540570075323,53.65138012085608,18282800
2021-10-19,54.00004196166992,54.093585860485575,53.29421308442243,53.464292605542056,18933200
2021-10-20,54.29768753051758,54.314695809798266,53.33674408114068,53.48130958903014,14305200
2021-10-21,53.31122589111328,54.119101252083816,53.02209165383952,53.9745357554456,16564600
2021-10-22,53.6768913269043,53.76193270967012,53.0220872775942,53.379254597216544,14266800
2021-10-25,54.72288513183594,54.78241248770168,54.06808421731272,54.18713892904422,17939800
2021-10-26,55.98996353149414,56.07500816090194,54.73138346738817,54.84193240242627,25585100
2021-10-27,54.53580093383789,55.488245179104,54.4082436959168,55.41171278275003,21764500
2021-10-28,54.688873291015625,54.82493953787289,54.1106079618616,54.27218176400779,16626400
2021-10-29,54.82493209838867,55.581782651842886,54.7058773925416,55.318162444323626,23966300
2021-11-01,55.81138229370117,56.194063667576906,55.29264118919886,55.33516350451652,19656400
2021-11-02,55.12256622314453,55.65831237379908,54.98650648926168,55.30114827336271,16300000
2021-11-03,54.36570739746094,54.807909574993566,54.13610054912854,54.45925128870711,17372800
2021-11-04,54.77390670776367,55.18209238864442,54.28067639603788,55.00351034225979,17720100
2021-11-05,55.29264068603516,55.55626736021571,54.901460043051166,55.318157967790185,18565100
2021-11-08,55.88792419433594,56.44918115659707,55.59878670808434,55.74335869520752,17696000
2021-11-09,56.43216323852539,56.44066899770713,55.53924667624761,55.9304272546951,18781300
2021-11-10,55.32042694091797,56.57868787898387,54.95845952905583,56.29428467769261,20177200
2021-11-11,55.42384338378906,55.87199509347491,55.17391388707748,55.32042881631439,13319300
2021-11-12,55.00154495239258,55.475550244148536,54.794709268348086,55.12219964935085,18158900
2021-11-15,55.47555541992188,55.820279400428895,54.48445753799305,54.949839514309446,18849200
2021-11-16,56.03573226928711,56.337375599367306,55.44969232755901,55.44969232755901,17028700
2021-11-17,55.42384338378906,56.225339157661175,55.31180874396194,55.48417073987885,15497000
2021-11-18,54.8205680847168,55.61344376109706,54.38965653339859,55.294573421242205,16948200
2021-11-19,52.28679275512695,53.45887240250524,52.06272025199564,53.33821772485042,32035500
2021-11-22,53.01073455810547,53.89841453850418,51.98516630828654,51.98516630828654,21994400
2021-11-23,54.40688705444336,54.62234280501328,53.36407872311361,53.59677132824039,21185900
2021-11-24,54.708526611328125,55.02740021808852,53.93288784183577,53.93288784183577,15869700
2021-11-26,52.78666305541992,52.933171399324486,51.31294639424221,52.15753260861764,24979600
2021-11-29,53.07968521118164,54.415510367488096,52.82113893699236,53.9242714602502,18946400
2021-11-30,51.57149124145508,52.73495103935922,51.41636283005533,52.10582060983533,34979800
2021-12-01,51.52839660644531,53.45887823471924,51.493922898327696,52.48502063734975,30630600
2021-12-02,52.8125228881836,53.071072469663626,50.968221827513695,51.48531770287928,29216000
2021-12-03,52.47640228271485,53.63124524167299,52.01101707068831,53.36407892641468,22014700
2021-12-06,53.07106399536133,53.57091964537796,52.93316915387374,53.191718694069,19210500
2021-12-07,53.665714263916016,54.32069824439825,53.51920265621739,53.72604160602911,19800400
2021-12-08,53.82085418701172,54.45860145103217,53.726053118350606,53.95874575390216,18214400
2021-12-09,53.95874786376953,54.09663943605175,53.26929000235848,53.47612571698458,16910300
2021-12-10,54.30346298217773,54.596482918565854,53.63124212888473,54.527538791671184,17942400
2021-12-13,53.11416244506836,54.05354982404497,52.872849723914776,53.8380940333402,17793700
2021-12-14,53.03659057617188,53.83808626495205,52.76080746687053,52.795277889837706,22551100
2021-12-15,52.80390548706055,53.00212441964708,51.718006462775854,52.7349580561116,19961900
2021-12-16,52.89007568359375,53.82084608569693,52.82974833763452,52.95040302955298,21187800
2021-12-17,51.73523712158203,52.81251594412102,51.44221715034767,52.52811604451964,44338100
2021-12-20,50.985450744628906,51.06301494947364,49.95126244256381,50.66657714142011,21819300
2021-12-21,52.14028930664063,52.295417703122425,51.46806844694863,51.49392208383103,19798900
2021-12-22,52.56259536743164,52.89008579737856,51.683535359880345,52.0024090048684,14058300
2021-12-23,52.58844375610352,53.29513840552644,52.57120690031344,52.717715243138,13543300
2021-12-27,53.33822250366211,53.38993306483004,52.07134169959423,52.510873250537394,12593700
2021-12-28,53.165863037109375,53.700195697851896,52.915936849929736,53.3554651610886,12781000
2021-12-29,52.70047378540039,53.08829147603955,52.50225161728641,52.98487364437535,12733600
2021-12-30,52.39022445678711,53.088299029333086,52.372987601125054,52.76080863453618,11940300
2021-12-31,52.73494720458984,52.97625987566064,52.31265578350507,52.34712949188573,14072000
2022-01-03,54.7602424621582,54.81194974589116,52.75219299147197,52.77804992093279,24282400
2022-01-04,56.81999969482422,57.04407555153416,55.24286177580783,55.26871541789191,38584000
2022-01-05,57.52668380737305,58.2678520948014,57.29399449629091,57.31122806277615,34033300
2022-01-06,58.87974548339844,59.01764031570953,57.80246676292116,58.60396239396376,30668500
2022-01-07,59.36236953735352,59.62091908338878,58.58673404962392,59.05211271218644,23985400
2022-01-10,59.0090217590332,59.61229522790515,58.56087011771032,59.43993325828107,22760300
2022-01-11,61.4910774230957,61.53417120855873,59.10383030770451,59.37099336704743,32936100
2022-01-12,61.3100814819336,61.8875012553833,60.87917002559434,61.31008148193359,23045100
2022-01-13,60.870548248291016,61.68928393748623,60.59476518697576,61.29284619779472,21043200
2022-01-14,61.93922424316406,62.18053364230008,60.84470530041259,60.887799082481735,23012900
2022-01-18,62.98202896118164,63.67148344390836,62.05987857695386,62.75795313108119,32841200
2022-01-19,63.00788116455078,63.65424842592272,62.52526238011984,63.55944736823981,26431600
2022-01-20,63.14577102661133,64.09378162744224,62.27533449339453,62.48217018121765,26774600
2022-01-21,62.19776916503906,63.06821230372949,61.22391146643292,63.06821230372949,35995200
2022-01-24,62.73210144042969,62.98203091730648,60.16386582387948,61.086016236747845,41507000
2022-01-25,64.57640838623047,64.84357145657549,61.52555367012641,62.55973881194291,39278400
2022-01-26,63.92140197753906,65.49853943945499,63.335362151125935,65.00730065666654,35252400
2022-01-27,64.74014282226562,65.5071647270963,63.76627867385852,65.03315947121786,29174700
2022-01-28,64.8780517578125,65.17107507536141,63.73182528288751,64.61088866034481,30595700
2022-01-31,65.46406555175781,65.86050328981226,64.00758277213302,64.6108627367099,36085500
2022-02-01,69.6611557006836,70.24719561237839,65.7312382912999,65.886366696607,61033100
2022-02-02,69.48017120361328,69.64391309913104,68.2132903675381,68.9975458623733,30299300
2022-02-03,68.6700668334961,69.21301303494485,68.10126041515,69.02341089549616,28529400
2022-02-04,70.1610336303711,71.12627145800943,69.69564828839279,69.69564828839279,32197500
2022-02-07,71.00558471679688,71.60024459264369,69.49739471588754,69.92830614471877,34949200
2022-02-08,69.16990661621094,71.100388038258,68.87688341610765,70.902165881554,34356300
2022-02-09,68.83878326416016,69.73630051391163,68.58608313542098,69.3441835216385,40106100
2022-02-10,68.17655944824219,69.43134491261665,67.78444231466584,68.59482348572746,28527700
2022-02-11,69.89317321777344,69.98902525369311,68.16784986738172,68.50768648634012,42002100
2022-02-14,68.82137298583984,69.57075124859035,67.13961475312604,69.34419796714313,34652800
2022-02-15,67.9587173461914,68.13299680422269,66.59065517903329,67.0089192302268,25075100
2022-02-16,68.27239227294922,69.47489688728025,68.00226750796968,68.65580031207847,21733800
2022-02-17,68.16783142089844,68.94335648487481,67.9238402558034,68.38567568938797,23738800
2022-02-18,67.40974426269531,68.11555770436307,67.00019589350214,67.23547147277858,23394800
2022-02-22,66.62549591064453,69.52718340781884,65.62341086124464,69.42261575679343,35947800
2022-02-23,66.8956069946289,67.50557486186415,66.33792626623473,66.6254822615851,25385000
2022-02-24,66.05038452148438,68.8649287327957,64.50804338568142,68.83878848440574,46199900
2022-02-25,67.82799530029297,67.9587032045969,66.45122443278808,66.82591687948324,28310300
2022-02-28,68.33338928222656,68.77779345620682,66.39893109345554,66.6690625099939,32204600
2022-03-01,68.98693084716797,70.27657201932608,68.2549771953531,68.63837863998357,40002300
2022-03-02,70.17198944091797,71.5836225881997,69.55331256256335,70.2329855655986,44321400
2022-03-03,70.6164321899414,71.25253403113514,69.38778674487654,69.58820649160494,30196600
2022-03-04,73.27410888671875,73.43967268962821,70.28529133705506,70.62512792865182,42802200
2022-03-07,75.91439056396484,76.0102425960268,73.10855467578254,73.99735657080674,55207900
2022-03-08,76.48947143554688,79.73971054687341,74.44173683017503,77.59612394035797,72082300
2022-03-09,72.14131164550781,75.43511605354414,71.10437075850388,73.22181739911005,65466700
2022-03-10,74.38076782226562,74.6596082959503,72.2371804342993,73.20440978166087,44644200
2022-03-11,73.99732971191406,75.13883804811344,73.1695242606641,73.25666062688853,35303400
2022-03-14,71.34835815429688,72.71642000439397,70.14586008893818,72.3765834500952,37462600
2022-03-15,67.28775787353516,68.98694099232893,66.54708847939636,68.68196025922252,47957900
2022-03-16,67.03504943847656,68.50767905970889,66.44251266615355,67.80185899462612,37812300
2022-03-17,68.82137298583984,68.96950551172772,67.157039371668,68.12426857871525,34041900
2022-03-18,68.5512466430664,69.1786393265864,68.05456187662654,68.89108323862627,41461500
2022-03-21,71.627197265625,71.90603768067447,69.48361032841711,69.81473789184331,33089300
2022-03-22,71.31350708007812,71.6272034049062,70.39856500606332,71.13051866527516,23132200
2022-03-23,72.4375991821289,73.43096886315377,72.36789404429415,72.62058763409856,27716300
2022-03-24,72.65542602539062,73.76207875397336,72.10646080171963,72.72513779451462,19871600
2022-03-25,74.24131774902344,74.494017876821,72.14130263579098,72.25457925249516,22398300
2022-03-28,72.15874481201172,72.59443341809431,71.47035601663157,72.47244114023762,21552400
2022-03-29,71.77532958984375,71.87989058047286,69.50103497055105,70.41597687895202,27036300
2022-03-30,73.00395965576172,73.20437927900024,72.07158658712034,72.37656718937153,22079000
2022-03-31,71.96703338623047,73.54423049930797,71.93218415162619,72.21102456501937,27861500
2022-04-01,72.42887878417969,73.31768064630384,71.44421824546089,71.44421824546089,18671100
2022-04-04,72.4637222290039,72.89941077540797,71.49649312414049,72.81226774766345,20869400
2022-04-05,72.08905029296875,74.12807007832721,71.94091109256594,72.7600079198885,21753100
2022-04-06,72.89070129394531,73.80564332975405,72.27202430361363,72.69028162053186,24768200
2022-04-07,74.11064147949219,74.45047809214776,72.07161515547755,73.04756011761323,26122000
2022-04-08,75.67037963867188,75.9927915396613,74.21518156440801,74.21518156440801,24866500
2022-04-11,73.06497955322266,74.87744579081694,72.75999885172378,74.74673787643722,21800100
2022-04-12,74.58988952636719,75.65297081020378,74.39818547215657,74.6857415534725,22444200
2022-04-13,75.64425659179688,75.90567242480819,74.232629708162,75.4699838018432,19306800
2022-04-14,76.5330581665039,77.08202338835737,75.13885602904101,75.52225746179319,24566400
2022-04-18,77.16045379638672,77.45671885360434,76.46334937645749,77.11688227711097,19032300
2022-04-19,76.4720458984375,77.25628651284448,76.04506639010111,76.68989014421284,20382600
2022-04-20,76.64633178710938,77.11687623649146,76.07122633658456,76.65504741989791,20689400
2022-04-21,75.83594512939453,78.24966332956653,75.62681649463316,77.50898750364436,29010900
2022-04-22,74.18033599853516,76.78575852028287,74.06705935988185,75.5135486514004,23591600
2022-04-25,71.67948150634766,72.02803367304058,69.09149047735818,71.7753335183902,37698300
2022-04-26,71.70561218261719,73.82305850110055,71.60976018337105,72.08902017960176,28941500
2022-04-27,73.75336456298828,74.48532485694258,71.69691387018001,72.66414307942799,32773000
2022-04-28,75.98409271240234,76.80318944585856,73.25668434294518,73.96249778036466,33683800
2022-04-29,74.28489685058594,76.80317610640166,73.80563679231805,76.80317610640166,34656500
2022-05-02,75.29569244384766,75.84465758009875,73.74463574419754,74.07576327076605,36335200
2022-05-03,76.84674835205078,77.36085764847172,75.04299802623956,75.16499028803706,33908100
2022-05-04,79.9052734375,80.06212157362395,77.47413729969772,77.98824657205552,46188400
2022-05-05,78.69407653808594,80.21027772463677,77.02103383025133,80.20156209076076,41013400
2022-05-06,79.89657592773438,80.00985256806104,77.85754986529237,79.27789892641745,29619300
2022-05-09,73.59651947021484,78.04054197870813,73.21311136463922,77.93598096670068,45851600
2022-05-10,74.0844955444336,75.71397349805962,72.77742958696025,74.62475186683183,34483200
2022-05-11,75.6268310546875,77.50029344032822,75.18242680319116,75.31313471811134,33020600
2022-05-12,75.97016143798828,76.040580582824,73.41728106370485,75.66204997509047,29491500
2022-05-13,78.22371673583984,78.30294077358533,76.01415456205821,76.90326237732286,25798400
2022-05-16,80.06354522705078,80.97026284611069,78.32054926442964,78.32935417386697,26101200
2022-05-17,81.08470153808594,81.3840013035753,80.21320353813832,80.75018885027225,23120700
2022-05-18,79.79946899414062,81.7977538665735,79.07762079644755,81.43683312581643,25451200
2022-05-19,80.2308120727539,81.25196674075552,78.34696425602688,78.34696425602688,24387400
2022-05-20,80.86463165283203,82.38755203535874,79.57939011794303,80.9262525923069,28795000
2022-05-23,82.6516342163086,83.42629830805079,81.47203161868902,81.56886546967901,27239300
2022-05-24,83.10059356689453,83.44391115425312,81.26956195686338,81.709713398726,24293300
2022-05-25,84.77317810058594,84.97564402120032,83.16222206494575,83.25905592825825,29947800
2022-05-26,85.07247924804688,85.7679194065382,84.68514378858875,85.03726632298898,24314800
2022-05-27,85.90876007080078,86.20806656065338,83.89287226298718,84.46506379691472,25588800
2022-05-31,84.50907135009766,87.83661495991933,84.25378272445292,86.76264443692344,44888100
2022-06-01,86.12883758544922,86.89470357138487,85.05487362577955,85.40698943357759,25815400
2022-06-02,85.97917175292969,86.35770222068469,85.20450771676524,85.64465911107675,19089100
2022-06-03,87.22920989990234,87.73098899331569,86.18165403076289,86.18165403076289,21038200
2022-06-06,87.00914001464844,87.83662693359598,86.85949012561535,87.30844650889311,20682100
2022-06-07,90.99690246582033,91.04971848441836,87.58132331803056,87.76618609930102,37810200
2022-06-08,92.07088470458984,92.93358457308248,90.65360309721692,91.10255277771188,31613200
2022-06-09,90.08140563964844,92.05328243616516,89.93175574479118,91.04093266498128,26607000
2022-06-10,88.43523406982422,90.9793090729536,87.84543270174726,89.73808539858535,30950500
2022-06-13,84.37704467773438,86.06722489537941,82.67805954919704,85.84714913632628,33421000
2022-06-14,84.59710693359375,86.85948510689721,83.86645391827949,85.75030829396268,31264000
2022-06-15,83.53194427490234,85.01085346213405,82.1058511141573,84.50027615216848,29620800
2022-06-16,80.45088195800781,81.98260713231791,79.47374519607426,81.34879468224965,35696700
2022-06-17,75.81167602539062,80.4156556940525,75.40673756217859,80.07233815532541,64610200
2022-06-21,80.53012084960938,81.45443496364075,77.92441807702292,77.97724082366675,35951500
2022-06-22,77.34341430664062,79.01599118096844,77.05291273409448,77.06171764373539,29727200
2022-06-23,75.01060485839844,78.39097128651166,73.52289089637408,78.04765371314876,35757200
2022-06-24,76.49833679199219,77.81879137396152,75.53880297001457,76.54234791501692,26639000
2022-06-27,78.37335968017578,79.26246741673506,77.1761472971388,77.29938915572988,25478700
2022-06-28,80.54772186279297,82.07944715211278,79.53537210270245,80.21320915156963,33096900
2022-06-29,77.57228088378906,82.04421375733276,77.25537135593943,81.850552793582,25400900
2022-06-30,75.38914489746094,77.11453789175444,74.53524995234793,75.8292963771127,39948100
2022-07-01,77.07052612304688,77.36102099286964,74.57046224731167,76.35747616502748,26327900
2022-07-05,74.65850067138672,76.32227292422168,73.07395918668549,76.00536328404556,34591100
2022-07-06,73.31161499023438,75.02820945373522,71.31333061985828,73.73416328290178,33375700
2022-07-07,75.65323638916016,76.37508452727106,75.08984304800913,75.1602621785192,23817400
2022-07-08,75.77647399902344,76.8504445939687,74.76412433741874,76.54233321108786,17673800
2022-07-11,75.38914489746094,75.81169327304521,74.26235818414098,74.9754014319997,15603800
2022-07-12,74.38558959960938,74.86975884560451,72.94189348668631,73.75177048346215,21013000
2022-07-13,74.68489837646484,75.97894477580986,73.32923775600463,73.3996568870699,19928600
2022-07-14,73.1883773803711,73.33802725087965,71.03163811473391,72.05278591393196,26343000
2022-07-15,74.42080688476562,74.7201066426278,72.9771106871501,74.6496875159519,17243700
2022-07-18,75.79407501220703,77.41383576935836,75.48597035399771,76.21662334073541,19395800
2022-07-19,77.7043228149414,77.9243985081839,75.92611416866,76.07576402818239,18248900
2022-07-20,78.55821228027344,78.91913961661031,76.80641176075812,77.09691326812535,16584400
2022-07-21,77.2465591430664,77.2905769629518,75.01058955965073,76.52471122370987,21375700
2022-07-22,76.65679168701172,77.8804123968973,76.26065128231781,77.07053519769721,15479500
2022-07-25,79.20965576171875,79.3416958202166,76.9560758314715,77.60750479555799,17536400
2022-07-26,78.90155029296875,80.35405149086034,78.3469618571971,80.2220047062923,15141200
2022-07-27,80.60932922363281,80.98785970612376,78.69907370983837,79.47373777616,18047000
2022-07-28,81.55126953125,82.08825489952243,80.11637805646077,81.14633095645388,20353100
2022-07-29,85.32775115966797,85.84712659086725,82.83649260956618,83.14459724808926,29825800
2022-08-01,83.1710205078125,83.93687972841326,82.07064188862465,83.4439122561941,20793200
2022-08-02,82.81008911132812,83.80482891737329,82.59001339808273,83.35587929800069,16722500
2022-08-03,80.12518310546875,83.1182149102076,79.92271715883936,83.1182149102076,23580800
2022-08-04,76.75360870361328,79.52655734657277,76.0845766478183,79.50014933529549,31821500
2022-08-05,77.86277770996094,78.95435798587505,75.95252230137702,76.02294813521222,17408000
2022-08-08,78.30294036865234,78.87513859761962,77.6603230118904,78.00364060603513,14458500
2022-08-09,79.74663543701172,80.64454814424641,79.18324212572557,79.2712777875087,19083400
2022-08-10,80.50369262695312,80.80299908717926,78.5142130294864,79.82586239025791,18302000
2022-08-11,82.83250427246094,83.81913511150604,81.27700605721034,81.63254308126324,18797900
2022-08-12,83.552490234375,83.57026437612528,81.87255240941143,82.20143167399107,15058200
2022-08-15,82.05919647216797,82.42363073532393,79.69484272666018,80.46814320853962,20755200
2022-08-16,81.2947998046875,82.56586463842467,81.14369585487434,81.80144764574717,14038200
2022-08-17,81.95252990722656,82.85027646921675,80.81479518148218,81.12589346095388,13678000
2022-08-18,83.8902359008789,84.71687234143316,82.7436107232434,82.79694670037951,17770400
2022-08-19,83.62359619140625,84.61911083419103,83.37471753071006,83.69470631772941,16128600
2022-08-22,83.56137084960938,83.98801801569493,81.65032871846624,83.03694218039594,16019900
2022-08-23,87.10790252685547,87.47233680271952,84.84131663628708,84.93020767625778,23764700
2022-08-24,87.62344360351562,87.97009697021804,86.53903798196059,87.11679585360945,17050300
2022-08-25,88.07675170898438,88.76117473478749,87.19678602867168,87.92564779264026,15305700
2022-08-26,86.99235534667969,88.80562273781915,86.5923660033998,87.79232047037073,15531400
2022-08-29,88.9922866821289,90.27223502028154,87.23234839269625,87.26790345506643,23059200
2022-08-30,85.60572814941406,87.65899033568245,85.17019056263209,87.42788585269385,17086800
2022-08-31,84.96574401855469,86.07681404776332,83.18803197182088,83.57913079216097,18340900
2022-09-01,83.43692779541016,84.50355244434617,82.03253347521157,83.92579460057493,16423000
2022-09-02,84.96574401855469,86.03237531545496,84.53909692494122,85.64127649511487,18206800
2022-09-06,84.39688873291016,85.85461227644696,84.00579663827162,85.47241064211032,19201500
2022-09-07,83.67692565917969,84.07690825349718,82.04143343720112,82.8325149460939,16274700
2022-09-08,84.36134338378906,84.81465515341245,83.30360235846553,84.13912933856543,18759200
2022-09-09,85.77461242675781,86.21904047041977,84.72576197245824,85.79238656467344,17158000
2022-09-12,86.76123809814453,88.16563226065314,86.1123702089188,86.79679315330804,16118900
2022-09-13,84.73465728759766,86.912352113754,84.36133933707386,85.87239205953733,18229100
2022-09-14,86.81458282470703,87.60566429470894,85.46352439390303,85.49907945542873,22655700
2022-09-15,84.29023742675781,85.81018075741942,83.59693065643162,85.52574703673598,21092300
2022-09-16,82.85028839111328,84.74354971984722,81.77477316649998,84.50356152155949,37874700
2022-09-19,82.84139251708984,83.0991616207397,80.88591165128099,80.89480211180256,15342100
2022-09-20,82.16586303710938,82.60140064312019,81.45477541871963,82.4236321292398,14712500
2022-09-21,80.84146881103516,83.44581775259682,80.77036546880797,83.1702745002005,17332400
2022-09-22,80.50370025634766,82.36141311362745,80.45925473681385,81.95253332193205,16139400
2022-09-23,76.21941375732422,77.77491199726961,75.4194418776369,77.77491199726961,27738800
2022-09-26,74.64614868164062,76.63718472476663,74.56614809512779,75.46389478024517,22043400
2022-09-27,76.21051788330078,77.29492337857235,75.38388146325225,76.09496903500093,17307300
2022-09-28,78.98375701904297,79.37485589008853,76.37051780148242,76.54829309806412,19543300
2022-09-29,78.82376098632812,79.42818341913542,77.44603128786864,78.37933292636494,17896000
2022-09-30,77.60603332519531,79.14375754836675,77.60603332519531,78.37045020634162,21357600
2022-10-03,81.70365142822266,82.09475028392704,79.74817071256855,80.03260439450794,23881300
2022-10-04,84.68131256103516,84.76131313156066,82.4058432521933,82.87693587178008,22133700
2022-10-05,88.1034164428711,88.87671688666549,85.02797524246456,85.10796903398798,34857700
2022-10-06,90.7166519165039,90.82331709043218,87.40122244208182,87.52566175428119,29124700
2022-10-07,89.8011245727539,91.83660571668848,89.04559829557414,90.8322008335138,24507600
2022-10-10,87.85454559326172,90.6899991071719,87.74788718690283,90.21001593425252,16786100
2022-10-11,87.10790252685547,88.67229124654753,85.99683234156394,86.41459581626304,17804100
2022-10-12,87.4901123046875,87.9167662463165,86.4234876227665,86.66347580269671,12635800
2022-10-13,90.54778289794922,91.06331433643008,86.574594626887,86.70792441223543,22019100
2022-10-14,88.16563415527344,90.8766410507737,88.03230439090345,89.88112661053587,15222000
2022-10-17,89.43670654296875,90.63666096622109,89.33004136569343,89.83668909024149,14283200
2022-10-18,89.59671020507812,90.9744332851595,88.20120620289076,90.25446191286818,14065400
2022-10-19,92.2543716430664,92.43214014319032,89.97890229059897,89.99667642803792,20921700
2022-10-20,92.37881469726562,93.32989045252448,91.91661250933164,92.7254680335746,17649000
2022-10-21,94.09431457519533,94.57429772013737,92.36104775854436,92.84102412205202,22814100
2022-10-24,94.75206756591795,95.71203386922193,93.43656421525804,93.91654736691,17024200
2022-10-25,94.11209106445312,95.40093661030068,93.3921197197816,94.58319054210162,15719800
2022-10-26,95.23204803466795,95.84536095251728,94.21875255909434,94.4498570585126,17383800
2022-10-27,95.59648895263672,97.40086599003698,95.48093330418553,96.36090584258484,18214000
2022-10-28,98.39636993408205,98.84968845483291,96.103126294581,97.29419024226158,28169400
2022-10-31,98.49414825439452,100.36075160293652,97.276419663536,97.32974886271688,26401800
2022-11-01,99.47189331054688,100.05853483322804,98.35193268178485,99.88076631882385,22213100
2022-11-02,97.42752838134766,99.64077841502196,97.16086880943936,99.1785761760068,20654200
2022-11-03,98.75193786621094,99.3919155150588,96.27202786764325,96.51202287667904,17103700
2022-11-04,99.82742309570312,100.88516398952876,98.48525531204294,100.4407359543326,17541500
2022-11-07,101.00961303710938,101.3207113354588,99.6674383425912,99.91632376270503,16008000
2022-11-08,101.3296127319336,101.91626111336518,100.08521262279828,100.86741046470706,14661000
2022-11-09,96.79644775390624,100.68963571866466,96.50312356152055,100.5296413211302,19522800
2022-11-10,98.21861267089844,98.39638120297772,95.61426366547153,97.9430694117451,20146700
2022-11-11,101.28514099121094,101.7740145158692,99.98741201290284,100.06741258122568,20518900
2022-11-14,101.5808563232422,102.71878825765964,100.79236159448624,100.91780269478336,20858300
2022-11-15,102.26180267333984,102.620208684843,101.13283296574012,101.96612403717388,19373800
2022-11-16,101.16868591308594,102.37830035982904,100.2278708789375,101.64357102776066,13591000
2022-11-17,101.30308532714844,101.42852642410188,99.23330039138943,99.71714755222148,12425900
2022-11-18,100.42498016357422,100.78338616505108,98.21183045318236,99.36768621903168,15415000
2022-11-21,99.430419921875,99.636498785693,96.3033409878945,98.55232544379209,20973000
2022-11-22,102.30661010742188,102.56645430532302,99.84257807866511,100.541466069421,17719100
2022-11-23,101.79588317871094,102.10052385565103,100.44290368541344,100.64002734038708,11546700
2022-11-25,101.43746948242188,102.69188705335324,101.3030663791032,102.03779559641607,7136000
2022-11-28,98.39104461669922,99.86946531936564,98.22080703868988,99.1526600462128,23015500
2022-11-29,99.04512786865234,100.17410445327432,98.37311913619128,99.107848410241,14453200
2022-11-30,99.76194763183594,100.26371887375424,98.36417145198116,99.94115408824509,23158100
2022-12-01,99.27809143066406,100.41602319396996,98.7225617585784,100.03073791927088,14398300
2022-12-02,98.4358367919922,100.09345691626206,97.84446584347069,98.12223409324268,15248400
2022-12-05,95.73883819580078,99.77985243023582,94.92347119365704,99.18848149230708,19287700
2022-12-06,93.0776824951172,95.90908243083048,92.42359785565657,94.88762975428226,21197000
2022-12-07,92.87161254882812,93.94682383678068,91.72471868540497,92.98809160694788,20061700
2022-12-08,93.5615234375,95.69403527938252,92.92535606393795,95.22810545005292,21128800
2022-12-09,92.7730484008789,94.93243295382467,92.5580075158613,93.71385654534748,21298200
2022-12-12,95.0578842163086,95.19228734734324,92.8178548191552,93.03290256322153,20413200
2022-12-13,96.09723663330078,97.2530923278146,95.89115097346208,96.5900457094202,24305300
2022-12-14,95.38939666748048,97.03806161031817,94.7532292347852,96.76029335838976,17597300
2022-12-15,94.47547149658205,95.1295561793671,92.91640628824548,94.37690966722651,15365100
2022-12-16,93.81242370605467,94.600918389303,92.40568558874573,92.90745679700196,54596600
2022-12-19,94.23353576660156,95.15642659571913,93.525685801544,94.31418036314018,13611100
2022-12-20,95.5954818725586,96.33021112711197,94.14394058799044,94.23354038273575,14680000
2022-12-21,96.82300567626952,97.29789070288128,96.01660075199898,97.02909134013296,13565400
2022-12-22,94.8697280883789,96.93952002030228,93.27482815855208,96.67071374258931,13213000
2022-12-23,97.37855529785156,97.43231381423776,95.78365550880902,95.82845199378852,11539400
2022-12-27,98.73153686523438,98.9824190613308,97.5129603390285,97.90720086031124,11962100
2022-12-28,97.10973358154295,98.56127481709127,96.67965184687928,98.48063705535156,10702100
2022-12-29,97.84447479248048,98.31040470411683,96.760301457057,96.760301457057,10534000
2022-12-30,98.8301010131836,99.0093006328593,97.31583893362289,97.31583893362289,11799600
2023-01-03,95.4342041015625,98.57920011547957,94.52026837749784,98.36415923053409,15146200
2023-01-04,95.71196746826172,96.01661499446324,93.86618559336834,93.90202688092302,18058400
2023-01-05,97.85342407226562,98.51647072900997,95.25498911666648,95.28186837036849,15946600
2023-01-06,99.03617095947266,100.34434720598856,98.26560035952092,98.6329684335562,16348100
2023-01-09,97.1903839111328,100.03073917590788,96.5990129460616,100.03073917590788,17964600
2023-01-10,98.64191436767578,98.85696207493338,96.77821542362553,98.37311498764284,15104600
2023-01-11,99.78883361816406,99.860509364622,97.74592103349828,99.44834476937278,16710400
2023-01-12,101.44644927978516,101.91237237206336,100.1203489100245,100.19203148915254,15357300
2023-01-13,101.38371276855467,101.68835342784077,100.49666320860452,101.34787148463413,12011400
2023-01-17,101.18659973144533,102.21701453508652,100.95363477955496,101.61668834754856,16542200
2023-01-18,99.10784912109376,102.25285192565651,98.91968749497822,101.48228136002544,16399700
2023-01-19,99.74402618408205,100.46979350275706,98.18496767743576,98.6240115140146,12928000
2023-01-20,101.56291961669922,101.64356422029532,99.107849598754,99.77985833927389,16515600
2023-01-23,101.03427124023438,102.67396729411712,100.92674738587073,101.8227589974896,16584400
2023-01-24,101.97508239746094,102.16324402123624,93.96474299719505,97.80863374695852,13583000
2023-01-25,101.43746948242188,101.8317167625498,99.80672869101883,101.45539354207811,11914700
2023-01-26,105.51434326171876,105.53226048847075,102.44997794907518,102.79046678160611,21019700
2023-01-27,103.58790588378906,105.43368766818374,103.39078222991655,104.78855819588333,15179200
2023-01-30,101.7510757446289,103.4803784168817,101.38371454106566,103.12197240743572,18672100
2023-01-31,103.94631958007812,104.2957635973692,98.94657263664548,100.44291054002288,27861800
2023-02-01,102.80838012695312,105.17385045847736,101.5539623848353,103.78503643072602,19464900
2023-02-02,99.59170532226562,103.10406966905808,98.40897011014054,102.90694599436604,24562100
2023-02-03,100.28162384033205,102.24389157292254,99.95905909426163,100.26370661489544,20226600
2023-02-06,100.11139678955078,101.32996649202045,98.84801692871602,100.67588173646132,13855200
2023-02-07,102.96965789794922,103.31910189701256,100.37122272755974,100.7027495013493,16013300
2023-02-08,102.07363891601562,103.78502433796136,102.0109183780191,103.08613638999276,18459700
2023-02-09,102.45892333984376,104.15238468798854,102.30660301109602,102.70085029587922,17439300
2023-02-10,106.77770233154295,107.18986685339662,104.08071229706412,104.39431499455864,24918600
2023-02-13,106.36238098144533,106.70548294742902,104.64685737426792,106.29014681324998,14536200
2023-02-14,105.1163558959961,106.37139517477593,104.75519197730053,105.64907422601355,12079000
2023-02-15,104.8003387451172,104.81839384094414,103.0577292310963,104.48432290343024,13663400
2023-02-16,104.49335479736328,105.44140233060514,103.65365161727549,104.11412889543776,11360600
2023-02-17,100.47541809082033,103.10287889063706,100.2045503174744,103.10287889063706,20758300
2023-02-21,100.3760986328125,101.4686145044424,100.0510517913292,100.0510517913292,14469400
2023-02-22,99.07593536376952,100.1955375185459,98.09176367594308,99.75311525303935,13973800
2023-02-23,99.98784637451172,100.97201786928264,99.22940835384748,99.97882227090528,11289400
2023-02-24,99.99687957763672,100.18648908699495,98.43484854059658,98.7147541970454,14351000
2023-02-27,99.81629943847656,100.45736211835352,99.28358111154128,100.0420260252767,11710500
2023-02-28,99.23844146728516,100.54765293559012,98.61543387368806,100.43930169233836,18107000
2023-03-01,100.12328338623048,100.99910363729016,98.63348654907124,98.69668971725964,13200000
2023-03-02,100.5837631225586,100.85463087917914,99.47318534339205,99.87949731126544,10339900
2023-03-03,101.85686492919922,102.3624971783529,99.27455217172664,99.36484831921656,13006700
2023-03-06,102.75978088378906,102.78686697511192,101.00814705482443,101.11649142011596,14347400
2023-03-07,100.77339935302734,102.1819313492841,100.37611827156816,101.8568844442048,11525300
2023-03-08,99.30164337158205,101.50473018059532,98.47999528680845,100.43027630871362,13509800
2023-03-09,98.53417205810548,101.33318738361368,98.44388279665048,100.1052341396644,12961200
2023-03-10,97.31523895263672,100.25871539044044,96.74641046914957,98.92241104861516,15795700
2023-03-13,96.19564056396484,97.3874766358317,93.64944500640252,95.11214884223132,20745600
2023-03-14,96.55680847167967,98.42582436382996,94.76905084549604,96.02409013648143,18263500
2023-03-15,91.75334930419922,94.08284254164845,90.4892789877408,92.83683421051845,25733800
2023-03-16,91.22061920166016,91.80750965389332,88.50286940474015,89.4870408194625,27465200
2023-03-17,90.14617156982422,91.7443197536902,89.51413984597443,90.83238236188195,43199500
2023-03-20,92.50276184082033,92.52985482041582,89.83919060350486,89.95656596056766,32042100
2023-03-21,96.64710235595705,96.86379796420212,94.01964141254726,94.05575849535964,31592300
2023-03-22,94.43498229980467,96.77351358741302,94.40789620848516,96.43041161631658,14952700
2023-03-23,93.36956024169922,96.0150695537672,92.493739874195,95.13022508148534,14385900
2023-03-24,93.47789001464844,93.76681976090748,91.11227986984908,91.61790520364524,13401600
2023-03-27,95.52750396728516,96.14148062112946,93.82101134927944,94.57041845802144,14805900
2023-03-28,96.7193374633789,97.19787676020158,94.97672781033091,95.20245441363438,11047600
2023-03-29,98.38067626953124,98.5612616749115,97.05340281665896,97.5680591668922,14219100
2023-03-30,98.85921478271484,98.93144894431458,97.9833945170473,98.91339384822903,11578200
2023-03-31,99.01272583007812,99.4732031654226,98.4619523377206,99.03078092830296,14418000
2023-04-03,104.85450744628906,105.50460109257416,102.13676440922006,102.38054608226274,28087700
2023-04-04,103.85227966308594,105.3691625236255,103.0848106853085,104.97188843563237,16365500
2023-04-05,105.6310043334961,105.64003532516033,103.2112152146054,104.15023857746444,16479500
2023-04-06,103.87938690185548,105.80257510627608,103.62656731652812,105.51364532595989,15778000
2023-04-10,103.41889190673828,104.89965773744797,103.08481408459662,103.63558749721008,13006600
2023-04-11,104.15023803710938,104.91770699750778,103.2744178431873,103.79810513894272,11758500
2023-04-12,104.04191589355467,105.26986235904477,103.77104119625808,104.88161918881852,10919000
2023-04-13,104.52947235107422,104.63782360048796,103.04870638556616,103.47307350165003,12399700
2023-04-14,104.78228759765624,105.33306103761986,103.94258439317314,104.64685026365014,11530800
2023-04-17,103.5633544921875,105.19761965263834,103.31054181904692,104.27665132776484,13260400
2023-04-18,105.58588409423828,105.8296658084975,103.2022115806008,103.28346985581068,17436100
2023-04-19,105.2518081665039,105.54976895836882,104.52948022658224,104.80938591983252,10682600
2023-04-20,104.41209411621094,104.44821119835224,102.23609330407292,103.9516099296957,17038700
2023-04-21,104.74617767333984,105.53170186471816,104.06899784566644,105.17956890541834,14315300
2023-04-24,106.72354125976562,107.34654892411442,104.62879853941143,104.664915624597,15831300
2023-04-25,105.20664978027344,106.30819668085564,104.40306364236592,106.13664915061828,12179800
2023-04-26,104.24053192138672,105.7212977355629,103.54529708576426,104.76421924042252,15566100
2023-04-27,105.4865493774414,105.6490727942204,103.72587788089749,104.3940335324493,16279200
2023-04-28,106.84994506835938,108.2765389003726,105.48656130038738,105.8657803528579,24381900
2023-05-01,103.53626251220705,105.91091046113328,103.33762202643528,104.72809853820922,17355000
2023-05-02,99.40999603271484,102.87716028742784,98.67864403269424,102.87716028742784,24324100
2023-05-03,97.45068359375,99.14814506861268,97.29719116600457,98.48902728423344,16212300
2023-05-04,95.74419403076172,98.19106951102158,95.62681868044812,97.42360046038536,17177200
2023-05-05,98.12786102294922,98.80504077599076,97.08951735722648,98.010485678995,14968200
2023-05-08,98.51610565185548,100.195511898917,98.45290248722964,99.77114484130288,11187800
2023-05-09,98.54320526123048,99.527376832464,97.70350202246873,97.82087737613008,11370800
2023-05-10,97.27913665771484,99.32873810761969,96.34914413873231,99.08494951434248,14884800
2023-05-11,95.5184555053711,96.44844786494592,94.7419555590288,96.15048714140404,17165900
2023-05-12,95.50943756103516,96.6200154602089,94.60653116414336,95.98797684920716,12613300
2023-05-15,95.69158935546876,96.47482743951024,95.24532805822808,96.09231775616108,13715600
2023-05-16,93.3691864013672,95.45478461968936,92.91381579339476,95.29085092288312,14795200
2023-05-17,95.46389770507812,95.83730495343026,93.66973632786367,94.16153743748625,14064700
2023-05-18,96.32909393310548,96.45660409398972,94.83547891684712,95.21799550269198,12005600
2023-05-19,96.77537536621094,97.49486184845092,96.3746469587849,97.05770295413114,13359600
2023-05-22,95.60051727294922,97.48575152348492,95.5185469411495,96.39285777271915,12882000
2023-05-23,96.90286254882812,98.56041121177212,96.31087939454731,96.52945533130814,14394400
2023-05-24,97.98665618896484,98.82454349189464,97.20342503906022,97.79540134380622,16340300
2023-05-25,96.22891998291016,96.93018766022064,95.3637116607796,96.48392641102306,14316500
2023-05-26,95.60051727294922,97.40378119168516,95.47301404428728,96.96662925010276,12370300
2023-05-30,94.75352478027344,94.82638575119424,93.45116445578356,94.07046881180122,11938000
2023-05-31,93.0595474243164,93.84278550755116,92.65881902403684,93.1597295243863,24926100
2023-06-01,94.13422393798828,96.1560707918799,92.22166854455736,92.66792984839678,13551900
2023-06-02,96.31999206542967,96.65696186527748,95.19977732273624,95.77354873052722,14112000
2023-06-05,95.8919448852539,97.62235461093763,95.70979247031636,97.62235461093763,10628000
2023-06-06,96.67517852783205,96.78446302344967,94.69887181683578,94.85369615123004,12209800
2023-06-07,98.84273529052734,99.1706026583854,97.20340539964047,97.25804764481566,16027100
2023-06-08,98.53309631347656,99.39829770627024,96.44749805415674,99.06132094832108,13517100
2023-06-09,97.80449676513672,98.91560213921146,97.59503018055771,98.778989569736,12251600
2023-06-12,96.92108154296876,97.50395538340138,96.1378435170616,96.36552882811824,14112000
2023-06-13,96.93929290771484,98.66969558179932,96.79357098445514,97.7953848874524,13533800
2023-06-14,95.7735595703125,98.46024365756794,95.07228486995317,97.85915105725994,16627700
2023-06-15,96.4383773803711,97.4766217092596,96.02854665259004,96.08318889671996,16224100
2023-06-16,95.74622344970705,97.2398385179178,95.59139910751054,96.8664382250672,43128900
2023-06-20,93.55133819580078,95.4183535071158,93.0048948595233,95.33639013345598,17514100
2023-06-21,94.59870147705078,95.2908598632576,93.19615903909798,93.35098339271757,13285700
2023-06-22,94.07957458496094,94.61690859111413,93.4875913784975,93.66062749233436,12455300
2023-06-23,93.2599105834961,93.64242026218172,92.5495334806786,93.43294670571788,17933600
2023-06-26,94.98120880126952,95.54587089555956,93.07775591537894,93.07775591537894,14283400
2023-06-27,95.2179946899414,95.27263693813686,94.05224012400866,94.76262409256896,13227500
2023-06-28,95.99213409423828,96.37464377136418,93.98849907177969,94.99942246733002,13084100
2023-06-29,97.17608642578124,97.20341449933063,95.74622297314502,96.2289216615264,11364400
2023-06-30,97.67699432373048,98.25075878196893,97.27626596968231,97.7407459302014,13544700
2023-07-03,97.8682632446289,98.77900458167002,97.51307467905528,97.89558437299534,7397000
2023-07-05,97.36734771728516,98.28719135184762,96.62964259998928,98.0230755627422,12491200
2023-07-06,93.73348999023438,96.28356832966207,93.2872287127761,95.70979688166838,17961400
2023-07-07,93.95206451416016,94.71708377867716,92.49487305114974,92.8227404354867,21929200
2023-07-10,95.3455047607422,95.40014701286874,93.57866449233664,93.77902868133988,14877600
2023-07-11,96.5112533569336,96.6842964214779,95.45479014999596,95.8646278899581,12576500
2023-07-12,96.98482513427734,98.04128822547509,96.65695775758864,97.44930507598694,13238200
2023-07-13,95.20887756347656,96.74803228049096,94.0977722848084,96.51123764362644,26826800
2023-07-14,91.9302215576172,94.76262732578532,91.55681431979758,94.76262732578532,28181900
2023-07-17,92.33094024658205,92.5950560280816,91.27448406898772,91.72985466845512,18051300
2023-07-18,91.9120101928711,93.0777579434076,91.38377857203278,91.9120101928711,24617800
2023-07-19,92.54952239990234,93.25989941766778,91.80271490066126,92.03040019858116,15556500
2023-07-20,94.17976379394533,94.40744912529313,93.22348262292252,93.38741633942917,15740200
2023-07-21,94.61691284179688,95.06317413202042,94.04314832579516,94.86281688322951,17121500
2023-07-24,96.10140991210938,96.68429068201428,94.68065584075148,95.04495371629056,15090900
2023-07-25,96.24715423583984,96.62055460755478,95.20890956544422,95.68249204995222,14116100
2023-07-26,95.70979309082033,96.28356451608822,95.29996231426112,95.72801180663426,15159600
2023-07-27,96.01033020019533,97.44019352529908,95.3910259413247,96.53856173390334,17677900
2023-07-28,94.8628158569336,95.77355714458432,93.18704827448586,95.72801730083994,17566400
2023-07-31,97.66789245605467,98.23255454838852,95.80087700999763,95.80087700999763,24197000
2023-08-01,97.1032257080078,97.74074174542189,96.1105142230017,97.40376501227234,14177400
2023-08-02,95.8919448852539,96.8846494901479,95.23621008828708,96.77536498958952,13484100
2023-08-03,97.55860900878906,98.25076738295044,95.90106014703704,96.4383941702732,16280400
2023-08-04,97.8318099975586,99.48935856742192,97.7498466315274,98.32361103895585,14279600
2023-08-07,97.6314468383789,98.74255213420597,97.00304018049248,98.26896980156666,12410800
2023-08-08,98.11415100097656,98.1323627673944,95.4821025815516,96.57499617352542,14065600
2023-08-09,99.7808074951172,100.56404551318376,98.6423809512302,99.00667883495488,19919600
2023-08-10,100.29083251953124,101.66604685310696,99.67152816956173,100.3545841313632,15837200
2023-08-11,101.84818267822266,102.0667586048198,100.22706457152064,100.5185014564513,14047000
2023-08-14,101.93016052246094,101.98480972317476,100.8919160381556,101.71158456481886,12973400
2023-08-15,99.31327056884766,101.79242661892994,99.13880900049315,101.69142329044716,14909600
2023-08-16,97.64212799072266,100.38757193571612,97.58703781301824,99.42345179370842,13695100
2023-08-17,99.53363800048828,101.14050021496224,98.633792078023,98.633792078023,16709500
2023-08-18,101.0395050048828,101.18641449064938,98.81744561676392,98.83580667547332,16224000
2023-08-21,99.81827545166016,101.90260912522484,99.2948977768879,101.3333183013787,11092400
2023-08-22,99.2581787109375,100.74567662400123,99.12044625513025,100.24065995449584,10518800
2023-08-23,98.38587188720705,98.52360432489108,97.07283572462974,98.28486856659626,11435600
2023-08-24,97.65131378173828,98.95516605023565,97.39421694066708,97.71558799200608,10818500
2023-08-25,99.39590454101562,100.0202855610721,97.89922970126644,98.6429751055384,13579300
2023-08-28,100.23147583007812,101.03949543870256,99.57036569331125,99.57954271911512,10382100
2023-08-29,100.82831573486328,101.02113837819266,99.55200847280403,100.6905902791737,9665000
2023-08-30,101.810791015625,102.049526800357,100.98441030873438,101.40678469380572,11922100
2023-08-31,102.0954360961914,102.30661977806726,101.57205839909636,102.03116188796442,17479800
2023-09-01,104.23485565185548,104.51032055424984,103.02282269097448,103.02282269097448,14843500
2023-09-05,104.2440414428711,106.35592038257116,104.21649635323942,104.76741916196356,18304000
2023-09-06,105.14388275146484,105.21733398544652,103.96857894339838,104.19813068732896,13325500
2023-09-07,104.62969207763672,106.37428689925876,104.40014031177498,105.27244122526795,13248500
2023-09-08,106.15391540527344,106.55792874059532,104.96942749474096,105.16225013059083,14283200
2023-09-11,104.82250213623048,107.13638042133424,104.28075642725008,106.67727697540896,14383600
2023-09-12,107.88013458251952,108.04541211678055,105.84171399508786,105.90598820255808,20145800
2023-09-13,106.916015625,108.31168705606008,106.42018304932576,107.80667745507984,13472800
2023-09-14,108.8258819580078,108.9544373727835,107.7332204779992,107.9352271228944,15210700
2023-09-15,107.15474700927734,108.81670633298138,106.97110842357093,108.25659953960488,34568400
2023-09-18,108.01787567138672,108.56879849454968,107.15475881170104,107.9168723365144,14045300
2023-09-19,107.73323059082033,109.11971813754404,107.07212042014656,108.9177184790502,12562900
2023-09-20,106.8792953491211,108.36678619383146,106.8058371084194,107.00784376766734,11879900
2023-09-21,105.37342834472656,107.76994897190548,105.22651187461216,107.41184883270522,14400600
2023-09-22,105.53871154785156,107.136389716789,105.41934015812193,106.24572783355964,13197300
2023-09-25,106.72321319580078,107.10885849246785,105.43772186821316,105.67645066784657,11316000
2023-09-26,106.88846588134766,107.182291801683,105.93352988891716,106.05289426096004,11805400
2023-09-27,110.36846923828124,110.6439341170664,107.79749405952565,108.24741348986936,23976200
2023-09-28,109.69818878173828,110.8275794416668,108.52288497076476,110.16647630201668,16808100
2023-09-29,107.96277618408205,109.43190592099606,107.18230166809924,109.35844768280955,18813600
2023-10-02,106.17227935791016,108.15560996134322,105.18062106155752,107.91687416529356,14395000
2023-10-03,106.35591888427734,106.91602571677603,105.6213504794177,105.99781871338324,13297100
2023-10-04,102.38008880615234,104.75824176651874,101.46188173165773,104.72151964825927,19622200
2023-10-05,100.07537841796876,101.82915714089542,99.80909754878998,100.81913084752442,20128800
2023-10-06,98.4042510986328,99.41427748572752,96.51274675523564,97.0820376668611,25367500
2023-10-09,101.8475112915039,102.90345066515772,100.56202018468026,101.40677588682108,22369900
2023-10-10,101.41595458984376,102.33416153771148,101.11295162112334,101.93933226991383,13892000
2023-10-11,97.77985382080078,98.40423481218032,96.25563396280424,98.21141219790528,57939000
2023-10-12,97.76151275634766,99.01945202176974,97.41258956885244,98.78990024278156,31183000
2023-10-13,100.88340759277344,101.18641058464668,99.01944146166922,99.19390303681108,30276500
2023-10-16,100.95685577392578,101.62714995915545,100.2039263221496,101.46187242069904,18452000
2023-10-17,102.27906799316406,102.65553619196209,100.70893500467892,100.754848152705,19775400
2023-10-18,103.71147918701172,104.1154925139448,102.56372042219148,102.6739077855451,23380300
2023-10-19,103.77574920654295,104.64805003579578,102.22398418282276,103.50029131732887,20972500
2023-10-20,101.99443817138672,104.05121994897225,101.72815729309336,103.6839357373482,22445300
2023-10-23,100.49774932861328,101.8842438046645,99.79073304924916,101.58123382549564,18185000
2023-10-24,99.52446746826172,100.83750390754103,99.2765546324769,100.72731653310096,16786100
2023-10-25,99.70809173583984,100.54366344300908,99.28571736932558,99.6438175280086,22047300
2023-10-26,98.79906463623048,99.47853580546868,97.78903841052768,98.66133219514306,18768300
2023-10-27,96.916748046875,100.87421782794216,96.37500229423875,99.98355595021631,23092000
2023-10-30,97.21975708007812,97.71558971317629,96.60456005591256,97.09120865727829,19379900
2023-10-31,97.19221496582033,97.47686391533205,95.98936597049726,96.9443021443631,22185200
2023-11-01,96.99938201904295,98.40423753720978,96.83410448717844,97.81658564732776,28984900
2023-11-02,100.18556213378906,100.25902037199924,96.87083444220951,97.21975056566303,25212700
2023-11-03,98.96435546875,99.88256252562148,97.82578067973124,99.53364636594132,30555600
2023-11-06,97.21058654785156,99.41427794613143,97.11876023511982,99.3224586387638,19097300
2023-11-07,95.68634796142578,96.28318389585746,94.84159922626633,95.9250837362711,20272500
2023-11-08,94.5110321044922,96.31990073427689,94.47430298955577,95.2456003924957,19184100
2023-11-09,94.53858947753906,95.46598048547985,94.4467701809445,95.19051559033282,18380500
2023-11-10,95.26397705078124,95.86999703844988,94.4926865268723,95.42925459238508,17825500
2023-11-13,96.26481628417967,96.54028117993457,95.31906421697832,95.53943893572756,15308400
2023-11-14,96.63546752929688,97.12656619050787,96.24629580563035,96.64473554255258,18260500
2023-11-15,96.0517120361328,97.43234912555208,95.90345209850294,96.32968881505442,20137600
2023-11-16,94.93978118896484,95.69032766235576,93.72593302692816,95.34748893718842,22469100
2023-11-17,97.25628662109376,97.691791326045,95.2084940690107,95.4957388448626,22984900
2023-11-20,96.83004760742188,98.10875765284364,96.7651856573517,97.64545598965022,17458800
2023-11-21,96.79298400878906,97.01536683086051,95.64399784709364,96.56133317388309,14989000
2023-11-22,96.37601470947266,96.47794164172488,94.4579460916518,95.05097165961617,18072000
2023-11-24,96.8949203491211,97.7288648496339,96.2833657616938,96.38528563507909,9480800
2023-11-27,96.3296890258789,96.7373967858304,95.60693950190884,96.45941293687748,18013500
2023-11-28,96.27408599853516,97.20995732764132,96.25554997332864,96.58912773282346,20629500
2023-11-29,94.8285903930664,96.90418713911426,94.17997082831587,96.61693527236211,26802100
2023-11-30,95.19923400878906,96.81152906003042,94.3374925398232,95.54207982140494,29254700
2023-12-01,95.43087768554688,96.5706029243376,94.71739621174444,94.97684402039988,17845300
2023-12-04,94.91197204589844,95.77371335903462,94.13362163270035,94.63398824059443,21523900
2023-12-05,93.06803894042967,94.82857957808793,92.92904702971396,94.7637176290102,22250300
2023-12-06,91.83565521240234,93.32748711668508,91.12216670022072,92.6603315980714,31154800
2023-12-07,91.1962890625,93.43866720364788,90.89050829704664,92.53059998853522,29990700
2023-12-08,92.24337005615234,92.4657528897206,91.50208451836106,91.7522643224475,22074900
2023-12-11,92.30823516845705,92.53061800963324,91.34456676412944,92.47502406669494,22252300
2023-12-12,90.85346221923828,91.43721979068292,90.32529858714382,91.43721979068292,26084000
2023-12-13,91.65959167480467,91.76151859772662,90.4920766712982,90.844183360851,19915400
2023-12-14,94.12437438964844,94.6432700276898,92.4008915125278,92.5213474086666,26165700
2023-12-15,93.4942855834961,93.5869445107112,92.94758589490785,93.20703371887934,55527000
2023-12-18,94.1892318725586,95.54207191423934,94.0687689127162,94.63399752135696,21610400
2023-12-19,95.43087768554688,95.61620259845974,94.31895648576,94.51354234225158,18904700
2023-12-20,93.83712005615234,96.311156423829,93.70739615006264,95.90344867930558,20988900
2023-12-21,94.26336669921876,94.52281451930374,93.41088620111007,94.02244783653002,19250900
2023-12-22,94.4301528930664,95.38455323369595,94.34675491361094,94.8007885857757,12927800
2023-12-26,94.6432647705078,95.46794117919616,94.6247358142168,95.1992253617304,16835100
2023-12-27,94.19849395751952,95.02317032096572,93.90197411775075,94.55060066311184,14558800
2023-12-28,92.83638763427734,94.15216263417582,92.78078662862404,93.94830877543224,16329300
2023-12-29,92.6417999267578,93.20702142906966,92.3082221772289,93.0031746438438,17746400
